drug	score_down_query	score_up_query	connectivity_score	rank
ldn-193189	281.72	5639.05	1260.41	1
pf-477736	487.79	2906.07	1190.61	2
withaferin-a	138.77	5723.79	891.24	3
bi-2536	228.87	3248.46	862.25	4
ql-x-138	304.08	2068.25	793.04	5
ql-xii-47	101.16	5663.94	756.93	6
pelitinib	238.66	2049.64	699.4	7
celastrol	108.35	4238.68	677.67	8
sb590885	137.33	3320.94	675.33	9
dovitinib	130.21	3221.76	647.69	10
mitoxantrone	189.33	1566.01	544.51	11
radicicol	121.8	2340.96	533.96	12
canertinib	202.23	1199.51	492.52	13
c646	242.92	973.16	486.21	14
xmd-1150	180.08	1300.09	483.86	15
nvp-tae684	250.71	849.34	461.45	16
crizotinib	272.21	728.24	445.23	17
jw-7-24-1	74.64	2544.15	435.77	18
azd-7762	112.99	1673.38	434.84	19
tg-101348	81.38	2284.38	431.17	20
hg-6-64-01	150.05	1038.4	394.73	21
gsk-2126458	95.36	1547.86	384.2	22
geldanamycin	97.09	1506.82	382.49	23
kin001-043	158.4	869.8	371.18	24
ym-201636	250.08	547.0	369.85	25
hg-5-113-01	138.23	972.62	366.67	26
sunitinib	559.96	233.41	361.52	27
pha-665752	119.22	1070.29	357.21	28
torin-1	98.07	1257.13	351.11	29
pf-431396	130.21	918.82	345.89	30
afatinib	81.38	1379.67	335.08	31
dasatinib	143.24	781.65	334.61	32
mocetinostat	80.93	1348.71	330.38	33
sorafenib	249.86	431.39	328.31	34
wh-4-025	171.44	593.69	319.03	35
lapatinib	91.76	1097.51	317.35	36
linsitinib	61.18	1452.44	298.1	37
chelerythrine chloride	86.08	1024.71	296.99	38
sar-245408	110.07	776.5	292.35	39
bx-912	84.43	998.68	290.38	40
cgp-60474	165.23	490.88	284.8	41
pracinostat	131.64	608.19	282.95	42
nilotinib	29.1	2749.88	282.87	43
azd-8055	143.24	554.62	281.85	44
brd-k88832793	559.96	0.0	279.98	45
buparlisib	64.49	1197.58	277.9	46
xmd16-144	116.04	664.05	277.59	47
at7867	381.04	199.39	275.63	48
bms-387032	57.53	1268.06	270.09	49
tivantinib	238.93	303.07	269.1	50
vorinostat	164.28	438.94	268.53	51
belinostat	146.59	489.81	267.95	52
gsk-690693	88.52	775.89	262.07	53
wye-125132	74.64	918.82	261.88	54
brd-a19248578	559.96	119.31	258.48	55
pha-793887	157.07	423.76	257.99	56
az20	107.79	599.26	254.15	57
nvp-bez235	149.56	409.35	247.43	58
gw-843682x	131.4	461.32	246.2	59
entinostat	109.83	549.34	245.63	60
pi-103	76.15	791.43	245.5	61
nvp-auy922	105.09	570.67	244.89	62
foretinib	112.95	523.72	243.21	63
linifanib	107.28	533.45	239.22	64
pazopanib	65.68	866.77	238.6	65
xmd11-85h	74.64	746.03	235.97	66
gsk-1059615	103.29	535.25	235.13	67
gdc-0941	150.53	352.3	230.29	68
bms-345541	101.48	520.61	229.85	69
gsk-1070916	158.98	328.4	228.49	70
gefitinib	76.95	664.05	226.05	71
pf-562271	73.61	654.3	219.46	72
a443654	124.06	387.08	219.14	73
saracatinib	122.54	391.03	218.9	74
jw55	559.96	83.1	215.72	75
hg-5-88-01	20.81	2159.52	211.98	76
jnk-in-5a	88.52	498.95	210.16	77
sch 58261	173.67	253.21	209.7	78
neratinib	189.28	231.64	209.39	79
pd-173074	107.28	396.63	206.27	80
wz-4-145	109.11	389.71	206.21	81
i-bet151	101.98	404.77	203.17	82
nvp-bgt226	52.61	776.41	202.1	83
npk76-ii-72-1	37.36	1070.29	199.97	84
mk-1775	87.18	449.55	197.97	85
on-01910	88.56	439.31	197.24	86
ql-xi-92	134.52	284.07	195.48	87
mk-2206	117.24	324.12	194.93	88
brd-k14939371	559.96	67.6	194.56	89
torin-2	88.85	421.26	193.46	90
biperiden	239.17	156.19	193.27	91
thz-2-98-01	105.09	352.3	192.41	92
garcinol	65.68	559.96	191.78	93
at-7519	52.61	695.84	191.33	94
tpca-1	262.91	138.77	191.01	95
y-39983	381.04	94.83	190.09	96
jnk-9l	53.56	674.48	190.07	97
ly2603618	51.67	653.07	183.7	98
nintedanib	165.79	193.72	179.21	99
azd-8330	91.76	343.87	177.64	100
gsk-461364	129.63	238.93	175.99	101
(+)-jq1	145.94	211.9	175.85	102
gsk-429286a	109.83	272.21	172.91	103
azd-5438	49.89	593.1	172.01	104
osi-930	253.21	115.48	171.0	105
pd-184352	88.56	320.16	168.38	106
xmd-892	64.12	434.09	166.84	107
jwe-035	79.89	347.81	166.69	108
osi-027	83.44	332.47	166.56	109
gsk1059615	66.24	418.74	166.55	110
nu-7441	57.53	480.5	166.26	111
bix-01294	45.45	607.7	166.19	112
dinaciclib	56.7	477.55	164.55	113
pd-0325901	101.85	263.84	163.93	114
barasertib	138.77	190.38	162.54	115
roscovitine	97.96	266.17	161.48	116
tozasertib	119.22	217.97	161.2	117
gdc-0980	81.38	302.45	156.89	118
sirolimus	91.76	266.17	156.28	119
ve821	91.76	266.17	156.28	120
su-11274	261.87	88.52	152.25	121
i-bet	90.42	253.89	151.51	122
palbociclib	99.49	230.58	151.46	123
brd-k45399554	62.33	363.25	150.47	124
cp-724714	286.83	76.95	148.56	125
cgk-733	131.4	165.23	147.35	126
dacomitinib	180.63	108.9	140.26	127
trametinib	65.68	298.21	139.95	128
nvp-tae226	149.56	129.63	139.24	129
byl719	64.88	287.92	136.68	130
veliparib	180.08	103.29	136.39	131
as-601245	44.89	408.37	135.4	132
quizartinib	74.07	241.25	133.67	133
rocilinostat	109.11	163.5	133.56	134
mmpx	262.91	0.0	131.45	135
bosutinib	58.73	293.64	131.32	136
cp466722	38.5	446.1	131.05	137
wz-3105	59.94	283.06	130.25	138
niguldipine hydrochloride	559.96	29.64	128.83	139
xmd-1499	103.29	156.36	127.08	140
gdc-0879	137.33	117.24	126.89	141
pnu 96415e	0.0	253.21	126.6	142
s1173	253.21	0.0	126.6	143
brd-k21170640	253.21	0.0	126.6	144
akt-inhibitor-1-2	56.7	281.72	126.39	145
y-27632	286.83	55.66	126.36	146
alvocidib	48.2	314.9	123.19	147
pik-93	68.07	221.5	122.79	148
chir-99021	67.55	222.53	122.61	149
kw-2449	145.94	101.48	121.69	150
tyrphostin-ag-1478	253.21	56.7	119.82	151
pfi-1	92.85	151.14	118.46	152
erlotinib	119.31	117.24	118.27	153
dcc-2036	126.65	110.07	118.07	154
tanespimycin	78.82	174.64	117.33	155
azd4547	239.17	55.66	115.38	156
bx-795	104.57	126.65	115.08	157
ctb	116.04	109.83	112.89	158
zstk-474	59.6	212.98	112.67	159
otssp167	48.2	259.38	111.81	160
brd-k61981833	222.36	0.0	111.18	161
nvp-aew541	65.91	186.95	111.0	162
sutent	64.41	190.38	110.74	163
as-605240	53.54	229.0	110.73	164
brd-k05114711	670.92	18.0	109.89	165
methylstat	79.9	149.56	109.32	166
azacitidine	121.8	97.96	109.23	167
unc0638	134.52	88.56	109.15	168
cx-5461	117.24	101.48	109.07	169
azd-6482	55.56	212.98	108.78	170
pf-3758309	77.35	151.14	108.13	171
sb-203580	80.53	143.24	107.4	172
pha-767491	46.94	241.25	106.41	173
kin001-127	121.51	93.16	106.39	174
raf 265	115.48	97.15	105.92	175
cyt387	43.92	253.21	105.46	176
alw-ii-38-3	80.93	137.4	105.45	177
selumetinib	59.6	184.6	104.89	178
resveratrol	54.02	201.95	104.45	179
fostamatinib	25.03	431.39	103.92	180
brd-k45878950	201.95	0.0	100.97	181
dabrafenib	131.81	76.95	100.71	182
xmd-885	102.64	97.09	99.83	183
hg-9-91-01	105.09	94.78	99.8	184
ponatinib	39.69	247.58	99.13	185
gsk-1904529a	46.06	211.78	98.77	186
rapamycin	559.96	17.39	98.67	187
wz-4002	93.64	103.29	98.35	188
ag 494	156.19	59.6	96.48	189
kin001-260;	38.88	238.93	96.38	190
brd-k39829853	559.96	16.17	95.16	191
az-628	158.09	56.7	94.68	192
gsk-3-inhibitor-ii	189.28	46.06	93.38	193
azd7762	80.53	105.09	91.99	194
motesanib	52.7	156.36	90.78	195
diclofenac sodium	20.81	381.04	89.04	196
pyrazolanthrone	122.48	62.33	87.37	197
psoromic acid	173.67	0.0	86.83	198
selinidin	173.67	0.0	86.83	199
serdemetan	99.49	74.07	85.84	200
sb-525334	57.69	126.65	85.47	201
nvp-bgj398	32.48	222.36	84.98	202
rondual-kinase-inhibitor	55.56	126.65	83.89	203
fu jmbii227b	130.21	54.02	83.87	204
syk-inhibitor	53.56	130.21	83.51	205
tws-119	110.07	62.33	82.83	206
sgi-1776	48.01	142.12	82.6	207
bs-181	78.53	86.36	82.35	208
olaparib	29.87	218.92	80.86	209
cyclosporine	83.1	78.53	80.79	210
pf 573228	57.69	112.99	80.73	211
brivanib	71.98	88.85	79.97	212
tivozanib	39.69	160.44	79.8	213
mln-8054	25.03	253.21	79.62	214
hg-14-10-04	30.18	204.87	78.63	215
indirubin	156.19	0.0	78.09	216
brd-a98248982	156.19	0.0	78.09	217
vegf receptor 2 kinase inhibitor iv	0.0	156.19	78.09	218
brd-k81473043	59.63	101.48	77.79	219
ku-60019	52.7	113.41	77.31	220
brd-k71726959	54.02	107.28	76.13	221
brd-k12002134	0.0	151.54	75.77	222
kin001-244	43.45	130.21	75.21	223
uk 356618	115.48	48.95	75.18	224
idelalisib	41.06	137.33	75.09	225
regorafenib	86.36	65.09	74.97	226
ibrutinib	43.62	128.56	74.89	227
quetiapine	83.1	65.91	74.01	228
gsk-2334470	48.95	109.83	73.32	229
ink-128	39.69	133.43	72.77	230
decitabine	84.39	62.33	72.53	231
ruxolitinib	22.47	230.58	71.99	232
vandetanib	64.02	80.03	71.57	233
plx-4720	34.39	148.31	71.41	234
forskolin	83.1	59.6	70.38	235
zm-447439	50.27	98.07	70.21	236
bms509744	66.24	74.07	70.04	237
mls-0315852.0002	0.0	138.77	69.39	238
brd-k33045404	112.95	42.25	69.08	239
vemurafenib	53.99	88.35	69.06	240
tgx-221	33.76	140.51	68.88	241
alw-ii-49-7	43.45	109.11	68.85	242
capsazepine	121.8	38.88	68.81	243
ag 556	253.21	18.64	68.71	244
s1252	133.8	0.0	66.9	245
fisetinidol	133.8	0.0	66.9	246
brd-k78278890	133.8	0.0	66.9	247
brd-k56411643	40.34	108.96	66.3	248
mgcd-265	109.83	39.69	66.02	249
iox2	0.0	131.81	65.91	250
nsc 3852	93.07	46.59	65.85	251
l-sulforophane	80.77	53.56	65.78	252
wz-7043	33.33	126.65	64.97	253
gw-5074	35.24	117.24	64.28	254
ncgc00182353-01	173.67	23.57	63.99	255
brd-k46692335	122.48	33.3	63.86	256
hg-14-8-02	48.29	83.81	63.62	257
kin001-055	30.68	131.81	63.59	258
kuc104487 kuc104487n	81.09	48.95	63.0	259
brd-k19540840	130.21	29.64	62.12	260
cc-401	51.67	74.07	61.87	261
ski ii	72.63	52.61	61.81	262
le 135	80.53	46.71	61.33	263
imatinib	66.24	56.7	61.29	264
brd-k84450674	54.02	68.99	61.05	265
thioridazine hydrochloride	59.6	62.33	60.95	266
ei-155	33.72	109.83	60.85	267
brd-k06009608	97.15	37.94	60.71	268
ncgc00182617-01	156.19	23.57	60.68	269
gsk-j1	201.95	17.63	59.66	270
brd-k44878494	119.31	0.0	59.66	271
brd-a41451487	53.56	65.91	59.42	272
brd-k56593336	80.53	43.62	59.27	273
sb-216763	55.56	62.33	58.85	274
sb-239063	46.59	73.61	58.56	275
gdc-0068	11.91	272.21	56.94	276
rimexolone	83.1	38.82	56.8	277
fccp	80.77	39.69	56.62	278
r(-)-propylnorapomorphine	326.19	9.77	56.45	279
rhamnetin	253.21	12.32	55.84	280
bms-754807	143.24	21.62	55.64	281
bay 59-3074	109.83	0.0	54.91	282
pizotyline malate	109.83	0.0	54.91	283
enzastaurin	37.36	80.53	54.85	284
brd-k01834163	45.37	65.91	54.68	285
loratadine	109.11	0.0	54.55	286
m-3m3fbs	88.85	33.33	54.42	287
indirubin-3?-monoxime	88.56	33.33	54.33	288
brd-k61053657	0.0	107.28	53.64	289
chloroguanide hydrochloride	239.17	11.97	53.5	290
reserpine	57.69	48.95	53.14	291
pyrrolidinedithiocarbamate ammonium	52.7	53.56	53.13	292
everolimus	31.75	88.85	53.11	293
pergolide mesylate	83.1	33.72	52.93	294
brd-u04166717	46.06	59.63	52.41	295
ku-55933	43.45	62.8	52.24	296
gbr 13069 dihydrochloride	290.05	9.4	52.23	297
ntncb hydrochloride	55.66	48.95	52.2	298
s1040	17.39	156.19	52.11	299
brd-k68548958	253.21	10.56	51.71	300
tramadol	103.29	0.0	51.65	301
arp 101	156.36	16.87	51.36	302
c3930	32.48	81.09	51.32	303
cay10618	88.52	29.64	51.22	304
aloisine	70.5	36.87	50.99	305
brd-k97764662	109.83	23.57	50.88	306
st019365	101.48	0.0	50.74	307
hydroquinidine	64.88	38.82	50.19	308
kin001-265	62.8	39.69	49.93	309
brd-k60297835	54.02	46.06	49.88	310
kin001-220	38.5	64.02	49.64	311
brd-k54256913	30.29	81.09	49.56	312
cabozantinib	45.07	54.5	49.56	313
nsc 663284	33.72	71.98	49.26	314
iniparib	0.0	98.07	49.03	315
brd-a81282034	48.95	48.95	48.95	316
etoposide	80.53	29.64	48.86	317
p5172	24.35	97.15	48.64	318
hy-11007	52.13	45.37	48.63	319
auraptene	97.15	0.0	48.57	320
retinoic acid	133.8	17.63	48.57	321
brd-k67941506	28.93	81.09	48.44	322
d-4476	28.93	80.93	48.39	323
colforsin	33.72	68.99	48.23	324
pifithrin- a hydrobromide	290.05	7.93	47.95	325
tl hras26 brd-k01877528	93.07	24.35	47.61	326
brd-k90864987	33.72	65.91	47.14	327
cg-930	20.36	109.11	47.14	328
brd-k86574132	61.18	36.28	47.11	329
brd-k10705233	29.64	74.64	47.04	330
trifluoperazine dihydrochloride	83.1	26.32	46.77	331
lawsone	83.1	26.32	46.77	332
brd-a47832959	55.66	38.88	46.52	333
dilazep dihydrochloride	156.19	13.78	46.39	334
brd-k53461563	25.39	84.39	46.29	335
gr-103	38.82	54.02	45.79	336
sb 225002	29.64	70.5	45.71	337
ritodrine hydrochloride	23.38	88.52	45.5	338
bms-777607	88.56	23.31	45.44	339
brd-k35716340	52.61	38.82	45.19	340
btb06091sc	137.33	14.73	44.98	341
ay 9944	115.48	17.39	44.81	342
ct-200783	91.76	21.62	44.54	343
s1175	48.2	41.06	44.49	344
homatropine bromide	88.52	0.0	44.26	345
ast1306	59.6	32.05	43.71	346
brd-k56343971	36.28	52.13	43.49	347
bix-02189	45.9	41.2	43.48	348
brd-k64366758	83.1	22.47	43.21	349
bumetanide	13.87	133.8	43.08	350
niguldipine	109.83	16.87	43.05	351
tg101348	105.09	17.57	42.97	352
s1042	45.9	39.69	42.68	353
brd-k90999434	151.54	11.91	42.48	354
s1095	88.56	20.36	42.47	355
brd-k89692698	33.33	54.02	42.43	356
penitrem a	83.1	21.62	42.38	357
azd-7545-a	112.95	15.9	42.38	358
brd-k92981876	27.67	64.88	42.37	359
pf 750	109.83	16.25	42.25	360
brd-k31342827	126.01	14.13	42.19	361
4-demethoxydaunorubicin hydrochloride (65)	42.25	42.08	42.16	362
s1053	26.29	67.6	42.15	363
brd-k37865504	45.37	38.82	41.97	364
brd-k58618158	38.82	45.37	41.97	365
brd-a31107743	54.02	32.27	41.75	366
brd-k25311561	0.0	83.1	41.55	367
brd-k21165668	83.1	0.0	41.55	368
omdm-2	83.1	0.0	41.55	369
brd-k86269644	83.1	0.0	41.55	370
levetiracetam	137.33	12.32	41.13	371
brd-k60219430	28.35	59.6	41.11	372
r(-)-2,10,11-trihydroxyaporphine	64.02	26.32	41.05	373
brd-a81541225	78.53	21.27	40.87	374
abt-737	24.35	67.6	40.57	375
vu0415555-1	81.09	0.0	40.55	376
pp3	54.02	29.64	40.01	377
st4029573	110.07	14.46	39.89	378
betamethasone	69.98	22.47	39.66	379
rottlerin ncgc00025228-11	46.59	33.72	39.63	380
mls-0435541.0001	46.59	33.72	39.63	381
epirubicin hydrochloride	44.32	35.24	39.52	382
deoxyandirobin lactone	24.35	64.02	39.48	383
jak3 inhibitor ii	13.78	112.95	39.45	384
t5247673	65.91	23.57	39.42	385
brd-k15563106	51.47	29.87	39.21	386
pp-110	35.74	42.99	39.2	387
ncgc00183371-01	74.64	20.36	38.99	388
isoxsuprine hydrochloride	36.87	41.06	38.91	389
s1011	38.82	38.88	38.85	390
pimozide	156.19	9.65	38.82	391
zm 336372	23.38	64.02	38.69	392
curcumin	33.33	44.89	38.68	393
celecoxib	42.25	35.03	38.47	394
chaetocin	24.44	59.94	38.27	395
cyt997	48.29	29.87	37.98	396
ncgc00182110-02	74.64	19.31	37.96	397
2-fluoropalmitic acid	45.37	31.75	37.95	398
perhexiline maleate	64.49	22.26	37.89	399
ku-0063794	25.8	55.56	37.87	400
brd-k83151319	30.29	46.59	37.57	401
t5323840	26.29	53.56	37.52	402
brd-a49848186	32.39	43.45	37.51	403
importazole	38.5	36.45	37.46	404
vu0365114-2	21.27	65.91	37.44	405
brd-a82628254	74.64	0.0	37.32	406
(-)-jq1	12.68	109.83	37.32	407
brd-k36287933	0.0	74.64	37.32	408
brd-k91701654	35.74	38.88	37.28	409
nocodazole	65.91	20.81	37.03	410
brd-k35424586	217.97	6.29	37.03	411
hy-10161	156.19	8.66	36.78	412
danazol	45.37	29.64	36.67	413
pik-90	31.75	42.25	36.63	414
brd-k19624190	253.21	5.27	36.53	415
brd-k19885561	68.99	19.31	36.5	416
stock1n-27488	57.69	23.01	36.43	417
s1071	101.48	13.06	36.4	418
brd-k34363599	217.97	6.08	36.39	419
wortmannin	36.28	36.45	36.37	420
lamotrigine	11.91	109.83	36.17	421
pi 103 hydrochloride	58.14	22.47	36.15	422
brd-u86222656	88.52	14.75	36.14	423
oxindole i	55.66	23.31	36.02	424
hy-10159	133.8	9.65	35.93	425
ki20227	59.6	21.62	35.89	426
brd-k18726304	65.91	19.5	35.85	427
brd-k92301463	34.25	37.53	35.85	428
prestw-550	33.33	38.5	35.82	429
bibu 1361 dihydrochloride	97.96	13.06	35.77	430
mdl 11,939	54.02	23.57	35.69	431
brd-k63511615	21.27	59.6	35.6	432
cyclosporin a	54.02	23.31	35.49	433
mbcq	64.88	19.31	35.39	434
ncgc00182380-01	76.95	16.25	35.37	435
fludrocortisone acetate	30.73	40.47	35.27	436
brd-k11558771	30.29	40.94	35.21	437
brd-k41429297	559.96	2.21	35.17	438
byssochlamic acid	41.06	29.87	35.02	439
at-mlpcn csc-006	38.5	31.51	34.83	440
azathioprine	173.67	6.96	34.76	441
imd 0354	56.7	21.28	34.74	442
pifithrin- ?	51.47	23.38	34.69	443
bo2 (inhibits rad51)	27.64	43.45	34.65	444
brd-k05197617	80.53	14.9	34.64	445
pkcbeta inhibitor	73.61	16.17	34.5	446
brd-k91355947	68.99	0.0	34.5	447
brd-k56658166	0.0	68.99	34.5	448
daunorubicin hydrochloride	22.67	51.67	34.23	449
piplartine	53.99	21.62	34.16	450
mln4924	41.11	28.35	34.14	451
brd-k19220233	21.57	53.99	34.13	452
ncgc00165289-01	76.25	15.23	34.08	453
amuvatinib	20.82	55.66	34.04	454
brd-k89059493	68.07	0.0	34.04	455
brd-k84085265	10.41	109.83	33.81	456
pyrimethamine	33.72	33.72	33.72	457
inhibitor bec hydrochloride	60.82	18.64	33.68	458
cdc	69.98	15.6	33.04	459
ag14361	39.26	27.67	32.96	460
f3103-0039	65.91	0.0	32.95	461
brd-k40949493	65.91	0.0	32.95	462
ornidazole	65.91	0.0	32.95	463
luzindole	0.0	65.91	32.95	464
k048-0112	65.91	0.0	32.95	465
brd-a98444709	65.91	0.0	32.95	466
brd-k00944562	65.91	0.0	32.95	467
epitestosterone	65.91	0.0	32.95	468
gr-235	65.91	0.0	32.95	469
brd-k64642496	38.5	28.11	32.9	470
brd-k89546934	9.81	109.83	32.83	471
ch5424802	9.19	117.24	32.82	472
pj 34 hydrochloride	119.31	9.01	32.79	473
pp 1	55.56	19.31	32.76	474
s1174	21.77	48.95	32.64	475
cam-9-021 brd-k05563014	93.64	11.32	32.55	476
quinacrine dihydrochloride dihydrate	35.74	29.54	32.49	477
r406	28.11	37.53	32.48	478
mls-0315926 mls-0315926	88.52	11.91	32.47	479
brd-k48803730	21.27	49.12	32.32	480
brd-k03015355	16.17	64.02	32.17	481
brd-k52075040	51.47	20.02	32.1	482
brd-k00313977	45.37	22.65	32.06	483
brd-k39232234	64.02	0.0	32.01	484
brd-k90072296	64.02	0.0	32.01	485
hemado	64.02	0.0	32.01	486
gw 843682x	80.53	12.68	31.95	487
dmp 543	23.57	42.99	31.83	488
trichostatin a	30.73	32.96	31.82	489
ala-ala-phe-cmk	54.02	18.69	31.78	490
ly-294002	16.17	62.33	31.75	491
t5212475	42.25	23.87	31.75	492
dl-pdmp	23.87	42.25	31.75	493
podofilox	67.6	14.9	31.74	494
rimcazole dihydrochloride	253.21	3.91	31.47	495
sulpiride	76.25	12.96	31.44	496
brd-k82971429	26.32	37.36	31.36	497
brd-k05649647	55.56	17.57	31.24	498
6-diazo-5-oxo-l-norleucine	76.25	12.79	31.23	499
pf3845	59.6	16.25	31.13	500
nnc 26-9100	45.37	21.27	31.06	501
sp 600125	107.28	8.94	30.98	502
bjm-ctd2-9	42.25	22.61	30.91	503
fluvoxamine maleate	84.39	11.32	30.9	504
15-delta prostaglandin j2	54.02	17.63	30.86	505
brd-k50387473	26.95	35.03	30.73	506
p0030	15.73	59.94	30.71	507
tgx-115	35.74	26.32	30.67	508
liothyronine	17.39	54.02	30.65	509
s1266	21.62	43.45	30.65	510
tw 37	93.07	10.06	30.6	511
brd-k74761218	31.51	29.64	30.56	512
t 98475	16.17	57.69	30.54	513
isoliquiritigenin	43.45	21.27	30.4	514
kin001-266	33.33	27.64	30.35	515
pnu 74654	17.63	52.13	30.31	516
bisacodyl	34.88	26.32	30.3	517
erastin	38.82	23.57	30.25	518
s-8599	30.68	29.64	30.15	519
metaxalone	65.91	13.78	30.14	520
brd-k12762134	16.17	55.66	30.0	521
ei-328	28.35	31.75	30.0	522
brd-a83255679	0.0	59.6	29.8	523
srt-1720	59.6	0.0	29.8	524
brd-a89352139	0.0	59.6	29.8	525
carbamazepine	21.62	41.06	29.79	526
s1022	133.8	6.61	29.74	527
l-6307	16.6	52.7	29.58	528
rs 39604 hydrochloride	54.02	16.17	29.56	529
arachidonyl trifluoro-methyl ketone	48.95	17.81	29.52	530
brd-a20697603	28.61	30.29	29.44	531
hki-272	55.32	15.6	29.37	532
nf-kb activation inhibitor ii, jsh-23	17.63	48.95	29.37	533
l-733,060 hydrochloride	65.91	13.06	29.34	534
bupropion hydrochloride	18.64	45.37	29.08	535
sappanone a trimethyl ether	45.37	18.64	29.08	536
brd-k15916856	0.0	58.14	29.07	537
brd-k50234570	14.46	58.14	28.99	538
mebendazole	45.07	18.64	28.99	539
bay 11-7821	62.33	13.45	28.96	540
cd 01333	31.75	26.32	28.91	541
albendazole	24.35	34.25	28.88	542
s1085	36.87	22.47	28.79	543
ei-148	21.27	38.82	28.73	544
angiogenesis inhibitor	38.82	21.27	28.73	545
riboflavine	31.3	26.32	28.7	546
s1122	41.06	20.05	28.69	547
brd-k89558221	80.53	10.16	28.6	548
mycophenolic acid	15.23	53.56	28.56	549
peitc	43.45	18.69	28.5	550
disopyramide phosphate	54.02	14.9	28.37	551
chr 2797	18.65	43.08	28.35	552
s1527	76.95	10.43	28.33	553
hy-10518	19.73	40.34	28.21	554
px12	31.75	25.03	28.19	555
brd-k10114046	29.87	26.49	28.13	556
brd-k41859756	29.12	27.15	28.12	557
trimeprazine tartrate	45.37	17.39	28.09	558
amcinonide	28.35	27.67	28.01	559
hdac6 inhibitor isox	36.28	21.62	28.0	560
ite	29.64	26.32	27.93	561
2-chloro-7-methoxyphenothiazine	29.64	26.32	27.93	562
brd-k34332553	0.0	55.66	27.83	563
p8624	18.31	42.25	27.81	564
brd-k87909389	38.67	19.93	27.76	565
brd-k94841585	55.32	0.0	27.66	566
brd-k05153001	27.67	27.64	27.65	567
mibefradil dihydrochloride	83.1	9.19	27.63	568
tomoxetine hydrochloride	84.39	8.94	27.47	569
manumycin a	38.82	19.33	27.39	570
mls-0435542.0001	19.31	38.82	27.38	571
bl-010	11.32	65.91	27.31	572
kin236	23.38	31.75	27.25	573
ch 55	23.31	31.75	27.21	574
pkc-412	25.39	29.1	27.18	575
doramapimod	30.29	24.35	27.16	576
16beta-bromoandrosterone	16.17	45.37	27.09	577
imodium	15.23	48.2	27.09	578
ag 82	42.08	17.39	27.05	579
sch 442416	54.02	0.0	27.01	580
brd-a48631911	54.02	0.0	27.01	581
sr 49059	0.0	54.02	27.01	582
gr 144053 trihydrochloride	54.02	0.0	27.01	583
nicotine ditartrate	0.0	54.02	27.01	584
vu0413243-1	54.02	0.0	27.01	585
ethopropazine hydrochloride	54.02	0.0	27.01	586
triamcinolone	38.82	18.69	26.94	587
gsk-j4	23.57	30.73	26.92	588
brd-k69852452	13.06	55.32	26.88	589
linoleamide	97.96	7.33	26.8	590
brd-k07061353	18.64	38.5	26.79	591
doxorubicin	19.43	36.87	26.77	592
brd-k02113016	41.06	17.39	26.72	593
gr-206	22.47	31.75	26.71	594
amodiaquin dihydrochloride dihydrate	30.18	23.57	26.67	595
tyrphostin ag 1478	25.03	28.39	26.66	596
brd-k27484191	12.68	55.66	26.57	597
sib 1893	15.01	46.94	26.54	598
s1084	52.13	13.45	26.48	599
brd-a47816767	23.38	29.87	26.43	600
aminopurvalanol a	19.5	35.74	26.4	601
aloisine a	23.38	29.64	26.33	602
l-690,488	42.25	16.37	26.3	603
brd-k77830450 (forskolin)	26.32	26.29	26.3	604
menadione	15.23	45.37	26.29	605
ncgc00183260-01	14.9	46.06	26.2	606
ct-incb	17.63	38.82	26.16	607
2,5-dideoxyadenosine	55.66	12.29	26.16	608
ncgc00167097-01	45.9	14.9	26.15	609
ag 592	17.63	38.67	26.11	610
medroxyprogesterone 17-acetate	0.0	52.13	26.06	611
brd-k04923131	33.3	20.36	26.04	612
brd-a18411371	35.03	19.31	26.01	613
s1362	14.9	45.37	26.0	614
brd-k06817181	45.37	14.9	26.0	615
piretanide	8.12	83.1	25.97	616
isotretinoin	27.67	24.35	25.96	617
tak-715	32.39	20.82	25.96	618
brd-k06436323	28.35	23.57	25.85	619
brd-k23282736	26.32	25.39	25.85	620
brd-a05565054	29.64	22.47	25.81	621
bg fa 0953	28.35	23.38	25.75	622
brd-k84203638	40.16	16.25	25.55	623
brd-k64835161	45.37	14.3	25.47	624
cct 018159	29.1	22.26	25.45	625
sdm25n hydrochloride	24.35	26.49	25.4	626
nsc 23766	35.24	18.31	25.4	627
kuc104256 kuc104256n	65.91	9.77	25.38	628
brd-k74486276	40.94	15.73	25.38	629
ozagrel hydrochloride	64.88	9.9	25.34	630
k784-3131	30.73	20.82	25.29	631
brd-k05104363	68.99	9.19	25.18	632
brd-k09186807	9.19	68.99	25.18	633
brd-k96083840	29.64	21.27	25.11	634
brd-k65242613	93.07	6.76	25.09	635
mls-0425579.0001	26.49	23.57	24.99	636
brd-u33728988	12.68	49.12	24.96	637
cucurbitacin i	42.25	14.73	24.95	638
brd-k60070073	26.32	23.57	24.91	639
teniposide	29.12	21.27	24.89	640
sb 203580	26.32	23.38	24.81	641
7b-cis	26.95	22.78	24.78	642
vu0418939-2	109.83	5.59	24.77	643
brd-k68202742 (trichostatin a)	47.23	12.96	24.74	644
pd 407824	66.24	9.19	24.67	645
brd-k40175214	20.81	29.1	24.61	646
fgin-1-27	46.06	13.06	24.53	647
brd-u29336476	24.35	24.68	24.52	648
pi 828	13.78	43.62	24.52	649
a3145	11.12	54.02	24.51	650
ivermectin	23.38	25.65	24.49	651
pre-084 hydrochloride	48.95	0.0	24.47	652
zd 7155 hydrochloride	48.95	0.0	24.47	653
brd-k68038686	0.0	48.95	24.47	654
sc 19220	25.39	23.57	24.46	655
ag-879	55.66	10.72	24.42	656
fr-180204	9.19	64.88	24.42	657
elesclomol	46.59	12.79	24.41	658
brd-k50140147	69.72	8.52	24.37	659
brd-k78373679	103.29	5.72	24.3	660
brd-k92107474	46.59	12.68	24.3	661
calpeptin	17.39	33.72	24.21	662
brd-a60245366	28.02	20.82	24.15	663
chemistry 2804	35.24	16.54	24.14	664
sb 222200	48.2	0.0	24.1	665
salubrinal	48.2	0.0	24.1	666
ei-195	48.2	0.0	24.1	667
ub 165 fumarate	45.37	12.79	24.09	668
brd-k17140735	56.28	10.28	24.06	669
lde225 (nvp-lde225)	23.57	24.44	24.0	670
a112550.cdx	17.39	33.1	23.99	671
cgp 57380	23.57	24.35	23.96	672
ncgc00188535-01	17.31	33.1	23.94	673
939792-14-0	36.28	15.73	23.89	674
doxorubicin hydrochloride	13.25	42.99	23.86	675
malonoben	103.29	5.48	23.8	676
bl-052	35.03	16.17	23.8	677
brd-k56196992	35.03	16.17	23.8	678
ncgc00167094-01	41.06	13.78	23.79	679
brd-k25737009	11.32	49.95	23.78	680
brd-k02223034	18.64	30.29	23.76	681
parthenolide	27.64	20.36	23.72	682
brd-k31856043	54.02	10.41	23.72	683
chelidonine (+)	32.39	17.22	23.61	684
camptothecin	51.81	10.74	23.58	685
papaverine hydrochloride	43.45	12.79	23.57	686
penfluridol	23.38	23.73	23.55	687
k784-3187	30.73	18.0	23.52	688
s1014	69.72	7.93	23.51	689
pemoline	67.6	8.18	23.51	690
paroxetine hydrochloride	33.72	16.25	23.41	691
skf 81297 hydrobromide	59.6	9.19	23.4	692
indirubin-3-oxime	39.69	13.78	23.39	693
brd-k04695623	30.29	18.0	23.35	694
brd-k86761848	48.95	11.12	23.33	695
brd-a68739437	48.95	11.12	23.33	696
brd-k77877933	45.37	11.99	23.32	697
brd-k45044657	19.31	28.11	23.3	698
irinotecan hydrochloride trihydrate	28.11	19.31	23.3	699
a-1065	33.33	16.25	23.28	700
palda	17.93	30.18	23.26	701
aripiprazole	17.63	30.68	23.25	702
fasudil hydrochloride	38.82	13.78	23.13	703
fluorometholone	38.82	13.78	23.13	704
brd-u37049823	36.87	14.46	23.09	705
brd-u74615290	38.67	13.78	23.08	706
brd-k06405410	18.31	29.1	23.08	707
brd-k53903639	28.39	18.69	23.04	708
zardaverine	0.0	46.06	23.03	709
brd-k75308990	46.06	0.0	23.03	710
azaperone	0.0	46.06	23.03	711
prl-3 inhibitor i	46.06	0.0	23.03	712
np-004102	46.06	0.0	23.03	713
mw-a1-12	15.01	35.24	23.0	714
estradiol	16.25	32.39	22.94	715
brd-k08316444	32.39	16.22	22.92	716
bcl-2 inhibitor	22.26	23.57	22.91	717
ku 0060648 trihydrochloride	18.07	28.93	22.86	718
brd-k22832646	58.14	8.94	22.8	719
cmpd-1	21.27	24.44	22.8	720
brd-k89156937	45.37	0.0	22.68	721
aq-ra 741	0.0	45.37	22.68	722
brd-k42635745 (suloctidil)	0.0	45.37	22.68	723
brd-k14711204	45.37	0.0	22.68	724
brd-k53566850	0.0	45.37	22.68	725
tropicamide	45.37	0.0	22.68	726
vu0415010	45.37	0.0	22.68	727
brd-k69231968	45.37	0.0	22.68	728
proadifen hydrochloride	0.0	45.37	22.68	729
diphenylpyraline hydrochloride	45.37	0.0	22.68	730
brd-a75301702	15.23	33.72	22.66	731
brd-k88198340	26.49	19.33	22.63	732
pivmecillinam hydrochloride	20.81	24.44	22.55	733
brd-k83816656	45.37	11.12	22.46	734
s1019	23.31	21.62	22.45	735
valdecoxib	38.82	12.96	22.43	736
pindolol	14.9	33.72	22.41	737
donepezil hydrochloride	33.72	14.9	22.41	738
mw-ras12	35.05	14.31	22.4	739
triamcinolone acetonide	25.65	19.5	22.37	740
kenpaullone	16.87	29.64	22.36	741
rottlerin	33.72	14.75	22.3	742
brd-k71489689	173.67	2.84	22.2	743
brd-a68061604	33.33	14.75	22.17	744
brd-k41925105	19.31	25.39	22.14	745
cosmosiin	30.29	16.17	22.13	746
trimipramine maleate salt	66.24	7.4	22.13	747
cot-10b	20.82	23.5	22.12	748
as605240	30.18	16.17	22.09	749
brd-k49371609	23.38	20.82	22.06	750
brd-k58214070	23.38	20.81	22.06	751
ncgc00241071-01	23.87	20.36	22.05	752
hy-10044	20.81	23.31	22.03	753
brd-k18595892	109.83	4.4	21.99	754
bi 2536	39.26	12.29	21.97	755
flunisolide	43.62	11.01	21.92	756
brd-a59145032	59.94	7.99	21.89	757
gr-237	38.82	12.32	21.87	758
tacrolimus	48.95	9.77	21.87	759
ncgc00012272-02	20.05	23.87	21.87	760
o-2050	37.36	12.79	21.86	761
abt-888 (veliparib)	6.38	74.64	21.82	762
brd-k37043259	156.19	3.04	21.77	763
brd-k04853698	27.67	17.1	21.75	764
ic 261	31.75	14.9	21.75	765
digoxin	29.1	16.25	21.75	766
ncgc00183387-01	0.0	43.45	21.72	767
brd-k55536701	43.45	0.0	21.72	768
prednisolone acetate	15.73	29.87	21.68	769
dactinomycin	17.56	26.69	21.65	770
paxilline	33.72	13.87	21.62	771
r2146	45.45	10.16	21.49	772
brd-a16820783	13.68	33.72	21.48	773
mls-0226420	5.46	84.39	21.47	774
brd-k68588778	59.6	7.74	21.47	775
wiskostatin	91.76	5.0	21.41	776
brd-k55844427	60.45	7.57	21.39	777
gitoxigenin	41.2	11.1	21.38	778
am 404	97.15	4.69	21.35	779
itraconazole	46.59	9.77	21.34	780
brd-k72703948	55.66	8.18	21.34	781
penicillin v	55.66	8.18	21.34	782
ag 825	31.75	14.3	21.31	783
brd-k00317371	19.31	23.38	21.25	784
niclosamide	32.39	13.93	21.24	785
carbacyclin	14.3	31.51	21.23	786
brd-k00627859	45.37	9.9	21.19	787
s1216	13.08	34.25	21.17	788
pac 1	83.1	5.38	21.13	789
brd-k04676863	0.0	42.25	21.12	790
akt inhibitor x	45.37	9.77	21.05	791
sid 26681509	15.23	29.1	21.05	792
mead acid (20:3 n-9)	42.08	0.0	21.04	793
s1205	17.22	25.65	21.01	794
hy-10992	13.25	33.33	21.01	795
levocetirizine	21.62	20.36	20.98	796
11k-629s	12.79	34.38	20.97	797
brd-k85818861	38.82	11.32	20.96	798
bml-259	34.39	12.73	20.92	799
irbesartan	29.64	14.73	20.9	800
ciglitazone	109.83	3.98	20.9	801
ncgc00183412-01	26.32	16.54	20.87	802
brd-k65904652	22.47	19.33	20.84	803
mln2238	31.3	13.87	20.83	804
procaterol hydrochloride	14.9	28.93	20.76	805
budesonide	24.44	17.63	20.76	806
mitoxantrone dihydrochloride	16.38	26.29	20.75	807
16-hydroxytriptolide	26.96	15.9	20.71	808
vx-680	16.17	26.49	20.7	809
raf1 kinase inhibitor i	16.25	26.32	20.68	810
rlm-1-127	26.32	16.17	20.63	811
sb 239063	23.57	18.0	20.6	812
bntx maleate	50.82	8.31	20.55	813
gamma-linolenic acid (18:3 n-6)	23.38	18.04	20.54	814
naltrexone hydrochloride	13.93	30.29	20.54	815
homatropine hydrobromide (r,s)	41.06	0.0	20.53	816
brd-k14880289	41.06	0.0	20.53	817
sb 216641 hydrochloride	17.63	23.57	20.39	818
brd-k31754360	31.51	13.19	20.39	819
brd-k08463963	17.63	23.57	20.39	820
azacyclonol	17.63	23.57	20.39	821
abt-263	17.63	23.38	20.3	822
15-deoxy-?12,14-prostaglandin j2	23.38	17.63	20.3	823
s1107	21.27	19.33	20.27	824
s1172	43.62	9.4	20.25	825
ncgc00182388-01	29.64	13.78	20.21	826
racepinephrine hcl	4.2	97.15	20.2	827
purvalanol a	18.0	22.65	20.19	828
abt-751	17.07	23.87	20.18	829
meprylcaine hydrochloride	40.34	0.0	20.17	830
proscillaridin a	24.99	16.22	20.13	831
brd-k16618170	38.82	10.41	20.1	832
amlodipine besylate	12.79	31.51	20.08	833
enrofloxacin	68.99	5.83	20.05	834
gsk-3b inhibitor viii	28.93	13.87	20.03	835
amg 9810	57.69	6.96	20.03	836
brd-k40373196	32.39	12.29	19.95	837
brd-u73238814	11.91	33.33	19.92	838
zk 164015	45.37	8.73	19.9	839
brd-k58347372	26.49	14.9	19.87	840
brd-k70161581	22.47	17.57	19.87	841
homosalate	59.6	6.61	19.85	842
brd-k58288048	45.37	8.66	19.82	843
brd-k78385490	33.72	11.64	19.81	844
s1176	26.49	14.75	19.77	845
hydrocortisone hemisuccinate	25.65	15.23	19.77	846
arvanil	16.54	23.57	19.75	847
saquinavir mesylate	21.27	18.31	19.73	848
metergoline	21.62	18.0	19.72	849
brd-k15716662	11.64	33.33	19.69	850
a66	9.19	42.08	19.66	851
ca-074-me	5.17	74.64	19.64	852
diloxanide furoate	13.87	27.67	19.59	853
bas 00535043	21.27	18.0	19.57	854
brd-k57080016	10.72	35.74	19.57	855
suloctidil	30.29	12.6	19.53	856
inca-6	16.17	23.57	19.53	857
lacidipine	17.63	21.62	19.52	858
azd8055	18.6	20.41	19.48	859
ro 28-1675 ?	21.28	17.81	19.47	860
auranofin	38.88	9.74	19.46	861
t6129388	16.17	23.38	19.45	862
brd-k27630390	25.39	14.9	19.45	863
dipyridamole	0.0	38.88	19.44	864
corticosterone	0.0	38.88	19.44	865
brd-k64525051	22.47	16.81	19.43	866
am-251	38.82	0.0	19.41	867
brd-k51155404	46.06	8.18	19.41	868
pioglitazone hydrochloride	38.82	0.0	19.41	869
brd-k90912239	38.82	0.0	19.41	870
kf 38789	46.06	8.18	19.41	871
thiotepa	38.82	0.0	19.41	872
brd-k04389336	38.82	0.0	19.41	873
brd-k97701319	0.0	38.82	19.41	874
altretamine	38.82	0.0	19.41	875
brd-k36031023	0.0	38.82	19.41	876
mepivacaine hydrochloride	38.82	0.0	19.41	877
brd-k74797618	26.32	14.3	19.4	878
brd-k31706415	43.45	8.66	19.4	879
brd-k59962020	9.77	38.5	19.39	880
ncgc00182393-01	26.29	14.3	19.39	881
brd-k06765193	17.63	21.27	19.36	882
chlorprothixene hydrochloride	33.72	11.12	19.36	883
brd-k79404599	11.12	33.72	19.36	884
cid 755673	88.52	4.23	19.35	885
brd-k96076993	18.33	20.36	19.32	886
ncgc00188530-01	24.35	15.3	19.3	887
ly 303511	23.57	15.73	19.26	888
bh3i-1	19.31	19.09	19.2	889
brd-k11663430	8.94	40.94	19.13	890
vu0415556-1	5.6	65.09	19.09	891
brd-k45205755	52.13	6.96	19.04	892
calcipotriol	33.72	10.72	19.01	893
brd-k68191783	15.3	23.57	18.99	894
brd-u64289953	68.99	5.22	18.98	895
troglitazone	5.22	68.99	18.98	896
brd-k93215584	45.37	7.93	18.96	897
brazilin	32.39	11.1	18.96	898
brd-k43226598	16.81	21.27	18.91	899
brd-k63954456	54.02	6.61	18.9	900
brd-k68437527	43.62	8.18	18.89	901
km00799	38.82	9.19	18.89	902
pd 98059	41.06	8.66	18.86	903
ncgc00183696-01	26.49	13.43	18.86	904
curcubitacin i	20.82	17.07	18.85	905
ncgc00182392-01	8.66	40.94	18.83	906
brd-k88708949	83.44	4.23	18.79	907
mefloquine	16.25	21.62	18.74	908
oxibendazole	33.72	10.41	18.74	909
mephentermine sulfate	9.77	35.74	18.69	910
9-amino-1,2,3,4-tetrahydroacridine	0.0	37.36	18.68	911
tetrindole mesylate	18.0	19.31	18.64	912
vu0410183-2	23.57	14.69	18.61	913
ncgc00181920-01	16.25	21.27	18.59	914
wr 216174	21.28	16.17	18.55	915
ncgc00183406-01	21.27	16.17	18.55	916
t 0070907	26.32	13.06	18.54	917
brd-k07403598	26.32	13.06	18.54	918
c8273	17.63	19.5	18.54	919
fluphenazine dihydrochloride	45.37	7.57	18.53	920
dorsomorphin dihydrochloride	18.69	18.31	18.5	921
brd-k97534490	49.12	6.96	18.49	922
dc-45-a2	51.67	6.61	18.48	923
a8674	23.87	14.3	18.47	924
brd-k58070753	36.87	0.0	18.44	925
dibenzepine hydrochloride	36.87	0.0	18.44	926
brd-a41250203	31.61	10.72	18.41	927
securinine	4.07	83.1	18.38	928
brd-k06476055	16.22	20.81	18.37	929
pp-30	22.47	15.01	18.37	930
brd-k63068307	38.88	8.66	18.35	931
fenobam	25.38	13.25	18.34	932
brd-a82238138 (budesonide)	7.4	45.37	18.32	933
bithionate sodium	26.32	12.68	18.27	934
brd-k53780220	8.58	38.88	18.27	935
digitoxigenin	38.75	8.52	18.17	936
brd-k98834634	11.12	29.64	18.16	937
prednisolone hemisuccinate	9.4	35.03	18.15	938
brd-a36630025	24.44	13.43	18.12	939
flufenamic acid	52.13	6.29	18.11	940
st4070169	13.87	23.57	18.08	941
flavokawain b	30.29	10.74	18.03	942
clobetasol propionate	9.65	33.72	18.03	943
brd-k35573744	12.79	25.39	18.02	944
brd-k07023879	12.32	26.32	18.01	945
hy-50767	16.17	20.05	18.0	946
brd-k64606589	18.64	17.31	17.97	947
evista	109.83	2.93	17.95	948
gr-231	17.22	18.64	17.92	949
methylene blue	35.24	9.09	17.89	950
minoxidil	30.68	10.41	17.87	951
brd-k34711351	5.22	60.82	17.82	952
chemistry 1571	81.09	3.91	17.81	953
g3420	21.27	14.9	17.8	954
erythrosine sodium	5.46	57.69	17.75	955
brd-k44510578	23.38	13.45	17.74	956
cvf-csc-7 brd-a32595718	16.17	19.31	17.67	957
scriptaid	29.64	10.47	17.62	958
4-aminosalicylic acid	0.0	35.24	17.62	959
vu0404997-2	19.09	16.25	17.62	960
fluticasone propionate	14.9	20.81	17.61	961
guggulsterone	13.78	22.47	17.6	962
brd-k11757396	33.72	9.19	17.6	963
brd-k10906552	19.09	16.17	17.57	964
fk506	29.64	10.41	17.57	965
ncgc00188773-01	51.67	5.95	17.54	966
heliotrine	20.81	14.75	17.52	967
brd-k64857848	19.5	15.73	17.52	968
psh 023	35.03	0.0	17.51	969
darinaparsin	35.03	0.0	17.51	970
cgp 37157	35.03	0.0	17.51	971
s1249	10.86	28.11	17.47	972
gm6001	11.01	27.67	17.45	973
brd-k28907958	40.94	7.4	17.4	974
testosterone propionate	17.39	17.39	17.39	975
dexamethasone	21.77	13.87	17.37	976
dichlorobenzamil	16.17	18.64	17.36	977
chloroxine	38.88	7.74	17.34	978
betamethasone 17,21-dipropionate	7.57	39.69	17.33	979
kuc104135 kuc104135n	20.36	14.73	17.32	980
benzopurpurin (b)	6.61	45.37	17.32	981
stock1s-53863	21.77	13.78	17.32	982
brd-k32501161	34.25	8.73	17.29	983
idarubicin hcl	20.64	14.46	17.28	984
s1104	46.06	6.48	17.27	985
hy-11066	13.78	21.62	17.26	986
brd-a60784279	33.33	8.94	17.26	987
s1170	19.73	15.01	17.21	988
apo866	34.38	0.0	17.19	989
salermide	39.69	7.43	17.18	990
hy-50940	18.69	15.73	17.15	991
brd-u25771771	24.35	12.08	17.15	992
brd-k22096725	21.28	13.78	17.13	993
r(+)-skf-81297	26.32	11.12	17.11	994
t0516-4420	8.66	33.72	17.09	995
brd-k72732164	33.72	8.66	17.09	996
brd-k10554164	35.03	8.31	17.06	997
psh 025	21.62	13.45	17.05	998
brd-k90826279	9.77	29.64	17.02	999
brd-k81249836	29.64	9.77	17.02	1000
nu-7026	46.06	6.29	17.02	1001
hy-50878	10.74	26.95	17.01	1002
brd-k12184916	12.32	23.31	16.95	1003
brd-k01614657	43.45	6.61	16.95	1004
np-001821	35.05	8.18	16.93	1005
ouabain	20.64	13.87	16.92	1006
s1030	15.93	17.93	16.9	1007
ei-346	28.77	9.9	16.88	1008
ncgc00183247-01	17.63	16.17	16.88	1009
diphenyleneiodonium chloride	14.19	20.05	16.87	1010
talniflumate	33.72	0.0	16.86	1011
hexamethylquercetagetin	33.72	0.0	16.86	1012
brd-k95495709	33.72	0.0	16.86	1013
17-beta-estradiol 17-valerate	0.0	33.72	16.86	1014
st4039884	33.72	0.0	16.86	1015
brd-k33676730	33.72	0.0	16.86	1016
brd-k42419294	0.0	33.72	16.86	1017
cgp 12177 hydrochloride	0.0	33.72	16.86	1018
pd 169316	33.72	0.0	16.86	1019
brd-a15914070	0.0	33.72	16.86	1020
sq-29548	33.72	0.0	16.86	1021
ici-118,551 hydrochloride	33.72	0.0	16.86	1022
sant-1	0.0	33.72	16.86	1023
gr 32191 hydrochloride	33.72	0.0	16.86	1024
bisindolylmaleimide iv	28.93	9.77	16.81	1025
selamectin	54.02	5.22	16.79	1026
phentolamine hydrochloride	54.02	5.22	16.79	1027
tws119	64.02	4.4	16.79	1028
s1367	26.95	10.43	16.77	1029
pp 2	23.38	11.97	16.73	1030
np-002491	13.45	20.82	16.73	1031
brd-a77467113	4.23	65.91	16.7	1032
fentiazac	33.33	0.0	16.66	1033
l-741,742 hydrochloride	33.3	0.0	16.65	1034
ncgc00167107-01	46.06	5.99	16.62	1035
jlk 6	27.15	10.16	16.61	1036
mk-0591	11.32	24.35	16.6	1037
brefeldin a	31.51	8.74	16.6	1038
s1475	25.03	11.01	16.6	1039
brd-k78633253	43.62	6.29	16.57	1040
su 5416	62.33	4.4	16.57	1041
ro 60-0175	64.88	4.23	16.57	1042
promazine hydrochloride	23.57	11.64	16.56	1043
dapt	9.9	27.67	16.55	1044
brd-k88868628	28.35	9.65	16.54	1045
brd-k95760042	16.17	16.87	16.52	1046
brd-k00007652	8.18	33.3	16.5	1047
bibr1532	16.81	16.17	16.49	1048
gsk-3 inhibitor ii	24.44	11.12	16.49	1049
rosuvastatin calcium	45.37	5.99	16.49	1050
trimetozine	12.79	21.27	16.49	1051
k784-3188	13.06	20.81	16.48	1052
brd-k79222491	9.65	28.11	16.47	1053
brd-k51302260	38.88	6.96	16.45	1054
s2001	83.1	3.25	16.44	1055
brd-k65366129	41.2	6.56	16.43	1056
brd-k09854848	10.43	25.8	16.41	1057
esculin hydrate	65.91	4.07	16.37	1058
brd-k13665914	11.91	22.47	16.36	1059
cladribine	13.87	19.31	16.36	1060
ro 31-8220 mesylate	17.56	15.23	16.35	1061
brd-a31312900	14.75	18.0	16.3	1062
mosapride	138.77	1.91	16.29	1063
gemcitabine	15.09	17.57	16.28	1064
brd-k57309821	3.25	81.09	16.24	1065
ncgc00242341-01	17.63	14.9	16.21	1066
cgs 9343b	14.9	17.63	16.21	1067
thm-i-94	21.62	12.14	16.2	1068
ketanserin tartrate hydrate	37.94	6.91	16.2	1069
prozac	16.17	16.17	16.17	1070
brd-k35858371	5.99	43.62	16.17	1071
brd-k05562558	33.72	7.74	16.15	1072
fluocinolone acetonide	21.77	11.97	16.14	1073
brd-k19295594	23.38	11.12	16.13	1074
terfenadine	45.37	5.72	16.11	1075
lanatoside c	24.35	10.64	16.1	1076
ncgc00185684-02	7.74	33.3	16.05	1077
tamoxifen, 4-hydroxy-, (z)-	8.18	31.51	16.05	1078
ncgc00183235-01	26.32	9.77	16.04	1079
thiothixene	26.32	9.77	16.04	1080
cyclopiazonic acid	8.66	29.64	16.02	1081
brd-k72264770	33.72	7.57	15.97	1082
w-7 hydrochloride	81.09	3.14	15.96	1083
t018500	22.47	11.32	15.95	1084
brd-k95196255	15.29	16.6	15.93	1085
brd-k03829970	16.22	15.6	15.91	1086
brd-k87573634	31.75	0.0	15.88	1087
km 00927	10.39	24.15	15.84	1088
brd-k83194053	201.95	1.24	15.81	1089
mycophenolate mofetil	4.6	54.02	15.77	1090
brd-k74623475	54.02	4.59	15.75	1091
phenamil	19.31	12.79	15.72	1092
tipifarnib-p2	31.75	7.74	15.67	1093
brd-k04733502	19.31	12.68	15.65	1094
brd-k16533489	23.57	10.39	15.65	1095
stk397047	33.33	7.33	15.63	1096
brd-k92317137	35.24	6.93	15.62	1097
flecainide acetate	17.63	13.78	15.59	1098
gw 3965 hydrochloride	14.9	16.25	15.56	1099
hli 373	13.77	17.56	15.55	1100
qs 11	9.17	26.32	15.54	1101
sb 218078	18.64	12.96	15.54	1102
daunorubicin	22.4	10.72	15.49	1103
h 89 dihydrochloride	27.67	8.66	15.48	1104
ei-231	76.25	3.14	15.48	1105
ncgc00166395-02	20.05	11.91	15.45	1106
brd-k72451865	20.05	11.91	15.45	1107
brd-k90700939	54.02	4.4	15.42	1108
brd-k32896438	18.0	13.19	15.41	1109
stk249718	13.78	17.22	15.4	1110
brd-k45435259	5.22	45.37	15.39	1111
amiodarone hydrochloride	21.27	11.12	15.38	1112
brd-k15592317	18.0	13.06	15.33	1113
st4066738	30.29	7.74	15.32	1114
brd-k26664453	10.43	22.47	15.31	1115
ag 957	10.41	22.47	15.3	1116
temsirolimus [ci779]	16.81	13.87	15.27	1117
brd-k43620258	8.31	28.02	15.26	1118
citalopram hydrobromide	18.31	12.68	15.24	1119
brd-k75081836	10.74	21.62	15.23	1120
arg-a1-22 brd-k91349888	9.77	23.57	15.18	1121
brd-k42499654	9.77	23.57	15.18	1122
brd-k66254772	17.63	13.06	15.17	1123
brd-k94325918	27.64	8.31	15.16	1124
brd-k92754162	0.0	30.29	15.15	1125
gw 4064	30.29	0.0	15.15	1126
ncgc00182361-01	8.66	26.49	15.15	1127
amitriptyline hydrochloride	7.23	31.75	15.15	1128
brd-k74133369	20.81	11.01	15.14	1129
brd-a40431293	18.0	12.73	15.14	1130
phorbol-12-myristate-13-acetate (pma)	33.72	6.76	15.1	1131
st4062971	5.0	45.37	15.06	1132
brd-k83336168	29.12	7.74	15.01	1133
np-003021	21.62	10.41	15.0	1134
losartan	12.79	17.57	14.99	1135
tropisetron hcl	7.57	29.64	14.98	1136
clomiphene citrate (z,e)	13.78	16.25	14.97	1137
brd-a76641868	41.06	5.46	14.97	1138
mdl 29951	7.74	28.93	14.96	1139
s1005	25.03	8.94	14.96	1140
brd-k41775742	107.28	2.08	14.95	1141
brd-k51998148	29.87	0.0	14.94	1142
sulfaquinoxaline sodium salt	29.87	0.0	14.94	1143
pdgf receptor tyrosine kinase inhibitor i	18.64	11.97	14.94	1144
brd-k89224880	20.05	11.12	14.93	1145
brd-k65955264	10.72	20.81	14.93	1146
brd-k02562327	11.12	20.05	14.93	1147
brd-k58972465	109.83	2.02	14.91	1148
ncgc00188536-01	21.27	10.43	14.9	1149
dg-041	17.39	12.76	14.89	1150
hy-10181	13.68	16.17	14.87	1151
simvastatin	16.17	13.68	14.87	1152
losartan potassium	41.06	5.38	14.86	1153
vincamine	0.0	29.64	14.82	1154
practolol	0.0	29.64	14.82	1155
stock2s-79598	29.64	0.0	14.82	1156
2,4-dideoxy-dc-45-a2	29.64	0.0	14.82	1157
chloramphenicol	29.64	0.0	14.82	1158
liothyronine (l- isomer) sodium	29.64	0.0	14.82	1159
tyrphostin b44, (+) enantiomer	29.64	0.0	14.82	1160
r 59-022	0.0	29.64	14.82	1161
gw 6471	0.0	29.64	14.82	1162
stock3s-10593	0.0	29.64	14.82	1163
pirfenidone	0.0	29.64	14.82	1164
brd-k48950795	36.87	5.95	14.81	1165
brd-k01896723	10.74	20.36	14.79	1166
x0379	11.64	18.69	14.75	1167
pterostilbene	21.27	10.16	14.7	1168
brd-k53308430	64.02	3.37	14.69	1169
brd-a43155244	11.91	18.07	14.67	1170
bml-st330	19.33	11.12	14.66	1171
ncgc00181736-02	8.18	26.29	14.66	1172
spironolactone	11.12	19.31	14.65	1173
nrb 04155	11.12	19.31	14.65	1174
rs 504393	88.56	2.42	14.64	1175
brd-k37694030 (doxepin hydrochloride)	6.96	30.68	14.61	1176
brd-k15107389	16.25	13.06	14.57	1177
brd-a37735495	13.87	15.23	14.53	1178
gp 2a	8.94	23.57	14.52	1179
pz0013	36.87	5.72	14.52	1180
ncgc00182382-01	16.17	12.96	14.48	1181
brd-k81814927	6.91	30.29	14.47	1182
brd-a74983348	28.93	0.0	14.47	1183
skf 86002 dihydrochloride	0.0	28.93	14.47	1184
piperacillin	0.0	28.93	14.47	1185
rhodomyrtoxin	28.93	0.0	14.47	1186
brd-k48204702	28.93	0.0	14.47	1187
brd-k94991378	10.41	20.05	14.45	1188
glyburide	38.82	5.38	14.45	1189
brd-k83972459	43.62	4.78	14.44	1190
uzi/1930680	25.03	8.31	14.43	1191
t3205	43.45	4.79	14.42	1192
cjd-pla-20-1	43.45	4.78	14.41	1193
st019366	36.28	5.72	14.4	1194
kuc104495 kuc104495n	7.88	26.29	14.39	1195
glimepiride	12.79	16.17	14.38	1196
brd-a75931230	12.68	16.25	14.36	1197
mevastatin	23.57	8.73	14.34	1198
lonidamine	4.4	46.71	14.34	1199
brd-a95445494	6.91	29.64	14.32	1200
brd-k72615639	26.49	7.74	14.32	1201
brd-k61105081	7.74	26.49	14.32	1202
ssr 69071	19.31	10.56	14.28	1203
zk 93426 hydrochloride	26.32	7.74	14.27	1204
brd-k74980345	6.96	29.1	14.23	1205
benzamil hydrochloride	5.99	33.72	14.22	1206
brd-k85853281	13.25	15.23	14.2	1207
parbendazole	15.23	13.19	14.18	1208
taxifolin-(+)	19.31	10.41	14.18	1209
brd-k17953061	33.02	6.08	14.17	1210
gsk-j2	30.29	6.61	14.15	1211
duloxetine hydrochloride	18.0	11.12	14.15	1212
sb 202190	11.32	17.63	14.12	1213
ncgc00010428-03	8.18	24.35	14.11	1214
akt inhibitor iv	13.45	14.75	14.09	1215
sulconazole nitrate	8.18	24.08	14.03	1216
iopanoic acid	6.61	29.64	14.0	1217
brd-k89329876	29.64	6.61	14.0	1218
brd-k67847053 (guanabenz acetate)	46.59	4.2	13.99	1219
s1120	55.32	3.52	13.96	1220
ncgc00167398-02	11.48	16.87	13.92	1221
brd-k62300190	26.32	7.33	13.89	1222
ei-189	7.33	26.32	13.89	1223
hy-11006	27.67	6.91	13.83	1224
brd-k35920785	27.67	0.0	13.83	1225
ncgc00185087-01	19.33	9.9	13.83	1226
3-deoxydenosine	0.0	27.64	13.82	1227
molsidomine	4.23	45.07	13.81	1228
ei-215	14.9	12.79	13.8	1229
hy-10344	13.78	13.78	13.78	1230
brd-k51454562	30.18	6.29	13.78	1231
devazepide	24.44	7.74	13.75	1232
z-leu3-vs	19.09	9.9	13.75	1233
docosahexaenoic acid (22:6 n-3)	19.31	9.77	13.74	1234
ncgc00183226-01	41.75	4.52	13.74	1235
mafenide hydrochloride	80.53	2.35	13.74	1236
tpl2	7.93	23.76	13.73	1237
brd-k19166598	41.06	4.59	13.73	1238
gtp 14564	24.35	7.74	13.73	1239
hexylcaine hydrochloride	25.39	7.4	13.7	1240
nsc 95397	6.48	28.93	13.69	1241
api-2	8.66	21.61	13.68	1242
brd-k64517075	16.25	11.48	13.66	1243
brd-k14027855	39.69	4.69	13.65	1244
brd-k53414658	8.73	21.27	13.62	1245
h7270	19.93	9.3	13.61	1246
triciribine	3.77	48.95	13.59	1247
rosiglitazone hydrochloride	22.47	8.18	13.56	1248
mst- 312	68.99	2.66	13.54	1249
puromycin hydrochloride	7.3	25.03	13.52	1250
yk 4-279	5.95	30.73	13.52	1251
nnc 05-2090 hydrochloride	39.69	4.59	13.5	1252
m9948	52.13	3.5	13.5	1253
brd-k43913647	5.46	33.33	13.49	1254
su11652	19.33	9.4	13.48	1255
cinobufagin	24.44	7.43	13.48	1256
prostaglandin e2	11.91	15.23	13.47	1257
megestrol acetate	15.23	11.91	13.47	1258
brd-k77547920	9.9	18.31	13.46	1259
s1142	13.06	13.87	13.46	1260
bibx 1382 dihydrochloride	17.39	10.41	13.45	1261
masitinib	11.12	16.25	13.44	1262
brd-k53592093	29.64	6.08	13.42	1263
ncgc00242335-01	16.17	11.12	13.41	1264
brd-k14749055	11.12	16.17	13.41	1265
brd-a58924247	15.9	11.29	13.4	1266
brd-k01436366	35.24	5.07	13.36	1267
mls-0435555.0001	14.9	11.97	13.35	1268
probucol	11.97	14.9	13.35	1269
spb02303	22.47	7.93	13.35	1270
ncgc00186101-01	45.37	3.91	13.32	1271
piceatannol	13.78	12.79	13.28	1272
bapta-am	12.79	13.78	13.28	1273
brd-k87964538	13.78	12.79	13.28	1274
bromocryptine mesylate	9.77	18.0	13.26	1275
brd-k32101742	26.49	0.0	13.24	1276
brd-k98824517	10.41	16.81	13.23	1277
brd-k47635719 (dexamethasone acetate)	3.13	55.56	13.2	1278
chlorpromazine	22.47	7.74	13.19	1279
ncgc00184724-01	8.18	21.27	13.19	1280
sb 205607	26.32	6.61	13.19	1281
ncgc00183589-01	0.0	26.32	13.16	1282
cgp 20712 dihydrochloride	0.0	26.32	13.16	1283
dcb	0.0	26.32	13.16	1284
brd-k02216544	26.32	0.0	13.16	1285
ganciclovir	0.0	26.32	13.16	1286
s1057	11.32	15.3	13.16	1287
brd-k68690198	0.0	26.32	13.16	1288
brd-k03651937	26.32	0.0	13.16	1289
brd-k15419449	26.32	0.0	13.16	1290
s1093	0.0	26.32	13.16	1291
brd-k93433262	26.32	0.0	13.16	1292
kuc104139 kuc104139n	26.32	0.0	13.16	1293
l 670596	26.32	0.0	13.16	1294
rolipram	26.32	0.0	13.16	1295
brd-k29113274	26.32	0.0	13.16	1296
ncgc00186073-01	26.32	0.0	13.16	1297
brd-k18953385	0.0	26.32	13.16	1298
mls-0454435.0001	26.32	0.0	13.16	1299
brd-a11702965	8.87	19.5	13.15	1300
brd-k28115298	26.32	6.56	13.14	1301
kuc104137 kuc104137c	9.77	17.63	13.12	1302
brd-k69569876	5.46	31.51	13.12	1303
brd-k49865102	22.26	7.74	13.12	1304
praziquantel	11.64	14.75	13.1	1305
thalidomide	19.09	8.94	13.07	1306
delta1-hydrocortisone 21-hemisuccinate	29.87	5.71	13.06	1307
brd-k30849099	43.45	3.91	13.04	1308
brd-k82492171	22.47	7.57	13.04	1309
brd-k72238567	48.2	3.52	13.03	1310
nitrofurazone	13.78	12.32	13.03	1311
brd-k07005393	24.35	6.96	13.02	1312
sdz nkt 343	10.41	16.25	13.01	1313
brd-k38340366	36.87	4.59	13.01	1314
brd-k05331696	19.33	8.73	12.99	1315
lovastatin	14.9	11.32	12.99	1316
thiophene-2-carboxylic acid benzothiazol-2-ylamide mls-0446110.0001	10.41	16.17	12.98	1317
s(-)-timolol	8.73	19.31	12.98	1318
ru 24969	27.67	6.08	12.97	1319
hy-10459	8.61	19.5	12.96	1320
pd 160170	4.79	35.03	12.95	1321
brd-u51951544	9.74	17.22	12.95	1322
quercetin	8.66	19.31	12.93	1323
brd-k34968258	9.9	16.81	12.9	1324
tas 301	14.9	11.12	12.87	1325
genistin	4.97	33.33	12.87	1326
pd 198306	6.96	23.76	12.86	1327
brd-k56515112 (medrysone)	5.95	27.64	12.83	1328
nobiletin	21.27	7.74	12.83	1329
zk 756326	0.0	25.65	12.82	1330
artesunate	15.73	10.41	12.8	1331
brd-k71303366	54.02	3.04	12.8	1332
metoprolol tartrate	5.72	28.61	12.79	1333
b4313	6.76	24.15	12.78	1334
tc 2559 difumarate	15.23	10.72	12.78	1335
meloxicam sodium	19.5	8.36	12.77	1336
prostaglandin a1	16.22	10.06	12.77	1337
vu0365117-1	16.17	10.06	12.75	1338
brd-k77480336	9.65	16.81	12.73	1339
gr 127935 hydrochloride	15.9	10.16	12.71	1340
fenretinide	4.6	35.03	12.7	1341
ncgc00183691-01	25.39	0.0	12.69	1342
lomatin	25.39	0.0	12.69	1343
carbinoxamine maleate	25.39	0.0	12.69	1344
brd-k79235952	25.39	0.0	12.69	1345
jak3 inhibitor vi	20.81	7.74	12.69	1346
agk-2	7.74	20.81	12.69	1347
brd-k28120860	41.06	3.91	12.67	1348
cilostazol	17.39	9.19	12.64	1349
n-benzylnaltrindole hydrochloride	65.91	2.42	12.63	1350
jzl-184	26.29	6.05	12.61	1351
bufalin	39.86	3.98	12.59	1352
brd-k58853583	27.67	5.72	12.58	1353
rhodomyrtoxin b	18.64	8.48	12.58	1354
ncgc00182378-01	27.64	5.72	12.57	1355
amsacrine	8.97	17.57	12.55	1356
s(+)-terguride	3.5	45.07	12.55	1357
ncgc00167098-01	21.27	7.4	12.54	1358
cy 208-243	25.03	0.0	12.52	1359
nonoxynol-9	13.45	11.64	12.51	1360
(-)-gallocatechin gallate	46.59	3.35	12.49	1361
sulfacetamide sodic hydrate	10.43	14.9	12.47	1362
brd-k02123250	14.9	10.43	12.47	1363
ncgc00182357-01	11.91	13.06	12.47	1364
dihydrexidine hydrochloride	10.41	14.9	12.45	1365
vincristine sulfate	22.26	6.96	12.44	1366
mitomycin c	4.78	32.39	12.44	1367
luteolin	15.23	10.16	12.44	1368
bmy 45778	9.17	16.87	12.44	1369
nafadotride	24.35	6.34	12.43	1370
carvedilol	2.35	65.91	12.43	1371
fluspirilen	26.32	5.83	12.39	1372
brd-k80346834	11.12	13.78	12.38	1373
ag 538	4.59	33.33	12.37	1374
brd-k73261812	13.06	11.67	12.35	1375
brd-k34092011	25.39	5.99	12.34	1376
narciclasine	37.94	4.01	12.34	1377
st056792	13.78	11.01	12.32	1378
brd-k22630935	26.49	5.72	12.31	1379
brd-k73945663	14.9	10.16	12.3	1380
s1080	4.07	36.87	12.24	1381
ppt	11.32	13.25	12.24	1382
clotrimazole	11.12	13.45	12.23	1383
ncgc00182390-01	9.19	16.25	12.22	1384
brd-k67090983	19.31	7.74	12.22	1385
butein	9.77	15.23	12.2	1386
ikk 16	15.01	9.9	12.19	1387
brd-k03736784	6.61	22.47	12.19	1388
mls-0412059	24.35	0.0	12.18	1389
s1154	6.29	23.57	12.18	1390
3,6-diphenyl-1,2,4-triazin-5-yl methyl ether	24.35	0.0	12.18	1391
brd-k06592610	24.35	0.0	12.18	1392
brd-k00859168	24.35	0.0	12.18	1393
brd-k75430629	24.35	0.0	12.18	1394
psb 06126	29.64	5.0	12.17	1395
bms-536924	13.06	11.32	12.16	1396
brd-a51777634	29.64	4.98	12.15	1397
jte 013	19.31	7.57	12.09	1398
thioproperazine dimesylate	3.76	38.82	12.09	1399
ncgc00183255-01	126.65	1.15	12.09	1400
dmbi	9.77	14.9	12.07	1401
aminopurine, 6-benzyl	14.9	9.77	12.07	1402
ingenol 3, 20-dibenzoate	21.62	6.74	12.07	1403
brd-k70918941	64.02	2.28	12.07	1404
triamterene	31.75	4.59	12.07	1405
methyl 2,5-dihydroxycinnamate	8.23	17.63	12.05	1406
ei-156	15.09	9.59	12.03	1407
ncgc00184834-01	5.99	24.15	12.03	1408
y27632	22.78	6.34	12.02	1409
y 134	26.32	5.46	11.99	1410
acamprosate calcium	41.06	3.5	11.98	1411
isoflupredone acetate	4.52	31.75	11.98	1412
b3063	10.41	13.78	11.98	1413
brd-a24054354	13.78	10.41	11.98	1414
t 0901317	23.38	6.13	11.97	1415
s1485	17.63	8.12	11.96	1416
indomethacin	12.79	11.12	11.93	1417
brd-k81795824	12.79	11.12	11.93	1418
nu 1025	23.87	0.0	11.93	1419
brd-a76019558	19.31	7.33	11.9	1420
atorvastatin	15.23	9.3	11.9	1421
brd-k70748405	8.73	16.17	11.88	1422
puromycin dihydrochloride	13.78	10.22	11.87	1423
formoterol hemifumarate	12.68	11.12	11.87	1424
brd-k39345836	21.27	6.61	11.86	1425
idoxuridine	21.27	6.62	11.86	1426
sertraline hydrochloride	13.45	10.43	11.85	1427
hy-13001	15.23	9.19	11.83	1428
deprenalin	23.57	0.0	11.79	1429
brd-k32582686	0.0	23.57	11.79	1430
brd-k23931216	23.57	0.0	11.79	1431
chlorambucil	0.0	23.57	11.79	1432
cyproheptadine hydrochloride	33.72	4.12	11.79	1433
ciprofibrate	23.57	0.0	11.79	1434
gw 0742	0.0	23.57	11.79	1435
brd-k48823327	0.0	23.57	11.79	1436
thiorphan	0.0	23.57	11.79	1437
sb 205607 dihydrobromide	23.57	0.0	11.79	1438
l469480	23.57	0.0	11.79	1439
rwj 21757	23.57	0.0	11.79	1440
brd-k81927853	23.57	0.0	11.79	1441
cefpodoxime proxetil	23.57	0.0	11.79	1442
ncgc00185090-03	33.72	4.12	11.79	1443
ncgc00165199-01	36.87	3.76	11.78	1444
penicillin g potassium	14.9	9.3	11.77	1445
way 170523	109.11	1.27	11.76	1446
unc1215	35.03	3.91	11.7	1447
brd-k62818989	14.9	9.19	11.7	1448
trolox	23.38	0.0	11.69	1449
vx-745	23.38	0.0	11.69	1450
5-nonyloxytryptamine	14.9	9.17	11.69	1451
pravastatin sodium	23.38	0.0	11.69	1452
gabexate mesylate	23.38	0.0	11.69	1453
brd-k64985742	23.38	0.0	11.69	1454
troxipide	0.0	23.38	11.69	1455
brd-k57457519	0.0	23.38	11.69	1456
brd-k68007270	17.63	7.74	11.68	1457
hy-11001	5.07	26.69	11.63	1458
brd-k91449330	5.99	22.47	11.61	1459
clofarabine	14.3	9.4	11.6	1460
l-690,330	64.49	2.08	11.59	1461
t5220758	6.29	21.27	11.57	1462
brd-k61717269	18.64	7.17	11.56	1463
ag 9	10.41	12.79	11.54	1464
brd-k99633092	14.9	8.94	11.54	1465
brd-k35483542	12.79	10.41	11.54	1466
necrostatin-1	13.78	9.65	11.53	1467
norethynodrel	12.79	10.39	11.53	1468
(e)-capsaicin	28.93	4.59	11.52	1469
cgp 71683 hydrochloride	18.07	7.33	11.51	1470
ncgc00229600-01	8.18	16.17	11.5	1471
a2478	45.07	2.93	11.5	1472
skf 96365 hydrochloride	42.99	3.04	11.42	1473
kb-r7943 mesylate	17.63	7.4	11.42	1474
cilostamide	24.35	5.31	11.37	1475
brd-a50774520	8.66	14.9	11.36	1476
naloxone benzoylhydrazone	7.23	17.81	11.35	1477
brd-k53423944	14.75	8.73	11.35	1478
nortriptyline hydrochloride	10.41	12.32	11.32	1479
brd-k17739445	30.29	4.23	11.32	1480
emetine dihydrochloride hydrate (74)	13.93	9.19	11.32	1481
brd-k07395346	30.29	4.23	11.32	1482
brd-a00420644	19.33	6.62	11.31	1483
triamcinolone diacetate	6.61	19.33	11.3	1484
brd-a80960055	8.18	15.6	11.29	1485
mesoridazine besylate	8.94	14.19	11.27	1486
rs 17053 hydrochloride	33.72	3.76	11.27	1487
vu0418947-2	14.19	8.94	11.27	1488
rg 108	13.77	9.19	11.25	1489
s1130	26.49	4.78	11.25	1490
brd-u44700465	22.47	0.0	11.24	1491
brd-k51683034	22.47	0.0	11.24	1492
brd-k83048312	22.47	0.0	11.24	1493
ncgc00242337-01	38.82	3.25	11.24	1494
kn-62	65.91	1.91	11.23	1495
brd-k77681376	11.1	11.32	11.21	1496
nisoldipine	33.33	3.76	11.2	1497
cytarabine	7.74	16.17	11.19	1498
cilnidipine	16.17	7.74	11.19	1499
levodopa	12.79	9.77	11.18	1500
brd-k30993697	3.91	31.75	11.14	1501
brd-k55116708	88.85	1.4	11.14	1502
brd-k36354764	14.9	8.31	11.13	1503
brd-k25731886	36.97	3.35	11.13	1504
vu0418946-2	21.27	5.83	11.13	1505
ncgc00182364-01	11.12	11.12	11.12	1506
akti-1/2	14.75	8.31	11.08	1507
tranilast	30.18	4.06	11.07	1508
brd-k69159985	81.09	1.51	11.05	1509
ncgc00241435-01	3.14	38.82	11.04	1510
brd-k52522949	15.73	7.74	11.04	1511
deguelin(-)	6.29	19.33	11.03	1512
brd-u44618005	13.93	8.73	11.03	1513
hydroquinine hydrobromide hydrate	6.29	19.31	11.02	1514
brd-a18725729	10.39	11.67	11.01	1515
brd-k23673040	14.9	8.12	11.0	1516
4-(3,4-dimethoxyphenyl)pyridine hydrobromide wg-7	5.99	20.05	10.96	1517
nicardipine hydrochloride	8.66	13.87	10.96	1518
brd-k59705555	66.24	1.81	10.95	1519
verteporfin	25.03	4.78	10.94	1520
triptolide	10.27	11.64	10.93	1521
nadolol	8.31	14.3	10.9	1522
brd-k82837433	30.29	3.91	10.88	1523
ici-199,441 hydrochloride	38.88	3.04	10.86	1524
skatole	84.39	1.4	10.86	1525
betamethasone acetate	5.46	21.62	10.86	1526
ei-273	3.5	33.72	10.86	1527
brd-k80348542	5.07	23.22	10.85	1528
brd-k51377689	8.73	13.45	10.83	1529
brd-k67010098	21.62	0.0	10.81	1530
nomegestrol acetate	21.62	0.0	10.81	1531
ei-332	14.3	8.18	10.81	1532
brd-k28452084	0.0	21.62	10.81	1533
perphenazine	11.97	9.77	10.81	1534
brd-k97936712	21.62	0.0	10.81	1535
fipronil	23.38	5.0	10.81	1536
jte 907	17.63	6.61	10.8	1537
cycloheximide	12.08	9.65	10.8	1538
aristolochic acid	1.81	64.49	10.8	1539
ambroxol hydrochloride	33.33	3.5	10.79	1540
nifuroxazide	11.12	10.43	10.77	1541
chlorthalidone	18.64	6.21	10.76	1542
erk inhibitor 11e	36.87	3.13	10.75	1543
metoclopramide monohydrochloride	3.35	34.38	10.73	1544
e3380	20.05	5.72	10.71	1545
brd-k45818044	14.75	7.74	10.69	1546
brd-k55827386	59.63	1.91	10.68	1547
brd-k66792149	13.06	8.74	10.68	1548
digoxigenin	5.46	20.82	10.66	1549
jx 401	8.18	13.87	10.65	1550
skf 89976a hydrochloride	14.3	7.93	10.65	1551
5-azacytidine	23.57	4.8	10.64	1552
ncgc00184830-01	7.43	15.23	10.64	1553
brd-k37393297	0.0	21.28	10.64	1554
l-168,049	28.93	3.91	10.64	1555
famciclovir	0.0	21.27	10.63	1556
alprazolam	0.0	21.27	10.63	1557
bongkrekic acid	21.27	0.0	10.63	1558
t5835550	21.27	0.0	10.63	1559
mls-0425590.0001	0.0	21.27	10.63	1560
ofloxacin	0.0	21.27	10.63	1561
brd-a95696820	0.0	21.27	10.63	1562
estradiol cypionate	0.0	21.27	10.63	1563
pirenperone	0.0	21.27	10.63	1564
structure possibly contains amino acid derivative which is not supported in current version!	21.27	0.0	10.63	1565
sertindole	12.32	9.17	10.63	1566
linomide	0.0	21.27	10.63	1567
epigallocatechin	21.27	0.0	10.63	1568
brd-k98079119	0.0	21.27	10.63	1569
ncgc00238427-01	0.0	21.27	10.63	1570
brd-k65404805	23.57	4.79	10.62	1571
brd-k80094086	54.02	2.08	10.61	1572
ncgc00242340-01	6.96	16.17	10.61	1573
ei-293	7.43	15.09	10.59	1574
brd-a68065211	20.82	5.38	10.58	1575
stock4s-23872	18.0	6.21	10.57	1576
brd-k48716658	5.99	18.64	10.57	1577
brd-k89626439	8.66	12.79	10.53	1578
h-9 dihydrochloride	12.79	8.66	10.53	1579
brd-k55127335	9.77	11.32	10.52	1580
brd-k62970326	38.82	2.84	10.5	1581
clocortolone pivalate	10.56	10.43	10.5	1582
brd-k76698671	26.95	4.07	10.47	1583
gibberellic acid	21.62	5.07	10.46	1584
brd-a25088322	6.29	17.39	10.46	1585
solanine alpha	18.64	5.83	10.43	1586
mifepristone	11.1	9.77	10.41	1587
nsc 693868	20.81	0.0	10.4	1588
ncgc00183237-01	20.81	0.0	10.4	1589
brd-k08307026	11.01	9.77	10.37	1590
domperidone	25.39	4.23	10.36	1591
er 27319 maleate	11.02	9.74	10.36	1592
apigenin triacetate	3.37	31.75	10.35	1593
ncgc00242553-01	16.17	6.61	10.34	1594
zafirlukast	26.32	4.07	10.34	1595
mls-0390943.0002	7.74	13.78	10.33	1596
brd-k51791390	8.66	12.32	10.33	1597
gr 55562 dihydrochloride	33.72	3.14	10.29	1598
brd-k49010888	17.63	5.95	10.24	1599
brd-a52193669	7.33	14.3	10.24	1600
quinine hemisulfate salt monohydrate	10.72	9.77	10.23	1601
brd-k23644387	7.74	13.45	10.21	1602
rp1782780025	27.67	3.76	10.21	1603
pravastatin sodium salt	8.12	12.79	10.19	1604
u 18666a	11.91	8.73	10.19	1605
brd-k57037351	29.64	3.5	10.18	1606
ym-155	12.32	8.4	10.17	1607
eriodyctol	11.91	8.66	10.16	1608
naltrexone hydrochloride dihydrate	20.33	0.0	10.16	1609
brd-k04534322	8.66	11.91	10.16	1610
brd-k22546959	38.82	2.66	10.16	1611
compound 58	11.12	9.19	10.11	1612
chloroquine diphosphate	7.07	14.46	10.11	1613
cay10594	11.97	8.52	10.1	1614
hy-70044	6.62	15.3	10.06	1615
robustic acid	19.33	5.22	10.04	1616
rev-5901	10.72	9.4	10.04	1617
brd-k18163752	8.66	11.64	10.04	1618
alprostadil	15.23	6.61	10.03	1619
brd-k87779281	0.0	20.05	10.02	1620
brd-k27169919	0.0	20.05	10.02	1621
brd-k93229693	0.0	20.05	10.02	1622
ncgc00183452-01	0.0	20.05	10.02	1623
brd-k50384076	0.0	20.05	10.02	1624
brd-k51189903	0.0	20.05	10.02	1625
compound 12	20.05	0.0	10.02	1626
cercosporin	18.64	5.38	10.01	1627
brd-a84524947	5.0	20.05	10.01	1628
brd-k18724229	7.74	12.96	10.01	1629
brd-k66555411	26.95	3.71	10.0	1630
cgp 53353	38.82	2.57	10.0	1631
brd-k78559095	23.57	4.23	9.99	1632
hyperoside	1.71	58.14	9.98	1633
strophanthidin	14.73	6.76	9.98	1634
z2777	20.82	4.78	9.98	1635
ci 976	5.72	17.39	9.97	1636
brd-k08451418	14.3	6.96	9.97	1637
mrs 1220	67.6	1.47	9.96	1638
5-fluorouracil	0.0	19.93	9.96	1639
ro 90-7501	7.33	13.43	9.92	1640
brd-k61359235	6.61	14.9	9.92	1641
ncgc00183216-01	14.9	6.61	9.92	1642
ncgc00182362-01	6.61	14.75	9.88	1643
sarmentogenin	14.22	6.83	9.86	1644
exemestane	16.17	5.99	9.85	1645
u0126	16.17	5.99	9.85	1646
e933505	16.17	5.99	9.85	1647
brd-k42489623	8.31	11.64	9.84	1648
dioxybenzone	29.64	3.25	9.82	1649
vinblastine sulfate	16.81	5.71	9.8	1650
brd-k37798499	10.16	9.44	9.79	1651
brd-k33720394	12.32	7.76	9.78	1652
ha-1004	10.43	9.17	9.78	1653
brd-k76236182	5.0	19.09	9.77	1654
brd-k55473186	9.77	9.77	9.77	1655
rucaparib	9.77	9.77	9.77	1656
brd-k21672423	22.47	4.23	9.75	1657
helveticoside	7.43	12.79	9.75	1658
d3943	13.45	7.07	9.75	1659
bp 554 maleate	19.5	0.0	9.75	1660
pq 401	13.68	6.96	9.75	1661
lasalocid sodium	5.6	16.81	9.7	1662
clomid	6.29	14.9	9.68	1663
bml-257	22.26	4.2	9.67	1664
fenoterol hydrobromide	14.75	6.34	9.67	1665
ncgc00241732-01	0.0	19.33	9.66	1666
brd-k93760529	0.0	19.33	9.66	1667
methiazole	0.0	19.33	9.66	1668
vu0420364-1	26.69	3.5	9.66	1669
ncgc00182837-01	19.33	0.0	9.66	1670
haloperidol	19.31	0.0	9.65	1671
cetirizine dihydrochloride	19.31	0.0	9.65	1672
brd-k81813927	0.0	19.31	9.65	1673
dexbrompheniramine	0.0	19.31	9.65	1674
n6 -cyclopentyladenosine	19.31	0.0	9.65	1675
ncgc00185923-01	19.31	0.0	9.65	1676
brd-k76691125	19.31	0.0	9.65	1677
kuc104218 kuc104218n	19.31	0.0	9.65	1678
kuc104491 kuc104491n	0.0	19.31	9.65	1679
ncgc00181375-01	9.9	9.4	9.65	1680
brd-k29143967	17.63	5.27	9.64	1681
flurandrenolide	16.25	5.71	9.63	1682
brd-a06664848	12.79	7.23	9.62	1683
flutamide	14.3	6.48	9.62	1684
brd-k80786583	11.91	7.76	9.61	1685
skf 77434 hydrobromide	23.57	3.91	9.6	1686
brd-k19724398	4.52	20.36	9.59	1687
g-221	30.29	3.04	9.59	1688
yc-1	16.25	5.66	9.59	1689
tripelennamine citrate	5.22	17.63	9.59	1690
norpramin	17.63	5.22	9.59	1691
brd-k06750613	6.21	14.75	9.57	1692
s1169	0.0	19.09	9.55	1693
b675700.cdx	10.1	9.01	9.54	1694
hy-10966	13.78	6.61	9.54	1695
halometasone	11.91	7.57	9.49	1696
arachidonamide	17.22	5.22	9.48	1697
np-001236	9.19	9.77	9.48	1698
ossk 647368	9.19	9.77	9.48	1699
brd-k10010115	9.77	9.19	9.48	1700
brd-k16472144	9.77	9.19	9.48	1701
clozapine	5.72	15.73	9.48	1702
ncgc00165208-01	68.99	1.3	9.46	1703
calyculin a	9.77	9.15	9.46	1704
s1140	6.48	13.78	9.45	1705
cimaterol	14.9	5.99	9.45	1706
cgs 15943	5.0	17.63	9.39	1707
brd-k03814443	21.62	4.07	9.37	1708
ncgc00165188-01	16.54	5.31	9.37	1709
brd-k94173926	8.18	10.72	9.36	1710
brd-a45657137	0.0	18.69	9.35	1711
brd-k75477256	18.69	0.0	9.35	1712
brd-k16290432	7.33	11.91	9.34	1713
anafranil	7.33	11.91	9.34	1714
brd-k38615104	6.08	14.31	9.33	1715
bacampicillin hydrochloride	18.64	0.0	9.32	1716
trioxsalen	18.64	0.0	9.32	1717
ischemin	18.64	0.0	9.32	1718
ac-1121	6.29	13.78	9.31	1719
cinnarizine	5.99	14.46	9.31	1720
hts 12526	21.27	4.07	9.3	1721
chrysene-1,4-quinone	13.87	6.21	9.28	1722
at-csc-18 brd-k01121114	12.79	6.74	9.28	1723
ncgc00188740-01	3.64	23.57	9.27	1724
ticlopidine hydrochloride	8.66	9.9	9.26	1725
trap 101	11.01	7.76	9.24	1726
ncgc00188537-01	8.18	10.41	9.23	1727
brd-k94127894	19.33	4.4	9.23	1728
amiloride hydrochloride dihydrate	12.32	6.91	9.23	1729
ncgc00183401-01	35.03	2.42	9.2	1730
zk 93423	4.07	20.82	9.2	1731
s1455	9.19	9.19	9.19	1732
maprotiline hydrochloride	17.63	4.78	9.18	1733
c3393m50	20.05	4.2	9.17	1734
triacsin-c	9.4	8.94	9.17	1735
sb 216763	9.15	9.19	9.17	1736
hy-11009	10.51	7.99	9.17	1737
rg-14620	26.29	3.19	9.15	1738
brd-k91145395	18.64	4.46	9.12	1739
brd-a90643929	9.77	8.52	9.12	1740
brd-k71935468	9.77	8.52	9.12	1741
calcitriol	13.78	5.99	9.09	1742
chemistry 1735	26.32	3.14	9.09	1743
mdl-28170	48.2	1.71	9.09	1744
brd-k52321331	11.91	6.93	9.08	1745
s1017	11.12	7.33	9.03	1746
primaquine diphosphate	12.32	6.61	9.02	1747
ncgc00183690-01	9.77	8.31	9.01	1748
vigabatrin	38.88	2.08	9.0	1749
brd-k79251086	0.0	18.0	9.0	1750
brd-k53610452	16.17	5.0	8.99	1751
brd-k63239300	14.75	5.46	8.98	1752
stock2s-51049	10.41	7.74	8.97	1753
isocarboxazid	16.81	4.79	8.97	1754
brd-k99502566	9.77	8.18	8.94	1755
pheniramine maleate	1.54	51.67	8.93	1756
tamoxifen citrate	9.19	8.66	8.92	1757
ncgc00012852-02	3.5	22.78	8.92	1758
brd-k56653679	5.27	15.01	8.89	1759
na-tosyl-phe chloromethyl ketone	3.37	23.38	8.88	1760
cabergoline	25.03	3.14	8.87	1761
brd-k79554012	38.82	2.02	8.86	1762
clebopride maleate	20.05	3.91	8.85	1763
norgestrel	8.05	9.74	8.85	1764
ncgc00188531-01	14.9	5.22	8.82	1765
brd-k23478508 (digoxin)	15.96	4.87	8.82	1766
nitazoxanide	12.79	6.08	8.82	1767
brd-k74840245	17.63	0.0	8.81	1768
dibutyryl-camp, sodium salt	17.63	0.0	8.81	1769
bifonazole	17.63	0.0	8.81	1770
mls-0390850.0001	17.63	0.0	8.81	1771
lidocaine hydrochloride	17.63	0.0	8.81	1772
alprenolol hydrochloride	17.63	0.0	8.81	1773
oxfendazole	17.63	0.0	8.81	1774
brd-k03122949	17.63	4.4	8.81	1775
et-004	17.63	0.0	8.81	1776
gr-109	16.17	4.79	8.8	1777
brd-k51443908	21.27	3.63	8.78	1778
u-0126	7.4	10.41	8.78	1779
trequinsin hydrochloride	6.96	11.01	8.75	1780
linezolid	10.43	7.33	8.75	1781
brd-k69406317	28.61	2.66	8.72	1782
brd-k47764688	5.0	15.23	8.72	1783
ropinirole hcl	5.0	15.23	8.72	1784
hy-11068	5.99	12.68	8.72	1785
mls-0351065	17.39	0.0	8.69	1786
phenoxazine	0.0	17.39	8.69	1787
brd-k53987746	3.76	20.05	8.69	1788
brd-k17023947	0.0	17.39	8.69	1789
brd-k13046565	0.0	17.39	8.69	1790
ucl 2077	17.39	0.0	8.69	1791
stock4s-72743	9.19	8.18	8.67	1792
t542500	17.57	4.28	8.67	1793
brd-k35004659	26.49	2.84	8.67	1794
syrosingopine	9.17	8.18	8.66	1795
gr 103691	13.06	5.71	8.64	1796
flubendazole	7.33	10.16	8.63	1797
ncgc00185094-01	5.0	14.9	8.63	1798
brd-k79390395	12.29	6.05	8.62	1799
s2004	17.22	0.0	8.61	1800
t0513-6584	64.02	1.15	8.6	1801
lasalocid sodium salt	6.34	11.64	8.59	1802
brd-k70917163	25.03	2.94	8.58	1803
splitomicin	5.46	13.45	8.57	1804
brd-k03857568	6.61	11.12	8.57	1805
brd-k39944607	3.14	23.38	8.57	1806
medrysone	12.32	5.95	8.56	1807
testosterone	6.29	11.64	8.56	1808
cgs 12066b	15.01	4.87	8.55	1809
ursolic acid	18.0	4.07	8.55	1810
physostigmine salicylate	67.6	1.08	8.54	1811
meclofenamic acid sodium salt monohydrate	18.64	3.91	8.54	1812
ossk 645683	3.76	19.31	8.53	1813
periplocymarin	14.33	5.07	8.52	1814
brd-k32536677	13.78	5.27	8.52	1815
dibenzyline	12.68	5.72	8.51	1816
ei-228	10.41	6.96	8.51	1817
brd-a94377914	9.44	7.65	8.5	1818
verapamil hydrochloride	5.0	14.46	8.5	1819
rho kinase inhibitor iii [rockout]	8.66	8.31	8.49	1820
r(-)-2,10,11-trihydroxy-n-propyl-noraporphine	1.58	45.37	8.48	1821
brd-a81530502	17.63	4.07	8.47	1822
brd-k24861700	42.99	1.67	8.47	1823
ncgc00180994-01	16.17	4.44	8.47	1824
kirromycin	7.33	9.77	8.46	1825
hydrocortisone	9.4	7.57	8.44	1826
zm 39923 hydrochloride	14.9	4.79	8.44	1827
brd-k74561903	14.9	4.79	8.44	1828
evodiamine	14.9	4.78	8.44	1829
brd-u31801276	7.74	9.19	8.43	1830
linolenic acid (18:3 n-3)	40.34	1.75	8.41	1831
s1003	11.88	5.95	8.41	1832
methiothepin maleate	16.81	0.0	8.4	1833
mls-0315871.0001	0.0	16.81	8.4	1834
nemonapride	2.66	26.49	8.39	1835
brd-a32214171	26.32	2.66	8.37	1836
ro 08-2750	13.78	5.07	8.36	1837
brd-a62809825	11.12	6.29	8.36	1838
brd-u86922168	11.1	6.21	8.3	1839
dcpib	12.32	5.6	8.3	1840
brd-k69888333	5.0	13.78	8.3	1841
brd-k58191509	4.23	16.17	8.27	1842
mls-0106435.0004	16.17	4.23	8.27	1843
su 4312	16.81	4.07	8.27	1844
alclometazone dipropionate	0.0	16.54	8.27	1845
purmorphamine	13.45	5.07	8.26	1846
1483-0018	11.91	5.72	8.25	1847
unc0321	26.29	2.59	8.25	1848
syk inhibitor	9.77	6.96	8.24	1849
phenolphthalein	5.99	11.32	8.24	1850
ncgc00241077-01	7.4	9.15	8.23	1851
jak3 inhibitor i	14.9	4.52	8.21	1852
prednisolone	8.31	8.12	8.21	1853
fit	5.72	11.64	8.16	1854
brd-k79459005	0.0	16.25	8.13	1855
mitotane	4.79	13.78	8.12	1856
oxaprozin	0.0	16.22	8.11	1857
emetine	7.74	8.49	8.11	1858
chlormadinone acetate	16.81	3.91	8.1	1859
brd-k18861610	21.62	3.04	8.1	1860
brd-k41931739	14.9	4.4	8.1	1861
brd-a97833537	16.17	0.0	8.09	1862
kuc104545n	16.17	0.0	8.09	1863
brd-k95561591	16.17	0.0	8.09	1864
brd-k91517665	16.17	0.0	8.09	1865
brd-k35458079	16.17	0.0	8.09	1866
brd-k41303952	0.0	16.17	8.09	1867
ncgc00182608-01	0.0	16.17	8.09	1868
rg-13022	16.17	0.0	8.09	1869
brd-a17718497	16.17	0.0	8.09	1870
bd 1008 dihydrobromide	16.17	0.0	8.09	1871
brd-k79619196	3.76	17.39	8.09	1872
azelastine hcl	16.17	0.0	8.09	1873
delcorine	16.17	0.0	8.09	1874
ly 225910	20.05	3.25	8.08	1875
dibutyrylcyclic amp	53.99	1.21	8.08	1876
brd-k10846167	8.58	7.57	8.06	1877
1391-0741	23.57	2.75	8.05	1878
brd-k36055864 (cycloheximide)	14.89	4.35	8.05	1879
blebbistatin	6.61	9.77	8.04	1880
morantel tartrate	5.38	11.91	8.0	1881
brd-a11087911	22.47	2.84	7.99	1882
ncgc00182371-01	10.72	5.95	7.99	1883
rlm-2-12	7.33	8.66	7.97	1884
brd-k25144184	11.12	5.72	7.97	1885
mammea a/ba + a/bb	45.37	1.4	7.96	1886
ncgc00165193-01	4.23	14.9	7.94	1887
acyclovir	19.31	3.25	7.93	1888
biperiden hydrochloride	18.64	3.37	7.93	1889
protriptyline hydrochloride	14.9	4.2	7.91	1890
austricine hydrate	11.91	5.22	7.89	1891
brd-k83670234	3.71	16.81	7.89	1892
nimodipine	2.44	25.39	7.87	1893
brd-k22631935	15.73	0.0	7.87	1894
econazole nitrate	15.73	0.0	7.87	1895
brd-k42021584	23.87	2.57	7.84	1896
brd-k56477805	3.76	16.25	7.82	1897
brd-a10523515	4.4	13.87	7.81	1898
brd-a32449311	3.25	18.64	7.79	1899
brd-k55502647	9.19	6.61	7.79	1900
ttnpb	19.33	3.14	7.79	1901
brd-a07614565	5.46	11.01	7.75	1902
brd-a25337146	5.72	10.41	7.72	1903
brd-k13810148	9.48	6.29	7.72	1904
r3904	11.91	5.0	7.71	1905
oxantel pamoate	6.96	8.52	7.7	1906
methylprednisolone	6.61	8.94	7.69	1907
cortisone	6.29	9.4	7.69	1908
brompheniramine maleate	6.61	8.94	7.69	1909
brd-a89907244	12.79	4.59	7.66	1910
rf 01079	12.79	4.59	7.66	1911
caffeic acid phenethyl ester	3.63	16.15	7.65	1912
methotrexate	2.57	22.65	7.64	1913
brd-k26300881	3.91	14.9	7.63	1914
brd-k14328427	15.23	0.0	7.62	1915
brd-k93605482	15.23	0.0	7.62	1916
mls-0315771.0001	0.0	15.23	7.62	1917
brd-k57353465	15.23	0.0	7.62	1918
odq	0.0	15.23	7.62	1919
sertraline	0.0	15.23	7.62	1920
graveoline	15.23	0.0	7.62	1921
brd-k78930611	9.19	6.29	7.6	1922
d 4476	14.19	4.07	7.6	1923
guanabenz acetate	84.39	0.68	7.59	1924
gant 58	38.09	1.51	7.57	1925
triclosan	17.63	3.25	7.57	1926
paclitaxel	10.41	5.46	7.54	1927
brd-k18761689	16.25	3.5	7.54	1928
mk 212	6.96	8.18	7.54	1929
npc 15199	8.94	6.34	7.53	1930
brd-k92158425	6.65	8.48	7.51	1931
brd-a50388635	33.72	1.67	7.5	1932
brd-k85660637	3.76	14.9	7.49	1933
nsc 632839 hydrochloride	3.77	14.73	7.46	1934
vu0402605	14.9	0.0	7.45	1935
cnqx disodium salt	14.9	0.0	7.45	1936
brd-k94390040	7.33	7.57	7.45	1937
jnj-38877605	5.0	11.12	7.45	1938
brd-k64314806	14.9	0.0	7.45	1939
brd-k71199328	14.9	0.0	7.45	1940
ketoprofen	25.65	2.17	7.45	1941
py 7715	14.9	0.0	7.45	1942
brd-a65327625	0.0	14.9	7.45	1943
temefos	0.0	14.9	7.45	1944
brd-k05326558	0.0	14.9	7.45	1945
brd-k92742972	14.9	0.0	7.45	1946
brd-k09997269	0.0	14.9	7.45	1947
s1018	5.0	11.12	7.45	1948
karakoline	0.0	14.9	7.45	1949
enalapril maleate	14.9	0.0	7.45	1950
brd-k76938712	10.41	5.27	7.41	1951
brd-k11795542	5.97	9.17	7.4	1952
hy-11004	11.91	4.59	7.39	1953
jjt-705	14.75	0.0	7.38	1954
ncgc00188700-01	14.75	0.0	7.38	1955
etomidate	5.07	10.74	7.38	1956
brd-k05520923	0.0	14.75	7.38	1957
dm163 brd-k06180729	0.0	14.75	7.38	1958
mls-0075347.0001	0.0	14.75	7.38	1959
anisomycin	8.97	6.05	7.36	1960
metolazone	4.23	12.79	7.36	1961
psh 013	8.18	6.61	7.35	1962
brd-k49094915	13.78	3.91	7.34	1963
brd-k98714523	2.28	23.57	7.32	1964
digitoxin	13.45	3.98	7.32	1965
ossk 645668	17.63	3.04	7.31	1966
sb 200646 hydrochloride	5.95	8.94	7.3	1967
r(-)-n-allylnorapomorphine	4.79	11.12	7.3	1968
bd 1063 dihydrochloride	8.74	6.08	7.29	1969
fluvastatin	2.66	19.93	7.28	1970
brd-k26304855	4.44	11.91	7.27	1971
altanserin hydrochloride	2.84	18.64	7.27	1972
ncgc00238548-02	43.62	1.21	7.26	1973
brd-k93127801	16.17	3.25	7.25	1974
sb 431542	5.72	9.19	7.25	1975
rifapentine	11.91	4.4	7.24	1976
brd-k77987635	0.0	14.46	7.23	1977
mercaptopurine	2.42	21.62	7.23	1978
mls-0454415.0001	29.64	1.76	7.23	1979
propentofylline	10.41	5.0	7.21	1980
ncgc00184716-01	9.44	5.46	7.18	1981
pipamperone	14.3	0.0	7.15	1982
brd-k83213280	15.73	3.25	7.15	1983
ei-247	14.3	0.0	7.15	1984
ncs-382	0.0	14.3	7.15	1985
s1148	4.59	11.12	7.14	1986
fosfosal	5.27	9.65	7.13	1987
(s)-(-)-bay k 8644	7.33	6.91	7.12	1988
np-006304	11.01	4.59	7.11	1989
ncgc00182327-02	23.57	2.14	7.11	1990
brd-u32365159	4.23	11.91	7.1	1991
sdz 21009	14.9	3.37	7.09	1992
brd-k45842176	9.19	5.46	7.08	1993
fulvestrant	6.61	7.57	7.07	1994
brd-k67870070	10.41	4.79	7.06	1995
brd-k38625260	10.41	4.79	7.06	1996
mdm2 inhibitor	1.1	45.07	7.05	1997
ei-335	2.66	18.64	7.04	1998
brd-k20000640	29.64	1.67	7.04	1999
lofepramine	9.9	5.0	7.03	2000
brd-k06666320	7.63	6.48	7.03	2001
hy-11008	5.99	8.18	7.0	2002
oxybenzone	43.45	1.13	7.0	2003
brd-u43867373	3.14	15.6	7.0	2004
brd-k89009594	5.99	8.18	7.0	2005
amoxapine	16.17	3.03	7.0	2006
brd-k33182644	11.12	4.4	7.0	2007
floxuridine	9.77	5.0	6.99	2008
brd-k82732294	3.37	14.45	6.98	2009
gw 441756	13.78	3.54	6.98	2010
cgk 733	10.16	4.79	6.97	2011
hinokitiol	8.66	5.6	6.96	2012
ibudilast	6.96	6.96	6.96	2013
ezetimibe	7.33	6.61	6.96	2014
fu jmbii105b	3.91	12.32	6.94	2015
zd 7114 hydrochloride	0.0	13.87	6.93	2016
brd-k38483076	0.0	13.87	6.93	2017
sertaconazole nitrate	0.0	13.87	6.93	2018
lansoprazole	5.22	9.19	6.93	2019
brimonidine	13.87	0.0	6.93	2020
sb 334867	13.87	0.0	6.93	2021
eplerenone	0.0	13.87	6.93	2022
jtc 801	2.02	23.57	6.91	2023
t7765	14.9	3.19	6.89	2024
ethisterone	0.0	13.78	6.89	2025
stock3s-32439	0.0	13.78	6.89	2026
brd-k82594686	13.78	0.0	6.89	2027
compound d	13.78	0.0	6.89	2028
lorazepam	0.0	13.78	6.89	2029
etanidazole	46.06	1.03	6.89	2030
brd-k60067222	13.78	0.0	6.89	2031
brd-k14844937	13.78	0.0	6.89	2032
l-803,087 trifluoroacetate	0.0	13.78	6.89	2033
podophyllotoxin	6.48	7.33	6.89	2034
alfaxalone	0.0	13.78	6.89	2035
brd-k34294489	13.78	0.0	6.89	2036
brd-k37372998	0.0	13.78	6.89	2037
s4002	10.72	4.44	6.89	2038
brd-k60093216	0.0	13.78	6.89	2039
ipsapirone	13.78	0.0	6.89	2040
cpccoet	13.78	0.0	6.89	2041
glycocholic acid	13.78	0.0	6.89	2042
rjc 03547	13.78	0.0	6.89	2043
brd-k77547509	9.9	4.79	6.88	2044
hoechst  33342 (cell permeable) (bisbenzimide)	18.64	2.51	6.85	2045
carbetapentane citrate	13.68	0.0	6.84	2046
osi-906	3.14	14.9	6.84	2047
4-fluoro-n-pyridin-3-yl-benzamide	8.18	5.72	6.84	2048
flumethasone	7.07	6.62	6.84	2049
n-formylmethionylalanine	3.91	11.97	6.84	2050
ami-193	4.23	11.01	6.82	2051
brd-u00779237	9.81	4.74	6.82	2052
nutlin-3	20.81	2.23	6.81	2053
pd 102807	7.74	5.99	6.81	2054
brd-k74029109	2.57	18.0	6.81	2055
brd-k03176945	3.24	14.3	6.81	2056
dicloxacillin sodium salt hydrate	7.74	5.99	6.81	2057
ipratropium bromide	20.36	2.26	6.79	2058
brd-k56024573	7.33	6.29	6.79	2059
tremorine dihydrochloride	15.73	2.93	6.79	2060
brd-k91937579	7.33	6.29	6.79	2061
brd-k27290412	13.45	0.0	6.73	2062
crotamiton	0.0	13.45	6.73	2063
brd-k88008216	0.0	13.45	6.73	2064
ranolazine	0.0	13.45	6.73	2065
ncgc00188324-02	37.36	1.21	6.72	2066
brd-k12393722	5.22	8.66	6.72	2067
lylamine hydrochloride	14.3	3.14	6.7	2068
homoharringtonine	7.4	6.05	6.69	2069
brd-k51556300	12.79	3.5	6.69	2070
norethindrone	3.5	12.68	6.66	2071
brd-k63979920	21.27	2.08	6.66	2072
kuc104131 kuc104131n	5.72	7.74	6.65	2073
brd-k82384352	4.59	9.65	6.65	2074
hy-70061	6.96	6.29	6.62	2075
brd-k48654774	23.57	1.86	6.62	2076
n,n-hexamethyleneamiloride	31.3	1.4	6.61	2077
doxylamine succinate	33.33	1.3	6.58	2078
cymarin	12.08	3.58	6.58	2079
ver155008	13.78	3.14	6.58	2080
gw 9508	3.63	11.91	6.57	2081
brd-k35133769	3.63	11.91	6.57	2082
prothionamide	16.17	2.66	6.56	2083
brd-k06217810	10.16	4.23	6.56	2084
ncgc00012588-02	27.67	1.54	6.54	2085
mls-0390818.0001	0.0	13.06	6.53	2086
brd-k96704748	7.93	5.38	6.53	2087
kuc103670 kuc103670n	13.06	0.0	6.53	2088
mwp00339	0.0	13.06	6.53	2089
toremifene	0.0	13.06	6.53	2090
salsolinol hydrobromide	3.76	11.32	6.53	2091
brd-k89451433	8.18	5.22	6.53	2092
brd-k34495954	8.18	5.22	6.53	2093
brd-k05549170	8.18	5.22	6.53	2094
c2 ceramide	0.0	13.06	6.53	2095
brd-a83802330	0.0	13.06	6.53	2096
ns-1619	5.0	8.52	6.52	2097
sericetin dimethyl ether	8.73	4.87	6.52	2098
brd-k09299610	0.78	54.02	6.51	2099
benazepril hydrochloride	23.38	1.81	6.51	2100
ncgc00182609-01	5.72	7.4	6.5	2101
brd-k74690444	15.3	2.75	6.48	2102
cccp	4.79	8.73	6.46	2103
brd-k81441552	16.17	2.57	6.45	2104
brd-k52911425	2.48	16.81	6.45	2105
brd-k59470558	2.08	19.93	6.44	2106
hy-11005	8.66	4.79	6.44	2107
axon1408	12.32	3.37	6.44	2108
methyl 7-desoxypurpurogallin-7-carboxylate trimethyl ether	40.94	1.01	6.43	2109
mometasone furoate	3.13	13.19	6.43	2110
bas 02859604	12.68	3.25	6.42	2111
brd-a11929187	4.59	8.94	6.41	2112
lenalidomide	12.79	0.0	6.4	2113
acebutolol hydrochloride	12.79	0.0	6.4	2114
brd-k27151060	0.0	12.79	6.4	2115
vu0418934-2	5.99	6.83	6.4	2116
nelfinavir	9.77	4.2	6.4	2117
dihomo-gamma-linolenic acid	12.79	0.0	6.4	2118
brd-k25150581	12.79	0.0	6.4	2119
ym 90709	0.0	12.79	6.4	2120
u-74389g	0.0	12.79	6.4	2121
hy-11067	0.0	12.79	6.4	2122
compound 10	0.0	12.79	6.4	2123
brd-k35961280	12.79	0.0	6.4	2124
letrozole	12.79	0.0	6.4	2125
protein tyrosine phosphatase inhibitor iv	1.54	26.49	6.4	2126
kin001-242	0.0	12.79	6.4	2127
brd-k70415218	12.79	0.0	6.4	2128
brd-k70751730	12.79	0.0	6.4	2129
brd-k97274161	4.23	9.65	6.39	2130
brd-k98731749	5.72	7.07	6.36	2131
mefenamic acid	15.23	2.66	6.36	2132
brd-k96704648	11.12	3.63	6.35	2133
cgp 52432	12.68	0.0	6.34	2134
cp 55,940	3.37	11.91	6.34	2135
tl hras27 brd-k15166186	3.37	11.91	6.34	2136
tremulacin	5.46	7.33	6.33	2137
brd-a63583287	5.46	7.33	6.33	2138
brd-k34387287	13.06	3.04	6.3	2139
brd-k38634661	14.9	2.66	6.29	2140
brd-k86472598	5.46	7.23	6.28	2141
s1035	2.93	13.45	6.28	2142
brd-k60870698	9.59	4.11	6.28	2143
gr-108	5.71	6.91	6.28	2144
leucine enkephalin	14.3	2.75	6.27	2145
halcinonide	4.6	8.52	6.26	2146
brd-k58679021	4.79	8.18	6.26	2147
brd-k53932786	13.78	2.84	6.25	2148
brd-a83124583	4.69	8.31	6.25	2149
ncgc00182913-03	6.96	5.6	6.24	2150
aceclidine hydrochloride	3.25	11.97	6.24	2151
ex-527	4.79	8.12	6.23	2152
zamifenacin fumarate	9.19	4.23	6.23	2153
brd-k58900438	7.07	5.46	6.21	2154
zoxazolamine	30.29	1.27	6.2	2155
brd-k88551539	7.33	5.22	6.19	2156
ethyl-beta-carboline-3-carboxylate	8.18	4.69	6.19	2157
salmeterol	1.67	22.78	6.17	2158
ribavirin	12.32	0.0	6.16	2159
amyleine hydrochloride	5.46	6.96	6.16	2160
brd-k97149069	0.0	12.32	6.16	2161
ritanserin	12.32	0.0	6.16	2162
nornicotine	0.0	12.32	6.16	2163
dihydroergocristine mesylate	6.61	5.72	6.15	2164
brd-k19181733	5.46	6.91	6.15	2165
brd-k25690923	0.0	12.29	6.15	2166
cyclopamine	18.64	2.02	6.14	2167
bromocriptine mesylate	9.19	4.07	6.11	2168
brd-k58547240	11.88	3.14	6.11	2169
iodophenpropit dihydrobromide	3.63	10.22	6.09	2170
l-741,626	16.81	2.21	6.09	2171
prima-1 met	14.3	2.59	6.09	2172
brd-a61825514	4.79	7.74	6.09	2173
np-010914	3.63	10.16	6.07	2174
meclocycline sulfosalicylate	18.64	1.97	6.06	2175
ptb1	3.91	9.3	6.03	2176
eo 1428	22.29	1.63	6.02	2177
kuc104233 kuc104233n	4.79	7.57	6.02	2178
mls-0437446.0001	10.74	3.34	5.99	2179
ncgc00183409-01	0.0	11.97	5.98	2180
buspar	0.0	11.97	5.98	2181
haloprogin	11.97	0.0	5.98	2182
brd-k57732441	0.0	11.97	5.98	2183
vu0424182-2	11.97	0.0	5.98	2184
sew 05685	0.0	11.97	5.98	2185
spb02137	7.74	4.59	5.96	2186
dienestrol	33.72	1.05	5.96	2187
brd-k89005359	11.91	0.0	5.95	2188
brd-k00430421	11.91	0.0	5.95	2189
phosphodiesterase v inhibitor ii	0.0	11.91	5.95	2190
ncgc00238551-02	11.91	0.0	5.95	2191
np-004527	11.91	0.0	5.95	2192
ncgc00184891-01	0.0	11.91	5.95	2193
brd-a25170757	9.77	3.63	5.95	2194
brd-k72504866	0.0	11.91	5.95	2195
mls-0091944.0001	11.91	0.0	5.95	2196
n-ethylmaleimide	11.91	0.0	5.95	2197
ncgc00182828-01	0.0	11.91	5.95	2198
tyrphostin 47	11.91	0.0	5.95	2199
naloxone hydrochloride	11.91	0.0	5.95	2200
brd-k36038115	7.07	5.0	5.94	2201
brd-k55722623	13.78	2.55	5.93	2202
ranitidine	8.31	4.23	5.93	2203
tiotidine	3.5	10.06	5.93	2204
mls-0437633.0003	10.41	3.37	5.92	2205
olmesartan medoxomil	3.04	11.48	5.9	2206
brd-k31841256	20.81	1.67	5.89	2207
brd-k22215695	17.63	1.97	5.89	2208
brd-k33164466	6.08	5.71	5.89	2209
deoxycorticosterone	14.3	2.42	5.88	2210
6-azauridine	1.21	28.61	5.88	2211
brd-a54077041	5.22	6.62	5.88	2212
brd-a06929388	6.61	5.22	5.87	2213
brd-a27640568	11.32	3.04	5.86	2214
ei-263	13.87	2.48	5.86	2215
vu0365118-1	1.3	26.49	5.86	2216
brd-a54632525	31.75	1.08	5.85	2217
ncgc00181241-02	10.41	3.25	5.82	2218
stk222600	11.64	0.0	5.82	2219
phccc	0.0	11.64	5.82	2220
gw 5074	0.87	38.82	5.81	2221
hydrastinine hydrochloride	10.43	3.24	5.81	2222
brd-k87343924 (wortmannin)	4.59	7.33	5.8	2223
mg-132	6.34	5.27	5.78	2224
brd-a12409803	8.18	4.07	5.77	2225
chlorhexidine	14.19	2.35	5.77	2226
closantel	9.19	3.63	5.77	2227
brd-k98676510	3.46	9.59	5.76	2228
brd-k32238524	11.64	2.84	5.75	2229
brd-k70871370	11.48	0.0	5.74	2230
brd-k98896788	11.48	0.0	5.74	2231
heat hydrochloride	12.79	2.57	5.74	2232
brd-k10649245	4.23	7.74	5.72	2233
arecaidine propargyl ester tosylate	5.99	5.46	5.72	2234
nifedipine	2.02	16.17	5.72	2235
brd-k17025677	1.81	18.0	5.71	2236
brd-k81365078	3.76	8.66	5.71	2237
brd-k62169556	8.66	3.76	5.71	2238
brd-k19922318	45.07	0.71	5.66	2239
fluvastatin sodium salt	0.0	11.32	5.66	2240
propyl-beta-carboline-3-carboxylate	11.29	0.0	5.64	2241
ag-014699 (pf-01367338)	26.32	1.21	5.64	2242
mt-21	9.77	3.25	5.64	2243
brd-k23149109	9.77	3.25	5.64	2244
brd-k28366633	4.79	6.61	5.63	2245
12k-613s	4.79	6.62	5.63	2246
triflupromazine hydrochloride	2.66	11.91	5.63	2247
milrinone	18.0	1.76	5.63	2248
brd-a67438293	45.37	0.7	5.62	2249
dau 5884 hydrochloride	6.29	5.0	5.61	2250
brd-a75409952 (wortmannin)	4.97	6.34	5.61	2251
pd 00735	8.66	3.63	5.6	2252
prednicarbate	3.76	8.31	5.59	2253
s1039	5.22	5.99	5.59	2254
sulfasalazine	5.72	5.46	5.59	2255
alaproclate	3.37	9.19	5.57	2256
tizanidine hcl	3.37	9.19	5.57	2257
clemastine fumarate	12.79	2.42	5.56	2258
bl-095	11.12	0.0	5.56	2259
naproxen	11.12	0.0	5.56	2260
12k-516s	0.0	11.12	5.56	2261
tolbutamide	0.0	11.12	5.56	2262
brd-k08777248	11.12	0.0	5.56	2263
brd-k18364651	11.12	0.0	5.56	2264
brd-k24686773	11.12	0.0	5.56	2265
brd-k16309743	0.0	11.12	5.56	2266
prazosin hydrochloride	0.0	11.12	5.56	2267
brd-k23935793	0.0	11.12	5.56	2268
rjc 00330	11.12	0.0	5.56	2269
3-methyladenine	11.1	0.0	5.55	2270
am 281	8.18	3.76	5.55	2271
brd-k71142328	3.71	8.31	5.55	2272
brd-k44241590	12.68	2.42	5.54	2273
venlafaxine hcl	12.68	2.42	5.54	2274
brd-k63326650	9.77	3.14	5.54	2275
brd-k16331660	2.14	14.19	5.52	2276
brd-k08640787	13.78	2.21	5.52	2277
loteprednol	37.36	0.82	5.52	2278
emetine hydrochloride	8.52	3.58	5.52	2279
cimetidine	0.0	11.01	5.51	2280
hy-50877	3.91	7.74	5.5	2281
mw-a1-14 brd-k32010074	5.22	5.72	5.46	2282
ethacrynic acid	2.67	11.12	5.45	2283
fenbendazole	13.06	2.28	5.45	2284
ei-232	5.18	5.72	5.44	2285
np-009169	12.96	2.28	5.43	2286
brd-k86027709	3.76	7.74	5.4	2287
kin001-270	4.4	6.61	5.4	2288
brd-k20492338	7.57	3.84	5.39	2289
ici-162,846	9.9	2.93	5.39	2290
mefexamide hydrochloride	5.72	5.07	5.38	2291
bucladesine	10.74	0.0	5.37	2292
xylazine	2.28	12.68	5.37	2293
todralazine hydrochloride	10.74	0.0	5.37	2294
brd-k23657553	2.08	13.78	5.36	2295
benperidol	24.35	1.18	5.36	2296
w-13 hydrochloride	10.72	0.0	5.36	2297
tegaserod	3.37	8.52	5.36	2298
s1064	10.72	0.0	5.36	2299
brd-u68942961	5.22	5.48	5.35	2300
brd-k95138506	16.17	1.76	5.34	2301
i-ome-ag 538	2.66	10.72	5.34	2302
benzonatate	2.84	9.9	5.3	2303
pz0004	18.69	1.51	5.3	2304
fumonisin b1	11.91	2.35	5.29	2305
brd-k28180706	14.9	1.86	5.26	2306
brd-k12168891	4.59	5.99	5.24	2307
diflorasone diacetate	3.64	7.54	5.24	2308
prunetin	10.43	0.0	5.22	2309
methotrimeprazine maleat salt	3.91	6.96	5.22	2310
tms	10.43	0.0	5.22	2311
mls-0216981	5.0	5.46	5.22	2312
mls-0435534.0001	10.43	0.0	5.22	2313
mls-0315803	0.0	10.41	5.21	2314
genistein	10.41	0.0	5.21	2315
ncgc00242344-01	0.0	10.41	5.21	2316
troleandomycin	10.41	0.0	5.21	2317
rg-108	10.41	0.0	5.21	2318
brd-k31887147	10.41	0.0	5.21	2319
brd-k28789065	0.0	10.41	5.21	2320
alfuzosin hydrochloride	10.41	0.0	5.21	2321
mls-0390826	0.0	10.41	5.21	2322
telenzepine dihydrochloride	0.0	10.41	5.21	2323
obaa	4.59	5.83	5.17	2324
cdk1/5 inhibitor	8.18	3.25	5.16	2325
tl hras24 brd-k93060291	3.25	8.18	5.16	2326
brd-k66359319	11.64	2.28	5.15	2327
brd-k73567619	3.98	6.61	5.13	2328
brd-k84106030	16.17	1.63	5.13	2329
topotecan hcl	13.19	1.99	5.12	2330
sb 415286	28.35	0.93	5.12	2331
brd-k74126469	10.22	0.0	5.11	2332
brd-k46681113	7.74	3.37	5.11	2333
carbidopa	9.77	2.66	5.1	2334
diltiazem hydrochloride	12.79	2.02	5.09	2335
strophantine octahydrate	22.47	1.15	5.09	2336
norethindrone acetate	1.86	13.93	5.09	2337
brd-k90735586	4.6	5.6	5.08	2338
gliquidone	12.68	2.02	5.07	2339
ncgc00241357-01	1.91	13.42	5.07	2340
brd-k42644990	21.61	1.18	5.05	2341
a 769662	5.99	4.23	5.04	2342
nitrendipine	8.66	2.93	5.04	2343
oligomycin c	11.12	2.28	5.03	2344
ml 3163	10.06	0.0	5.03	2345
isoreserpine	3.25	7.76	5.03	2346
bis-tyrphostin	9.19	2.75	5.02	2347
brd-k50204028	12.32	2.02	4.99	2348
stk661558	8.18	3.04	4.98	2349
remacemide hydrochloride	2.66	9.3	4.97	2350
ncgc00183218-01	7.33	3.37	4.97	2351
brd-a45664787	2.84	8.66	4.96	2352
depo-medrol	9.9	0.0	4.95	2353
brd-k39757396	19.31	1.27	4.95	2354
gw 583340 dihydrochloride	2.14	11.32	4.93	2355
chromanol 293b	5.72	4.23	4.92	2356
h-8	8.31	2.89	4.9	2357
brd-k65983740	4.59	5.22	4.9	2358
brd-k46373671	6.61	3.63	4.9	2359
ncgc00189393-02	9.77	0.0	4.89	2360
brd-k00555438	9.77	0.0	4.89	2361
brd-k59556282	9.77	0.0	4.89	2362
mdl 73005ef hydrochloride	9.77	0.0	4.89	2363
pha 665752	5.0	4.79	4.89	2364
brd-a11095214	9.77	0.0	4.89	2365
s1043	0.0	9.77	4.89	2366
brd-k17086338	0.0	9.77	4.89	2367
np-000732	4.79	4.97	4.88	2368
stock1s-03920	2.14	11.12	4.88	2369
beta-escin	9.65	0.0	4.82	2370
ricinine	3.5	6.61	4.81	2371
nnc 711	28.35	0.82	4.81	2372
diphenylcyclopropenone	2.08	11.1	4.81	2373
ly 364947	1.15	20.05	4.81	2374
memantine hydrochloride	18.69	1.24	4.81	2375
brd-k99582188	0.0	9.59	4.8	2376
f4679	13.78	1.67	4.8	2377
dexamethasone acetate	9.19	2.5	4.79	2378
nu7026	6.96	3.25	4.76	2379
arcyriaflavin a	2.02	11.01	4.72	2380
brd-k76042595	18.0	1.24	4.72	2381
brd-k00954209	2.5	8.94	4.72	2382
rs 102895 hydrochloride	9.19	2.42	4.71	2383
tiratricol, 3,3',5-triiodothyroacetic acid	9.4	0.0	4.7	2384
procarbazine hydrochloride	4.4	5.0	4.69	2385
dm-100	6.29	3.5	4.69	2386
mls-0091943.0001	2.21	9.9	4.68	2387
mek1/2 inhibitor	4.2	5.22	4.68	2388
jak3 inhibitor v	63.18	0.34	4.67	2389
brd-k26818574	4.07	5.38	4.67	2390
triprolidine hydrochloride	8.73	2.5	4.67	2391
brd-k92980438	3.14	6.91	4.66	2392
ncgc00185837-02	5.72	3.77	4.65	2393
felamidin	5.48	3.92	4.64	2394
brd-k28100108	7.33	2.93	4.64	2395
icariin	16.81	1.27	4.62	2396
brd-k61776140	0.99	21.62	4.62	2397
nnc 55-0396 dihydrochloride	1.47	14.46	4.61	2398
thiethylperazine dimalate	2.14	9.9	4.61	2399
d-64131	19.31	1.1	4.61	2400
raltitrexed	7.74	2.75	4.61	2401
tubocurarine chloride pentahydrate (+)	13.06	1.63	4.61	2402
brd-k24051260	9.9	2.14	4.61	2403
phenelzine sulfate	5.0	4.23	4.6	2404
brd-k73285375	0.0	9.19	4.59	2405
acetopromazine maleate salt	9.19	0.0	4.59	2406
ly-83583	9.19	0.0	4.59	2407
brd-k85592362	9.19	0.0	4.59	2408
8-{[2-oxo-2-(1-pyrrolidinyl)ethyl]thio}quinoline	0.0	9.19	4.59	2409
st209453	0.0	9.19	4.59	2410
brd-k57016430	0.0	9.19	4.59	2411
brd-k29699988	0.0	9.19	4.59	2412
tinidazole	9.19	0.0	4.59	2413
l-701,252	9.19	0.0	4.59	2414
brd-k88542532	0.0	9.19	4.59	2415
ncgc00166375-02	0.0	9.19	4.59	2416
brd-a04308630	0.0	9.19	4.59	2417
droperidol	9.19	0.0	4.59	2418
brd-k57200229	9.19	0.0	4.59	2419
beclomethasone	4.79	4.4	4.59	2420
brd-k91913968	0.0	9.17	4.58	2421
jas07 007	9.17	0.0	4.58	2422
v-ama37	16.17	1.3	4.58	2423
s1152	4.2	5.0	4.58	2424
rizatriptan benzoate	14.3	1.47	4.58	2425
zd 2079 hydrochloride	1.67	12.51	4.57	2426
brd-k16541732	7.33	2.84	4.56	2427
hts 10859	2.94	7.07	4.56	2428
gr-239	13.45	1.54	4.56	2429
brd-k05977823	5.27	3.91	4.54	2430
vegf receptor 3 kinase inhibitor, maz51	6.76	3.04	4.53	2431
daminozide	5.22	3.91	4.52	2432
tretinoin	3.25	6.29	4.52	2433
brd-k83691318	9.77	2.08	4.51	2434
brd-k37270826 (mifepristone)	4.4	4.59	4.5	2435
hypericin	2.66	7.57	4.49	2436
hydrocortisone phosphate triethylamine	7.33	2.75	4.49	2437
danthron	5.72	3.5	4.47	2438
ncgc00182942-03	0.0	8.94	4.47	2439
brd-k53833301	0.0	8.94	4.47	2440
brd-a94793051	8.52	2.35	4.47	2441
brd-k57480017	3.5	5.72	4.47	2442
pd 158780	1.86	10.72	4.46	2443
w-12, hydrochloride	1.15	17.07	4.44	2444
s1222	1.47	13.45	4.44	2445
cyclizine hydrochloride	5.0	3.91	4.42	2446
thioguanosine	9.9	1.97	4.41	2447
st4049616	10.74	1.81	4.41	2448
indatraline	10.41	1.86	4.4	2449
brd-k95895342	3.37	5.71	4.39	2450
brd-k68174511	2.37	8.12	4.38	2451
l-732,138	8.66	2.21	4.37	2452
brd-k33116223	0.0	8.73	4.36	2453
brd-k82580504	12.32	1.54	4.36	2454
km 01366	5.0	3.76	4.34	2455
vesamicol	10.41	1.81	4.34	2456
hycanthone	5.0	3.76	4.34	2457
brd-k11540476	8.66	0.0	4.33	2458
gyki 52466 hydrochloride	0.0	8.66	4.33	2459
dihydrosamidin	8.66	0.0	4.33	2460
linoleic acid	8.66	0.0	4.33	2461
brd-k47703442	8.66	0.0	4.33	2462
brd-a55554369	0.0	8.66	4.33	2463
brd-k93875449	0.0	8.66	4.33	2464
gw 311616 hydrochloride	8.66	0.0	4.33	2465
ramipril	0.0	8.66	4.33	2466
epicatechin monogallate	0.0	8.66	4.33	2467
neomycin sulfate	8.66	0.0	4.33	2468
brd-k95673125	0.0	8.66	4.33	2469
metaproterenol	0.0	8.66	4.33	2470
brd-k40300908	8.66	0.0	4.33	2471
n-(4-bromobenzyl)-5-methoxytryptamine	15.73	1.18	4.31	2472
s1452	6.29	2.93	4.3	2473
cgp 54626 hydrochloride	11.91	1.54	4.29	2474
brd-k91509126 (piceatannol)	15.23	1.21	4.29	2475
ag 18	3.04	5.99	4.27	2476
ncgc00181061-03	0.0	8.52	4.26	2477
brd-k81538844	0.0	8.52	4.26	2478
brd-k86899078	6.61	2.75	4.26	2479
brd-a18763547	4.4	4.11	4.25	2480
ncgc00241726-01	3.46	5.22	4.25	2481
brd-k71554540	4.23	4.28	4.25	2482
n-chlorophenyl-n-hexylpiperazine	14.19	1.27	4.24	2483
finasteride	6.76	2.66	4.24	2484
brd-a26199074	7.74	2.28	4.2	2485
dihydro-7-desacetyldeoxygedunin	8.66	2.02	4.19	2486
bl-076	6.61	2.66	4.19	2487
vu0365121-1	14.46	1.21	4.18	2488
methyl benzethonium chloride	2.42	7.23	4.18	2489
brd-k19196783	10.41	1.67	4.17	2490
hispidin	12.79	1.36	4.17	2491
clopidogrel	3.76	4.59	4.16	2492
e0886	8.31	0.0	4.16	2493
piroxicam	18.64	0.93	4.15	2494
amoxicillin crystalline	11.12	1.54	4.14	2495
brd-k84762162	9.9	1.71	4.12	2496
brd-k83509924	10.72	1.58	4.12	2497
ftt	12.79	1.33	4.12	2498
ryuvidine	3.04	5.6	4.12	2499
ncgc00181799-01	14.9	1.13	4.1	2500
h5902	2.42	6.96	4.1	2501
brd-a15010982	11.48	1.47	4.1	2502
brd-a93393712	5.72	2.93	4.1	2503
brd-k25320246	8.18	0.0	4.09	2504
l-165,041	8.18	0.0	4.09	2505
brd-k26822808	0.0	8.18	4.09	2506
ioxaglic acid	0.0	8.18	4.09	2507
mirtazepine	8.18	0.0	4.09	2508
bjm-csc-19 brd-k92817986	0.0	8.18	4.09	2509
sb 218795	8.18	0.0	4.09	2510
cjd-fun-4-2	0.0	8.18	4.09	2511
ncgc00238447-01	0.0	8.18	4.09	2512
methysergide maleate	0.0	8.18	4.09	2513
mls-0425600	8.18	0.0	4.09	2514
ys-035 hydrochloride	2.2	7.57	4.08	2515
brd-k89209981	13.78	1.21	4.08	2516
ncgc00238536-01	17.22	0.97	4.08	2517
embelin	1.81	9.19	4.08	2518
ikk inhibitor x	7.33	2.28	4.08	2519
rifampicin	9.17	1.81	4.07	2520
np-010155	1.76	9.4	4.07	2521
pt-630	15.6	1.05	4.06	2522
brd-k96621343	0.0	8.12	4.06	2523
brd-k39866321	8.12	0.0	4.06	2524
benzethonium chloride	4.59	3.58	4.05	2525
ranitidine hydrochloride	20.81	0.78	4.04	2526
a-275	6.29	2.59	4.04	2527
brl 37344, sodium salt	17.63	0.93	4.04	2528
cytosporone b	12.79	1.27	4.03	2529
amethopterin (r,s)	4.59	3.5	4.01	2530
bl-073	4.4	3.63	4.0	2531
bulleyaconitine a	2.28	6.96	3.98	2532
brd-a42737819	9.19	1.71	3.97	2533
brd-a93015352	7.93	0.0	3.96	2534
brd-k02174945	0.0	7.93	3.96	2535
brd-k14236372	0.0	7.93	3.96	2536
brd-k81609421	1.91	8.18	3.96	2537
brd-k88710727	8.52	1.81	3.93	2538
dipropyldopamine	23.57	0.66	3.93	2539
zolantidine dimaleate	5.27	2.93	3.93	2540
isradipine	2.93	5.27	3.93	2541
am580	4.23	3.64	3.93	2542
itavastatin ca	6.08	2.51	3.91	2543
t5345967	1.47	10.41	3.91	2544
prenylamine lactate	5.22	2.93	3.91	2545
rhizocarpic acid	4.23	3.58	3.89	2546
arg-csc-91	21.77	0.7	3.89	2547
sibutramine hcl	7.76	0.0	3.88	2548
f8927	7.74	0.0	3.87	2549
ml 9 hydrochloride	7.74	0.0	3.87	2550
rho-kinase inhibitor ii	7.74	0.0	3.87	2551
bms-641988	0.0	7.74	3.87	2552
brd-k54822214	7.74	0.0	3.87	2553
brd-k84770158	7.74	0.0	3.87	2554
brd-k97926541	7.74	0.0	3.87	2555
methyldopa (l,-)	7.74	0.0	3.87	2556
tipifarnib-p1	7.74	0.0	3.87	2557
balsalazide	6.76	2.21	3.87	2558
brd-a36059655	0.0	7.74	3.87	2559
brd-k71915010	7.74	0.0	3.87	2560
brd-k20914082	0.0	7.74	3.87	2561
brd-k32737443	7.74	0.0	3.87	2562
hydrocortisone valerate	4.59	3.25	3.86	2563
brd-k52099002	5.22	2.84	3.85	2564
brd-k45031696	7.74	1.91	3.85	2565
brd-k02920722	20.05	0.74	3.85	2566
vu0415108-1	7.65	0.0	3.83	2567
brd-k45735142	5.46	2.66	3.81	2568
desoxymetasone	3.04	4.79	3.81	2569
brd-k70831943	2.28	6.29	3.78	2570
le 300	3.37	4.23	3.78	2571
brd-k46171503	7.57	0.0	3.78	2572
brd-k02558072	0.0	7.57	3.78	2573
brd-k23582869	0.0	7.57	3.78	2574
brd-k94544211	0.0	7.57	3.78	2575
brd-u82589721	2.76	5.17	3.77	2576
norcyclobenzaprine	2.42	5.89	3.77	2577
moban	7.4	1.91	3.76	2578
bw-b 70c	4.79	2.93	3.75	2579
fu jmbii127b	7.74	1.81	3.74	2580
brd-u88878891	1.43	9.77	3.74	2581
n-desmethylclozapine	3.04	4.59	3.73	2582
dmeob	7.4	0.0	3.7	2583
kn-93	6.96	1.97	3.7	2584
methylandrostenediol	1.85	7.4	3.7	2585
tolazamide	5.46	2.5	3.69	2586
stat3 inhibitor vi, s31-201	1.71	7.93	3.69	2587
c1386	2.84	4.79	3.69	2588
unc669	0.0	7.33	3.67	2589
gp 1a	0.0	7.33	3.67	2590
ncgc00011940-02	7.33	0.0	3.67	2591
anagrelide hydrochloride	2.93	4.59	3.67	2592
brd-k93443135	7.33	0.0	3.67	2593
epitiostanol	0.0	7.33	3.67	2594
brd-k35429092	0.0	7.33	3.67	2595
brd-k79131428	0.0	7.33	3.67	2596
brd-k73418978	7.33	0.0	3.67	2597
tyrphostin b44 (-)	7.33	0.0	3.67	2598
brd-k14048378	7.33	0.0	3.67	2599
brd-k59761766	7.33	0.0	3.67	2600
brd-k00541156	0.0	7.33	3.67	2601
brd-k60379529	7.33	0.0	3.67	2602
bmy 14802 hydrochloride	7.33	0.0	3.67	2603
brd-k96433222	8.18	1.63	3.65	2604
brd-k44781077	7.33	1.81	3.64	2605
ketorolac tromethamine	1.08	12.32	3.64	2606
beclomethasone dipropionate	1.4	9.4	3.62	2607
azacytidine-5	9.17	1.43	3.62	2608
brd-k28916077	1.51	8.66	3.61	2609
p1075	3.14	4.12	3.6	2610
c-1	2.35	5.48	3.59	2611
lfm-a12	5.99	2.14	3.59	2612
v4877	4.36	2.9	3.56	2613
brd-k88278225	7.74	1.62	3.54	2614
n- (2-aminoethyl)-4-chlorobenzamide (ro-16-6491)	1.81	6.93	3.54	2615
cyclopenthiazide	0.0	7.07	3.54	2616
brd-k78596368	7.07	0.0	3.54	2617
brd-k12401458	7.07	0.0	3.54	2618
e6 berbamine	13.45	0.93	3.53	2619
gemfibrozil	2.5	5.0	3.53	2620
cefixime	22.47	0.56	3.53	2621
brd-a57107094	5.11	2.42	3.52	2622
fenbufen	15.3	0.8	3.5	2623
brd-k99475920	3.25	3.76	3.5	2624
altrenogest	1.58	7.74	3.5	2625
ncgc00187945-01	3.5	3.5	3.5	2626
cc-100	2.5	4.87	3.49	2627
miochol	9.17	1.33	3.49	2628
r(+)-6-bromo-apb	9.17	1.33	3.49	2629
carmofur	6.96	0.0	3.48	2630
dexchlorpheniramine maleate	6.96	0.0	3.48	2631
np-002383	0.0	6.96	3.48	2632
brd-k09716788	6.96	0.0	3.48	2633
brd-k96167523	2.02	5.99	3.48	2634
mdv3100	0.0	6.96	3.48	2635
omeprazole	6.96	0.0	3.48	2636
cefotaxime	6.96	0.0	3.48	2637
mls-0350978	0.0	6.96	3.48	2638
ag 527	6.96	0.0	3.48	2639
brd-k09186736	0.0	6.96	3.48	2640
n20c hydrochloride	6.96	0.0	3.48	2641
canrenoic acid potassium salt	6.96	0.0	3.48	2642
endecaphyllin x	6.96	0.0	3.48	2643
chlormezanone	6.96	0.0	3.48	2644
brd-k57592392	6.96	0.0	3.48	2645
ncgc00242364-01	6.96	1.71	3.45	2646
dequalinium dichloride	5.72	2.08	3.45	2647
trazodone hydrochloride	13.93	0.85	3.44	2648
fk 888	18.31	0.64	3.43	2649
doxepin hydrochloride	6.29	1.86	3.42	2650
brd-k14636731	6.29	1.86	3.42	2651
arg-a1-2 brd-k39580048	1.58	7.4	3.42	2652
pd 123319 ditrifluoroacetate	5.46	2.14	3.42	2653
spiperone	1.51	7.74	3.41	2654
stock3s-04022	1.91	6.08	3.41	2655
l-cis-diltiazem	6.76	0.0	3.38	2656
torasemide	0.0	6.76	3.38	2657
bms 191011	6.76	0.0	3.38	2658
brd-k93578426	3.63	3.13	3.37	2659
sib 1757	13.06	0.87	3.37	2660
ftorafur	2.57	4.4	3.37	2661
ly-163,502	5.46	2.07	3.37	2662
boldine	3.63	3.08	3.34	2663
brd-k85275009	7.74	1.43	3.33	2664
aminolevulinic acid	3.77	2.93	3.33	2665
brd-a68930007 (ouabain)	11.01	1.01	3.33	2666
sulfaguanidine	6.65	0.0	3.32	2667
ncgc00181381-01	9.74	1.13	3.32	2668
prochlorperazine edisylate	3.63	3.04	3.32	2669
mls-0146291.0001	2.93	3.76	3.32	2670
amperozide	1.63	6.76	3.32	2671
brd-k45278408	6.61	0.0	3.31	2672
ter14687	0.0	6.61	3.31	2673
oxandrolone	6.61	0.0	3.31	2674
brd-k32485462	0.0	6.61	3.31	2675
quinidine gluconate	3.37	3.25	3.31	2676
orlistat	0.0	6.61	3.31	2677
brd-k37194137	0.0	6.62	3.31	2678
phenothiazine	0.0	6.62	3.31	2679
brd-k53331454	6.61	0.0	3.31	2680
metformin hydrochloride	0.0	6.61	3.31	2681
jas07 004	6.61	0.0	3.31	2682
mdl 72222	6.62	0.0	3.31	2683
azithromycin	6.61	0.0	3.31	2684
kuc103428n	0.0	6.61	3.31	2685
sinensetin	1.91	5.72	3.31	2686
np-004007	0.0	6.61	3.31	2687
12k-612s	0.0	6.61	3.31	2688
brd-k37852224	6.61	0.0	3.31	2689
ncgc00183244-01	6.61	0.0	3.31	2690
flumazenil	6.61	0.0	3.31	2691
s6005	4.28	2.55	3.3	2692
mestanolone	1.63	6.56	3.27	2693
brd-k26849279	5.72	1.86	3.26	2694
nafronyl oxalate	6.21	1.71	3.26	2695
diflunisal	2.5	4.23	3.25	2696
fr 139317	2.5	4.23	3.25	2697
psb 36	6.48	0.0	3.24	2698
iproniazide phosphate	6.61	1.58	3.24	2699
sq 22536	2.84	3.63	3.21	2700
brd-k17773477	11.12	0.93	3.21	2701
estradiol benzoate	4.05	2.5	3.18	2702
immethridine dihydrobromide	12.68	0.8	3.18	2703
fluphenazine-n-2-chloroethane, dihydrochloride	10.41	0.97	3.17	2704
fluocinonide	7.74	1.3	3.17	2705
brd-k50002132	0.0	6.29	3.15	2706
diphemanil methylsulfate	6.29	0.0	3.15	2707
brd-k36022244	0.0	6.29	3.15	2708
w-9 hydrochloride	0.0	6.29	3.15	2709
cephalexin monohydrate	0.0	6.29	3.15	2710
fludarabine	6.29	0.0	3.15	2711
brd-k96405393	6.29	0.0	3.15	2712
nsc 119889	6.29	0.0	3.15	2713
bas 09104376	0.0	6.29	3.15	2714
brd-k98739056	0.0	6.29	3.15	2715
brd-k03371390	6.29	0.0	3.15	2716
brd-k26831771	6.29	0.0	3.15	2717
brd-k99380810	6.29	0.0	3.15	2718
brd-k88329126	6.29	0.0	3.15	2719
brd-k84677391	6.29	0.0	3.15	2720
dubinidine	11.12	0.89	3.14	2721
d163-0113	4.59	2.14	3.14	2722
bvt 948	41.06	0.24	3.13	2723
mls-0390945.0001	5.99	1.63	3.12	2724
ici 192,605	32.48	0.3	3.12	2725
siguazodan	6.21	0.0	3.1	2726
cam-9-026 brd-k91442916	6.21	0.0	3.1	2727
ly-165,163	3.5	2.75	3.1	2728
dihydro-beta-tubaic acid	6.21	0.0	3.1	2729
s1118	4.87	1.97	3.1	2730
orphenadrine hydrochloride	5.0	1.91	3.09	2731
way 213613	15.01	0.63	3.08	2732
sulfisoxazole	1.97	4.79	3.07	2733
vincristine	5.22	1.76	3.03	2734
az 10417808	2.21	4.12	3.02	2735
progesterone	0.99	9.19	3.01	2736
brd-k29622226	1.58	5.72	3.01	2737
tiabendazole	5.99	0.0	3.0	2738
brd-a86792397	5.99	0.0	3.0	2739
psh 024	5.99	0.0	3.0	2740
brd-k22988559	5.99	0.0	3.0	2741
rifabutin	24.44	0.37	3.0	2742
brd-k01868942	6.29	1.43	3.0	2743
gr-207	1.97	4.59	3.0	2744
indole-3-carbinol	0.0	5.99	3.0	2745
v2264	8.18	1.1	3.0	2746
sb 366791	8.12	1.1	2.99	2747
nrb 03823	4.05	2.21	2.99	2748
flucloxacillin sodium	5.95	0.0	2.98	2749
bl-081	5.97	0.0	2.98	2750
naringenine	4.52	1.96	2.98	2751
gmx-1778	6.48	1.36	2.97	2752
brd-a80383043	8.94	0.99	2.97	2753
fenofibrate	9.4	0.93	2.95	2754
methyltestosterone	3.92	2.2	2.93	2755
brd-a30395175	2.08	4.07	2.91	2756
kuc103672 kuc103672n	0.0	5.83	2.91	2757
vinorelbine	0.93	8.88	2.87	2758
brd-k52800308	5.46	1.51	2.87	2759
brd-k28377013	0.0	5.72	2.86	2760
brd-k85051645	5.72	0.0	2.86	2761
brd-k01089529	5.72	0.0	2.86	2762
brd-k06623064	5.72	0.0	2.86	2763
telmisartan	0.0	5.72	2.86	2764
diethylcarbamazine citrate	5.72	0.0	2.86	2765
tranilast wfm1.4	5.72	0.0	2.86	2766
s1458	5.71	0.0	2.86	2767
brd-k95976153	0.0	5.72	2.86	2768
brd-k56596360	0.0	5.72	2.86	2769
brd-k24754728	5.72	0.0	2.86	2770
roxatidine acetate hcl	5.72	0.0	2.86	2771
brd-k16940042	5.72	1.4	2.83	2772
olvanil	1.91	4.2	2.83	2773
thiazolopyrimidine	1.33	5.97	2.82	2774
brd-k72817452	5.6	0.0	2.8	2775
brd-k72381041	1.18	6.62	2.8	2776
paroxetine	0.72	10.72	2.78	2777
benzoxiquine	11.64	0.64	2.74	2778
kuc103875 kuc103875n	4.6	1.63	2.74	2779
etodolac	9.59	0.78	2.74	2780
leflunomide	1.08	6.96	2.74	2781
mrs 1334	6.61	1.13	2.73	2782
clonidine hydrochloride	1.36	5.48	2.73	2783
ncgc00184713-01	5.46	0.0	2.73	2784
brd-k96072942	4.35	1.71	2.73	2785
sb 258585 hydrochloride	5.46	0.0	2.73	2786
doxapram	0.0	5.46	2.73	2787
brd-k86456986	0.0	5.46	2.73	2788
tyloxapol	0.0	5.46	2.73	2789
risperidone	5.46	0.0	2.73	2790
docetaxel	5.22	1.43	2.73	2791
brd-k76951091	5.46	0.0	2.73	2792
brd-k66634822	5.46	0.0	2.73	2793
brd-k10143126	0.0	5.46	2.73	2794
ro 04-6790	5.46	0.0	2.73	2795
ncgc00012821-02	0.0	5.46	2.73	2796
coumestrol	4.79	1.54	2.72	2797
brd-k05452595	3.04	2.42	2.71	2798
zileuton	1.58	4.6	2.7	2799
brd-k88569143	21.77	0.33	2.7	2800
brd-k33720404	8.73	0.83	2.7	2801
brd-k73125384	0.0	5.38	2.69	2802
sr 142948	5.71	1.27	2.69	2803
brd-k58306044	5.72	1.27	2.69	2804
np-009265	14.3	0.5	2.67	2805
ethotoin	2.75	2.57	2.66	2806
brd-k11611839	3.4	2.08	2.66	2807
brd-k73155123	3.5	2.02	2.66	2808
naproxol	2.57	2.75	2.66	2809
thonzonium bromide	3.25	2.14	2.64	2810
brd-k76079827	0.72	9.65	2.64	2811
isoquercitrin	6.61	1.05	2.64	2812
nizatidine	1.51	4.59	2.63	2813
vinpocetine	5.27	0.0	2.63	2814
l-689,560	0.0	5.27	2.63	2815
thimerosal	0.0	5.27	2.63	2816
camptothecine (s,+)	3.13	2.2	2.62	2817
brd-k21773564	3.5	1.97	2.62	2818
l 161982	5.22	0.0	2.61	2819
anpirtoline hydrochloride	0.0	5.22	2.61	2820
jas07 003	5.22	0.0	2.61	2821
bms 299897	0.0	5.22	2.61	2822
quinidine hydrochloride monohydrate	5.22	0.0	2.61	2823
brd-k63368502	5.22	0.0	2.61	2824
brd-k14975149	0.0	5.22	2.61	2825
brd-k43782924	5.22	0.0	2.61	2826
peucedanin	5.22	0.0	2.61	2827
alfacalcidol	4.07	1.67	2.61	2828
mls-0315872.0001	5.22	0.0	2.61	2829
ebt or (erichrome black t)	0.0	5.22	2.61	2830
brd-a28422330	5.22	0.0	2.61	2831
brd-k71574320	5.22	0.0	2.61	2832
nicergoline	5.22	0.0	2.61	2833
brd-k05593511	1.97	3.37	2.58	2834
isoeugenitol	27.15	0.25	2.58	2835
colchicine	3.64	1.81	2.57	2836
brd-k14788918	3.91	1.67	2.56	2837
l-750,667	4.79	1.36	2.55	2838
brd-k42687792	2.93	2.21	2.55	2839
brd-k27630941	6.61	0.97	2.53	2840
(-)-cotinine	0.0	5.07	2.53	2841
mirtazapine	3.08	2.08	2.53	2842
ag 555	5.0	0.0	2.5	2843
ml-7	0.0	5.0	2.5	2844
fomepizole	5.0	0.0	2.5	2845
brd-k54168141	0.0	5.0	2.5	2846
brd-k49749421	5.0	0.0	2.5	2847
brd-k96147838	0.0	5.0	2.5	2848
brd-k74711637	5.0	0.0	2.5	2849
coumarin	5.0	0.0	2.5	2850
brd-k72505034	5.0	0.0	2.5	2851
brd-k11758216	5.0	0.0	2.5	2852
brd-a12633378	5.0	0.0	2.5	2853
brd-k99146421	0.0	5.0	2.5	2854
cgs 21680 hydrochloride	1.76	3.52	2.49	2855
brd-a72837804	4.98	0.0	2.49	2856
dup 697	2.35	2.63	2.48	2857
brd-k69501658	2.02	3.04	2.48	2858
brd-k88742110	1.54	3.91	2.46	2859
sb 269970 hydrochloride	3.14	1.91	2.45	2860
brd-k54687541	4.87	0.0	2.44	2861
norgestimate	2.02	2.93	2.44	2862
brd-k37340241	2.57	2.28	2.42	2863
brinzolamide	2.26	2.57	2.41	2864
brd-k57678861	5.99	0.97	2.41	2865
s1297	0.89	6.48	2.4	2866
ncgc00180992-01	4.79	0.0	2.39	2867
dehydroisoandosterone 3-acetate	4.79	0.0	2.39	2868
pca 4248	0.0	4.79	2.39	2869
brd-k46499837	0.0	4.79	2.39	2870
foliosidine	4.79	0.0	2.39	2871
dm-55-3 brd-k81592585	0.62	9.17	2.39	2872
(+)-3-hydroxy-n-methylmorphinan d-tartrate	4.79	1.18	2.38	2873
dppe fumarate	1.4	3.91	2.34	2874
phenformin hydrochloride	11.12	0.49	2.33	2875
brd-k60895275	1.91	2.84	2.33	2876
lomerizine dihcl	4.4	1.21	2.31	2877
harpagoside	1.63	3.25	2.3	2878
bay 36-7620	0.0	4.6	2.3	2879
brd-k75418381	0.0	4.59	2.29	2880
stk674938	0.0	4.59	2.29	2881
brd-k63245238	0.0	4.59	2.29	2882
brd-k41557448	0.0	4.59	2.29	2883
nbqx disodium salt	3.76	1.4	2.29	2884
rhc 80267	0.0	4.59	2.29	2885
gr 79236	2.57	2.02	2.28	2886
hts 10765	4.4	1.18	2.28	2887
taxifolin-(+/-)	3.69	1.4	2.27	2888
tridihexethyl chloride	1.81	2.84	2.27	2889
terbutaline hemisulfate	4.52	0.0	2.26	2890
brd-k55612480	4.52	0.0	2.26	2891
erythromycin	4.52	0.0	2.26	2892
brd-k52678950	4.52	0.0	2.26	2893
cp 93129 dihydrochloride	9.65	0.53	2.25	2894
brd-k35638681	5.46	0.93	2.25	2895
brd-k07790824	2.28	2.21	2.24	2896
cdk2/5 inhibitor	1.81	2.75	2.23	2897
brd-k25536815	2.21	2.21	2.21	2898
mls-0391006	2.94	1.67	2.21	2899
t5715534	0.0	4.4	2.2	2900
sr-95639a	4.4	0.0	2.2	2901
bucladesine sodium salt	4.4	0.0	2.2	2902
hemicholinium bromide	0.0	4.4	2.2	2903
azlocillin sodium salt	4.4	0.0	2.2	2904
brd-k97629076	4.4	0.0	2.2	2905
brd-k61175124	0.0	4.4	2.2	2906
yo-2	4.4	0.0	2.2	2907
debrisoquin sulfate	4.4	0.0	2.2	2908
brd-k20168484	0.0	4.4	2.2	2909
brd-k45253154	4.4	0.0	2.2	2910
ncgc00183399-01	0.0	4.4	2.2	2911
brd-k82024442	0.0	4.4	2.2	2912
vu0413247-1	4.35	0.0	2.18	2913
brd-k02458594	4.35	0.0	2.18	2914
immepip dihydrobromide	4.35	0.0	2.18	2915
brd-k07877311	9.81	0.48	2.17	2916
tocainide hydrochloride	3.91	1.21	2.17	2917
estradiol valerate	3.76	1.24	2.16	2918
kuc103885 kuc103885n	2.85	1.58	2.12	2919
pf-04217903	4.23	0.0	2.11	2920
intropin	4.23	0.0	2.11	2921
jas07 005	4.23	0.0	2.11	2922
brd-k14316227	1.36	3.25	2.11	2923
ebpc	0.0	4.23	2.11	2924
ki 8751	0.64	6.93	2.11	2925
dfb	0.0	4.23	2.11	2926
zuclopenthixol hydrochloride	4.23	0.0	2.11	2927
brd-k63923597	0.0	4.23	2.11	2928
hydroxychloroquine sulfate	0.0	4.23	2.11	2929
sb 206553 hydrochloride	0.0	4.23	2.11	2930
st638	4.23	0.0	2.11	2931
brd-k05323277	4.23	0.0	2.11	2932
brd-k24102129	4.23	0.0	2.11	2933
ncgc00241426-02	0.0	4.23	2.11	2934
1541b	0.0	4.23	2.11	2935
folinic acid calcium salt	0.0	4.23	2.11	2936
ncgc00183388-01	4.23	0.0	2.11	2937
loxapine succinate	4.23	0.0	2.11	2938
gr 159897	3.76	1.15	2.08	2939
metixene hydrochloride	4.59	0.95	2.08	2940
bendroflumethiazide	0.48	8.73	2.05	2941
brd-k52446745	1.97	2.14	2.05	2942
levcromakalim	4.07	0.0	2.03	2943
ncgc00183415-01	4.07	0.0	2.03	2944
brd-a01317026	4.07	0.0	2.03	2945
coumarinic acid methyl ether	4.07	0.0	2.03	2946
ei-286	0.0	4.07	2.03	2947
brd-k79382620	4.07	0.0	2.03	2948
miglitol	0.0	4.07	2.03	2949
s1028	4.07	0.0	2.03	2950
mls-0327420.0002	4.07	0.0	2.03	2951
bambuterol hydrochloride	4.07	0.0	2.03	2952
doxycycline	4.07	0.0	2.03	2953
brd-k70714754	0.0	4.07	2.03	2954
eugenol	4.07	0.0	2.03	2955
formoterol	0.0	4.07	2.03	2956
lidoflazine	4.05	0.0	2.02	2957
sulindac	3.98	0.0	1.99	2958
emd 386088 hydrochloride	11.01	0.36	1.98	2959
brd-k71172276	1.47	2.66	1.98	2960
brd-k08448573	0.53	7.4	1.97	2961
brd-k19410523	0.0	3.91	1.96	2962
methazolamide	3.91	0.0	1.96	2963
bl-079	3.91	0.0	1.96	2964
brd-a06641369	0.0	3.91	1.96	2965
brd-k49553303	0.0	3.91	1.96	2966
nefazodone hydrochloride	3.91	0.0	1.96	2967
mls-0390982	3.91	0.0	1.96	2968
niridazole	3.91	0.0	1.96	2969
fluprostenol	3.91	0.0	1.96	2970
brd-k20123385	0.0	3.91	1.96	2971
dy131	0.0	3.91	1.96	2972
herniarin	20.05	0.19	1.95	2973
sb 205384	1.58	2.35	1.93	2974
brd-k60218670	1.21	3.04	1.92	2975
brd-k78701355	0.0	3.84	1.92	2976
h-5832	1.67	2.21	1.92	2977
s-250	3.13	1.15	1.9	2978
brd-k94580036	3.37	1.05	1.89	2979
brd-k12621773	3.76	0.0	1.88	2980
brd-k93296644	3.76	0.0	1.88	2981
flunarizine dihydrochloride	3.76	0.0	1.88	2982
brd-k72307842	3.76	0.0	1.88	2983
tubocurarine chloride	0.0	3.76	1.88	2984
clobenpropit dihydrobromide	3.58	0.99	1.88	2985
nitrocaramiphen hydrochloride	3.76	0.0	1.88	2986
brd-k25979535	0.0	3.76	1.88	2987
rilmenidine hemifumarate	2.57	1.36	1.87	2988
brd-a43640821	0.36	9.77	1.87	2989
bl-077	5.22	0.67	1.87	2990
brd-k58674774	1.81	1.91	1.86	2991
cgs 20625	7.07	0.48	1.85	2992
brd-a80574334	0.95	3.63	1.85	2993
hts 13363	2.08	1.63	1.84	2994
d0196	3.91	0.85	1.82	2995
8-cpt-2-me-camp	1.36	2.42	1.82	2996
gw 1929	3.63	0.0	1.81	2997
medroxyprogesterone	0.0	3.63	1.81	2998
brd-k83355732	0.0	3.63	1.81	2999
ncgc00242296-02	1.03	3.19	1.81	3000
sb 203186 hydrochloride	3.63	0.0	1.81	3001
clioquinol	0.0	3.63	1.81	3002
hy-10456	3.25	1.01	1.81	3003
ncgc00183236-01	0.0	3.63	1.81	3004
bml-190	0.0	3.63	1.81	3005
apoptosis activator 2	0.0	3.63	1.81	3006
brd-k11072542	3.63	0.0	1.81	3007
s8822	3.63	0.0	1.81	3008
ikk-3 inhibitor ix	3.63	0.0	1.81	3009
brd-k88964386	3.63	0.0	1.81	3010
bw 723c86 hydrochloride	3.63	0.0	1.81	3011
sb 408124	3.63	0.0	1.81	3012
at-csc-07 brd-k33720404	0.0	3.63	1.81	3013
bl-009	0.0	3.63	1.81	3014
glycopyrrolate	2.3	1.4	1.79	3015
ncgc00188488-01	0.95	3.25	1.75	3016
brd-k16180117	0.0	3.5	1.75	3017
brd-k71599932	3.5	0.0	1.75	3018
brd-k81514393	0.0	3.5	1.75	3019
rutin	3.5	0.0	1.75	3020
dpn	0.0	3.5	1.75	3021
r-96544 hydrochloride	0.0	3.5	1.75	3022
nbi 27914 hydrochloride	3.5	0.0	1.75	3023
sulfamethazine sodium salt	3.5	0.0	1.75	3024
bepridil hydrochloride	3.5	0.0	1.75	3025
hy-10180	3.5	0.0	1.75	3026
mls-0390979	0.0	3.5	1.75	3027
hydrastine (1r, 9s)	1.43	2.08	1.73	3028
f9428	2.66	1.13	1.73	3029
acitretin	2.84	1.05	1.73	3030
glipizide	1.43	2.07	1.72	3031
brd-k15519488	2.57	1.15	1.72	3032
brd-a35020550	3.4	0.0	1.7	3033
dcebio	1.91	1.51	1.7	3034
brd-a89049230	0.0	3.37	1.69	3035
buddleoflavonoloside	0.0	3.37	1.69	3036
quipazine dimaleate salt	0.0	3.37	1.69	3037
sto-609 acetate	0.0	3.37	1.69	3038
racecadotril	3.37	0.0	1.69	3039
1495-0136	0.0	3.37	1.69	3040
brd-k32827536	3.37	0.0	1.69	3041
brd-k18749194	0.0	3.37	1.69	3042
brd-k62310379 (fluticasone propionate)	2.14	1.33	1.69	3043
nylidrin hydrochloride	3.37	0.0	1.69	3044
pifithrin-a, cyclic-	3.37	0.0	1.69	3045
ncgc00183913-01	0.0	3.37	1.69	3046
taxol	1.81	1.51	1.65	3047
gw 7647	4.59	0.59	1.64	3048
lobelanidine hydrochloride	2.28	1.18	1.64	3049
baccatin iii	2.84	0.95	1.64	3050
brd-k76357752	1.91	1.4	1.63	3051
naltrindole hydrochloride	3.25	0.0	1.63	3052
brd-k35389996	3.25	0.0	1.63	3053
cis-(z)-flupenthixol	0.0	3.25	1.63	3054
mls-0390876	0.0	3.25	1.63	3055
s1483	3.25	0.0	1.63	3056
799264-48-5 mls-0425609	0.0	3.25	1.63	3057
aminoglutethimide	3.25	0.0	1.63	3058
mestranol	3.25	0.0	1.63	3059
scoulerine	0.0	3.25	1.63	3060
deacetoxy-7-oxisogedunin	1.63	1.58	1.61	3061
u 99194 maleate	2.42	1.05	1.6	3062
riluzole hydrochloride	5.0	0.51	1.59	3063
brd-k71382703	3.14	0.0	1.57	3064
brd-k78549347	0.0	3.14	1.57	3065
brd-k23217072	3.14	0.0	1.57	3066
brd-k57019930	0.0	3.14	1.57	3067
icilin	3.14	0.0	1.57	3068
brd-a43087975	0.0	3.14	1.57	3069
brd-k37021324	0.0	3.14	1.57	3070
brd-k73319509	3.04	0.82	1.57	3071
brd-k00028814	1.33	1.86	1.57	3072
ed csc 15	3.13	0.77	1.55	3073
cerivastatin na	5.07	0.47	1.54	3074
dephostatin	2.08	1.13	1.53	3075
oxymetazoline hydrochloride	4.79	0.49	1.53	3076
vu0415533-1	3.04	0.0	1.52	3077
piperacetazine	3.04	0.0	1.52	3078
dnqx disodium salt	3.04	0.0	1.52	3079
azd-1480	0.0	3.04	1.52	3080
sildenafil citrate	3.04	0.0	1.52	3081
kynuramine	0.0	3.04	1.52	3082
brd-k91134378	3.04	0.0	1.52	3083
olomoucine	3.04	0.0	1.52	3084
primidone	3.04	0.0	1.52	3085
b581	0.0	3.04	1.52	3086
benzo[a]pyrene	0.0	3.04	1.52	3087
labetalol hydrochloride	0.0	3.04	1.52	3088
brd-k81209512 (ag 494)	3.04	0.0	1.52	3089
brd-k34974324	0.0	3.04	1.52	3090
sb 221284	3.04	0.0	1.52	3091
urapidil hydrochloride	1.33	1.71	1.51	3092
gavestinel	1.15	1.91	1.49	3093
jfd02227	2.04	1.08	1.48	3094
androsta-1,4-dien-3,17-dione	2.28	0.97	1.48	3095
pepstatin a	2.93	0.0	1.47	3096
tetrahydropalmatine	2.93	0.0	1.47	3097
aminocaproic acid	0.0	2.93	1.47	3098
brd-k96274284	2.93	0.0	1.47	3099
brd-k30804015	0.0	2.93	1.47	3100
brd-a96272097	1.97	1.1	1.47	3101
brd-k33680967	2.93	0.0	1.47	3102
y-27152	2.93	0.74	1.47	3103
ncgc00182833-01	2.93	0.0	1.47	3104
brd-k86682249	2.08	1.01	1.45	3105
trapidil	2.84	0.0	1.42	3106
brd-a31374339	2.84	0.0	1.42	3107
rs 67506 hydrochloride	2.84	0.0	1.42	3108
brd-k57836103	2.84	0.0	1.42	3109
psh 008	2.84	0.0	1.42	3110
brd-k48970916 (danazol)	2.84	0.0	1.42	3111
cisapride	0.0	2.84	1.42	3112
sr 57227 hydrochloride	2.84	0.0	1.42	3113
candesartan	0.0	2.84	1.42	3114
brd-k08325710	0.0	2.84	1.42	3115
valproic acid	1.47	1.36	1.41	3116
ncgc00187898-02	1.88	1.05	1.41	3117
brd-k85123403	0.0	2.8	1.4	3118
ifenprodil tartrate	2.8	0.0	1.4	3119
2-chloroadenosine	1.01	1.91	1.39	3120
toltrazuril	1.43	1.33	1.38	3121
ncgc00186542-01	2.75	0.0	1.37	3122
zaprinast	2.75	0.0	1.37	3123
brd-k60690191	2.75	0.0	1.37	3124
brd-k32836707	2.75	0.0	1.37	3125
brd-k61217870	2.75	0.0	1.37	3126
c247	3.04	0.61	1.36	3127
tibolone	0.77	2.42	1.36	3128
gr 46611	5.17	0.36	1.36	3129
brd-u32049204	1.42	1.3	1.36	3130
flurofamide	1.54	1.19	1.35	3131
rk-682	0.93	1.97	1.35	3132
brl 54443	0.0	2.67	1.34	3133
brd-k20401833	2.67	0.0	1.34	3134
gr 113808	0.0	2.66	1.33	3135
hexylresorcinol	0.0	2.66	1.33	3136
westcort	1.71	1.01	1.32	3137
cp 94253 hydrochloride	2.57	0.66	1.3	3138
ncgc00229595-01	0.0	2.57	1.29	3139
estropipate	2.57	0.0	1.29	3140
gangleoidin acetate	2.57	0.0	1.29	3141
cuneatin methyl ether	0.0	2.57	1.29	3142
lamivudine	0.0	2.57	1.29	3143
piribedil dihydrochloride	0.0	2.57	1.29	3144
gliclazide	0.0	2.57	1.29	3145
brd-k31688005	2.57	0.0	1.29	3146
raclopride	2.57	0.0	1.29	3147
hymecromone	2.57	0.0	1.29	3148
terbutaline	0.0	2.57	1.29	3149
kuc104488 kuc104488n	2.17	0.77	1.29	3150
thapsigargin	1.24	1.3	1.27	3151
s1352	0.0	2.5	1.25	3152
brd-k04156788	2.5	0.0	1.25	3153
brd-k44540157	2.5	0.0	1.25	3154
brd-a20589515	0.0	2.5	1.25	3155
brd-k24346336	0.0	2.5	1.25	3156
minocycline hydrochloride	0.0	2.5	1.25	3157
cyclo [arg-gly-asp-d-phe-val]	0.0	2.44	1.22	3158
19-norethindrone	0.0	2.42	1.21	3159
ncgc00229596-01	1.03	1.43	1.21	3160
fu jmbii113b	2.42	0.0	1.21	3161
brd-k00366212	2.4	0.0	1.2	3162
l-ornithine, n5-[imino(methylamino)methyl]-[cas]	0.0	2.4	1.2	3163
brd-k98173387	0.45	3.14	1.19	3164
brd-k64058329	1.18	1.18	1.18	3165
brd-k67619794	0.0	2.35	1.17	3166
mls-0359128.0001	2.35	0.0	1.17	3167
probenecid	2.35	0.0	1.17	3168
brd-k74949371	2.35	0.0	1.17	3169
terbinafine hcl	0.0	2.35	1.17	3170
brd-k65342895	0.0	2.35	1.17	3171
brd-k44276885	0.0	2.35	1.17	3172
gelsemine	0.0	2.35	1.17	3173
dipropyl-5ct	2.28	0.0	1.14	3174
brd-k07452532	0.0	2.28	1.14	3175
brd-k58479490	0.0	2.28	1.14	3176
brd-k70977695	0.0	2.28	1.14	3177
aminopentamide	2.28	0.0	1.14	3178
dicyclomine hydrochloride	2.28	0.0	1.14	3179
brd-k37150847	0.63	2.02	1.13	3180
pyrvinium pamoate	0.29	4.28	1.11	3181
brd-k78524708	1.91	0.63	1.1	3182
fluconazole	0.0	2.21	1.1	3183
ncgc00011606-02	0.0	2.21	1.1	3184
clenbuterol hydrochloride	2.21	0.0	1.1	3185
np-007374	0.0	2.21	1.1	3186
vindesine	0.0	2.21	1.1	3187
brd-a47714657	2.21	0.0	1.1	3188
ncgc00242279-01	1.4	0.85	1.09	3189
brd-k67470788	0.41	2.89	1.09	3190
bifemelane hydrochloride	1.97	0.61	1.09	3191
brd-k32112425	0.44	2.66	1.08	3192
bu 239 hydrochloride	0.0	2.14	1.07	3193
bl-008	2.14	0.0	1.07	3194
ciclopirox ethanolamine	0.0	2.13	1.07	3195
brd-k61341215	0.0	2.14	1.07	3196
pinacidil	0.0	2.14	1.07	3197
thyroxine (l)	2.14	0.0	1.07	3198
thiostrepton	0.96	1.17	1.06	3199
carbazol-9-yl-p-tolyl-methanone	0.77	1.43	1.05	3200
brd-k80334323 (norethynodrel)	1.91	0.58	1.05	3201
fananserin	0.0	2.08	1.04	3202
gr-105	2.08	0.0	1.04	3203
brd-a13195221	0.0	2.08	1.04	3204
oxprenolol hydrochloride	0.0	2.08	1.04	3205
brd-k74989018	2.08	0.0	1.04	3206
brd-k30647638	2.08	0.0	1.04	3207
lobendazole	2.08	0.0	1.04	3208
zm 306416 hydrochloride	0.0	2.08	1.04	3209
2-(trifluoromethyl)-10h-phenothiazine	2.08	0.0	1.04	3210
bmy 7378 dihydrochloride	0.0	2.08	1.04	3211
hydrocortisone acetate	0.59	1.8	1.03	3212
brd-k31491153	1.36	0.78	1.03	3213
nan-190 hydrobromide	1.97	0.54	1.03	3214
l 655240	2.08	0.51	1.03	3215
avermectin b1a	0.0	2.02	1.01	3216
brd-k12238169	2.02	0.0	1.01	3217
ncgc00181801-01	1.1	0.93	1.01	3218
rs 56812 hydrochloride	0.0	2.02	1.01	3219
nisoxetine hydrochloride	2.02	0.0	1.01	3220
brd-k68756823	2.02	0.0	1.01	3221
brd-k14681867	0.0	1.97	0.98	3222
brd-k77690805	0.0	1.97	0.98	3223
ncgc00182607-01	0.0	1.97	0.98	3224
o-1918	1.97	0.0	0.98	3225
calycanthine	0.0	1.97	0.98	3226
brd-k91047982	1.97	0.0	0.98	3227
erythromycin ethylsuccinate	1.97	0.0	0.98	3228
antimycin a	1.21	0.8	0.98	3229
phenazopyridine hydrochloride	0.0	1.91	0.96	3230
brd-k91836367	0.0	1.91	0.96	3231
endo-iwr 1	1.91	0.0	0.96	3232
brd-k34098590	1.91	0.0	0.96	3233
methoxy-6-harmalan	1.91	0.0	0.96	3234
src kinase inhibitor ii	0.8	1.15	0.96	3235
brd-k86231656	0.0	1.91	0.96	3236
brd-k93568044 (hydrocortisone)	0.82	1.08	0.94	3237
pd 166793	0.0	1.86	0.93	3238
brd-k02646507	0.39	2.21	0.93	3239
penicillic acid	0.0	1.86	0.93	3240
brd-k01578344	1.86	0.0	0.93	3241
tianeptine	0.0	1.86	0.93	3242
np-002257	1.86	0.0	0.93	3243
norgestrel-(-)-d	1.86	0.0	0.93	3244
butamben	1.81	0.0	0.9	3245
brd-k90417362	0.0	1.81	0.9	3246
sodium dehydrocholate	0.57	1.43	0.9	3247
rs 100329 hydrochloride	1.76	0.0	0.88	3248
brd-a82197375	0.0	1.76	0.88	3249
ginsenoside-rc	0.0	1.76	0.88	3250
ncgc00189555-02	0.46	1.63	0.86	3251
pentobarbital	4.07	0.18	0.86	3252
brd-k15318909	0.0	1.71	0.86	3253
atpa	0.0	1.71	0.86	3254
brd-k86086851	0.5	1.43	0.85	3255
brd-k66426634	0.0	1.67	0.83	3256
brd-k39687892	0.0	1.66	0.83	3257
brd-k60757524	1.18	0.57	0.82	3258
norketamine hydrochloride	0.0	1.63	0.81	3259
brd-k34966483	0.67	0.99	0.81	3260
oxymetholone	2.05	0.31	0.8	3261
brd-k02641134	0.0	1.58	0.79	3262
brd-k71670746	1.58	0.0	0.79	3263
clobetasol	0.0	1.58	0.79	3264
brd-k42629487	1.54	0.0	0.77	3265
ncgc00182554-02	1.54	0.0	0.77	3266
arctigenin	1.54	0.0	0.77	3267
stock2s-69948	0.0	1.54	0.77	3268
ncgc00188012-01	0.0	1.51	0.75	3269
pregnenolone succinate	1.51	0.0	0.75	3270
baeomycesic acid	0.0	1.51	0.75	3271
brd-k61496577 (flumethasone)	1.47	0.0	0.73	3272
brd-k65050353	1.47	0.0	0.73	3273
ncgc00181233-01	1.45	0.0	0.73	3274
km03472sc	0.0	1.47	0.73	3275
brd-k00486725	0.0	1.47	0.73	3276
brd-k09485525	0.29	1.81	0.72	3277
np-004121	0.0	1.43	0.72	3278
flucytosine	0.16	3.19	0.72	3279
brd-k90543092	0.0	1.43	0.72	3280
k3644	0.0	1.43	0.72	3281
brd-k12105018	1.36	0.0	0.68	3282
brd-k45114207	0.0	1.36	0.68	3283
clofibric acid	0.0	1.36	0.68	3284
brd-a84102390	1.13	0.4	0.67	3285
vidarabine	1.33	0.0	0.66	3286
brd-k22322324	1.33	0.0	0.66	3287
trifluridine	0.0	1.33	0.66	3288
jnj 10191584 maleate	1.24	0.34	0.65	3289
s1364	1.3	0.0	0.65	3290
stock2s-84516	0.0	1.3	0.65	3291
brd-k45542213	0.0	1.27	0.63	3292
tcs 359	1.27	0.0	0.63	3293
l-701,324	0.0	1.27	0.63	3294
g5797	0.56	0.7	0.62	3295
my-5445	0.0	1.24	0.62	3296
brd-a30455275	1.21	0.0	0.6	3297
calcipotriene	0.0	1.21	0.6	3298
brd-k28610502	0.0	1.21	0.6	3299
brd-k41845021	0.0	1.18	0.59	3300
brd-k79779816	1.18	0.0	0.59	3301
cjd-pla-49-3	0.85	0.41	0.59	3302
kuc103443n	0.0	1.15	0.58	3303
mls-0435526.0001	1.13	0.0	0.56	3304
thiocolchicoside	1.24	0.26	0.56	3305
ho-013	1.08	0.0	0.54	3306
jnj 16259685	1.05	0.0	0.53	3307
brd-k14704318	3.79	0.07	0.51	3308
aicar	0.0	1.01	0.5	3309
brd-k41220170	0.23	0.98	0.48	3310
brd-k11671649	0.0	0.95	0.47	3311
brd-k24031526	0.0	0.93	0.46	3312
brd-k52914903	0.3	0.7	0.46	3313
amlodipine base	0.91	0.0	0.45	3314
gsk2334470	0.0	0.91	0.45	3315
levonorgestrel	0.0	0.87	0.43	3316
brd-k34508425	0.83	0.0	0.42	3317
brd-k87426499	0.83	0.0	0.42	3318
brd-k85318537 (obaa)	0.83	0.0	0.42	3319
methoprene acid	0.0	0.82	0.41	3320
cinanserin hydrochloride	0.0	0.8	0.4	3321
brd-k42543304	0.0	0.8	0.4	3322
brd-k04363266	0.0	0.77	0.38	3323
brd-k70251741	0.75	0.0	0.38	3324
mead ethanolamide	0.75	0.0	0.38	3325
brd-k56111351	0.71	0.0	0.35	3326
lfm-a13	0.71	0.0	0.35	3327
vu0420363-1	0.68	0.0	0.34	3328
disulfiram	0.0	0.67	0.33	3329
brd-k49861754	0.0	0.67	0.33	3330
ly 288513	0.0	0.67	0.33	3331
brd-a85712510	0.63	0.0	0.32	3332
brd-k90430314	0.0	0.64	0.32	3333
ncgc00188714-01	0.56	0.0	0.28	3334
ketotifen fumarate	0.49	0.0	0.25	3335
ly 320135	0.48	0.0	0.24	3336
ncgc00182615-01	0.43	0.0	0.22	3337
moclobemide	0.0	0.41	0.21	3338
brd-k52080565	0.0	0.4	0.2	3339
brd-k15885023	0.37	0.0	0.19	3340
ncgc00012508-02	0.0	0.37	0.18	3341
fr 122047 hydrochloride	0.0	0.31	0.15	3342
brd-k31851742	0.28	0.0	0.14	3343
brd-k75128590	0.0	0.2	0.1	3344
