drug	node_index	score	rank	percentile	is_known_positive
Ravulizumab	17946	0.9999728	1	0.012567550584391103	True
Atrasentan	17371	0.99995375	2	0.025135101168782207	True
Sparsentan	17373	0.9999523	3	0.037702651753173305	True
Empagliflozin	15847	0.99994767	4	0.050270202337564414	True
Candesartan	14618	0.9999466	5	0.06283775292195551	True
Budesonide	14034	0.99994624	6	0.07540530350634661	True
Prednisolone	14030	0.99994576	7	0.08797285409073771	True
Hydroxychloroquine	14347	0.9999447	8	0.10054040467512883	True
Methylprednisolone	14269	0.9999378	9	0.11310795525951992	True
Mycophenolate mofetil	14964	0.99993646	10	0.12567550584391102	True
Losartan	14215	0.9999347	11	0.13824305642830212	True
Irbesartan	14282	0.9999329	12	0.15081060701269322	True
Telmisartan	15836	0.999931	13	0.16337815759708432	True
Dapagliflozin	15201	0.99991906	14	0.17594570818147542	True
Fostamatinib	15674	0.9998481	15	0.18851325876586653	True
SU-11652	19989	0.14747003	16	0.20108080935025766	False
N-(2-Aminoethyl)-1-aziridineethanamine	18232	0.0413423	17	0.2136483599346487	False
Eculizumab	17945	0.037512217	18	0.22621591051903983	False
Saprisartan	16212	0.011190466	19	0.23878346110343093	False
Angiotensin II	16216	0.009654693	20	0.25135101168782203	False
Forasartan	16211	0.009049827	21	0.2639185622722131	False
[4-({4-[(5-cyclopropyl-1H-pyrazol-3-yl)amino]-6-(methylamino)pyrimidin-2-yl}amino)phenyl]acetonitrile	19867	0.008924929	22	0.27648611285660424	False
Pilsicainide	20230	0.00796015	23	0.2890536634409953	False
Piclidenoson	17027	0.0070535415	24	0.30162121402538644	False
Darusentan	17368	0.0059939655	25	0.3141887646097775	False
Isatoribine	16502	0.0049271304	26	0.32675631519416865	False
N~2~-1H-benzimidazol-5-yl-N~4~-(3-cyclopropyl-1H-pyrazol-5-yl)pyrimidine-2,4-diamine	19897	0.0033727104	27	0.3393238657785598	False
Dexrabeprazole	15839	0.0022693663	28	0.35189141636295085	False
SPP 301	17369	0.0020888548	29	0.364458966947342	False
Triclocarban	14795	0.0017676398	30	0.37702651753173305	False
6-Chloropurine Riboside, 5'-Monophosphate	17620	0.0016678108	31	0.3895940681161242	False
ANA971	16503	0.0013490797	32	0.4021616187005153	False
(2Z,3E)-2,3'-biindole-2',3(1H,1'H)-dione 3-{O-[(3R)-3,4-dihydroxybutyl]oxime}	19967	0.0012021082	33	0.4147291692849064	False
Actelion-1	17370	0.00078763143	34	0.4272967198692974	False
N-METHYL(5-(PYRIDIN-3-YL)FURAN-2-YL)METHANAMINE	19493	0.00078430685	35	0.4398642704536886	False
Selenazole-4-carboxyamide-adenine dinucleotide	17619	0.0007538412	36	0.45243182103807966	False
Desoximetasone	17776	0.0007473966	37	0.4649993716224708	False
2-({5-CHLORO-2-[(2-METHOXY-4-MORPHOLIN-4-YLPHENYL)AMINO]PYRIMIDIN-4-YL}AMINO)-N-METHYLBENZAMIDE	19429	0.00064552063	38	0.47756692220686187	False
Felbinac	19198	0.00063355337	39	0.490134472791253	False
Azilsartan medoxomil	16214	0.0005755375	40	0.5027020233756441	False
Canagliflozin	14551	0.00057134207	41	0.5152695739600353	False
Prednisolone acetate	14050	0.0005527299	42	0.5278371245444262	False
Cenegermin	18409	0.0005398472	43	0.5404046751288174	False
Zosuquidar	18396	0.00050809694	44	0.5529722257132085	False
Elacridar	18394	0.0004843003	45	0.5655397762975997	False
Candesartan cilexetil	14605	0.00046858733	46	0.5781073268819906	False
Clazosentan	17372	0.00044350946	47	0.5906748774663818	False
Gimatecan	20240	0.0004135778	48	0.6032424280507729	False
Daclatasvir	15038	0.00037660557	49	0.6158099786351641	False
Polyethylene glycol	20254	0.00037522585	50	0.628377529219555	False
VX-148	17622	0.00031891585	51	0.6409450798039462	False
Hycanthone	18398	0.00030546103	52	0.6535126303883373	False
FM-VP4	18395	0.00027014155	53	0.6660801809727285	False
Voacamine	18393	0.00027011245	54	0.6786477315571195	False
Patisiran	14492	0.00025611313	55	0.6912152821415106	False
ONT-093	18401	0.0002543702	56	0.7037828327259017	False
Eprosartan	16210	0.00023852533	57	0.7163503833102929	False
Tariquidar	18397	0.00023599538	58	0.728917933894684	False
Laniquidar	20258	0.00023341854	59	0.741485484479075	False
5-[(Z)-(5-Chloro-2-oxo-1,2-dihydro-3H-indol-3-ylidene)methyl]-N,2,4-trimethyl-1H-pyrrole-3-carboxamide	19872	0.00022650886	60	0.7540530350634661	False
Reversin 121	18404	0.000214389	61	0.7666205856478573	False
Ledipasvir	20253	0.00019560289	62	0.7791881362322484	False
ORG-34517	17779	0.00019068876	63	0.7917556868166394	False
Rifapentine	15494	0.00018997773	64	0.8043232374010306	False
Gramicidin D	20252	0.00018736887	65	0.8168907879854217	False
cis-Diamminechlorocholylglycinateplatinum(II)	20243	0.00018630674	66	0.8294583385698128	False
Lorlatinib	15054	0.00018028756	67	0.8420258891542038	False
Concanamycin A	18399	0.00017534637	68	0.8545934397385948	False
[1-(6-{6-[(1-methylethyl)amino]-1H-indazol-1-yl}pyrazin-2-yl)-1H-pyrrol-3-yl]acetic acid	19942	0.00016788261	69	0.8671609903229861	False
Mirodenafil	15895	0.00015536662	70	0.8797285409073772	False
Fimasartan	16215	0.00015144474	71	0.8922960914917683	False
Carbutamide	15801	0.00014632352	72	0.9048636420761593	False
Ulobetasol	14022	0.00014617528	73	0.9174311926605505	False
Olmesartan	16209	0.00013525638	74	0.9299987432449416	False
Flunisolide	14014	0.00013460933	75	0.9425662938293327	False
Relugolix	14457	0.00012941814	76	0.9551338444137237	False
Metahexamide	15802	0.000120941404	77	0.9677013949981149	False
Diflorasone	17775	0.00011992302	78	0.980268945582506	False
(5-(PYRIDIN-3-YL)FURAN-2-YL)METHANAMINE	19494	0.00011534707	79	0.9928364961668971	False
Balaglitazone	15695	0.00010755408	80	1.0054040467512881	False
Acetyl sulfisoxazole	15803	0.00010307705	81	1.0179715973356793	False
Valinomycin	20231	0.00010271078	82	1.0305391479200705	False
Artesunate	14426	0.000100164725	83	1.0431066985044615	False
Penicillamine	20239	9.696532e-05	84	1.0556742490888524	False
1-Ter-Butyl-3-P-Tolyl-1h-Pyrazolo[3,4-D]Pyrimidin-4-Ylamine	18896	9.381127e-05	85	1.0682417996732438	False
Flumethasone	14026	9.247093e-05	86	1.0808093502576348	False
Prednisone	14024	9.178876e-05	87	1.0933769008420258	False
Coumarin	15787	8.991001e-05	88	1.105944451426417	False
Elbasvir	15042	8.931705e-05	89	1.1185120020108081	False
Chloramphenicol succinate	14392	8.769337e-05	90	1.1310795525951993	False
Acalabrutinib	14450	8.358861e-05	91	1.1436471031795903	False
Medrysone	14016	8.30599e-05	92	1.1562146537639812	False
AZD-8330	19595	8.1903e-05	93	1.1687822043483727	False
Elagolix	15247	8.178148e-05	94	1.1813497549327636	False
Flurandrenolide	14029	8.097443e-05	95	1.1939173055171548	False
Paramethasone	14035	7.9211575e-05	96	1.2064848561015458	False
Salinomycin	20256	7.871453e-05	97	1.219052406685937	False
Netoglitazone	15624	7.785863e-05	98	1.2316199572703281	False
Glibornuride	15796	7.703032e-05	99	1.244187507854719	False
Darunavir	14326	7.520373e-05	100	1.25675505843911	False
Sulfamoxole	15795	7.3169176e-05	101	1.2693226090235012	False
Capravirine	15588	7.262176e-05	102	1.2818901596078924	False
Desmethylsertraline	18403	7.080295e-05	103	1.2944577101922836	False
Ambrisentan	15014	6.9307964e-05	104	1.3070252607766746	False
Deferiprone	15891	6.857173e-05	105	1.3195928113610655	False
Valsartan	15769	6.585585e-05	106	1.332160361945457	False
Betamethasone phosphate	14049	6.310481e-05	107	1.344727912529848	False
Rivoglitazone	15625	5.9379647e-05	108	1.357295463114239	False
Glycocholic acid	19155	5.7779012e-05	109	1.36986301369863	False
Sulfisoxazole	15771	5.6577894e-05	110	1.3824305642830212	False
Amodiaquine	14788	5.643138e-05	111	1.3949981148674124	False
Sarecycline	20257	5.3812484e-05	112	1.4075656654518034	False
Glecaprevir	15725	5.3413998e-05	113	1.4201332160361946	False
Benzbromarone	15838	5.1606672e-05	114	1.4327007666205858	False
Flucloxacillin	15427	4.8156344e-05	115	1.4452683172049767	False
Clocortolone	17777	4.7570014e-05	116	1.457835867789368	False
7-PYRIDIN-2-YL-N-(3,4,5-TRIMETHOXYPHENYL)-7H-PYRROLO[2,3-D]PYRIMIDIN-2-AMINE	19428	4.7480593e-05	117	1.4704034183737589	False
Deflazacort	15051	4.7156693e-05	118	1.48297096895815	False
Valspodar	20246	4.6689445e-05	119	1.4955385195425412	False
(1,10 Phenanthroline)-(Tri-Carbon Monoxide) Rhenium (I)	20271	4.505555e-05	120	1.5081060701269322	False
Zanubrutinib	15748	4.461776e-05	121	1.5206736207113234	False
Prednisolone phosphate	14048	4.4225995e-05	122	1.5332411712957146	False
Fluorometholone	14017	4.3510852e-05	123	1.5458087218801055	False
Fostemsavir	14453	4.327482e-05	124	1.5583762724644967	False
Sulfadimethoxine	15792	4.1799543e-05	125	1.5709438230488877	False
Tienilic acid	15789	4.164572e-05	126	1.5835113736332789	False
N-{2,4-difluoro-3-[(5-pyridin-3-yl-1H-pyrrolo[2,3-b]pyridin-3-yl)carbonyl]phenyl}ethanesulfonamide	17510	4.1440107e-05	127	1.5960789242176698	False
Pibrentasvir	15864	4.0959836e-05	128	1.6086464748020612	False
Letermovir	15053	3.95079e-05	129	1.6212140253864522	False
Everolimus	15176	3.9457223e-05	130	1.6337815759708434	False
BOS172722	19866	3.8833998e-05	131	1.6463491265552344	False
Alclometasone	14015	3.8649232e-05	132	1.6589166771396255	False
Larotrectinib	15745	3.8217557e-05	133	1.6714842277240165	False
Seratrodast	14615	3.680971e-05	134	1.6840517783084077	False
XL418	18862	3.6049372e-05	135	1.6966193288927987	False
CYT006-AngQb	16213	3.60349e-05	136	1.7091868794771896	False
Mycophenolic acid	15842	3.3302556e-05	137	1.7217544300615812	False
Tinidazole	15473	3.2853808e-05	138	1.7343219806459722	False
Amcinonide	14941	3.2573225e-05	139	1.7468895312303632	False
Betamethasone	14019	3.247958e-05	140	1.7594570818147544	False
Tauroursodeoxycholic acid	20199	3.2395594e-05	141	1.7720246323991453	False
N-(5-{[(2S)-4-amino-2-(3-chlorophenyl)butanoyl]amino}-1H-indazol-3-yl)benzamide	19956	3.1534102e-05	142	1.7845921829835365	False
Monensin	20255	3.1185224e-05	143	1.7971597335679275	False
Seproxetine	15024	3.112298e-05	144	1.8097272841523186	False
Ciglitazone	15626	3.073656e-05	145	1.82229483473671	False
Bismuth subgallate	14474	3.0268244e-05	146	1.834862385321101	False
4-{[4-{[(1R,2R)-2-(dimethylamino)cyclopentyl]amino}-5-(trifluoromethyl)pyrimidin-2-yl]amino}-N-methylbenzenesulfonamide	17980	2.835158e-05	147	1.847429935905492	False
Ivosidenib	15739	2.7089704e-05	148	1.8599974864898832	False
Tetrandrine	15736	2.6940355e-05	149	1.8725650370742741	False
Omadacycline	14465	2.677712e-05	150	1.8851325876586653	False
Sulfamethizole	14199	2.6118856e-05	151	1.8977001382430563	False
(1E)-5-(1-piperidin-4-yl-3-pyridin-4-yl-1H-pyrazol-4-yl)-2,3-dihydro-1H-inden-1-one oxime	17511	2.599045e-05	152	1.9102676888274475	False
Guaiacol	17378	2.4098288e-05	153	1.9228352394118389	False
Technetium Tc-99m mebrofenin	20245	2.3606022e-05	154	1.9354027899962298	False
DADLE	20241	2.2931268e-05	155	1.9479703405806208	False
Vismodegib	14401	2.2718019e-05	156	1.960537891165012	False
Metronidazole	14980	2.1620292e-05	157	1.973105441749403	False
Vancomycin	14185	2.1600612e-05	158	1.9856729923337941	False
Lomerizine	15735	2.0871952e-05	159	1.998240542918185	False
Sulfaphenazole	15216	2.0309115e-05	160	2.0108080935025763	False
Rimexolone	14031	2.0258723e-05	161	2.0233756440869675	False
Bosentan	15446	1.9913516e-05	162	2.0359431946713586	False
Artemisinin	15873	1.9738796e-05	163	2.04851074525575	False
Crizotinib	15027	1.9542615e-05	164	2.061078295840141	False
Difluprednate	15582	1.9520021e-05	165	2.0736458464245318	False
Isavuconazonium	15573	1.9413035e-05	166	2.086213397008923	False
Sulfapyridine	15780	1.8811643e-05	167	2.098780947593314	False
P-(2'-Iodo-5'-Thenoyl)Hydrotropic Acid	15997	1.8794268e-05	168	2.111348498177705	False
Alpelisib	15675	1.8372008e-05	169	2.123916048762096	False
Cobicistat	15034	1.7738888e-05	170	2.1364835993464877	False
PLX-4720	17509	1.7723518e-05	171	2.1490511499308784	False
Etravirine	15566	1.7595861e-05	172	2.1616187005152696	False
HM-30181	18402	1.7397519e-05	173	2.174186251099661	False
Cenobamate	14377	1.7358838e-05	174	2.1867538016840515	False
Dabrafenib	15603	1.7174856e-05	175	2.1993213522684427	False
4-Piperidino-Piperidine	19396	1.6651675e-05	176	2.211888902852834	False
Eltrombopag	15354	1.6607872e-05	177	2.224456453437225	False
Dantron	14366	1.6253169e-05	178	2.2370240040216163	False
Fluindione	15800	1.6183012e-05	179	2.2495915546060075	False
N,N-DIMETHYL(5-(PYRIDIN-3-YL)FURAN-2-YL)METHANAMINE	19492	1.614352e-05	180	2.2621591051903986	False
Gestodene	15023	1.6004442e-05	181	2.2747266557747894	False
(R)-warfarin	14395	1.5292731e-05	182	2.2872942063591806	False
Nitroaspirin	16008	1.5158756e-05	183	2.2998617569435718	False
2-[1-(4-chlorobenzoyl)-5-methoxy-2-methyl-1H-indol-3-yl]-n-[(1S)-1-(hydroxymethyl)propyl]acetamide	16002	1.5104382e-05	184	2.3124293075279625	False
Nilotinib	15187	1.4907216e-05	185	2.3249968581123537	False
Bamet-UD2	20242	1.4846733e-05	186	2.3375644086967453	False
4,4'-DIPYRIDYL DISULFIDE	19495	1.4791716e-05	187	2.350131959281136	False
Ombitasvir	15811	1.4531861e-05	188	2.3626995098655272	False
Topiroxostat	14352	1.4131091e-05	189	2.3752670604499184	False
4-(quinolin-3-ylmethyl)piperidine-1-carboxylic acid	19220	1.410177e-05	190	2.3878346110343096	False
N-{3-[5-(1H-1,2,4-triazol-3-yl)-1H-indazol-3-yl]phenyl}furan-2-carboxamide	19846	1.3656106e-05	191	2.4004021616187003	False
Sulfamethazine	14344	1.34479815e-05	192	2.4129697122030915	False
Alectinib	17030	1.3348001e-05	193	2.4255372627874827	False
Halometasone	15062	1.3252655e-05	194	2.438104813371874	False
Artemether	15022	1.3159484e-05	195	2.450672363956265	False
Lemborexant	15052	1.3104893e-05	196	2.4632399145406563	False
Ciclesonide	14036	1.2904985e-05	197	2.475807465125047	False
Paritaprevir	15040	1.2839604e-05	198	2.488375015709438	False
Lumacaftor	14427	1.2528478e-05	199	2.5009425662938294	False
Deferasirox	15338	1.2456995e-05	200	2.51351011687822	False
Sulfadiazine	15438	1.2454953e-05	201	2.5260776674626113	False
ISS-1018	18727	1.2260526e-05	202	2.5386452180470025	False
Opicapone	15812	1.2148396e-05	203	2.5512127686313937	False
Flurbiprofen Methyl Ester	15998	1.2043058e-05	204	2.563780319215785	False
12-(2-hydroxyethyl)-2-(1-methylethoxy)-13,14-dihydronaphtho[2,1-a]pyrrolo[3,4-c]carbazol-5(12H)-one	20034	1.1864991e-05	205	2.576347869800176	False
Naproxen	14238	1.1778858e-05	206	2.5889154203845672	False
Levomenol	20247	1.1263269e-05	207	2.601482970968958	False
Ifosfamide	14608	1.0981614e-05	208	2.614050521553349	False
Ertugliflozin	14455	1.0803446e-05	209	2.6266180721377403	False
Repaglinide	14259	1.0789268e-05	210	2.639185622722131	False
Mefenamic acid	14236	1.077771e-05	211	2.6517531733065227	False
Beraprost	15810	1.0581969e-05	212	2.664320723890914	False
Emopamil	15734	1.0467198e-05	213	2.6768882744753046	False
Cyclohexyl-pentyl-maltoside	19694	1.0393273e-05	214	2.689455825059696	False
Beclomethasone dipropionate	14018	1.0260773e-05	215	2.702023375644087	False
Avatrombopag	15799	1.0241524e-05	216	2.714590926228478	False
Gadobenic acid	14225	1.0112394e-05	217	2.727158476812869	False
Technetium Tc-99m tetrofosmin	14555	1.0048763e-05	218	2.73972602739726	False
Lynestrenol	15688	1.0010953e-05	219	2.7522935779816518	False
Mitiglinide	15878	9.85934e-06	220	2.7648611285660425	False
Netupitant	15227	9.638191e-06	221	2.7774286791504337	False
Technetium Tc-99m oxidronate	14416	9.55768e-06	222	2.789996229734825	False
Fusidic acid	15180	9.250857e-06	223	2.8025637803192156	False
Ceritinib	15613	9.201778e-06	224	2.815131330903607	False
Fluprednidene	15031	9.198216e-06	225	2.827698881487998	False
Lopinavir	14346	9.005902e-06	226	2.840266432072389	False
Iodipamide	14365	8.9157975e-06	227	2.8528339826567803	False
Dexverapamil	15733	8.8125735e-06	228	2.8654015332411715	False
Phenol	17377	8.810304e-06	229	2.8779690838255623	False
Cortisone	15071	8.515666e-06	230	2.8905366344099535	False
Upadacitinib	15269	8.450558e-06	231	2.9031041849943446	False
Debromohymenialdisine	17725	8.446731e-06	232	2.915671735578736	False
Fidaxomicin	15595	8.344194e-06	233	2.9282392861631266	False
Mometasone furoate	15064	8.320101e-06	234	2.9408068367475177	False
Ginsenoside Rg1	19724	8.303613e-06	235	2.9533743873319094	False
Doravirine	15056	8.262104e-06	236	2.9659419379163	False
Ibrutinib	14411	8.102417e-06	237	2.9785094885006913	False
Gefitinib	14155	8.021061e-06	238	2.9910770390850825	False
Phenylacetic acid	15765	7.911603e-06	239	3.0036445896694732	False
Resiquimod	16505	7.827891e-06	240	3.0162121402538644	False
Triclabendazole	14796	7.811932e-06	241	3.0287796908382556	False
Nifurtimox	14454	7.696689e-06	242	3.041347241422647	False
Hydrocortisone phosphate	14045	7.645349e-06	243	3.0539147920070375	False
Sitaxentan	15562	7.6031265e-06	244	3.066482342591429	False
Phenprocoumon	14265	7.539809e-06	245	3.0790498931758203	False
2-[1-(4-chlorobenzoyl)-5-methoxy-2-methyl-1H-indol-3-yl]-n-[(1R)-1-(hydroxymethyl)propyl]acetamide	16000	7.4895715e-06	246	3.091617443760211	False
Patent Blue	17380	7.433471e-06	247	3.1041849943446023	False
Azapropazone	14390	7.2508133e-06	248	3.1167525449289935	False
Selumetinib	14449	7.2111407e-06	249	3.1293200955133846	False
Avibactam	20272	7.184637e-06	250	3.1418876460977754	False
Ketorolac	15774	7.1526633e-06	251	3.154455196682167	False
3-CARBOXY-4-METHYL-5-PROPYL-2-FURANPROPIONIC	14391	7.1165814e-06	252	3.1670227472665577	False
Bosutinib	15572	7.1148575e-06	253	3.179590297850949	False
Sitagliptin	15501	7.049687e-06	254	3.1921578484353397	False
Sincalide	20286	7.0483293e-06	255	3.204725399019731	False
Etodolac	14227	7.0392816e-06	256	3.2172929496041225	False
Fosaprepitant	15578	7.0033375e-06	257	3.2298605001885132	False
Diltiazem	14163	6.8255504e-06	258	3.2424280507729044	False
Nystatin	20238	6.741497e-06	259	3.254995601357295	False
Entrectinib	15673	6.71321e-06	260	3.267563151941687	False
Ritonavir	14184	6.7084043e-06	261	3.2801307025260775	False
Potassium alum	14414	6.6447074e-06	262	3.2926982531104687	False
TG100-115	18873	6.6409634e-06	263	3.3052658036948594	False
Boceprevir	15028	6.5819913e-06	264	3.317833354279251	False
Erythromycin	14936	6.557831e-06	265	3.3304009048636423	False
CHGN111	19115	6.437693e-06	266	3.342968455448033	False
Imiquimod	15461	6.306522e-06	267	3.3555360060324246	False
Sodium lauryl sulfate	14243	6.277624e-06	268	3.3681035566168154	False
Lutein	14129	6.2043573e-06	269	3.3806711072012066	False
Hydrocortamate	15463	6.1859478e-06	270	3.3932386577855973	False
Velpatasvir	15655	6.14049e-06	271	3.405806208369989	False
Cortisone acetate	15003	6.1184937e-06	272	3.4183737589543792	False
Clocortolone acetate	15069	6.08825e-06	273	3.430941309538771	False
3-[3-(3-methyl-6-{[(1S)-1-phenylethyl]amino}-1H-pyrazolo[4,3-c]pyridin-1-yl)phenyl]propanamide	19741	6.0874545e-06	274	3.4435088601231625	False
Dolutegravir	15846	6.061438e-06	275	3.456076410707553	False
(1S,7S,8S,8AR)-1,2,3,7,8,8A-HEXAHYDRO-7-METHYL-8-[2-[(2R,4R)-TETRAHYDRO-4-HY DROXY-6-OXO-2H-PYRAN-2-YL]ETHYL]-1-NAPHTHALENOL	19397	6.0252387e-06	276	3.4686439612919444	False
Ambroxol acefyllinate	15897	5.9968397e-06	277	3.481211511876335	False
(3-Chloro-4-Propoxy-Phenyl)-Acetic Acid	15995	5.821935e-06	278	3.4937790624607263	False
Propiolactone	14431	5.815076e-06	279	3.506346613045117	False
O-acetyl-L-serine	15990	5.715033e-06	280	3.5189141636295087	False
Amprenavir	14966	5.7122047e-06	281	3.5314817142139	False
Fluocortolone	15032	5.683595e-06	282	3.5440492647982906	False
Fluocinonide	14033	5.665185e-06	283	3.5566168153826823	False
Clobetasol propionate	14032	5.6325875e-06	284	3.569184365967073	False
Duvelisib	15671	5.6145195e-06	285	3.581751916551464	False
Cefiderocol	14495	5.5864525e-06	286	3.594319467135855	False
Dofequidar	18400	5.5495902e-06	287	3.6068870177202466	False
Pradigastat	20276	5.4456787e-06	288	3.6194545683046373	False
Hydrocortisone aceponate	14041	5.444526e-06	289	3.6320221188890285	False
Hydrocortisone cypionate	14044	5.3639474e-06	290	3.64458966947342	False
Telaprevir	14375	5.3553495e-06	291	3.657157220057811	False
Lifitegrast	15798	5.327928e-06	292	3.669724770642202	False
St. John's Wort	15163	5.303908e-06	293	3.682292321226593	False
Fluprednidene acetate	15066	5.2541877e-06	294	3.694859871810984	False
Taurochenodeoxycholic acid	15592	5.216274e-06	295	3.7074274223953747	False
S,R-Warfarin alcohol	14397	5.178564e-06	296	3.7199949729797663	False
2-Bromoacetyl Group	15994	5.1267466e-06	297	3.7325625235641575	False
Cefotetan	14335	5.1130805e-06	298	3.7451300741485483	False
Trametinib	15602	5.068696e-06	299	3.75769762473294	False
Gemfibrozil	14324	5.0457775e-06	300	3.7702651753173306	False
Gadofosveset trisodium	14386	5.031545e-06	301	3.782832725901722	False
Afatinib	17356	4.9761084e-06	302	3.7954002764861126	False
Rifabutin	15452	4.9094097e-06	303	3.807967827070504	False
5,6-Dihydro-Benzo[H]Cinnolin-3-Ylamine	19108	4.8480974e-06	304	3.820535377654895	False
Meprednisone	14432	4.8370366e-06	305	3.833102928239286	False
Prednylidene	15060	4.8299567e-06	306	3.8456704788236777	False
K-00546	17219	4.766848e-06	307	3.8582380294080685	False
Chlorambucil	14740	4.698969e-06	308	3.8708055799924597	False
Selexipag	15642	4.666107e-06	309	3.8833731305768504	False
Lonafarnib	15017	4.648833e-06	310	3.8959406811612416	False
Odanacatib	15575	4.6358214e-06	311	3.9085082317456323	False
Lefamulin	15697	4.6194973e-06	312	3.921075782330024	False
2-[4-[4-[(5-cyclopropyl-1H-pyrazol-3-yl)amino]quinazolin-2-yl]iminocyclohexa-2,5-dien-1-yl]acetonitrile	19958	4.589269e-06	313	3.9336433329144147	False
Sulfamerazine	14343	4.515694e-06	314	3.946210883498806	False
Metacycline	14261	4.51114e-06	315	3.9587784340831975	False
Lovastatin	14135	4.4534463e-06	316	3.9713459846675883	False
Gallopamil	15699	4.434857e-06	317	3.9839135352519794	False
Delamanid	14445	4.40385e-06	318	3.99648108583637	False
Telithromycin	15478	4.332017e-06	319	4.009048636420761	False
Idelalisib	15033	4.316618e-06	320	4.0216161870051526	False
Dasabuvir	15235	4.309938e-06	321	4.034183737589544	False
Troleandomycin	15059	4.197694e-06	322	4.046751288173935	False
3-[3-chloro-5-(5-{[(1S)-1-phenylethyl]amino}isoxazolo[5,4-c]pyridin-3-yl)phenyl]propan-1-ol	19740	4.1688786e-06	323	4.059318838758326	False
Fluticasone furoate	14038	4.157682e-06	324	4.071886389342717	False
5-[(2-methyl-5-{[3-(trifluoromethyl)phenyl]carbamoyl}phenyl)amino]pyridine-3-carboxamide	19981	4.073095e-06	325	4.0844539399271085	False
Hydrocortisone butyrate	14043	4.045494e-06	326	4.0970214905115	False
Lobeglitazone	15373	4.04025e-06	327	4.10958904109589	False
Acetrizoic acid	14430	4.0276277e-06	328	4.122156591680282	False
Cefpiramide	14169	4.0081472e-06	329	4.134724142264672	False
Voxilaprevir	15392	3.997745e-06	330	4.1472916928490635	False
Asunaprevir	15043	3.9169013e-06	331	4.159859243433455	False
Neratinib	14456	3.8761373e-06	332	4.172426794017846	False
Vinflunine	14446	3.8258454e-06	333	4.184994344602237	False
Fluconazole	14935	3.824904e-06	334	4.197561895186628	False
Zaltoprofen	14613	3.7620189e-06	335	4.210129445771019	False
Enzalutamide	14408	3.7508955e-06	336	4.22269699635541	False
Simvastatin	14961	3.7330417e-06	337	4.235264546939802	False
Prednisone acetate	15068	3.5990201e-06	338	4.247832097524192	False
Glipizide	14293	3.590412e-06	339	4.260399648108583	False
Istradefylline	14452	3.554903e-06	340	4.272967198692975	False
Cloprednol	15063	3.5477974e-06	341	4.285534749277366	False
Indoxyl sulfate	14393	3.4540417e-06	342	4.298102299861757	False
Suprofen	14252	3.4488444e-06	343	4.310669850446148	False
Tasosartan	15505	3.4197737e-06	344	4.323237401030539	False
Prednicarbate	15486	3.4164066e-06	345	4.33580495161493	False
Dexamethasone isonicotinate	15041	3.4005827e-06	346	4.348372502199322	False
Hydrocortisone	14028	3.309745e-06	347	4.360940052783713	False
Glycochenodeoxycholic Acid	20229	3.2952635e-06	348	4.373507603368103	False
Pradefovir mesylate	19386	3.2644787e-06	349	4.386075153952495	False
Ivacaftor	14400	3.2578635e-06	350	4.398642704536885	False
Tylosin	15650	3.2307141e-06	351	4.411210255121277	False
Aprepitant	15455	3.2161552e-06	352	4.423777805705668	False
Vicriviroc	15021	3.2127923e-06	353	4.436345356290059	False
Terbinafine	14250	3.1758407e-06	354	4.44891290687445	False
Grazoprevir	14443	3.119953e-06	355	4.461480457458841	False
Clindamycin	14545	3.1194945e-06	356	4.4740480080432325	False
Raltegravir	15859	3.1181917e-06	357	4.486615558627624	False
Copanlisib	14467	3.1174545e-06	358	4.499183109212015	False
Hydrocortisone valerate	14047	3.074918e-06	359	4.511750659796405	False
R,S-Warfarin alcohol	14396	3.0578574e-06	360	4.524318210380797	False
Azithromycin	15419	3.0527933e-06	361	4.536885760965188	False
Nelfinavir	14134	3.0140636e-06	362	4.549453311549579	False
Cyclophosphamide	14954	3.0097065e-06	363	4.562020862133971	False
Roxithromycin	15464	2.9966666e-06	364	4.574588412718361	False
Olodaterol	15797	2.9712035e-06	365	4.587155963302752	False
Pitavastatin	14402	2.95712e-06	366	4.5997235138871435	False
Prasugrel	14379	2.9539633e-06	367	4.612291064471535	False
SNS-314	18266	2.9449454e-06	368	4.624858615055925	False
Nitrofurantoin	15273	2.879814e-06	369	4.637426165640317	False
Praziquantel	14986	2.8589543e-06	370	4.649993716224707	False
Posaconazole	15502	2.7879207e-06	371	4.6625612668090985	False
Hydrocortisone probutate	14046	2.7522838e-06	372	4.675128817393491	False
Proguanil	15145	2.7357294e-06	373	4.687696367977881	False
Cortivazol	15058	2.6989085e-06	374	4.700263918562272	False
Chlortetracycline	14415	2.6732716e-06	375	4.712831469146663	False
Melengestrol acetate	15070	2.6524808e-06	376	4.7253990197310545	False
Valbenazine	15050	2.600587e-06	377	4.737966570315446	False
Regorafenib	15599	2.595879e-06	378	4.750534120899837	False
Baloxavir marboxil	15730	2.5953987e-06	379	4.763101671484227	False
Luliconazole	15604	2.5721529e-06	380	4.775669222068619	False
Loxoprofen	15816	2.5496502e-06	381	4.78823677265301	False
Delavirdine	14967	2.5488234e-06	382	4.800804323237401	False
Dimethyl sulfoxide	14063	2.4905116e-06	383	4.813371873821792	False
Pretomanid	15547	2.4882918e-06	384	4.825939424406183	False
Cerivastatin	14947	2.4790213e-06	385	4.838506974990574	False
Tipranavir	15130	2.461393e-06	386	4.851074525574965	False
Ginsenoside Rb1	19723	2.445534e-06	387	4.863642076159357	False
DPDPE	20285	2.4444055e-06	388	4.876209626743748	False
Oritavancin	14370	2.4386497e-06	389	4.888777177328139	False
Clofazimine	14247	2.4370129e-06	390	4.90134472791253	False
Elexacaftor	14499	2.39621e-06	391	4.9139122784969205	False
Cobimetinib	14765	2.3814498e-06	392	4.9264798290813125	False
Clobetasone	15703	2.368124e-06	393	4.939047379665703	False
Banoxantrone	15545	2.3657853e-06	394	4.951614930250094	False
1-(biphenyl-4-ylmethyl)-1H-imidazole	19695	2.3134012e-06	395	4.964182480834485	False
Rolapitant	15238	2.2697316e-06	396	4.976750031418876	False
Fluprednisolone	15639	2.260277e-06	397	4.989317582003268	False
Temsirolimus	15012	2.25072e-06	398	5.001885132587659	False
Sodium aurothiomalate	15860	2.2334818e-06	399	5.01445268317205	False
2-((9H-PURIN-6-YLTHIO)METHYL)-5-CHLORO-3-(2-METHOXYPHENYL)QUINAZOLIN-4(3H)-ONE	18874	2.2120212e-06	400	5.02702023375644	False
Lesinurad	15653	2.2081094e-06	401	5.039587784340832	False
N-{4-METHYL-3-[(3-PYRIMIDIN-4-YLPYRIDIN-2-YL)AMINO]PHENYL}-3-(TRIFLUOROMETHYL)BENZAMIDE	19507	2.1755059e-06	402	5.052155334925223	False
Amphotericin B	15456	2.1635224e-06	403	5.064722885509614	False
Apixaban	15019	2.1618682e-06	404	5.077290436094005	False
Promegestone	15715	2.1576664e-06	405	5.089857986678396	False
Naftopidil	15677	2.1276148e-06	406	5.102425537262787	False
Foretinib	15896	2.127414e-06	407	5.1149930878471785	False
Flurithromycin	15705	2.1227245e-06	408	5.12756063843157	False
Carboxyamidotriazole	15672	2.0864652e-06	409	5.140128189015961	False
Dexniguldipine	15737	2.0822272e-06	410	5.152695739600352	False
(S)-Warfarin	15732	2.0405791e-06	411	5.165263290184742	False
3,5-diiodothyropropionic acid	15694	2.0348928e-06	412	5.1778308407691345	False
Otilonium	15713	2.0340701e-06	413	5.190398391353526	False
Cethromycin	15016	2.0335542e-06	414	5.202965941937916	False
Clobetasol	15047	2.0231762e-06	415	5.215533492522308	False
Atazanavir	14296	1.9994416e-06	416	5.228101043106698	False
Hydroxy-Phenyl-Acetic Acid 8-Methyl-8-Aza-Bicyclo[3.2.1]Oct-3-Yl Ester	19395	1.9944766e-06	417	5.2406685936910895	False
Eslicarbazepine	15741	1.9841486e-06	418	5.253236144275481	False
Calanolide A	15540	1.9786423e-06	419	5.265803694859872	False
Rilpivirine	14403	1.9754898e-06	420	5.278371245444262	False
KOS-1584	15554	1.9720978e-06	421	5.290938796028654	False
6-CHLORO-3-(3-METHYLISOXAZOL-5-YL)-4-PHENYLQUINOLIN-2(1H)-ONE	17895	1.9444362e-06	422	5.303506346613045	False
Enrasentan	16052	1.9292163e-06	423	5.316073897197436	False
Candicidin	15488	1.9168517e-06	424	5.328641447781828	False
Ezetimibe	15477	1.9023303e-06	425	5.341208998366218	False
Prednisolone hemisuccinate	15065	1.8911893e-06	426	5.353776548950609	False
Tenapanor	15048	1.8859266e-06	427	5.3663440995350005	False
Selpercatinib	15752	1.8701834e-06	428	5.378911650119392	False
Nomegestrol acetate	15729	1.8591013e-06	429	5.391479200703783	False
Filgotinib	15768	1.8582026e-06	430	5.404046751288174	False
Vemurafenib	14405	1.8210666e-06	431	5.416614301872565	False
Efavirenz	14209	1.8202886e-06	432	5.429181852456956	False
Retapamulin	15499	1.8105276e-06	433	5.441749403041348	False
Debrisoquine	15183	1.7806486e-06	434	5.454316953625738	False
Lomitapide	15591	1.7769776e-06	435	5.46688450421013	False
Fluticasone	14040	1.7696159e-06	436	5.47945205479452	False
Caroverine	15722	1.7633862e-06	437	5.492019605378911	False
Talinolol	15245	1.7619019e-06	438	5.5045871559633035	False
Suvorexant	15611	1.7573324e-06	439	5.517154706547694	False
Erlotinib	14187	1.7263957e-06	440	5.529722257132085	False
6-O-benzylguanine	15669	1.7215767e-06	441	5.542289807716476	False
Midecamycin	15711	1.7157498e-06	442	5.554857358300867	False
Glasdegib	14461	1.7044512e-06	443	5.567424908885258	False
Quingestanol	15717	1.7034404e-06	444	5.57999245946965	False
Terodiline	15718	1.6962233e-06	445	5.59256001005404	False
Dihydroergocryptine	15708	1.6771622e-06	446	5.605127560638431	False
Alfentanil	14239	1.6706618e-06	447	5.617695111222823	False
Udenafil	15011	1.6581414e-06	448	5.630262661807214	False
Eperisone	15607	1.6236094e-06	449	5.642830212391605	False
Niludipine	15634	1.6208493e-06	450	5.655397762975996	False
Darodipine	15631	1.6188026e-06	451	5.667965313560387	False
Trastuzumab emtansine	15008	1.6097687e-06	452	5.680532864144778	False
Pioglitazone	14306	1.6067457e-06	453	5.6931004147291695	False
Torasemide	14133	1.5949232e-06	454	5.705667965313561	False
Norethindrone enanthate	15744	1.5946267e-06	455	5.718235515897952	False
Fendiline	15606	1.5925567e-06	456	5.730803066482343	False
5-androstenedione	15512	1.5912664e-06	457	5.743370617066733	False
Sagopilone	15686	1.5860818e-06	458	5.7559381676511245	False
Tilmicosin	15649	1.5859199e-06	459	5.768505718235516	False
Uric acid	20267	1.5701858e-06	460	5.781073268819907	False
Desonide	15500	1.5682732e-06	461	5.793640819404298	False
Mirvetuximab Soravtansine	15689	1.5632992e-06	462	5.806208369988689	False
Sunitinib	15002	1.55761e-06	463	5.8187759205730805	False
Sacubitril	16786	1.5531525e-06	464	5.831343471157472	False
Riociguat	14409	1.5491762e-06	465	5.843911021741863	False
Lusutrombopag	14699	1.5469499e-06	466	5.856478572326253	False
Kitasamycin	15637	1.5413231e-06	467	5.869046122910645	False
Dexamethasone acetate	14493	1.5406089e-06	468	5.8816136734950355	False
Doramectin	15644	1.5400859e-06	469	5.894181224079427	False
Mebendazole	15867	1.5294933e-06	470	5.906748774663819	False
Dalfopristin	15522	1.5239343e-06	471	5.919316325248209	False
6-Deoxyerythronolide B	15529	1.5225137e-06	472	5.9318838758326	False
Mepartricin	15716	1.4929773e-06	473	5.944451426416991	False
Mestranol	15507	1.4836027e-06	474	5.957018977001383	False
Rifaximin	15496	1.4831116e-06	475	5.969586527585773	False
Etynodiol	15724	1.4759142e-06	476	5.982154078170165	False
Metamizole	15532	1.4743092e-06	477	5.994721628754555	False
Chloroquine	14206	1.4564217e-06	478	6.0072891793389465	False
CPG 10101	18728	1.4411022e-06	479	6.0198567299233385	False
Darolutamide	14470	1.4264008e-06	480	6.032424280507729	False
Esomeprazole	15462	1.4223216e-06	481	6.04499183109212	False
Venetoclax	15654	1.420642e-06	482	6.057559381676511	False
Hydrocortisone acetate	14042	1.3977076e-06	483	6.070126932260902	False
Bedaquiline	15600	1.3970666e-06	484	6.082694482845294	False
Bencyclane	15712	1.3942475e-06	485	6.095262033429685	False
4-(4-Chlorophenyl)Imidazole	19693	1.3811419e-06	486	6.107829584014075	False
Rabeprazole	15144	1.3572056e-06	487	6.120397134598467	False
Edoxudine	14473	1.3550808e-06	488	6.132964685182858	False
Gliclazide	14303	1.3505871e-06	489	6.145532235767249	False
Fluticasone propionate	14020	1.3358125e-06	490	6.158099786351641	False
Selamectin	15647	1.3300972e-06	491	6.170667336936031	False
Cabozantinib	15596	1.3234404e-06	492	6.183234887520422	False
Terguride	15709	1.3215964e-06	493	6.195802438104813	False
Mirococept	19619	1.3209651e-06	494	6.2083699886892045	False
Carbomycin	15643	1.3120185e-06	495	6.220937539273596	False
Indalpine	15605	1.3073522e-06	496	6.233505089857987	False
Rifampicin	14286	1.301297e-06	497	6.246072640442378	False
Voriconazole	14602	1.2960085e-06	498	6.258640191026769	False
Miocamycin	15704	1.2954772e-06	499	6.27120774161116	False
Fluprednisolone acetate	15743	1.2917416e-06	500	6.283775292195551	False
Cisapride	14958	1.2868468e-06	501	6.296342842779942	False
(+)-2-(4-biphenyl)propionic acid	15992	1.2819141e-06	502	6.308910393364334	False
Lidoflazine	15720	1.2670048e-06	503	6.321477943948725	False
Mometasone	14970	1.266059e-06	504	6.3340454945331155	False
Tranilast	15586	1.2617716e-06	505	6.346613045117507	False
Tildipirosin	15648	1.2343919e-06	506	6.359180595701898	False
Naveglitazar	16632	1.2333329e-06	507	6.371748146286289	False
Danoprevir	15663	1.2237758e-06	508	6.384315696870679	False
5-CYANO-FURAN-2-CARBOXYLIC ACID [5-HYDROXYMETHYL-2-(4-METHYL-PIPERIDIN-1-YL)-PHENYL]-AMIDE	17894	1.2120588e-06	509	6.3968832474550705	False
Montelukast	14599	1.2046203e-06	510	6.409450798039462	False
Laquinimod	15576	1.204131e-06	511	6.422018348623854	False
Acetic Acid Salicyloyl-Amino-Ester	15996	1.1965562e-06	512	6.434585899208245	False
Nomegestrol	15658	1.1777998e-06	513	6.447153449792635	False
Anastrozole	14997	1.1745178e-06	514	6.4597210003770265	False
Enfortumab vedotin	15701	1.1719624e-06	515	6.472288550961418	False
Natamycin	15469	1.1589295e-06	516	6.484856101545809	False
Pantoprazole	15420	1.1538169e-06	517	6.497423652130199	False
Methoxsalen	15303	1.1535507e-06	518	6.50999120271459	False
Ixazomib	15240	1.1488025e-06	519	6.522558753298982	False
Ticagrelor	14399	1.1458483e-06	520	6.535126303883374	False
Methaqualone	15535	1.1406618e-06	521	6.547693854467765	False
Fluvoxamine	15073	1.1357153e-06	522	6.560261405052155	False
Leucovorin	20274	1.128005e-06	523	6.572828955636546	False
Octreotide	14127	1.1262777e-06	524	6.585396506220937	False
Teniposide	14948	1.1030755e-06	525	6.5979640568053295	False
Hyaluronidase (ovine)	14126	1.0972473e-06	526	6.610531607389719	False
Avapritinib	15750	1.0964167e-06	527	6.62309915797411	False
Phosphonotyrosine	17284	1.0734971e-06	528	6.635666708558502	False
Methoxy arachidonyl fluorophosphonate	19218	1.0541171e-06	529	6.648234259142893	False
Lurbinectedin	14468	1.0509091e-06	530	6.6608018097272845	False
Remacemide	15568	1.0472164e-06	531	6.673369360311675	False
Daidzin	16466	1.0467681e-06	532	6.685936910896066	False
Dirithromycin	15476	1.0406377e-06	533	6.698504461480457	False
Solithromycin	15636	1.0398322e-06	534	6.711072012064849	False
Dexamethasone	14320	1.029293e-06	535	6.723639562649239	False
Dronabinol	14598	1.0288044e-06	536	6.736207113233631	False
Indirubin	19692	1.0237434e-06	537	6.748774663818022	False
(5R)-5-(4-{[(2R)-6-HYDROXY-2,5,7,8-TETRAMETHYL-3,4-DIHYDRO-2H-CHROMEN-2-YL]METHOXY}BENZYL)-1,3-THIAZOLIDINE-2,4-DIONE	14571	1.0189676e-06	538	6.761342214402413	False
Diphenadione	15707	1.018442e-06	539	6.773909764986804	False
Chloramphenicol	14949	1.0109493e-06	540	6.786477315571195	False
Fosamprenavir	15503	1.0054111e-06	541	6.799044866155586	False
trans-2-hydroxycinnamic acid	20275	1.0014151e-06	542	6.811612416739978	False
Benzocaine	15763	9.980647e-07	543	6.824179967324369	False
Avasimibe	15357	9.82834e-07	544	6.8367475179087585	False
Muraglitazar	15359	9.755371e-07	545	6.8493150684931505	False
Triheptanoin	14448	9.736438e-07	546	6.861882619077542	False
1-Tert-Butyl-3-(4-Chloro-Phenyl)-1h-Pyrazolo[3,4-D]Pyrimidin-4-Ylamine	17844	9.7192e-07	547	6.874450169661933	False
Methylprednisolone hemisuccinate	15067	9.630294e-07	548	6.887017720246325	False
Fexofenadine	14266	9.546999e-07	549	6.899585270830714	False
Rifalazil	15544	9.396343e-07	550	6.912152821415106	False
Elvitegravir	15619	9.3757717e-07	551	6.924720371999498	False
Becaplermin	16583	9.361727e-07	552	6.937287922583889	False
Epofolate	15682	9.3378486e-07	553	6.94985547316828	False
Tylvalosin	15652	9.328084e-07	554	6.96242302375267	False
Dacomitinib	14460	9.323264e-07	555	6.9749905743370615	False
1-(4-IODOBENZOYL)-5-METHOXY-2-METHYL INDOLE-3-ACETIC ACID	16001	9.2645007e-07	556	6.987558124921453	False
Penfluridol	15721	9.248822e-07	557	7.000125675505845	False
Teriflunomide	15366	9.1602953e-07	558	7.012693226090234	False
Equilenin	15527	9.134665e-07	559	7.025260776674626	False
1-Dodecanol	19219	9.125749e-07	560	7.037828327259017	False
(9Z,11E,13S)-13-hydroxyoctadeca-9,11-dienoic acid	16613	9.1015164e-07	561	7.050395877843409	False
Chlorhexidine	14253	8.982408e-07	562	7.0629634284278	False
Saracatinib	15665	8.951972e-07	563	7.07553097901219	False
Difluocortolone	15037	8.9452817e-07	564	7.088098529596581	False
Zileuton	14226	8.926031e-07	565	7.100666080180973	False
Arformoterol	15160	8.67415e-07	566	7.1132336307653645	False
Lapatinib	15000	8.6286155e-07	567	7.125801181349754	False
Ataluren	14769	8.569554e-07	568	7.138368731934146	False
Atovaquone	15485	8.5529877e-07	569	7.150936282518537	False
Piperaquine	15726	8.497336e-07	570	7.163503833102928	False
Tezacaftor	15045	8.398956e-07	571	7.17607138368732	False
Pinacidil	15580	8.311879e-07	572	7.18863893427171	False
Acetylsalicylic acid	15781	8.2373856e-07	573	7.201206484856101	False
4-(3-{[5-(trifluoromethyl)pyridin-2-yl]oxy}benzyl)piperidine-1-carboxylic acid	19221	8.201586e-07	574	7.213774035440493	False
Tadalafil	14971	8.118754e-07	575	7.226341586024884	False
Camptothecin	14364	8.0044407e-07	576	7.238909136609275	False
(S)-3-(4-(2-Carbazol-9-Yl-Ethoxy)-Phenyl)-2-Ethoxy-Propionic Acid	16608	7.9511e-07	577	7.251476687193666	False
Tofacitinib	14407	7.9492884e-07	578	7.264044237778057	False
(4S,5E,7Z,10Z,13Z,16Z,19Z)-4-hydroxydocosa-5,7,10,13,16,19-hexaenoic acid	16615	7.929307e-07	579	7.276611788362448	False
Pentamidine	14696	7.8823956e-07	580	7.28917933894684	False
Clarithromycin	14995	7.8412717e-07	581	7.30174688953123	False
Tezosentan	16053	7.743195e-07	582	7.314314440115622	False
1-[5-Methyl-2-(trifluoromethyl)furan-3-yl]-3-[5-[2-[[6-(1H-1,2,4-triazol-5-ylamino)pyrimidin-4-yl]amino]ethyl]-1,3-thiazol-2-yl]urea	19742	7.725051e-07	583	7.326881990700013	False
Melengestrol	15651	7.673477e-07	584	7.339449541284404	False
Bicalutamide	15143	7.647775e-07	585	7.352017091868794	False
Trimethoprim	15299	7.640835e-07	586	7.364584642453186	False
Formestane	15601	7.622763e-07	587	7.377152193037577	False
(5E,14E)-11-oxoprosta-5,9,12,14-tetraen-1-oic acid	16628	7.574175e-07	588	7.389719743621968	False
Saquinavir	14319	7.5507074e-07	589	7.40228729420636	False
Indinavir	14939	7.4582846e-07	590	7.414854844790749	False
2-{5-[3-(7-PROPYL-3-TRIFLUOROMETHYLBENZO[D]ISOXAZOL-6-YLOXY)PROPOXY]INDOL-1-YL}ETHANOIC ACID	16614	7.378926e-07	591	7.4274223953751415	False
(2S)-2-(biphenyl-4-yloxy)-3-phenylpropanoic acid	16625	7.339876e-07	592	7.439989945959533	False
Lorvotuzumab mertansine	15676	7.308221e-07	593	7.452557496543924	False
Imatinib	14207	7.294566e-07	594	7.465125047128315	False
Axitinib	15020	7.2724845e-07	595	7.477692597712705	False
Irinotecan	14231	7.2129245e-07	596	7.4902601482970965	False
Vardenafil	14974	7.1177226e-07	597	7.502827698881489	False
Hydroxyprogesterone caproate	15026	6.9611076e-07	598	7.51539524946588	False
Osimertinib	15377	6.94042e-07	599	7.52796280005027	False
Biricodar	17751	6.888294e-07	600	7.540530350634661	False
Chlormadinone	15714	6.869086e-07	601	7.5530979012190524	False
XL281	16043	6.735828e-07	602	7.565665451803444	False
Flavone	18612	6.733285e-07	603	7.578233002387835	False
Romidepsin	15009	6.722845e-07	604	7.590800552972225	False
Prasterone sulfate	14672	6.667017e-07	605	7.603368103556616	False
Acetohexamide	14166	6.6543316e-07	606	7.615935654141008	False
Eslicarbazepine acetate	15620	6.5840425e-07	607	7.6285032047253996	False
(5R,6E,8Z,11Z,14Z,17Z)-5-hydroxyicosa-6,8,11,14,17-pentaenoic acid	16616	6.4784376e-07	608	7.64107075530979	False
Lercanidipine	14953	6.398127e-07	609	7.653638305894181	False
Ambroxol	15579	6.318595e-07	610	7.666205856478572	False
Grapiprant	14469	6.296999e-07	611	7.678773407062963	False
Colchicine	14338	6.2741543e-07	612	7.6913409576473555	False
Meloxicam	14242	6.238398e-07	613	7.703908508231745	False
Fluvastatin	14987	6.230217e-07	614	7.716476058816137	False
Baricitinib	15666	6.219294e-07	615	7.729043609400528	False
Arhalofenate	16631	6.2080585e-07	616	7.741611159984919	False
Clomethiazole	15570	6.168171e-07	617	7.75417871056931	False
Avanafil	15561	6.1124587e-07	618	7.766746261153701	False
6-(3-AMINOPROPYL)-4,9-DIMETHYLPYRROLO[3,4-C]CARBAZOLE-1,3(2H,6H)-DIONE	19109	6.0589997e-07	619	7.779313811738092	False
Cabazitaxel	15025	6.0360924e-07	620	7.791881362322483	False
Trabectedin	14612	6.0098307e-07	621	7.804448912906875	False
Estrone	14211	5.9502236e-07	622	7.817016463491265	False
Rifamycin	14451	5.9060477e-07	623	7.829584014075657	False
Macitentan	14410	5.8829653e-07	624	7.842151564660048	False
Aliskiren	15609	5.845708e-07	625	7.854719115244439	False
Letrozole	14277	5.780072e-07	626	7.867286665828829	False
Abivertinib	17721	5.774193e-07	627	7.879854216413221	False
Olaparib	15036	5.7565273e-07	628	7.892421766997612	False
Dexloxiglumide	15005	5.657884e-07	629	7.904989317582004	False
9(S)-HODE	16619	5.64129e-07	630	7.917556868166395	False
Diacerein	16723	5.6071553e-07	631	7.930124418750785	False
Cefonicid	14333	5.5727014e-07	632	7.9426919693351765	False
Lumefantrine	15213	5.528733e-07	633	7.955259519919568	False
Tesmilifene	15190	5.485112e-07	634	7.967827070503959	False
1-(3-HYDROXYPROPYL)-2-[(3-NITROBENZOYL)AMINO]-1H-BENZIMIDAZOL-5-YL PIVALATE	20026	5.468988e-07	635	7.980394621088351	False
3-FLUORO-N-[1-(4-FLUOROPHENYL)-3-(2-THIENYL)-1H-PYRAZOL-5-YL]BENZENESULFONAMIDE	16629	5.454653e-07	636	7.99296217167274	False
(2S)-2-(4-ethylphenoxy)-3-phenylpropanoic acid	16623	5.3956205e-07	637	8.005529722257132	False
Simeprevir	14382	5.3079583e-07	638	8.018097272841523	False
Rivaroxaban	15010	5.2511393e-07	639	8.030664823425916	False
Itraconazole	14992	5.2208145e-07	640	8.043232374010305	False
Ponatinib	15030	5.2203364e-07	641	8.055799924594696	False
Favipiravir	14466	5.215062e-07	642	8.068367475179087	False
SPP1148	16811	5.2123823e-07	643	8.080935025763479	False
Dasatinib	14794	5.1973666e-07	644	8.09350257634787	False
Voxelotor	15747	5.0892635e-07	645	8.106070126932261	False
Pazopanib	15205	5.0470106e-07	646	8.118637677516652	False
(2S)-2-(4-chlorophenoxy)-3-phenylpropanoic acid	16630	5.0305283e-07	647	8.131205228101043	False
Encorafenib	15243	5.018113e-07	648	8.143772778685435	False
Nevirapine	14138	4.9617415e-07	649	8.156340329269824	False
WIN 55212-2	15727	4.9450756e-07	650	8.168907879854217	False
Indacaterol	15546	4.908769e-07	651	8.181475430438608	False
Primaquine	14790	4.86241e-07	652	8.194042981023	False
1-tert-butyl-3-(3-methylbenzyl)-1H-pyrazolo[3,4-d]pyrimidin-4-amine	20033	4.8589516e-07	653	8.20661053160739	False
Ipecac	15256	4.845467e-07	654	8.21917808219178	False
3-[5-(2-nitropent-1-en-1-yl)furan-2-yl]benzoic acid	16626	4.7912454e-07	655	8.231745632776171	False
ORE-1001	19651	4.7665617e-07	656	8.244313183360564	False
Acenocoumarol	14341	4.7350463e-07	657	8.256880733944955	False
Enasidenib	15263	4.725532e-07	658	8.269448284529345	False
Talazoparib	19030	4.6908198e-07	659	8.282015835113736	False
Rhein	15255	4.6850258e-07	660	8.294583385698127	False
Palbociclib	14412	4.635914e-07	661	8.307150936282518	False
Celecoxib	15101	4.4424755e-07	662	8.31971848686691	False
Temocapril	16697	4.403114e-07	663	8.3322860374513	False
Myrrh	15894	4.3703696e-07	664	8.344853588035692	False
Fosphenytoin	14330	4.3267633e-07	665	8.357421138620083	False
(8E,10S,12Z)-10-hydroxy-6-oxooctadeca-8,12-dienoic acid	16617	4.3022442e-07	666	8.369988689204474	False
Ethinylestradiol	14270	4.292699e-07	667	8.382556239788865	False
Obeticholic acid	15352	4.2816967e-07	668	8.395123790373257	False
Piroxicam	14191	4.2766527e-07	669	8.407691340957648	False
Digitoxin	14339	4.2242408e-07	670	8.420258891542039	False
RAF-265	17044	4.2173295e-07	671	8.43282644212643	False
Morphine	14150	4.2166943e-07	672	8.44539399271082	False
Halofantrine	14998	4.190041e-07	673	8.457961543295212	False
Fluocinolone acetonide	14021	4.1663364e-07	674	8.470529093879604	False
Bivatuzumab	18613	4.144967e-07	675	8.483096644463995	False
2-({6-[(3-Chlorophenyl)amino]-9-isopropyl-9H-purin-2-yl}amino)ethanol	20002	4.1293904e-07	676	8.495664195048384	False
Landiolol	15248	4.110703e-07	677	8.508231745632775	False
Vadimezan	15355	4.0803044e-07	678	8.520799296217167	False
Selinexor	15670	4.0430226e-07	679	8.533366846801558	False
Ebastine	15660	4.0318716e-07	680	8.54593439738595	False
Epanolol	15261	4.023479e-07	681	8.55850194797034	False
Lorcaserin	15188	3.987994e-07	682	8.571069498554731	False
Anisodamine	15246	3.982179e-07	683	8.583637049139123	False
Hyperforin	15991	3.969825e-07	684	8.596204599723514	False
Lumiracoxib	15329	3.9689544e-07	685	8.608772150307905	False
Tazemetostat	15698	3.949965e-07	686	8.621339700892296	False
Ethanolamine	19450	3.9491624e-07	687	8.633907251476687	False
Tertatolol	15262	3.9068254e-07	688	8.646474802061078	False
Rokitamycin	15710	3.9058006e-07	689	8.65904235264547	False
Warfarin	14216	3.875842e-07	690	8.67160990322986	False
Methsuximide	15837	3.8460064e-07	691	8.684177453814252	False
Cloranolol	15258	3.826656e-07	692	8.696745004398643	False
Difloxacin	15384	3.802011e-07	693	8.709312554983034	False
Staurosporine	16318	3.7825396e-07	694	8.721880105567426	False
Methylprednisone	15700	3.7741796e-07	695	8.734447656151815	False
Ripretinib	14494	3.7705496e-07	696	8.747015206736206	False
Troglitazone	14813	3.7449874e-07	697	8.759582757320599	False
Enalapril	14200	3.697589e-07	698	8.77215030790499	False
Clopidogrel	14969	3.6815652e-07	699	8.78471785848938	False
Triamcinolone	14023	3.6590373e-07	700	8.79728540907377	False
Midostaurin	15018	3.643872e-07	701	8.809852959658162	False
Darglitazone	16633	3.635992e-07	702	8.822420510242553	False
XL765	18872	3.5621412e-07	703	8.834988060826946	False
Nitroprusside	15866	3.5551093e-07	704	8.847555611411336	False
(8R,9Z,12Z)-8-hydroxy-6-oxooctadeca-9,12-dienoic acid	16618	3.5469037e-07	705	8.860123161995727	False
Lansoprazole	14786	3.532075e-07	706	8.872690712580118	False
Quinupristin	15508	3.5172044e-07	707	8.88525826316451	False
Megestrol acetate	15435	3.4873017e-07	708	8.8978258137489	False
Prucalopride	14384	3.4155e-07	709	8.910393364333292	False
Dovitinib	15351	3.414702e-07	710	8.922960914917683	False
Sorafenib	14945	3.4050177e-07	711	8.935528465502074	False
Cabotegravir	20269	3.3568892e-07	712	8.948096016086465	False
Cilostazol	14991	3.351525e-07	713	8.960663566670855	False
Liotrix	14064	3.2923253e-07	714	8.973231117255247	False
Mifepristone	14973	3.2881832e-07	715	8.985798667839639	False
Ticlopidine	14771	3.284673e-07	716	8.99836621842403	False
Rosuvastatin	14298	3.282168e-07	717	9.01093376900842	False
5-ethoxy-4-(1-methyl-7-oxo-3-propyl-6,7-dihydro-1H-pyrazolo[4,3-d]pyrimidin-5-yl)thiophene-2-sulfonamide	16556	3.2684832e-07	718	9.02350131959281	False
Remdesivir	15267	3.2062619e-07	719	9.036068870177202	False
Isoniazid	14267	3.17593e-07	720	9.048636420761595	False
Sirolimus	14975	3.1445202e-07	721	9.061203971345986	False
N,4-Dimethyl-N-(1-phenyl-1H-pyrazol-5-yl)benzenesulfonamide	19715	3.1416724e-07	722	9.073771521930375	False
Trimethadione	15434	3.1202458e-07	723	9.086339072514766	False
Loteprednol etabonate	14754	3.110738e-07	724	9.098906623099158	False
Loratadine	14950	3.0891627e-07	725	9.111474173683549	False
Omeprazole	14785	3.0454723e-07	726	9.124041724267942	False
Fentanyl	14241	3.0445923e-07	727	9.136609274852331	False
Flurbiprofen	14219	3.0421108e-07	728	9.149176825436722	False
N-naphthalen-1-ylmethyl-2'-[3,5-dimethoxybenzamido]-2'-deoxy-adenosine	17615	3.023499e-07	729	9.161744376021113	False
N-(2-chloro-6-methylphenyl)-8-[(3S)-3-methylpiperazin-1-yl]imidazo[1,5-a]quinoxalin-4-amine	17880	3.0085823e-07	730	9.174311926605505	False
Phenylbutazone	15465	3.000505e-07	731	9.186879477189896	False
AMG-131	16610	2.982827e-07	732	9.199447027774287	False
Novobiocin	20234	2.9801603e-07	733	9.212014578358678	False
Abiraterone	14376	2.9532683e-07	734	9.22458212894307	False
Apremilast	15349	2.9447156e-07	735	9.23714967952746	False
Indenolol	15224	2.9218248e-07	736	9.24971723011185	False
Taribavirin	16752	2.8995626e-07	737	9.262284780696243	False
Sulfamethoxazole	14279	2.8975722e-07	738	9.274852331280634	False
(+)-Rutamarin alcohol	17614	2.8752234e-07	739	9.287419881865025	False
Purvalanol A	17861	2.862889e-07	740	9.299987432449415	False
Clotrimazole	15084	2.80083e-07	741	9.312554983033806	False
5,6-DIPHENYL-N-(2-PIPERAZIN-1-YLETHYL)FURO[2,3-D]PYRIMIDIN-4-AMINE	17877	2.7428248e-07	742	9.325122533618197	False
Technetium Tc-99m tilmanocept	20181	2.7230482e-07	743	9.33769008420259	False
Tolbutamide	14304	2.7033263e-07	744	9.350257634786981	False
Curcumin sulfate	14757	2.6701454e-07	745	9.36282518537137	False
Tacrolimus	14251	2.6571797e-07	746	9.375392735955762	False
Eprinomectin	15645	2.6491537e-07	747	9.387960286540153	False
Oleandomycin	15646	2.6370168e-07	748	9.400527837124544	False
Enclomiphene	15217	2.5996198e-07	749	9.413095387708935	False
Aceclofenac	15794	2.5993322e-07	750	9.425662938293327	False
Tucatinib	14708	2.593261e-07	751	9.438230488877718	False
Azelastine	14983	2.590695e-07	752	9.450798039462109	False
Bortezomib	15077	2.5903665e-07	753	9.4633655900465	False
Glimepiride	15770	2.5837988e-07	754	9.475933140630891	False
Ospemifene	15191	2.5545054e-07	755	9.488500691215283	False
Adenosine phosphate	14632	2.553592e-07	756	9.501068241799674	False
Argatroban	14146	2.5382133e-07	757	9.513635792384065	False
Abametapir	15390	2.5362849e-07	758	9.526203342968454	False
Levothyroxine	14060	2.528684e-07	759	9.538770893552845	False
Modafinil	14968	2.5252524e-07	760	9.551338444137238	False
Tiagabine	15472	2.5196618e-07	761	9.56390599472163	False
Lenvatinib	15230	2.5172793e-07	762	9.57647354530602	False
Phenelzine	14884	2.492065e-07	763	9.58904109589041	False
Diflunisal	14062	2.486121e-07	764	9.601608646474801	False
Delafloxacin	14459	2.4691934e-07	765	9.614176197059193	False
Echinacea	15738	2.4393793e-07	766	9.626743747643584	False
Mizolastine	15251	2.4187253e-07	767	9.639311298227977	False
Buprenorphine	14981	2.4134948e-07	768	9.651878848812366	False
Annamycin	17664	2.409459e-07	769	9.664446399396757	False
ethyl 3-[(E)-2-amino-1-cyanoethenyl]-6,7-dichloro-1-methyl-1H-indole-2-carboxylate	19116	2.4048674e-07	770	9.677013949981148	False
Tenofovir alafenamide	14428	2.395958e-07	771	9.68958150056554	False
Naloxegol	15228	2.394277e-07	772	9.70214905114993	False
Tazobactam	20265	2.3858843e-07	773	9.714716601734322	False
Pravastatin	17407	2.382862e-07	774	9.727284152318713	False
Benzyl alcohol	14638	2.367107e-07	775	9.739851702903104	False
Testosterone	14208	2.347168e-07	776	9.752419253487496	False
Paramethadione	15453	2.3392842e-07	777	9.764986804071887	False
Daunorubicin	14789	2.324808e-07	778	9.777554354656278	False
Sotatercept	19630	2.3209203e-07	779	9.79012190524067	False
5,5-dimethyl-2-morpholin-4-yl-5,6-dihydro-1,3-benzothiazol-7(4H)-one	18876	2.3033485e-07	780	9.80268945582506	False
Lidocaine	14940	2.2979752e-07	781	9.81525700640945	False
Ripasudil	18311	2.2908922e-07	782	9.827824556993841	False
Ixabepilone	15539	2.2690423e-07	783	9.840392107578232	False
Digoxin	15840	2.2668667e-07	784	9.852959658162625	False
Trifarotene	15696	2.2533607e-07	785	9.865527208747016	False
1-methyl-3-naphthalen-2-yl-1H-pyrazolo[3,4-d]pyrimidin-4-amine	18878	2.2479647e-07	786	9.878094759331406	False
Thenoyltrifluoroacetone	16541	2.2405037e-07	787	9.890662309915797	False
Hexatantalum Dodecabromide	19966	2.2368403e-07	788	9.903229860500188	False
XL999	16492	2.2367975e-07	789	9.91579741108458	False
Ethosuximide	15449	2.2256349e-07	790	9.92836496166897	False
Technetium Tc-99m sestamibi	20233	2.2221694e-07	791	9.940932512253362	False
Vinpocetine	15679	2.2135819e-07	792	9.953500062837753	False
Oxiconazole	15422	2.2046261e-07	793	9.966067613422144	False
Indapamide	14240	2.1985058e-07	794	9.978635164006535	False
Deoxycholic acid	17797	2.1768852e-07	795	9.991202714590926	False
Phenylbutyric acid	15218	2.1586511e-07	796	10.003770265175318	False
Amsacrine	16301	2.1511319e-07	797	10.016337815759709	False
(2S)-2-ETHOXY-3-{4-[2-(10H-PHENOXAZIN-10-YL)ETHOXY]PHENYL}PROPANOIC ACID	16621	2.1409927e-07	798	10.0289053663441	False
9-aminocamptothecin	15690	2.1046482e-07	799	10.04147291692849	False
Vincristine	14955	2.089443e-07	800	10.05404046751288	False
Levosalbutamol	15254	2.0155277e-07	801	10.066608018097273	False
Abemaciclib	14462	2.0040277e-07	802	10.079175568681665	False
Edaravone	20270	1.9968354e-07	803	10.091743119266056	False
Granisetron	15471	1.9911553e-07	804	10.104310669850445	False
Bucindolol	15253	1.9802174e-07	805	10.116878220434836	False
Paclitaxel	14792	1.9800227e-07	806	10.129445771019228	False
Fedratinib	15250	1.9788996e-07	807	10.14201332160362	False
Atorvastatin	14297	1.906088e-07	808	10.15458087218801	False
Rucaparib	15057	1.9001894e-07	809	10.167148422772401	False
Oliceridine	15268	1.898092e-07	810	10.179715973356792	False
Wortmannin	18181	1.8871864e-07	811	10.192283523941184	False
Olaratumab	17893	1.8708903e-07	812	10.204851074525575	False
Albendazole	15302	1.8670136e-07	813	10.217418625109966	False
Vecuronium	17649	1.8440325e-07	814	10.229986175694357	False
Risdiplam	14498	1.838808e-07	815	10.242553726278748	False
Saxagliptin	15013	1.8130818e-07	816	10.25512127686314	False
Selegiline	15138	1.805202e-07	817	10.26768882744753	False
Reversine	19563	1.7888834e-07	818	10.280256378031922	False
4-(4-METHYLPIPERAZIN-1-YL)-N-[5-(2-THIENYLACETYL)-1,5-DIHYDROPYRROLO[3,4-C]PYRAZOL-3-YL]BENZAMIDE	18268	1.788718e-07	819	10.292823928616313	False
Oxamniquine	15142	1.7880886e-07	820	10.305391479200704	False
Piperine	15693	1.7842015e-07	821	10.317959029785095	False
Doripenem	14798	1.7773745e-07	822	10.330526580369485	False
Armodafinil	15015	1.7740687e-07	823	10.343094130953876	False
Sulfanilamide	15085	1.7657877e-07	824	10.355661681538269	False
Piperacillin	20262	1.7596821e-07	825	10.36822923212266	False
Metoprine	19344	1.7572604e-07	826	10.380796782707051	False
3-(2-AMINOQUINAZOLIN-6-YL)-4-METHYL-N-[3-(TRIFLUOROMETHYL)PHENYL]BENZAMIDE	17875	1.743198e-07	827	10.39336433329144	False
N-(5-{4-Chloro-3-[(2-hydroxyethyl)sulfamoyl]phenyl}-4-methyl-1,3-thiazol-2-yl)acetamide	18875	1.7410365e-07	828	10.405931883875832	False
Aminoglutethimide	15437	1.7391413e-07	829	10.418499434460223	False
Noscapine	15556	1.7267003e-07	830	10.431066985044616	False
Hydroxyprogesterone	15740	1.7128285e-07	831	10.443634535629005	False
Rosiglitazone	14165	1.7043213e-07	832	10.456202086213397	False
Pirfenidone	14371	1.6792093e-07	833	10.468769636797788	False
Doxycycline	15425	1.6722544e-07	834	10.481337187382179	False
{4-[(2S)-2-Acetamido-3-({(1S)-1-[3-carbamoyl-4-(cyclohexylmethoxy)phenyl]ethyl}amino)-3-oxopropyl]-2-phosphonophenoxy}acetic acid	17874	1.6717568e-07	835	10.49390473796657	False
Tenoxicam	15775	1.6668298e-07	836	10.506472288550961	False
Glisoxepide	15785	1.6667217e-07	837	10.519039839135353	False
XL844	19511	1.6666502e-07	838	10.531607389719744	False
Phenacetin	15181	1.6645598e-07	839	10.544174940304135	False
Ridaforolimus	15560	1.6570839e-07	840	10.556742490888524	False
Silibinin	15861	1.654873e-07	841	10.569310041472917	False
2,3-DIPHENYL-N-(2-PIPERAZIN-1-YLETHYL)FURO[2,3-B]PYRIDIN-4-AMINE	17876	1.6416752e-07	842	10.581877592057308	False
Volanesorsen	20170	1.6256391e-07	843	10.5944451426417	False
Sparteine	15215	1.6193275e-07	844	10.60701269322609	False
Ursodeoxycholic acid	15822	1.6131851e-07	845	10.61958024381048	False
Tafamidis	17023	1.6004954e-07	846	10.632147794394871	False
Norgestimate	14268	1.5990368e-07	847	10.644715344979264	False
Clinafloxacin	15266	1.5827213e-07	848	10.657282895563656	False
5-QUINOXALIN-6-YLMETHYLENE-THIAZOLIDINE-2,4-DIONE	18871	1.5741499e-07	849	10.669850446148045	False
Halcinonide	15583	1.5718953e-07	850	10.682417996732436	False
Crisaborole	15791	1.571465e-07	851	10.694985547316827	False
Liothyronine	14059	1.5255351e-07	852	10.707553097901219	False
Tretinoin	14229	1.5239007e-07	853	10.720120648485612	False
Ivermectin	15450	1.5177108e-07	854	10.732688199070001	False
Toremifene	15444	1.5037614e-07	855	10.745255749654392	False
Bis-1,2-{[(Z)-2-carboxy-2-methyl-1,3-dioxane]-5-yloxycarbamoyl}-ethane	18820	1.4859799e-07	856	10.757823300238783	False
Quinine	14951	1.4758268e-07	857	10.770390850823174	False
Nateglinide	14222	1.4739646e-07	858	10.782958401407566	False
Cefotiam	20261	1.4731454e-07	859	10.795525951991957	False
Zaleplon	14982	1.4646659e-07	860	10.808093502576348	False
Dorsomorphin	16778	1.4503921e-07	861	10.82066105316074	False
Nintedanib	14413	1.4495029e-07	862	10.83322860374513	False
N-(2-chlorophenyl)-5-phenylimidazo[1,5-a]pyrazin-8-amine	17878	1.44929e-07	863	10.84579615432952	False
Oxandrolone	15777	1.4475924e-07	864	10.858363704913913	False
Thiabendazole	15307	1.4432007e-07	865	10.870931255498304	False
BIS-1,2-{[(Z)-2CARBOXY-2-METHYL-1,3-DIOXANE]-5-YLOXYCARBONYL}-PIPERAZINE	18821	1.4015087e-07	866	10.883498806082695	False
OSI-461	16553	1.3945798e-07	867	10.896066356667086	False
Naldemedine	15880	1.3916303e-07	868	10.908633907251476	False
Sildenafil	14937	1.3842286e-07	869	10.921201457835867	False
Ketoconazole	14281	1.3803792e-07	870	10.93376900842026	False
9-HYDROXY-4-PHENYL-6H-PYRROLO[3,4-C]CARBAZOLE-1,3-DIONE	19485	1.3726603e-07	871	10.946336559004651	False
Hydrocortisone succinate	14732	1.3563034e-07	872	10.95890410958904	False
Linaclotide	19650	1.3383051e-07	873	10.971471660173432	False
Ditiocarb	15004	1.3341342e-07	874	10.984039210757823	False
Cenisertib	18267	1.3266929e-07	875	10.996606761342214	False
Testosterone cypionate	14476	1.3212836e-07	876	11.009174311926607	False
Ibuprofen	14287	1.2983476e-07	877	11.021741862510996	False
Ouabain	17626	1.2959995e-07	878	11.034309413095388	False
(5R)-2-sulfanyl-5-[4-(trifluoromethyl)benzyl]-1,3-thiazol-4(5H)-one	20025	1.2637811e-07	879	11.046876963679779	False
Fenofibrate	14284	1.2606357e-07	880	11.05944451426417	False
2'-Deoxy-2'-[(3,5-dimethoxybenzoyl)amino]-N-[(1R)-1,2,3,4-tetrahydro-1-naphthalenyl]adenosine	17616	1.2515079e-07	881	11.072012064848561	False
Eplerenone	14965	1.2504962e-07	882	11.084579615432952	False
1-(2-Phenylethyl)-4-phenyl-4-acetoxypiperidine	15172	1.2412146e-07	883	11.097147166017344	False
Indisulam	15202	1.2409068e-07	884	11.109714716601735	False
Clascoterone	15249	1.24001e-07	885	11.122282267186126	False
Sofosbuvir	14714	1.2352864e-07	886	11.134849817770515	False
Rimegepant	15687	1.2302758e-07	887	11.147417368354908	False
Tolcapone	15772	1.2173976e-07	888	11.1599849189393	False
3-(5-methoxy-1H-indol-3-yl)propanoic acid	16622	1.2173803e-07	889	11.17255246952369	False
Eliglustat	15226	1.2158661e-07	890	11.18512002010808	False
Timolol	15095	1.2146423e-07	891	11.197687570692471	False
Tecovirimat	15862	1.2140168e-07	892	11.210255121276862	False
Quinapril	14255	1.2121959e-07	893	11.222822671861255	False
MLN0415	18694	1.2115464e-07	894	11.235390222445647	False
Cefacetrile	20264	1.2094591e-07	895	11.247957773030036	False
Desogestrel	14151	1.209037e-07	896	11.260525323614427	False
Lacosamide	15559	1.2031525e-07	897	11.273092874198818	False
Silver	17379	1.1995813e-07	898	11.28566042478321	False
AP-22408	17873	1.199157e-07	899	11.2982279753676	False
Edoxaban	16667	1.1914499e-07	900	11.310795525951992	False
Nilutamide	15272	1.18676994e-07	901	11.323363076536383	False
Dihydrocodeine	15171	1.1828885e-07	902	11.335930627120774	False
Progesterone	14685	1.1699875e-07	903	11.348498177705165	False
Domperidone	14994	1.16623994e-07	904	11.361065728289557	False
Bupivacaine	15088	1.1655094e-07	905	11.373633278873948	False
Auranofin	14274	1.15831035e-07	906	11.386200829458339	False
Tamoxifen	14213	1.15783315e-07	907	11.39876838004273	False
Binimetinib	15391	1.1494957e-07	908	11.411335930627121	False
Safinamide	14904	1.1470242e-07	909	11.42390348121151	False
Prenylamine	15533	1.1428259e-07	910	11.436471031795904	False
Niclosamide	15365	1.1397925e-07	911	11.449038582380295	False
Astemizole	14960	1.13942725e-07	912	11.461606132964686	False
Naloxone	14314	1.1337032e-07	913	11.474173683549076	False
Cefaloridine	20268	1.1303186e-07	914	11.486741234133467	False
beta-D-Ribose-5-phosphate	19154	1.12358656e-07	915	11.499308784717858	False
Tipifarnib	19293	1.119616e-07	916	11.511876335302249	False
Flutamide	14787	1.1170542e-07	917	11.524443885886642	False
Fludrocortisone	14027	1.1124849e-07	918	11.537011436471031	False
XL820	16584	1.1082048e-07	919	11.549578987055423	False
Vandetanib	14373	1.1034886e-07	920	11.562146537639814	False
5-methyltetrahydrofolic acid	15955	1.09548594e-07	921	11.574714088224205	False
9-ACETYL-2,3,4,9-TETRAHYDRO-1H-CARBAZOL-1-ONE	20031	1.0943938e-07	922	11.587281638808596	False
Diclofenac	14061	1.0922751e-07	923	11.599849189392987	False
Erdafitinib	15680	1.0810146e-07	924	11.612416739977379	False
Thalidomide	14606	1.0781133e-07	925	11.62498429056177	False
Gadoxetic acid	20244	1.07340846e-07	926	11.637551841146161	False
Rhodamine 6G	20232	1.0621947e-07	927	11.650119391730552	False
Methylene blue	14424	1.0589903e-07	928	11.662686942314943	False
Propylthiouracil	14640	1.02698635e-07	929	11.675254492899334	False
Remoxipride	14580	1.01479316e-07	930	11.687822043483726	False
1-(5-{2-[(1-methyl-1H-pyrazolo[4,3-d]pyrimidin-7-yl)amino]ethyl}-1,3-thiazol-2-yl)-3-[3-(trifluoromethyl)phenyl]urea	18271	1.0102105e-07	931	11.700389594068115	False
Glyburide	14280	1.0099273e-07	932	11.712957144652506	False
Hydroxyzine	14193	1.00649665e-07	933	11.725524695236897	False
Icotinib	15046	9.989059e-08	934	11.73809224582129	False
Azimilide	15007	9.946871e-08	935	11.750659796405682	False
Brentuximab vedotin	15594	9.85216e-08	936	11.763227346990071	False
Potassium perchlorate	14433	9.762485e-08	937	11.775794897574462	False
Siponimod	15685	9.7512626e-08	938	11.788362448158853	False
4-(2-chlorophenyl)-8-(2-hydroxyethyl)-6-methylpyrrolo[3,4-e]indole-1,3(2H,6H)-dione	19488	9.702118e-08	939	11.800929998743245	False
SKF-91488	19345	9.686162e-08	940	11.813497549327638	False
Oxytetracycline	14201	9.5636956e-08	941	11.826065099912027	False
Minocycline	15914	9.5548344e-08	942	11.838632650496418	False
Caspofungin	15443	9.553869e-08	943	11.85120020108081	False
Leflunomide	15324	9.549751e-08	944	11.8637677516652	False
Oxymetholone	14383	9.449662e-08	945	11.876335302249592	False
Dabigatran etexilate	14650	9.4137185e-08	946	11.888902852833983	False
Protoporphyrin Ix Containing Co	15993	9.373013e-08	947	11.901470403418374	False
Oxycodone	14182	9.292784e-08	948	11.914037954002765	False
N-[4-(2-CHLOROPHENYL)-1,3-DIOXO-1,2,3,6-TETRAHYDROPYRROLO[3,4-C]CARBAZOL-9-YL]FORMAMIDE	19487	9.247026e-08	949	11.926605504587156	False
Bazedoxifene	15881	9.2405905e-08	950	11.939173055171546	False
Bezafibrate	15510	9.2353396e-08	951	11.951740605755939	False
Triethyl phosphate	19508	9.215421e-08	952	11.96430815634033	False
CLX-0921	16611	9.18622e-08	953	11.976875706924721	False
Alogliptin	15198	9.143741e-08	954	11.98944325750911	False
Esterified estrogens	14519	9.140184e-08	955	12.002010808093502	False
Aminophenazone	14687	9.0788674e-08	956	12.014578358677893	False
Hesperidin	19562	9.027428e-08	957	12.027145909262286	False
Minoxidil	15855	8.9460265e-08	958	12.039713459846677	False
Thiotepa	14868	8.935419e-08	959	12.052281010431066	False
Black cohosh	15264	8.858227e-08	960	12.064848561015458	False
Estradiol	14235	8.85701e-08	961	12.077416111599849	False
MK-1775	19491	8.835581e-08	962	12.08998366218424	False
MLN8054	18276	8.7674074e-08	963	12.102551212768631	False
Zomepirac	14367	8.6805656e-08	964	12.115118763353022	False
2-{5-[3-(6-BENZOYL-1-PROPYLNAPHTHALEN-2-YLOXY)PROPOXY]INDOL-1-YL}ETHANOIC ACID	16609	8.663512e-08	965	12.127686313937414	False
Vinorelbine	15092	8.5709615e-08	966	12.140253864521805	False
Mirabegron	14406	8.4997055e-08	967	12.152821415106196	False
Isotretinoin	14271	8.496528e-08	968	12.165388965690587	False
2-(4-CHLORO-PHENYLAMINO)-NICOTINIC ACID	20035	8.4467445e-08	969	12.177956516274978	False
Pexidartinib	14471	8.41993e-08	970	12.19052406685937	False
Ajmaline	14548	8.390064e-08	971	12.20309161744376	False
Vinblastine	15107	8.3666365e-08	972	12.21565916802815	False
Esatenolol	15257	8.290024e-08	973	12.228226718612541	False
3-(3-methoxybenzyl)-1H-pyrrolo[2,3-b]pyridine	19194	8.283164e-08	974	12.240794269196934	False
1-(9-ethyl-9H-carbazol-3-yl)-N-methylmethanamine	19510	8.2001804e-08	975	12.253361819781325	False
Ropivacaine	15292	8.176145e-08	976	12.265929370365717	False
L-cysteic acid	17460	8.1564096e-08	977	12.278496920950106	False
Hyaluronidase	18234	7.939282e-08	978	12.291064471534497	False
Dexchlorpheniramine	15260	7.758623e-08	979	12.303632022118888	False
Dexlansoprazole	15549	7.755649e-08	980	12.316199572703281	False
Bempedoic acid	14690	7.751508e-08	981	12.32876712328767	False
TG-100801	16019	7.740841e-08	982	12.341334673872062	False
Brigatinib	15683	7.659666e-08	983	12.353902224456453	False
Capmatinib	15388	7.612637e-08	984	12.366469775040844	False
Ivabradine	15615	7.5879065e-08	985	12.379037325625236	False
Ancestim	17285	7.5869515e-08	986	12.391604876209627	False
Pyrazolanthrone	18593	7.5663436e-08	987	12.404172426794018	False
AKI-001	18269	7.543188e-08	988	12.416739977378409	False
Alisertib	18265	7.491927e-08	989	12.4293075279628	False
Quercetin	14359	7.467916e-08	990	12.441875078547191	False
Ubrogepant	14908	7.46279e-08	991	12.454442629131583	False
Perampanel	15029	7.4607975e-08	992	12.467010179715974	False
Vigabatrin	15782	7.437113e-08	993	12.479577730300365	False
Docetaxel	14793	7.3942e-08	994	12.492145280884756	False
XL228	15964	7.267106e-08	995	12.504712831469147	False
Somapacitan	14497	7.237904e-08	996	12.517280382053539	False
Methyltestosterone	14387	7.083453e-08	997	12.529847932637928	False
Mepindolol	15259	7.036309e-08	998	12.54241548322232	False
Cyclosporine	14934	6.9821915e-08	999	12.55498303380671	False
Golotimod	16504	6.961832e-08	1000	12.567550584391102	False
Fosnetupitant	15731	6.9342676e-08	1001	12.580118134975493	False
Sphingosine	19134	6.932099e-08	1002	12.592685685559884	False
Testosterone undecanoate	14478	6.9159476e-08	1003	12.605253236144275	False
Oxetacaine	15691	6.851717e-08	1004	12.617820786728668	False
Bilastine	17259	6.790749e-08	1005	12.63038833731306	False
Finasteride	14996	6.74706e-08	1006	12.64295588789745	False
iCo-007	16044	6.74005e-08	1007	12.655523438481838	False
Polatuzumab vedotin	15681	6.719397e-08	1008	12.668090989066231	False
difluoro(5-{2-[(5-octyl-1H-pyrrol-2-yl-kappaN)methylidene]-2H-pyrrol-5-yl-kappaN}pentanoato)boron	16620	6.655252e-08	1009	12.680658539650622	False
Tetracycline	14230	6.581105e-08	1010	12.693226090235013	False
N-{3-[(4-{[3-(TRIFLUOROMETHYL)PHENYL]AMINO}PYRIMIDIN-2-YL)AMINO]PHENYL}CYCLOPROPANECARBOXAMIDE	18272	6.562215e-08	1011	12.705793640819405	False
2-tert-butyl-9-fluoro-1,6-dihydrobenzo[h]imidazo[4,5-f]isoquinolin-7-one	19315	6.5384526e-08	1012	12.718361191403796	False
Hydrocodone	15132	6.50864e-08	1013	12.730928741988187	False
Dihomo-gamma-linolenic acid	14573	6.459677e-08	1014	12.743496292572578	False
3-[(3-(2-CARBOXYETHYL)-4-METHYLPYRROL-2-YL)METHYLENE]-2-INDOLINONE	19196	6.443286e-08	1015	12.75606384315697	False
Indomethacin	14158	6.419635e-08	1016	12.768631393741359	False
Fluoxetine	14176	6.395693e-08	1017	12.78119894432575	False
Raloxifene	14179	6.355358e-08	1018	12.793766494910141	False
(5E)-5-[(2,2-DIFLUORO-1,3-BENZODIOXOL-5-YL)METHYLENE]-1,3-THIAZOLIDINE-2,4-DIONE	18877	6.333237e-08	1019	12.806334045494532	False
Propranolol	14196	6.308005e-08	1020	12.818901596078923	False
Dyclonine	16544	6.268605e-08	1021	12.831469146663316	False
Etoricoxib	15178	6.232184e-08	1022	12.844036697247708	False
Methyl 4,6-O-[(1R)-1-carboxyethylidene]-beta-D-galactopyranoside	18819	6.141511e-08	1023	12.856604247832099	False
Dexibuprofen	14419	6.12066e-08	1024	12.86917179841649	False
Medrogestone	14039	6.096682e-08	1025	12.88173934900088	False
Cupric oxide	14438	6.062463e-08	1026	12.89430689958527	False
Methimazole	15121	6.04783e-08	1027	12.906874450169662	False
Levocetirizine	14381	6.030667e-08	1028	12.919442000754053	False
Fenoprofen	14197	6.0261016e-08	1029	12.932009551338444	False
Chlorpropamide	14603	5.813479e-08	1030	12.944577101922835	False
Perhexiline	15140	5.8095882e-08	1031	12.957144652507226	False
Taurocholic acid	19111	5.784114e-08	1032	12.969712203091618	False
3-Carboxy-N,N,N-Trimethyl-2-(Octanoyloxy)Propan-1-Aminium	17057	5.744348e-08	1033	12.98227975367601	False
Riluzole	15308	5.6510956e-08	1034	12.994847304260398	False
Streptozocin	15298	5.631931e-08	1035	13.00741485484479	False
Proparacaine	16545	5.6098777e-08	1036	13.01998240542918	False
Inositol-(1,3,4,5,6)-Pentakisphosphate	20036	5.573998e-08	1037	13.032549956013572	False
Maraviroc	15536	5.5671773e-08	1038	13.045117506597965	False
Lestaurtinib	15569	5.5636846e-08	1039	13.057685057182356	False
Oxybutynin	14292	5.5126645e-08	1040	13.070252607766747	False
Dutasteride	14305	5.488743e-08	1041	13.082820158351138	False
3-(9-HYDROXY-1,3-DIOXO-4-PHENYL-2,3-DIHYDROPYRROLO[3,4-C]CARBAZOL-6(1H)-YL)PROPANOIC ACID	19489	5.4830405e-08	1042	13.09538770893553	False
Sulconazole	15219	5.453607e-08	1043	13.107955259519919	False
Bismuth subsalicylate	14115	5.448139e-08	1044	13.12052281010431	False
Ocriplasmin	18037	5.4038548e-08	1045	13.133090360688701	False
Vorapaxar	15610	5.3954814e-08	1046	13.145657911273092	False
Estradiol acetate	14479	5.386792e-08	1047	13.158225461857484	False
Fulvestrant	15474	5.343343e-08	1048	13.170793012441875	False
2-Methoxyestradiol	14529	5.3241866e-08	1049	13.183360563026266	False
Mepivacaine	16546	5.309584e-08	1050	13.195928113610659	False
Bictegravir	15664	5.2963735e-08	1051	13.20849566419505	False
Lornoxicam	15793	5.2806886e-08	1052	13.221063214779438	False
Levobupivacaine	15321	5.266757e-08	1053	13.233630765363829	False
Tegafur	14516	5.264407e-08	1054	13.24619831594822	False
Ketoprofen	14278	5.2582052e-08	1055	13.258765866532613	False
4-guanidinobenzoic acid	19017	5.2344095e-08	1056	13.271333417117004	False
Hyaluronidase (human recombinant)	18233	5.2083074e-08	1057	13.283900967701396	False
Cis-[4,5-Bis-(4-Bromophenyl)-2-(2-Ethoxy-4-Methoxyphenyl)-4,5-Dihydroimidazol-1-Yl]-[4-(2-Hydroxyethyl)Piperazin-1-Yl]Methanone	18285	5.2049806e-08	1058	13.296468518285787	False
Testosterone enanthate	14477	5.1795094e-08	1059	13.309036068870178	False
Dipyridamole	16550	5.174789e-08	1060	13.321603619454569	False
AVE9633	15564	5.1585086e-08	1061	13.334171170038958	False
Stavudine	14210	5.1561976e-08	1062	13.34673872062335	False
Balsalazide	15985	5.133588e-08	1063	13.35930627120774	False
1-{5-[2-(thieno[3,2-d]pyrimidin-4-ylamino)ethyl]-1,3-thiazol-2-yl}-3-[3-(trifluoromethyl)phenyl]urea	18270	5.129692e-08	1064	13.371873821792132	False
Tetrachlorodecaoxide	19502	5.0792412e-08	1065	13.384441372376523	False
Fluorescein	19896	5.0682285e-08	1066	13.397008922960914	False
R-348	19642	5.0460137e-08	1067	13.409576473545307	False
Mercuric iodide	17990	5.002145e-08	1068	13.422144024129699	False
Hydromorphone	14157	4.9969767e-08	1069	13.43471157471409	False
Nafcillin	14205	4.9841454e-08	1070	13.447279125298477	False
N-(2,6-dimethylphenyl)-5-phenylimidazo[1,5-a]pyrazin-8-amine	17879	4.98041e-08	1071	13.459846675882869	False
Capric acid	14357	4.965111e-08	1072	13.472414226467261	False
Mephenytoin	14505	4.9599908e-08	1073	13.484981777051653	False
Enzastaurin	17210	4.9408705e-08	1074	13.497549327636044	False
7-ethyl-10-hydroxycamptothecin	15550	4.9288033e-08	1075	13.510116878220435	False
Cefoperazone	14334	4.8705733e-08	1076	13.522684428804826	False
Alvocidib	15857	4.8625626e-08	1077	13.535251979389217	False
5-(2-hydroxyethyl)nonane-1,9-diol	19868	4.829952e-08	1078	13.547819529973609	False
Sulfinpyrazone	14574	4.8191943e-08	1079	13.560387080557998	False
Nifedipine	14301	4.818689e-08	1080	13.57295463114239	False
Enfuvirtide	15820	4.7562768e-08	1081	13.58552218172678	False
Paricalcitol	14926	4.7243333e-08	1082	13.598089732311172	False
Esketamine	15667	4.6841542e-08	1083	13.610657282895563	False
9-HYDROXY-6-(3-HYDROXYPROPYL)-4-(2-METHOXYPHENYL)PYRROLO[3,4-C]CARBAZOLE-1,3(2H,6H)-DIONE	19486	4.6800643e-08	1084	13.623224833479956	False
Ribociclib	15659	4.678823e-08	1085	13.635792384064347	False
Amoxicillin	14291	4.677672e-08	1086	13.648359934648738	False
Ceftriaxone	14318	4.668047e-08	1087	13.66092748523313	False
Conivaptan	15470	4.6662397e-08	1088	13.673495035817517	False
Peppermint oil	15379	4.6548877e-08	1089	13.68606258640191	False
Quinidine	14258	4.653672e-08	1090	13.698630136986301	False
Parecoxib	15587	4.5875744e-08	1091	13.711197687570692	False
Oxyphenbutazone	14356	4.584539e-08	1092	13.723765238155083	False
Arachidonic Acid	14362	4.532199e-08	1093	13.736332788739475	False
KX-01	15195	4.5319048e-08	1094	13.748900339323866	False
Sulfasalazine	15982	4.5192593e-08	1095	13.761467889908257	False
Licofelone	15788	4.5168726e-08	1096	13.77403544049265	False
Trastuzumab deruxtecan	14746	4.5093575e-08	1097	13.786602991077041	False
Dacarbazine	15315	4.5043112e-08	1098	13.799170541661429	False
Myricetin	18870	4.4942883e-08	1099	13.81173809224582	False
Vibegron	15746	4.4839624e-08	1100	13.824305642830211	False
Bis-Napthyl Beta-Ketophosphonic Acid	18298	4.4713815e-08	1101	13.836873193414604	False
Ruxolitinib	15597	4.4540176e-08	1102	13.849440743998995	False
4-HYDROXY-5-IODO-3-NITROPHENYLACETYL-EPSILON-AMINOCAPROIC ACID ANION	20000	4.416618e-08	1103	13.862008294583386	False
Malonate Ion	20040	4.414714e-08	1104	13.874575845167778	False
Dapivirine	21790	4.4064365e-08	1105	13.887143395752169	False
Oxalic Acid	17857	4.392993e-08	1106	13.89971094633656	False
Reboxetine	15083	4.3785374e-08	1107	13.91227849692095	False
Ertiprotafib	16257	4.3624656e-08	1108	13.92484604750534	False
Nalmefene	15879	4.342442e-08	1109	13.937413598089732	False
Onapristone	17781	4.3033438e-08	1110	13.949981148674123	False
Idarubicin	15149	4.3013742e-08	1111	13.962548699258514	False
Atenolol	14162	4.300496e-08	1112	13.975116249842905	False
Coltuximab ravtansine	15565	4.279361e-08	1113	13.987683800427298	False
Exenatide	14328	4.246229e-08	1114	14.00025135101169	False
Topotecan	15481	4.233734e-08	1115	14.01281890159608	False
Pralatrexate	14727	4.182144e-08	1116	14.025386452180468	False
Rimonabant	15555	4.1704027e-08	1117	14.03795400276486	False
Antipyrine	15167	4.152757e-08	1118	14.050521553349252	False
Casopitant	17100	4.07741e-08	1119	14.063089103933644	False
Doxorubicin	14275	4.0353296e-08	1120	14.075656654518035	False
Duloxetine	14177	4.0190677e-08	1121	14.088224205102426	False
Diethylstilbestrol	14058	3.991177e-08	1122	14.100791755686817	False
N-butyl-3-{[6-(9H-purin-6-ylamino)hexanoyl]amino}benzamide	18273	3.9740705e-08	1123	14.113359306271208	False
Zafirlukast	14601	3.9684657e-08	1124	14.1259268568556	False
Estriol	16375	3.9072084e-08	1125	14.138494407439989	False
Pimecrolimus	15432	3.8973244e-08	1126	14.15106195802438	False
Imidafenacin	14425	3.8547338e-08	1127	14.163629508608771	False
Phosphonothreonine	18108	3.850927e-08	1128	14.176197059193163	False
Siltuximab	15612	3.7926203e-08	1129	14.188764609777554	False
Posizolid	19234	3.7920632e-08	1130	14.201332160361947	False
Biotin	14782	3.78579e-08	1131	14.213899710946338	False
TBC-3711	19545	3.7850107e-08	1132	14.226467261530729	False
Magnesium salicylate	14340	3.7647137e-08	1133	14.23903481211512	False
Captopril	14317	3.7407002e-08	1134	14.251602362699508	False
Iopodic acid	14429	3.679188e-08	1135	14.2641699132839	False
Pyridoxine	14132	3.6710357e-08	1136	14.276737463868292	False
Estradiol cypionate	14481	3.653343e-08	1137	14.289305014452683	False
Niflumic acid	15843	3.6201307e-08	1138	14.301872565037074	False
Salmeterol	14263	3.5919108e-08	1139	14.314440115621466	False
Amuvatinib	16494	3.5497322e-08	1140	14.327007666205857	False
Trolamine salicylate	16005	3.5344907e-08	1141	14.339575216790248	False
Androstenedione	15514	3.5251187e-08	1142	14.35214276737464	False
AT9283	18264	3.5169588e-08	1143	14.364710317959029	False
3-[4-(1-formylpiperazin-4-yl)-benzylidenyl]-2-indolinone	17694	3.5149203e-08	1144	14.37727786854342	False
Nebivolol	14369	3.4873477e-08	1145	14.389845419127811	False
Moclobemide	14885	3.4456672e-08	1146	14.402412969712202	False
Formoterol	14272	3.4411354e-08	1147	14.414980520296595	False
Niguldipine	15633	3.3708336e-08	1148	14.427548070880986	False
Genistein	14065	3.363127e-08	1149	14.440115621465377	False
2-(1H-pyrazol-3-yl)-1H-benzimidazole	18274	3.355637e-08	1150	14.452683172049769	False
Clobutinol	20329	3.35428e-08	1151	14.46525072263416	False
Estradiol benzoate	14480	3.3439957e-08	1152	14.47781827321855	False
Methylestrenolone	20752	3.3363317e-08	1153	14.49038582380294	False
Tolfenamic acid	15627	3.32878e-08	1154	14.502953374387332	False
Ethylmorphine	15169	3.316587e-08	1155	14.515520924971723	False
Cholecalciferol	14561	3.3159413e-08	1156	14.528088475556114	False
Rupatadine	15241	3.3142346e-08	1157	14.540656026140505	False
Mequitazine	15139	3.3078813e-08	1158	14.553223576724896	False
Dapsone	14597	3.2898857e-08	1159	14.565791127309287	False
Radavirsen	21811	3.2856093e-08	1160	14.57835867789368	False
Ribostamycin	19380	3.285283e-08	1161	14.590926228478068	False
Isavuconazole	15044	3.2795043e-08	1162	14.60349377906246	False
Desoxycorticosterone pivalate	15487	3.2780036e-08	1163	14.61606132964685	False
Cilastatin	18687	3.2630822e-08	1164	14.628628880231243	False
Ulipristal	14404	3.239672e-08	1165	14.641196430815635	False
Nabiximols	14661	3.2177237e-08	1166	14.653763981400026	False
Cis-[4,5-Bis-(4-Chlorophenyl)-2-(2-Isopropoxy-4-Methoxyphenyl)-4,5-Dihyd Roimidazol-1-Yl]-Piperazin-1-Yl-Methanone	18286	3.2168032e-08	1167	14.666331531984417	False
Centella asiatica	21642	3.1921232e-08	1168	14.678899082568808	False
Clavulanic acid	20289	3.175399e-08	1169	14.6914666331532	False
Tocilizumab	15563	3.1578836e-08	1170	14.704034183737589	False
Colfosceril palmitate	20467	3.1510186e-08	1171	14.71660173432198	False
Flecainide	14316	3.1474027e-08	1172	14.729169284906371	False
Theophylline	14784	3.1440006e-08	1173	14.741736835490762	False
Factor IX Complex (Human)	20699	3.1381955e-08	1174	14.754304386075153	False
Gliquidone	15784	3.125197e-08	1175	14.766871936659545	False
Iproniazid	14893	3.116572e-08	1176	14.779439487243936	False
Phenyl salicylate	16004	3.1118855e-08	1177	14.792007037828329	False
Cannabinol	21388	3.0929264e-08	1178	14.80457458841272	False
Dolasetron	15120	3.0887346e-08	1179	14.817142138997108	False
Butoconazole	39895	3.0856608e-08	1180	14.829709689581499	False
Maduramicin	21589	3.073297e-08	1181	14.842277240165892	False
Cetirizine	17229	3.0708417e-08	1182	14.854844790750283	False
Abrilumab	21176	3.0652128e-08	1183	14.867412341334674	False
Norfloxacin	15322	3.0495492e-08	1184	14.879979891919065	False
Mofebutazone	20758	3.040895e-08	1185	14.892547442503457	False
Ibuproxam	20678	3.036826e-08	1186	14.905114993087848	False
Dithioerythritol	18842	3.0349614e-08	1187	14.917682543672239	False
Piperonyl butoxide	20527	3.0321146e-08	1188	14.93025009425663	False
Poliglusam	21940	3.0297734e-08	1189	14.94281764484102	False
Bimatoprost	14978	3.0294785e-08	1190	14.95538519542541	False
Cefamandole	20235	3.022518e-08	1191	14.967952746009802	False
Gatifloxacin	14285	3.018117e-08	1192	14.980520296594193	False
Caprylic acid	16253	3.0140324e-08	1193	14.993087847178584	False
4-phospho-L-threonic acid	20039	3.011883e-08	1194	15.005655397762977	False
MK-0873	21887	3.0008277e-08	1195	15.018222948347368	False
Glutaric Acid	20236	2.9670607e-08	1196	15.03079049893176	False
Calcitonin gene-related peptide	21918	2.961198e-08	1197	15.04335804951615	False
Aminophylline	15328	2.9583978e-08	1198	15.05592560010054	False
Cholecystokinin	16045	2.9570723e-08	1199	15.068493150684931	False
Ethenzamide	20754	2.956999e-08	1200	15.081060701269323	False
SOT-107	19373	2.953904e-08	1201	15.093628251853714	False
Benzylpenicillin	14288	2.9535718e-08	1202	15.106195802438105	False
Lanatoside C	21235	2.9480955e-08	1203	15.118763353022496	False
Elcatonin	20937	2.918293e-08	1204	15.131330903606887	False
Mitoxantrone	14791	2.9095341e-08	1205	15.143898454191278	False
Bifonazole	14820	2.909517e-08	1206	15.15646600477567	False
Drotebanol	21248	2.9050867e-08	1207	15.169033555360059	False
Entacapone	14806	2.8992522e-08	1208	15.18160110594445	False
Glycerol phenylbutyrate	14725	2.8950803e-08	1209	15.194168656528841	False
8-bromo-4-(2-chlorophenyl)-N-(2-hydroxyethyl)-6-methyl-1,3-dioxo-1,2,3,6-tetrahydropyrrolo[3,4-e]indole-7-carboxamide	19490	2.8905337e-08	1210	15.206736207113233	False
Mephenoxalone	21373	2.8893156e-08	1211	15.219303757697626	False
Methylpropylpropanediol dinitrate	21436	2.8882411e-08	1212	15.231871308282017	False
Difenoxin	20312	2.8873599e-08	1213	15.244438858866408	False
Crenezumab	21081	2.8817315e-08	1214	15.257006409450799	False
Chloroxine	20524	2.8744854e-08	1215	15.26957396003519	False
Olaptesed Pegol	21534	2.867531e-08	1216	15.28214151061958	False
E-6005	21886	2.859022e-08	1217	15.294709061203971	False
Pyrithione	20796	2.856629e-08	1218	15.307276611788362	False
Polythiazide	14331	2.8418691e-08	1219	15.319844162372753	False
Abediterol	21406	2.8279782e-08	1220	15.332411712957144	False
{[2-Amino-4-oxo-6,7-di(sulfanyl-κS)-3,5,5a,8,9a,10-hexahydro-4H-pyrano[3,2-g]pteridin-8-yl]methyl dihydrogenato(2-) phosphate}(dioxo)sulfanylmolybdenum	19423	2.8267916e-08	1221	15.344979263541536	False
KRN-7000	21711	2.825886e-08	1222	15.357546814125927	False
Zidovudine	14181	2.8231977e-08	1223	15.370114364710318	False
Harmaline	19346	2.8190273e-08	1224	15.382681915294711	False
AZD-5991	21764	2.818592e-08	1225	15.395249465879099	False
Carfilzomib	19281	2.814316e-08	1226	15.40781701646349	False
Rostaporfin	21898	2.8119391e-08	1227	15.420384567047881	False
Lasalocid	21581	2.8042264e-08	1228	15.432952117632274	False
Trazodone	14962	2.796348e-08	1229	15.445519668216665	False
Montmorillonite	20969	2.7946154e-08	1230	15.458087218801056	False
Ascorbyl phosphate	21651	2.7914135e-08	1231	15.470654769385447	False
Salicylic acid	14262	2.7844369e-08	1232	15.483222319969839	False
Tocopherylquinone	20776	2.780674e-08	1233	15.49578987055423	False
Hexapropymate	21364	2.7779068e-08	1234	15.50835742113862	False
Aldosterone	14688	2.7519919e-08	1235	15.52092497172301	False
Belotecan	20509	2.7492746e-08	1236	15.533492522307402	False
Mafosfamide	21703	2.7481944e-08	1237	15.546060072891793	False
Platelet Activating Factor	18898	2.7469472e-08	1238	15.558627623476184	False
Letaxaban	20709	2.74679e-08	1239	15.571195174060575	False
Fulranumab	21088	2.7441088e-08	1240	15.583762724644966	False
Umifenovir	15061	2.7431408e-08	1241	15.59633027522936	False
Oxyquinoline	20819	2.7421677e-08	1242	15.60889782581375	False
Phenprobamate	21337	2.7391307e-08	1243	15.621465376398138	False
Tivozanib	20597	2.7368484e-08	1244	15.63403292698253	False
Imolamine	21919	2.7336817e-08	1245	15.646600477566922	False
Terconazole	20588	2.7307685e-08	1246	15.659168028151313	False
Ethacizine	21422	2.7253778e-08	1247	15.671735578735705	False
Fexaramine	19110	2.713562e-08	1248	15.684303129320096	False
Brodalumab	20441	2.7077816e-08	1249	15.696870679904487	False
Icrucumab	21159	2.6981718e-08	1250	15.709438230488878	False
LErafAON	16042	2.6899347e-08	1251	15.72200578107327	False
Nadolol	14582	2.6829714e-08	1252	15.734573331657659	False
Etiocholanedione	19403	2.679417e-08	1253	15.74714088224205	False
KAI-1455	19596	2.6790799e-08	1254	15.759708432826441	False
Cephalothin Group	20791	2.6771184e-08	1255	15.772275983410832	False
Hydroxyamphetamine	20327	2.6749285e-08	1256	15.784843533995224	False
NAV 1800	21046	2.6725523e-08	1257	15.797411084579615	False
4-HYDROXY-3-NITROPHENYLACETYL-EPSILON-AMINOCAPROIC ACID ANION	20001	2.6692357e-08	1258	15.809978635164008	False
Talimogene laherparepvec	20474	2.6659844e-08	1259	15.822546185748399	False
Piromidic acid	20938	2.6467111e-08	1260	15.83511373633279	False
Gamithromycin	21580	2.6402827e-08	1261	15.847681286917178	False
Indocyanine green acid form	14743	2.6388781e-08	1262	15.86024883750157	False
Rusalatide acetate	20706	2.6383445e-08	1263	15.872816388085962	False
Lentinan	21753	2.6359253e-08	1264	15.885383938670353	False
(3Z)-N,N-DIMETHYL-2-OXO-3-(4,5,6,7-TETRAHYDRO-1H-INDOL-2-YLMETHYLIDENE)-2,3-DIHYDRO-1H-INDOLE-5-SULFONAMIDE	17146	2.6326541e-08	1265	15.897951489254744	False
Pomalidomide	15367	2.632112e-08	1266	15.910519039839135	False
Ceftezole	20769	2.6309724e-08	1267	15.923086590423527	False
Dalantercept	21171	2.6280535e-08	1268	15.935654141007918	False
Axelopran	21879	2.6215453e-08	1269	15.948221691592309	False
Levocarnitine	16322	2.6203155e-08	1270	15.960789242176702	False
Oseltamivir acid	21782	2.6179727e-08	1271	15.97335679276109	False
Diethyltoluamide	21935	2.6168193e-08	1272	15.98592434334548	False
Ethambutol	20402	2.6167895e-08	1273	15.998491893929872	False
Fezakinumab	21105	2.6141453e-08	1274	16.011059444514263	False
Begelomab	20927	2.6119622e-08	1275	16.023626995098656	False
Digoxin Immune Fab (Ovine)	21038	2.6072339e-08	1276	16.036194545683045	False
Salicylhydroxamic Acid	21566	2.606851e-08	1277	16.04876209626744	False
Flunoxaprofen	20449	2.6062446e-08	1278	16.06132964685183	False
Curcumin	14739	2.600058e-08	1279	16.07389719743622	False
Bolandiol	21657	2.5984518e-08	1280	16.08646474802061	False
Sulfamethoxypyridazine	21375	2.5937425e-08	1281	16.099032298605	False
Solanezumab	21071	2.5936338e-08	1282	16.111599849189393	False
Valdecoxib	15447	2.5924518e-08	1283	16.124167399773786	False
Dibekacin	21816	2.5919771e-08	1284	16.136734950358175	False
Monteplase	20715	2.5794552e-08	1285	16.149302500942568	False
Landogrozumab	21078	2.5780484e-08	1286	16.161870051526957	False
Medifoxamine	21323	2.5727825e-08	1287	16.17443760211135	False
Cefatrizine	20729	2.5683061e-08	1288	16.18700515269574	False
Hachimycin	20637	2.5629623e-08	1289	16.19957270328013	False
Ferroheme C	18295	2.5593621e-08	1290	16.212140253864522	False
Flunixin	20705	2.5581762e-08	1291	16.22470780444891	False
Arsenic trioxide	14313	2.557903e-08	1292	16.237275355033304	False
Inotuzumab ozogamicin	16558	2.556664e-08	1293	16.249842905617694	False
Vincamine	20493	2.55643e-08	1294	16.262410456202087	False
Bismuth subcarbonate	21507	2.5541832e-08	1295	16.274978006786476	False
Eluxadoline	17165	2.5405738e-08	1296	16.28754555737087	False
Nabilone	15776	2.5366662e-08	1297	16.300113107955262	False
Sulfamazone	21354	2.5269598e-08	1298	16.312680658539648	False
Pegsunercept	21532	2.516052e-08	1299	16.32524820912404	False
Tiaprofenic acid	15989	2.5129347e-08	1300	16.337815759708434	False
Magnesium oxide	20362	2.5121107e-08	1301	16.350383310292823	False
4-{[(Z)-(5-oxo-2-phenyl-1,3-oxazol-4(5H)-ylidene)methyl]amino}butanoic acid	20009	2.51189e-08	1302	16.362950860877216	False
N-[1-(AMINOMETHYL)CYCLOPROPYL]-3-(BENZYLSULFONYL)-N~2~-[(1S)-2,2,2-TRIFLUORO-1-(4-HYDROXYPHENYL)ETHYL]-L-ALANINAMIDE	18981	2.5099983e-08	1303	16.375518411461606	False
Doxifluridine	20922	2.5079789e-08	1304	16.388085962046	False
Potassium Guaiacolsulfonate	21475	2.50773e-08	1305	16.400653512630388	False
Vadastuximab Talirine	21079	2.5053541e-08	1306	16.41322106321478	False
Norethisterone	14221	2.5049815e-08	1307	16.42578861379917	False
Flumatinib	21502	2.501658e-08	1308	16.43835616438356	False
Ethyl biscoumacetate	14925	2.5008664e-08	1309	16.450923714967953	False
Dexelvucitabine	21799	2.4999888e-08	1310	16.463491265552342	False
Biapenem	21596	2.4997409e-08	1311	16.476058816136735	False
Pantothenic acid	20397	2.4924566e-08	1312	16.488626366721128	False
Temoporfin	20643	2.489411e-08	1313	16.501193917305518	False
Tanezumab	21103	2.4880299e-08	1314	16.51376146788991	False
3-[4-AMINO-1-(1-METHYLETHYL)-1H-PYRAZOLO[3,4-D]PYRIMIDIN-3-YL]PHENOL	17864	2.4878778e-08	1315	16.5263290184743	False
Magnesium citrate	20417	2.4872184e-08	1316	16.53889656905869	False
Cephalosporin C	21635	2.486763e-08	1317	16.551464119643082	False
Oxitropium	20370	2.4854922e-08	1318	16.56403167022747	False
Sulfacytine	20392	2.4749854e-08	1319	16.576599220811865	False
Voruciclib	21770	2.4744567e-08	1320	16.589166771396254	False
Radium Ra 223 dichloride	20538	2.470778e-08	1321	16.601734321980647	False
Cadralazine	21140	2.4699817e-08	1322	16.614301872565036	False
Temefos	20908	2.4696568e-08	1323	16.62686942314943	False
Gepirone	20534	2.4659382e-08	1324	16.63943697373382	False
Urapidil	20641	2.4655384e-08	1325	16.652004524318208	False
Alipogene tiparvovec	20557	2.4558465e-08	1326	16.6645720749026	False
Ferulic acid	20673	2.4511623e-08	1327	16.67713962548699	False
Nalorphine	21878	2.450877e-08	1328	16.689707176071384	False
Chloroxylenol	20818	2.4508726e-08	1329	16.702274726655773	False
Vinbarbital	21341	2.4469909e-08	1330	16.714842277240166	False
Choline magnesium trisalicylate	15987	2.4439638e-08	1331	16.72740982782456	False
Bavituximab	21043	2.4414431e-08	1332	16.73997737840895	False
R-306465	21647	2.440661e-08	1333	16.75254492899334	False
Resveratrol	14072	2.4396556e-08	1334	16.76511247957773	False
Kebuzone	20675	2.435541e-08	1335	16.77768003016212	False
NBI-6024	21213	2.433159e-08	1336	16.790247580746513	False
Secretin porcine	21400	2.431489e-08	1337	16.802815131330902	False
Dipicolinic acid	21938	2.4314842e-08	1338	16.815382681915295	False
Flomoxef	20708	2.4256847e-08	1339	16.827950232499685	False
Norfenefrine	21415	2.4252452e-08	1340	16.840517783084078	False
Emactuzumab	21165	2.4248429e-08	1341	16.853085333668467	False
Altretamine	20434	2.4247411e-08	1342	16.86565288425286	False
Efinaconazole	20563	2.4246626e-08	1343	16.87822043483725	False
Piperidolate	20999	2.4190546e-08	1344	16.89078798542164	False
Alatrofloxacin	20483	2.4184732e-08	1345	16.903355536006032	False
Tagatose	21939	2.4182244e-08	1346	16.915923086590425	False
Zolbetuximab	21182	2.4174817e-08	1347	16.928490637174814	False
Ribavirin	14662	2.416297e-08	1348	16.941058187759207	False
Sabarubicin	21775	2.4110857e-08	1349	16.953625738343597	False
Iproclozide	20385	2.4054541e-08	1350	16.96619328892799	False
Ethaselen	21869	2.401159e-08	1351	16.97876083951238	False
Clostridium tetani toxoid antigen (formaldehyde inactivated)	20880	2.3994879e-08	1352	16.99132839009677	False
Acetaminophen	14154	2.3964645e-08	1353	17.00389594068116	False
Elvucitabine	21788	2.3931712e-08	1354	17.01646349126555	False
Benziodarone	21652	2.3918341e-08	1355	17.029031041849944	False
Tioconazole	14818	2.3874131e-08	1356	17.041598592434333	False
Dioxyselenocysteine	21855	2.3869532e-08	1357	17.054166143018726	False
Lanthanum III cation	21853	2.386175e-08	1358	17.066733693603116	False
Carbocromen	21895	2.384878e-08	1359	17.07930124418751	False
Tecemotide	20913	2.3825594e-08	1360	17.0918687947719	False
Bezitramide	20981	2.3821594e-08	1361	17.10443634535629	False
Rebastinib	21741	2.3809966e-08	1362	17.11700389594068	False
Amikacin	20412	2.3806832e-08	1363	17.12957144652507	False
Fosmidomycin	21564	2.3798208e-08	1364	17.142138997109463	False
Oglufanide	21671	2.376124e-08	1365	17.154706547693856	False
Heparin, bovine	20334	2.3756845e-08	1366	17.167274098278245	False
Penicillin G Acyl-Serine	21462	2.3725148e-08	1367	17.179841648862638	False
Pipenzolate	21022	2.3725057e-08	1368	17.192409199447027	False
Iodohippuric acid	21912	2.3721528e-08	1369	17.20497675003142	False
Iodine	14374	2.3711621e-08	1370	17.21754430061581	False
Paromomycin	20401	2.367556e-08	1371	17.2301118512002	False
Ranimustine	21759	2.3673119e-08	1372	17.242679401784592	False
(S)-2-Amino-3-(6h-Selenolo[2,3-B]-Pyrrol-4-Yl)-Propionic Acid	21858	2.3622016e-08	1373	17.25524695236898	False
Ezogabine	15844	2.3606567e-08	1374	17.267814502953375	False
Inositol 1,3,4,5-Tetrakisphosphate	17208	2.3598735e-08	1375	17.280382053537764	False
Oleic Acid	14360	2.3598014e-08	1376	17.292949604122157	False
Vaniprevir	20476	2.3577138e-08	1377	17.30551715470655	False
Didanosine	14256	2.3574755e-08	1378	17.31808470529094	False
Etanautine	21013	2.3574351e-08	1379	17.330652255875332	False
Aurodox	21567	2.3555383e-08	1380	17.34321980645972	False
D-glucose	14353	2.35341e-08	1381	17.35578735704411	False
Amlodipine	14944	2.3516597e-08	1382	17.368354907628504	False
Malacidin B	21607	2.3506553e-08	1383	17.380922458212893	False
Asunercept	21184	2.3476174e-08	1384	17.393490008797286	False
Pimozide	14988	2.3446864e-08	1385	17.406057559381676	False
Elosulfase alfa	20565	2.3445656e-08	1386	17.41862510996607	False
LY-2456302	21880	2.3424468e-08	1387	17.431192660550458	False
Menaquinone 6	21947	2.3404102e-08	1388	17.44376021113485	False
Potassium bitartrate	21465	2.3404015e-08	1389	17.45632776171924	False
Azficel-T	20695	2.3393037e-08	1390	17.46889531230363	False
Cefminox	20683	2.3386521e-08	1391	17.481462862888023	False
ATP	15852	2.3367974e-08	1392	17.494030413472412	False
Calcium silicate	20850	2.3361332e-08	1393	17.506597964056805	False
Benzylthiouracil	20768	2.3349529e-08	1394	17.519165514641198	False
Omarigliptin	20520	2.3346232e-08	1395	17.531733065225588	False
Tregalizumab	21134	2.3339643e-08	1396	17.54430061580998	False
Acetarsol	20529	2.3338043e-08	1397	17.55686816639437	False
Gusperimus	20916	2.3304857e-08	1398	17.56943571697876	False
Dexpanthenol	20436	2.3286418e-08	1399	17.582003267563152	False
Estramustine	15492	2.3281933e-08	1400	17.59457081814754	False
Rebamipide	20442	2.3263508e-08	1401	17.607138368731935	False
Tranylcypromine	15119	2.32569e-08	1402	17.619705919316324	False
Narasin	21583	2.3233579e-08	1403	17.632273469900717	False
Moroxydine	20633	2.3206209e-08	1404	17.644841020485106	False
Iferanserin	21289	2.3194527e-08	1405	17.6574085710695	False
Merestinib	21713	2.3188244e-08	1406	17.669976121653892	False
Influenza B virus B/Brisbane/60/2008 hemagglutinin antigen (propiolactone inactivated)	20892	2.3171532e-08	1407	17.68254367223828	False
Evogliptin	20521	2.3122261e-08	1408	17.69511122282267	False
1-benzylimidazole	19479	2.3117236e-08	1409	17.70767877340706	False
Clorobiocin	21889	2.310833e-08	1410	17.720246323991454	False
Griseofulvin	15296	2.3091719e-08	1411	17.732813874575847	False
Belinostat	15344	2.3087493e-08	1412	17.745381425160236	False
Ensartinib	21766	2.3087095e-08	1413	17.75794897574463	False
Iofetamine I-123	21399	2.3078202e-08	1414	17.77051652632902	False
Beroctocog alfa	20777	2.3066848e-08	1415	17.78308407691341	False
PEV3A	20861	2.3049607e-08	1416	17.7956516274978	False
Varicella Zoster Vaccine (Recombinant)	20940	2.3018414e-08	1417	17.80821917808219	False
Nefiracetam	21319	2.2991516e-08	1418	17.820786728666583	False
18-methyl-19-nortestosterone	20660	2.2971484e-08	1419	17.833354279250972	False
Testosterone succinate	20674	2.2961279e-08	1420	17.845921829835365	False
Meticrane	20325	2.295738e-08	1421	17.858489380419755	False
Sulfabenzamide	20394	2.2950465e-08	1422	17.871056931004148	False
Hypericin	14472	2.2887429e-08	1423	17.88362448158854	False
Febarbamate	21331	2.2882539e-08	1424	17.89619203217293	False
2-Methoxyethanol	20859	2.2854755e-08	1425	17.90875958275732	False
Robatumumab	21130	2.2842377e-08	1426	17.92132713334171	False
OBP-801	21646	2.2831532e-08	1427	17.933894683926102	False
Daporinad	19323	2.2814206e-08	1428	17.946462234510495	False
Ramelteon	15319	2.28109e-08	1429	17.959029785094884	False
Sodium acetate	14689	2.2781592e-08	1430	17.971597335679277	False
Idalopirdine	21293	2.2754191e-08	1431	17.984164886263667	False
Cetiedil	21930	2.2752237e-08	1432	17.99673243684806	False
Cytidine-5'-Monophosphate-5-N-Acetylneuraminic Acid	20107	2.2723874e-08	1433	18.00929998743245	False
Levopropoxyphene	21637	2.2721057e-08	1434	18.02186753801684	False
Propyphenazone	20750	2.2688925e-08	1435	18.03443508860123	False
Bimekizumab	21128	2.2655495e-08	1436	18.04700263918562	False
Lithium hydroxide	20854	2.2644825e-08	1437	18.059570189770014	False
Ammonium chloride	20323	2.2639256e-08	1438	18.072137740354403	False
Fiacitabine	21734	2.2623112e-08	1439	18.084705290938796	False
Robenacoxib	20702	2.2555854e-08	1440	18.09727284152319	False
Roquinimex	21678	2.2555424e-08	1441	18.10984039210758	False
Vosaroxin	21696	2.2545617e-08	1442	18.12240794269197	False
Magnesium silicate	20836	2.2541576e-08	1443	18.13497549327636	False
Demegestone	15723	2.2541316e-08	1444	18.14754304386075	False
Valproic acid	14153	2.2510553e-08	1445	18.160110594445143	False
Quifenadine	20465	2.2487681e-08	1446	18.172678145029533	False
Azathioprine	14273	2.2470275e-08	1447	18.185245695613926	False
Tovetumab	21114	2.2441064e-08	1448	18.197813246198315	False
Ethadione	20341	2.243503e-08	1449	18.210380796782708	False
Typhoid Vi polysaccharide vaccine	20885	2.2423693e-08	1450	18.222948347367097	False
Aloxiprin	20748	2.2421725e-08	1451	18.23551589795149	False
Codrituzumab	21160	2.2356216e-08	1452	18.248083448535883	False
Cefsulodin	20746	2.2348672e-08	1453	18.26065099912027	False
Volasertib	21700	2.2344537e-08	1454	18.273218549704662	False
Anthrax vaccine	20890	2.2341213e-08	1455	18.28578610028905	False
Bromus secalinus pollen	21840	2.231349e-08	1456	18.298353650873445	False
Hymenialdisine	17995	2.2309957e-08	1457	18.310921201457838	False
Eltoprazine	21313	2.2302428e-08	1458	18.323488752042227	False
Racementhol	20335	2.2299663e-08	1459	18.33605630262662	False
Vinburnine	21931	2.2297534e-08	1460	18.34862385321101	False
Succinylsulfathiazole	21358	2.2297197e-08	1461	18.361191403795402	False
2-{[(1R,2S)-2-aminocyclohexyl]amino}-4-[(3-methylphenyl)amino]pyrimidine-5-carboxamide	18882	2.2270587e-08	1462	18.37375895437979	False
GPI-1485	15552	2.2269315e-08	1463	18.38632650496418	False
Meclocycline	20422	2.2239515e-08	1464	18.398894055548574	False
Ditazole	20682	2.2233833e-08	1465	18.411461606132963	False
Tavaborole	20562	2.2217087e-08	1466	18.424029156717356	False
Crenolanib	21501	2.221548e-08	1467	18.436596707301746	False
Oxfendazole	21631	2.2210392e-08	1468	18.44916425788614	False
Higenamine	21410	2.2196122e-08	1469	18.46173180847053	False
Ligelizumab	21076	2.2188924e-08	1470	18.47429935905492	False
Sage oil	21638	2.2187445e-08	1471	18.48686690963931	False
Romifidine	21282	2.217509e-08	1472	18.4994344602237	False
Hydroxyurea	15134	2.216862e-08	1473	18.512002010808093	False
Ibipinabant	21311	2.216562e-08	1474	18.524569561392486	False
Treosulfan	21685	2.216545e-08	1475	18.537137111976875	False
Ozagrel	20457	2.215277e-08	1476	18.54970466256127	False
(E)-[4-(3,5-Difluorophenyl)-3H-pyrrolo[2,3-b]pyridin-3-ylidene](3-methoxyphenyl)methanol	19195	2.2141533e-08	1477	18.562272213145658	False
Penimepicycline	21329	2.210613e-08	1478	18.57483976373005	False
Alferminogene tadenovec	21917	2.2094074e-08	1479	18.58740731431444	False
Bacillus calmette-guerin substrain tice live antigen	20879	2.2093147e-08	1480	18.59997486489883	False
Mebutamate	21260	2.2088848e-08	1481	18.612542415483222	False
Istiratumab	21193	2.2084217e-08	1482	18.625109966067612	False
SB-559448	19612	2.2080508e-08	1483	18.637677516652005	False
BQ-123	21086	2.2059293e-08	1484	18.650245067236394	False
Levomethadone	20629	2.2058453e-08	1485	18.662812617820787	False
Clometocillin	21452	2.2045748e-08	1486	18.67538016840518	False
Somatostatin	15618	2.203587e-08	1487	18.68794771898957	False
Palonosetron	15096	2.2034566e-08	1488	18.700515269573962	False
Sugammadex	20667	2.2032172e-08	1489	18.71308282015835	False
Octopamine	21413	2.201331e-08	1490	18.72565037074274	False
Strontium ranelate	20549	2.2001474e-08	1491	18.738217921327134	False
Hetacillin	21439	2.199409e-08	1492	18.750785471911524	False
Selenoinosine	21856	2.1986875e-08	1493	18.763353022495917	False
Demoxytocin	21953	2.1977902e-08	1494	18.775920573080306	False
Xentuzumab	21161	2.193573e-08	1495	18.7884881236647	False
Alminoprofen	20733	2.1896561e-08	1496	18.80105567424909	False
Cefazolin	14332	2.189627e-08	1497	18.81362322483348	False
Carindacillin	21444	2.1871893e-08	1498	18.82619077541787	False
Calfactant	20469	2.1865763e-08	1499	18.83875832600226	False
Demexiptiline	20387	2.1861926e-08	1500	18.851325876586653	False
Osilodrostat	15049	2.1855755e-08	1501	18.863893427171043	False
Apronalide	21324	2.1846585e-08	1502	18.876460977755436	False
Sulfametopyrazine	21241	2.1834838e-08	1503	18.88902852833983	False
Enibomal	21513	2.1832006e-08	1504	18.901596078924218	False
Tenonitrozole	20636	2.1824347e-08	1505	18.91416362950861	False
Nicotinyl alcohol	20497	2.1803626e-08	1506	18.926731180093	False
Lodoxamide	20555	2.1800922e-08	1507	18.93929873067739	False
Sodium fluorophosphate	20430	2.1780515e-08	1508	18.951866281261783	False
Phenoperidine	21010	2.17796e-08	1509	18.964433831846172	False
Tigecycline	20344	2.1746642e-08	1510	18.977001382430565	False
Inosine pranobex	20833	2.1706114e-08	1511	18.989568933014954	False
Sparfloxacin	15327	2.1694152e-08	1512	19.002136483599347	False
Estradiol valerate	14483	2.1681661e-08	1513	19.014704034183737	False
Human rabies virus immune globulin	20900	2.1677648e-08	1514	19.02727158476813	False
Barnidipine	15628	2.166806e-08	1515	19.039839135352523	False
Pilaralisib	19303	2.1666487e-08	1516	19.05240668593691	False
Nanatinostat	21649	2.1653557e-08	1517	19.0649742365213	False
Acteoside	20924	2.1643357e-08	1518	19.07754178710569	False
Benperidol	20648	2.1642533e-08	1519	19.090109337690084	False
Diiodohydroxyquinoline	20431	2.1642451e-08	1520	19.102676888274477	False
Ceftobiprole	20665	2.1621615e-08	1521	19.115244438858866	False
Triptolide	20710	2.1611884e-08	1522	19.12781198944326	False
Thiazinam	21345	2.1604093e-08	1523	19.14037954002765	False
Adenovirus type 7 vaccine live	20952	2.1594948e-08	1524	19.15294709061204	False
Trichloroacetate	20380	2.1592149e-08	1525	19.16551464119643	False
Ergometrine	15498	2.1591406e-08	1526	19.17808219178082	False
Voglibose	17833	2.1588193e-08	1527	19.190649742365213	False
Patritumab	21087	2.158494e-08	1528	19.203217292949603	False
PD173955	21497	2.157103e-08	1529	19.215784843533996	False
Infigratinib	21692	2.1563709e-08	1530	19.228352394118385	False
Lorukafusp alfa	21201	2.1549031e-08	1531	19.240919944702778	False
Prenalterol	21426	2.1519948e-08	1532	19.253487495287168	False
Bromisoval	21340	2.1510717e-08	1533	19.26605504587156	False
Sulfameter	21261	2.149878e-08	1534	19.278622596455953	False
Sonepcizumab	21055	2.1497796e-08	1535	19.29119014704034	False
Metabutethamine	21955	2.149218e-08	1536	19.303757697624732	False
Bleselumab	20955	2.147161e-08	1537	19.316325248209125	False
Ranpirnase	21670	2.146899e-08	1538	19.328892798793515	False
Vesencumab	21198	2.1452085e-08	1539	19.341460349377908	False
Oxypertine	20561	2.144329e-08	1540	19.354027899962297	False
Caffeine	14783	2.1442185e-08	1541	19.36659545054669	False
Dimethicone	21943	2.1433927e-08	1542	19.37916300113108	False
Isoxicam	20676	2.1385494e-08	1543	19.391730551715472	False
Fazadinium bromide	21372	2.1380314e-08	1544	19.40429810229986	False
Nitric Oxide	14634	2.1365965e-08	1545	19.41686565288425	False
Dexketoprofen	14616	2.136079e-08	1546	19.429433203468644	False
Clortermine	20535	2.1354719e-08	1547	19.442000754053034	False
Plevitrexed	21673	2.1350159e-08	1548	19.454568304637426	False
Chlorzoxazone	15091	2.1343359e-08	1549	19.46713585522182	False
Detomidine	21286	2.1342707e-08	1550	19.47970340580621	False
19-norandrostenedione	21653	2.133469e-08	1551	19.492270956390602	False
Calaspargase pegol	21460	2.1323748e-08	1552	19.50483850697499	False
Trimazosin	20310	2.1314394e-08	1553	19.51740605755938	False
Cefpirome	20765	2.1292045e-08	1554	19.529973608143774	False
P-Hydroxybenzaldehyde	21907	2.1274225e-08	1555	19.542541158728163	False
Propicillin	21451	2.127313e-08	1556	19.555108709312556	False
Tedisamil	20865	2.127183e-08	1557	19.567676259896945	False
Salvianolic acid A	20855	2.125034e-08	1558	19.58024381048134	False
Stibophen	20627	2.1143363e-08	1559	19.592811361065728	False
Eltanolone	21301	2.1139007e-08	1560	19.60537891165012	False
Trioxsalen	20378	2.1137636e-08	1561	19.61794646223451	False
Orvepitant	21307	2.1131548e-08	1562	19.6305140128189	False
Vorozole	21757	2.111773e-08	1563	19.643081563403292	False
Pancrelipase	20628	2.1116199e-08	1564	19.655649113987682	False
Alphacetylmethadol	20984	2.10758e-08	1565	19.668216664572075	False
Polmacoxib	20573	2.106109e-08	1566	19.680784215156464	False
Trebananib	21699	2.105804e-08	1567	19.693351765740857	False
Adafosbuvir	21807	2.1057076e-08	1568	19.70591931632525	False
Zuretinol acetate	21445	2.103957e-08	1569	19.71848686690964	False
N-acetyltyrosine	20816	2.1023325e-08	1570	19.731054417494033	False
Sulfachlorpyridazine	21277	2.1019837e-08	1571	19.743621968078422	False
Cianidanol	20381	2.0996517e-08	1572	19.75618951866281	False
Clevudine	20477	2.0975381e-08	1573	19.768757069247204	False
Maxy-G34	21620	2.0963302e-08	1574	19.781324619831594	False
Peptide YY (3-36)	19326	2.0932017e-08	1575	19.793892170415987	False
Cannabidiol	14656	2.0924952e-08	1576	19.806459721000376	False
2-(2-HYDROXY-CYCLOPENTYL)-PENT-4-ENAL	19744	2.09228e-08	1577	19.81902727158477	False
Valpromide	21253	2.0915216e-08	1578	19.83159482216916	False
SOR-C13	21433	2.0912106e-08	1579	19.84416237275355	False
Calcium lactate gluconate	20504	2.090417e-08	1580	19.85672992333794	False
Vitespen	20867	2.0901178e-08	1581	19.86929747392233	False
Sonidegib	15622	2.0899865e-08	1582	19.881865024506723	False
Vanucizumab	21101	2.0891296e-08	1583	19.894432575091116	False
Aluminum cation	21950	2.087361e-08	1584	19.907000125675506	False
Dichlorophen	20330	2.0866128e-08	1585	19.9195676762599	False
Tinoridine	20718	2.0853715e-08	1586	19.932135226844288	False
Burosumab	20631	2.0827796e-08	1587	19.94470277742868	False
Human interleukin-2	21767	2.0827637e-08	1588	19.95727032801307	False
Emetine	21505	2.0826842e-08	1589	19.96983787859746	False
Synthetic camphor	20338	2.0814888e-08	1590	19.982405429181853	False
Maxacalcitol	20626	2.0813816e-08	1591	19.994972979766242	False
4-methylumbelliferyl beta-D-glucoside	21894	2.080461e-08	1592	20.007540530350635	False
Uridine	20037	2.0773799e-08	1593	20.020108080935024	False
Sodium tartrate	21017	2.0770589e-08	1594	20.032675631519417	False
Ibopamine	20598	2.0765759e-08	1595	20.045243182103807	False
Ciprofloxacin	14188	2.0760371e-08	1596	20.0578107326882	False
Chlorproguanil	21556	2.074272e-08	1597	20.070378283272593	False
Aluminium acetoacetate	20837	2.0728084e-08	1598	20.08294583385698	False
Hydracarbazine	20687	2.0711921e-08	1599	20.09551338444137	False
Fenbufen	20680	2.0703073e-08	1600	20.10808093502576	False
Lorcainide	20935	2.0702362e-08	1601	20.120648485610154	False
PU-H71	21722	2.0680618e-08	1602	20.133216036194547	False
Oleandrin	21232	2.065988e-08	1603	20.145783586778936	False
Tenofovir	14484	2.0627672e-08	1604	20.15835113736333	False
Polysorbate 80	20566	2.0623776e-08	1605	20.17091868794772	False
Esreboxetine	21305	2.0599678e-08	1606	20.18348623853211	False
GSK-923295	19600	2.0597124e-08	1607	20.1960537891165	False
Polyvinyl alcohol	20296	2.059347e-08	1608	20.20862133970089	False
Pinometostat	21737	2.058538e-08	1609	20.221188890285283	False
Omidenepag isopropyl	20522	2.0572505e-08	1610	20.233756440869673	False
Ferric hydroxide	21525	2.0561915e-08	1611	20.246323991454066	False
Calcium carbonate	20503	2.0558032e-08	1612	20.258891542038455	False
Blosozumab	21112	2.0536202e-08	1613	20.271459092622848	False
Dornase alfa	20556	2.0526139e-08	1614	20.28402664320724	False
Obiltoxaximab	20537	2.0514904e-08	1615	20.29659419379163	False
Gancotamab	21157	2.0464764e-08	1616	20.30916174437602	False
Broxuridine	21697	2.044783e-08	1617	20.321729294960413	False
Idebenone	20607	2.0440384e-08	1618	20.334296845544802	False
Chloral hydrate	20343	2.042156e-08	1619	20.346864396129195	False
Tamatinib	18880	2.0415797e-08	1620	20.359431946713585	False
Fanolesomab	21152	2.0414902e-08	1621	20.371999497297978	False
Potassium carbonate	21478	2.0413616e-08	1622	20.384567047882367	False
Hexoprenaline	21396	2.0407736e-08	1623	20.39713459846676	False
Influenza A virus A/California/7/2009 X-181 (H1N1) antigen (propiolactone inactivated)	20882	2.0397387e-08	1624	20.40970214905115	False
Pegnivacogin	21531	2.0383075e-08	1625	20.422269699635542	False
Dipotassium phosphate	20400	2.0381208e-08	1626	20.434837250219932	False
Lofentanil	20988	2.0360732e-08	1627	20.44740480080432	False
Cyclopropane	21379	2.0343768e-08	1628	20.459972351388714	False
VTP-27999	21888	2.0320927e-08	1629	20.472539901973104	False
Proxibarbal	21327	2.0320307e-08	1630	20.485107452557497	False
S-Acetyl-Cysteine	20110	2.031182e-08	1631	20.49767500314189	False
Prussian blue	20650	2.0268862e-08	1632	20.51024255372628	False
Torcetrapib	15865	2.0268011e-08	1633	20.522810104310672	False
Pristinamycin	21603	2.0264997e-08	1634	20.53537765489506	False
Prostaglandin B2	21461	2.0264148e-08	1635	20.54794520547945	False
Fenticonazole	20587	2.0259199e-08	1636	20.560512756063844	False
Triaziquone	21749	2.0259083e-08	1637	20.573080306648233	False
Miglustat	17303	2.024483e-08	1638	20.585647857232626	False
Eftrenonacog alfa	20646	2.024174e-08	1639	20.598215407817015	False
Macimorelin	15702	2.0228695e-08	1640	20.61078295840141	False
Etrolizumab	21094	2.0226498e-08	1641	20.623350508985798	False
Menthyl salicylate	16006	2.020552e-08	1642	20.63591805957019	False
Bectumomab	21041	2.0198739e-08	1643	20.648485610154584	False
Imidazole salicylate	20770	2.0194115e-08	1644	20.66105316073897	False
Canrenone	20826	2.0167402e-08	1645	20.673620711323363	False
Emepronium	21007	2.0157056e-08	1646	20.686188261907752	False
Protocatechualdehyde	20698	2.0154522e-08	1647	20.698755812492145	False
Ioxilan	20804	2.0149985e-08	1648	20.711323363076538	False
GE-2270A	21565	2.0143492e-08	1649	20.723890913660927	False
Ladiratuzumab vedotin	21196	2.0104226e-08	1650	20.73645846424532	False
Sodium feredetate	21524	2.0104032e-08	1651	20.74902601482971	False
Docosanol	20620	2.0097863e-08	1652	20.761593565414103	False
Azosemide	20613	2.007924e-08	1653	20.774161115998492	False
S-Methylcysteine	14577	2.0071429e-08	1654	20.78672866658288	False
Ferrous chloride	21543	2.0071276e-08	1655	20.799296217167274	False
Koeleria macrantha pollen	21842	2.006492e-08	1656	20.811863767751664	False
Ala-geninthiocin	21613	2.006427e-08	1657	20.824431318336057	False
Verteporfin	20393	2.0059144e-08	1658	20.836998868920446	False
Selenic acid	21865	2.0051035e-08	1659	20.84956641950484	False
Lonazolac	20742	2.0050038e-08	1660	20.862133970089232	False
Clazakizumab	21126	2.0028674e-08	1661	20.87470152067362	False
Tepoxalin	20703	2.0013397e-08	1662	20.88726907125801	False
Barbexaclone	20869	1.9998591e-08	1663	20.8998366218424	False
2-(4-fluorophenyl)-N-{[3-fluoro-4-(1H-pyrrolo[2,3-b]pyridin-4-yloxy)phenyl]carbamoyl}acetamide	18049	1.999684e-08	1664	20.912404172426793	False
Difemerine	21001	1.9992797e-08	1665	20.924971723011186	False
Plantago seed	20991	1.9991766e-08	1666	20.937539273595576	False
Miltefosine	14876	1.998235e-08	1667	20.95010682417997	False
Iodide I-131	21504	1.9981588e-08	1668	20.962674374764358	False
Bismuth subcitrate potassium	21506	1.9969853e-08	1669	20.97524192534875	False
Clofibrate	14507	1.9957097e-08	1670	20.98780947593314	False
Dalotuzumab	21073	1.9955158e-08	1671	21.00037702651753	False
Aprindine	14549	1.9947088e-08	1672	21.012944577101923	False
Suxibuzone	20727	1.994336e-08	1673	21.025512127686312	False
Bisoxatin	20810	1.9934728e-08	1674	21.038079678270705	False
Tucaresol	21908	1.9925908e-08	1675	21.050647228855095	False
Potassium hydroxide	21466	1.9923286e-08	1676	21.063214779439488	False
Naptumomab Estafenatox	21121	1.9920588e-08	1677	21.07578233002388	False
Sequifenadine	21874	1.9914282e-08	1678	21.08834988060827	False
Sotagliflozin	20532	1.9913331e-08	1679	21.100917431192663	False
Influenza A virus A/Victoria/210/2009 X-187 (H3N2) antigen (formaldehyde inactivated)	20948	1.9885663e-08	1680	21.11348498177705	False
Binetrakin	21708	1.9884487e-08	1681	21.12605253236144	False
PF-00610355	21404	1.9880277e-08	1682	21.138620082945835	False
Bekanamycin	21818	1.9870459e-08	1683	21.151187633530224	False
Zoalene	21911	1.9860872e-08	1684	21.163755184114617	False
N-[1-(AMINOMETHYL)CYCLOPROPYL]-3-(MORPHOLIN-4-YLSULFONYL)-N~2~-[(1S)-2,2,2-TRIFLUORO-1-(4-FLUOROPHENYL)ETHYL]-L-ALANINAMIDE	18979	1.9858449e-08	1685	21.176322734699006	False
Migalastat	15858	1.9851328e-08	1686	21.1888902852834	False
Benzilone	21000	1.983687e-08	1687	21.20145783586779	False
Metaxalone	20345	1.9818566e-08	1688	21.21402538645218	False
Glutamine t-butyl ester	19481	1.9809685e-08	1689	21.22659293703657	False
Pyrazoloacridine	21718	1.980772e-08	1690	21.23916048762096	False
Sorivudine	21796	1.97962e-08	1691	21.251728038205353	False
Pyrithyldione	21335	1.9795898e-08	1692	21.264295588789743	False
Oxatomide	20918	1.9786876e-08	1693	21.276863139374136	False
Influenza A virus A/Brisbane/59/2007(H1N1) antigen (propiolactone inactivated)	20951	1.977865e-08	1694	21.28943068995853	False
Ginsenoside C	21677	1.9764132e-08	1695	21.30199824054292	False
GMA-161	21195	1.9753994e-08	1696	21.31456579112731	False
Potassium citrate	20298	1.9746835e-08	1697	21.3271333417117	False
Cefazedone	20767	1.9737875e-08	1698	21.33970089229609	False
Citalopram	15082	1.9726997e-08	1699	21.352268442880483	False
Penthienate	20444	1.9709962e-08	1700	21.364835993464872	False
Quinacrine	14989	1.9702744e-08	1701	21.377403544049265	False
Sulfaisodimidine	21330	1.9694554e-08	1702	21.389971094633655	False
Fabomotizole	21362	1.9690685e-08	1703	21.402538645218048	False
Bacillus calmette-guerin substrain danish 1331 live antigen	20911	1.9690308e-08	1704	21.415106195802437	False
Flumedroxone	21915	1.9686103e-08	1705	21.42767374638683	False
Nimotuzumab	21053	1.967942e-08	1706	21.440241296971223	False
Disulfiram	14972	1.9678632e-08	1707	21.452808847555612	False
Dehydrocholic acid	20544	1.9665276e-08	1708	21.465376398140002	False
Efrotomycin	21578	1.9664638e-08	1709	21.47794394872439	False
Dabigatran	20781	1.9646755e-08	1710	21.490511499308784	False
Lymecycline	21239	1.95984e-08	1711	21.503079049893177	False
Pirarubicin	20901	1.9571539e-08	1712	21.515646600477567	False
Strontium chloride	20852	1.954867e-08	1713	21.52821415106196	False
Clorsulon	21276	1.9548297e-08	1714	21.54078170164635	False
Magnesium aspartate	20968	1.9548223e-08	1715	21.553349252230742	False
Rociletinib	21694	1.95477e-08	1716	21.56591680281513	False
Influenza A virus A/Perth/16/2009 (H3N2) live (attenuated) antigen	20949	1.9546432e-08	1717	21.57848435339952	False
Hydroquinidine	21431	1.9537078e-08	1718	21.591051903983914	False
Etirinotecan pegol	21768	1.9524748e-08	1719	21.603619454568303	False
Influenza A virus A/California/7/2009 X-181 (H1N1) hemagglutinin antigen (propiolactone inactivated)	20893	1.9518454e-08	1720	21.616187005152696	False
Mebicar	20601	1.9492745e-08	1721	21.628754555737085	False
Bococizumab	21109	1.9488805e-08	1722	21.64132210632148	False
Fallypride	21848	1.947387e-08	1723	21.65388965690587	False
Sinefungin	21560	1.9471008e-08	1724	21.66645720749026	False
Treprostinil	15773	1.9462504e-08	1725	21.679024758074654	False
Lomustine	15154	1.9459314e-08	1726	21.69159230865904	False
Insulin argine	21515	1.9448962e-08	1727	21.704159859243433	False
Chromium picolinate	20425	1.9446624e-08	1728	21.716727409827826	False
Prostalene	21469	1.9431866e-08	1729	21.729294960412215	False
Prothipendyl	21316	1.9426198e-08	1730	21.741862510996608	False
Tricaine	21284	1.9423048e-08	1731	21.754430061580997	False
Didox	21738	1.9408013e-08	1732	21.76699761216539	False
Iodixanol	20789	1.9394099e-08	1733	21.77956516274978	False
Guanazodine	21143	1.9376351e-08	1734	21.792132713334173	False
Acridine Carboxamide	21691	1.936571e-08	1735	21.804700263918562	False
Oblimersen	21758	1.9360245e-08	1736	21.81726781450295	False
Faropenem	20595	1.9324606e-08	1737	21.829835365087344	False
Fresolimumab	21107	1.932011e-08	1738	21.842402915671734	False
Guar gum	21221	1.9308763e-08	1739	21.854970466256127	False
Sultamicillin	21446	1.9305597e-08	1740	21.86753801684052	False
Formononetin	20784	1.9301915e-08	1741	21.88010556742491	False
Racecadotril	20609	1.9289585e-08	1742	21.892673118009302	False
Aclarubicin	21680	1.928771e-08	1743	21.90524066859369	False
Sulfaquinoxaline	21280	1.9272044e-08	1744	21.91780821917808	False
Glutaral	21906	1.9248972e-08	1745	21.930375769762474	False
Dihydroetorphine	20980	1.9239614e-08	1746	21.942943320346863	False
AZD-3043	21309	1.9234037e-08	1747	21.955510870931256	False
Mavrilimumab	21111	1.9202988e-08	1748	21.968078421515646	False
Metizoline	20551	1.9194347e-08	1749	21.98064597210004	False
Lactulose	20472	1.9186293e-08	1750	21.993213522684428	False
Calcium gluconate	20311	1.9170125e-08	1751	22.00578107326882	False
Salicylamide	20304	1.9168517e-08	1752	22.018348623853214	False
Nusinersen	20653	1.9166505e-08	1753	22.0309161744376	False
Etybenzatropine	21005	1.9159707e-08	1754	22.043483725021993	False
Oxyphenisatin acetate	20547	1.9159087e-08	1755	22.056051275606382	False
Etilefrine	21397	1.9157405e-08	1756	22.068618826190775	False
Vesatolimod	21800	1.9152253e-08	1757	22.081186376775168	False
Gluconic Acid	21495	1.9135275e-08	1758	22.093753927359558	False
S-Adenosyl-L-Homoselenocysteine	21861	1.9128926e-08	1759	22.10632147794395	False
Cathinone	21249	1.9110145e-08	1760	22.11888902852834	False
Mezlocillin	20410	1.9107157e-08	1761	22.131456579112733	False
Dusigitumab	21106	1.9092658e-08	1762	22.144024129697122	False
Methoxyphenamine	21420	1.9084357e-08	1763	22.15659168028151	False
Crotamiton	20528	1.9073983e-08	1764	22.169159230865905	False
Tezepelumab	21178	1.9064638e-08	1765	22.181726781450294	False
AZD 3355	19509	1.9055912e-08	1766	22.194294332034687	False
Hematin	20446	1.904868e-08	1767	22.206861882619076	False
Tixocortol	17780	1.9045627e-08	1768	22.21942943320347	False
Articaine	20315	1.9043886e-08	1769	22.23199698378786	False
Coumermycin A1	21760	1.9039962e-08	1770	22.244564534372252	False
Mebhydrolin	20463	1.9036985e-08	1771	22.25713208495664	False
Faropenem medoxomil	20594	1.9026675e-08	1772	22.26969963554103	False
Deoxyepinephrine	21428	1.9007885e-08	1773	22.282267186125424	False
Iopromide	20806	1.899821e-08	1774	22.294834736709817	False
Carbromal	20364	1.898868e-08	1775	22.307402287294206	False
Kanamycin	20407	1.8969459e-08	1776	22.3199698378786	False
Perazine	20300	1.896917e-08	1777	22.33253738846299	False
Bacillus calmette-guerin substrain connaught live antigen	20886	1.892815e-08	1778	22.34510493904738	False
Isepamicin	20841	1.8914076e-08	1779	22.35767248963177	False
Ibacitabine	21805	1.8910935e-08	1780	22.37024004021616	False
Povidone K30	20353	1.8909818e-08	1781	22.382807590800553	False
Asfotase alfa	20164	1.8904263e-08	1782	22.395375141384942	False
Fentiazac	20725	1.8902245e-08	1783	22.407942691969335	False
Idoxuridine	20439	1.8900046e-08	1784	22.420510242553725	False
Xipamide	20319	1.8892477e-08	1785	22.433077793138118	False
Rigosertib	21707	1.8884228e-08	1786	22.44564534372251	False
1-Guanidinium-7-Aminoheptane	18688	1.8883435e-08	1787	22.4582128943069	False
Trimethobenzamide	20426	1.8882103e-08	1788	22.470780444891293	False
Undecylenic acid	20369	1.8870653e-08	1789	22.48334799547568	False
Taspoglutide	21222	1.8861117e-08	1790	22.495915546060072	False
Etoglucid	21752	1.8858959e-08	1791	22.508483096644465	False
Hepatitis A Vaccine	20888	1.8857735e-08	1792	22.521050647228854	False
Namitecan	21706	1.8855074e-08	1793	22.533618197813247	False
Verapamil	14212	1.8853672e-08	1794	22.546185748397637	False
Influenza A virus A/Victoria/210/2009 X-187 (H3N2) hemagglutinin antigen (formaldehyde inactivated)	20943	1.8849393e-08	1795	22.55875329898203	False
Hydrotalcite	20838	1.8845189e-08	1796	22.57132084956642	False
Polyethylene glycol 3500	20314	1.884242e-08	1797	22.583888400150812	False
Promestriene	21110	1.8842131e-08	1798	22.5964559507352	False
Setrobuvir	21294	1.884055e-08	1799	22.60902350131959	False
Reviparin	20564	1.8838502e-08	1800	22.621591051903984	False
Ruzasvir	21791	1.8838467e-08	1801	22.634158602488373	False
Varlilumab	21080	1.8833939e-08	1802	22.646726153072766	False
Gedocarnil	21349	1.881674e-08	1803	22.659293703657156	False
Pixantrone	21675	1.8807341e-08	1804	22.67186125424155	False
Imlifidase	21188	1.8803538e-08	1805	22.68442880482594	False
Cyclizine	15783	1.880257e-08	1806	22.69699635541033	False
5-Mercapto-2-Nitro-Benzoic Acid	18228	1.8800238e-08	1807	22.709563905994724	False
Human Varicella-Zoster Immune Globulin	21063	1.8796582e-08	1808	22.722131456579113	False
Halicin	20197	1.8795326e-08	1809	22.734699007163503	False
Typhoid Vaccine Live	20895	1.8768208e-08	1810	22.747266557747896	False
Mefruside	20839	1.876266e-08	1811	22.759834108332285	False
Setrusumab	21156	1.8760728e-08	1812	22.772401658916678	False
Mephenesin	21544	1.8760586e-08	1813	22.784969209501067	False
Iothalamic acid	20802	1.872605e-08	1814	22.79753676008546	False
Albendazole oxide	21633	1.8704418e-08	1815	22.81010431066985	False
AT-7519	18540	1.8694896e-08	1816	22.822671861254243	False
Iodamide	20342	1.8693397e-08	1817	22.835239411838632	False
Fasinumab	21092	1.8687373e-08	1818	22.84780696242302	False
Apolizumab	21058	1.8685341e-08	1819	22.860374513007415	False
Mebanazine	20384	1.8677254e-08	1820	22.872942063591807	False
Molgramostim	21623	1.8675578e-08	1821	22.885509614176197	False
Cefmenoxime	20654	1.867419e-08	1822	22.89807716476059	False
Nicorandil	17300	1.8667958e-08	1823	22.91064471534498	False
Virginiamycin M1	21559	1.8659946e-08	1824	22.923212265929372	False
Otelixizumab	21047	1.8651978e-08	1825	22.93577981651376	False
Salvia miltiorrhiza root	21383	1.8640526e-08	1826	22.94834736709815	False
Trestolone	20666	1.863228e-08	1827	22.960914917682544	False
Sodium phosphate, dibasic, unspecified form	21026	1.8631887e-08	1828	22.973482468266933	False
SRP 299	20863	1.8625101e-08	1829	22.986050018851326	False
Levomilnacipran	15222	1.8619561e-08	1830	22.998617569435716	False
Quinfamide	20530	1.860582e-08	1831	23.01118512002011	False
Magaldrate	20797	1.8600925e-08	1832	23.023752670604498	False
Vinyl ether	21368	1.8599328e-08	1833	23.03632022118889	False
Bentonite	20967	1.8592766e-08	1834	23.048887771773284	False
Iprazochrome	21350	1.8589043e-08	1835	23.06145532235767	False
XTL-001	21045	1.858798e-08	1836	23.074022872942063	False
Sparsomycin	21667	1.8577348e-08	1837	23.086590423526452	False
Hymecromone	21890	1.8547182e-08	1838	23.099157974110845	False
Azlocillin	20413	1.8542902e-08	1839	23.111725524695238	False
SU9516	17996	1.8530562e-08	1840	23.124293075279628	False
DL-alpha-Tocopherol	21946	1.8523354e-08	1841	23.13686062586402	False
Piritramide	20995	1.8517914e-08	1842	23.14942817644841	False
Colistimethate	20788	1.8511805e-08	1843	23.161995727032803	False
Perphenazine enanthate	21386	1.8506686e-08	1844	23.174563277617192	False
Nefopam	21884	1.8494793e-08	1845	23.187130828201582	False
Calcium lactate	20396	1.8492782e-08	1846	23.199698378785975	False
Indole-3-carbinol	21733	1.848305e-08	1847	23.212265929370364	False
SGX-523	18046	1.8480936e-08	1848	23.224833479954757	False
Felbamate	15475	1.8477692e-08	1849	23.237401030539147	False
Nifurtoinol	20484	1.8475612e-08	1850	23.24996858112354	False
4-butyl-5-propyl-1,3-selenazol-2-amine	21854	1.8465078e-08	1851	23.262536131707932	False
Methotrexate	14194	1.8449942e-08	1852	23.275103682292322	False
Carfentanil, C-11	21032	1.8421318e-08	1853	23.28767123287671	False
humanized SMART Anti-IL-12 Antibody	18231	1.8419597e-08	1854	23.300238783461104	False
Gadodiamide	20785	1.8394564e-08	1855	23.312806334045494	False
Oxomemazine	21875	1.839274e-08	1856	23.325373884629887	False
Tolnaftate	20367	1.8391196e-08	1857	23.337941435214276	False
Pyrrolnitrin	21602	1.8376259e-08	1858	23.35050898579867	False
Mupirocin	20454	1.8372578e-08	1859	23.36307653638306	False
Coenzyme A persulfide	17118	1.8358042e-08	1860	23.37564408696745	False
Ticarcillin	20415	1.834614e-08	1861	23.38821163755184	False
Monopotassium phosphate	20337	1.8336976e-08	1862	23.40077918813623	False
Morniflumate	14657	1.8326906e-08	1863	23.413346738720623	False
Pateclizumab	21172	1.8321872e-08	1864	23.425914289305013	False
Talniflumate	14617	1.831691e-08	1865	23.438481839889405	False
Sivelestat	20652	1.8310937e-08	1866	23.451049390473795	False
4-Oxoretinol	21443	1.8303849e-08	1867	23.463616941058188	False
Gadoteridol	20787	1.8301755e-08	1868	23.47618449164258	False
Allobarbital	21357	1.8299868e-08	1869	23.48875204222697	False
Onartuzumab	21070	1.8292472e-08	1870	23.501319592811363	False
Vestronidase alfa	20649	1.8290727e-08	1871	23.51388714339575	False
3,4-Dihydroxybenzoic Acid	21666	1.8284972e-08	1872	23.526454693980142	False
Thyrotropin	20956	1.8266984e-08	1873	23.539022244564535	False
Carbamazepine	14956	1.8251836e-08	1874	23.551589795148924	False
Nandrolone	20432	1.8234193e-08	1875	23.564157345733317	False
Procaine benzylpenicillin	20409	1.8227482e-08	1876	23.576724896317707	False
Abicipar Pegol	21535	1.822213e-08	1877	23.5892924469021	False
Proquazone	20762	1.819202e-08	1878	23.60185999748649	False
Eptacog alfa pegol (activated)	21533	1.8186261e-08	1879	23.614427548070882	False
Naratuximab emtansine	21202	1.8184146e-08	1880	23.626995098655275	False
Ronifibrate	20977	1.8180609e-08	1881	23.63956264923966	False
Givosiran	20511	1.8173155e-08	1882	23.652130199824054	False
BCG vaccine	20917	1.816636e-08	1883	23.664697750408443	False
Motesanib	21498	1.815971e-08	1884	23.677265300992836	False
GlycoPEG-GCSF	21530	1.8151365e-08	1885	23.68983285157723	False
2,8-bis[oxido(oxo)vanadio]-1,1,1,3,5,5,7,7,9,9,9-undecaoxopentavanadoxane-2,8-diium	20104	1.814818e-08	1886	23.70240040216162	False
Sodium ascorbate	21025	1.8137417e-08	1887	23.71496795274601	False
Calcitonin porcine	21914	1.8136276e-08	1888	23.7275355033304	False
Dehydrochloromethyltestosterone	20659	1.8135758e-08	1889	23.740103053914794	False
Capecitabine	14758	1.812929e-08	1890	23.752670604499183	False
Zorubicin	21681	1.8122687e-08	1891	23.765238155083573	False
Valanafusp alfa	21190	1.8122375e-08	1892	23.777805705667966	False
Methohexital	15833	1.8111075e-08	1893	23.790373256252355	False
Penamecillin	21454	1.8110386e-08	1894	23.802940806836748	False
Trelagliptin	20516	1.8109143e-08	1895	23.815508357421137	False
Epimestrol	20737	1.8107967e-08	1896	23.82807590800553	False
Sodium aurotiosulfate	21951	1.8086531e-08	1897	23.840643458589923	False
Ormeloxifene	20732	1.8077081e-08	1898	23.853211009174313	False
Romiplostim	19611	1.8076497e-08	1899	23.865778559758702	False
Oxyfedrine	21416	1.806109e-08	1900	23.87834611034309	False
Imagabalin	21296	1.8056785e-08	1901	23.890913660927485	False
Suvratoxumab	21185	1.8046697e-08	1902	23.903481211511878	False
Brinase	20723	1.8043117e-08	1903	23.916048762096267	False
Melagatran	20757	1.8034102e-08	1904	23.92861631268066	False
Cefpodoxime	20657	1.8027432e-08	1905	23.94118386326505	False
Pyrophosphoric acid	21485	1.802396e-08	1906	23.953751413849442	False
Bisindolylmaleimide I	18761	1.8016122e-08	1907	23.96631896443383	False
Tetanus Immune Globulin	21062	1.8002176e-08	1908	23.97888651501822	False
Flubendazole	21628	1.7989372e-08	1909	23.991454065602614	False
Desomorphine	20983	1.7978602e-08	1910	24.004021616187003	False
Saralasin	21394	1.7976921e-08	1911	24.016589166771396	False
Isoprenaline	15868	1.7961739e-08	1912	24.029156717355786	False
Sulesomab	21147	1.7956053e-08	1913	24.04172426794018	False
Pemigatinib	15749	1.7955983e-08	1914	24.05429181852457	False
Aminohippuric acid	20202	1.7940305e-08	1915	24.06685936910896	False
Conjugated estrogens	14147	1.7917666e-08	1916	24.079426919693354	False
Chlorsulfaquinoxaline	21314	1.7910867e-08	1917	24.09199447027774	False
Opium	14437	1.7910764e-08	1918	24.104562020862133	False
Tarextumab	21089	1.7881444e-08	1919	24.117129571446526	False
Acebutolol	15153	1.7872681e-08	1920	24.129697122030915	False
Bexarotene	15428	1.7851626e-08	1921	24.14226467261531	False
Carmegliptin	21218	1.7851217e-08	1922	24.154832223199698	False
Dalbavancin	20593	1.7834337e-08	1923	24.16739977378409	False
Permethrin	15872	1.7833928e-08	1924	24.17996732436848	False
Triethylenetetramine	20324	1.7825869e-08	1925	24.192534874952873	False
Tocotrienol	21944	1.7819307e-08	1926	24.205102425537262	False
Iopanoic acid	20331	1.7811526e-08	1927	24.217669976121652	False
Phosphoric acid	20814	1.7799131e-08	1928	24.230237526706045	False
Sodium chloride	21902	1.7797161e-08	1929	24.242805077290434	False
Floxuridine	14504	1.7790475e-08	1930	24.255372627874827	False
Cyclopenthiazide	20751	1.778169e-08	1931	24.26794017845922	False
N-Carbamoyl-Alanine	19156	1.7780875e-08	1932	24.28050772904361	False
Angiotensin 1-7	21069	1.7770027e-08	1933	24.293075279628003	False
Simfibrate	20976	1.7769416e-08	1934	24.305642830212392	False
Eucalyptus oil	20817	1.77623e-08	1935	24.31821038079678	False
Bunaftine	20934	1.7751598e-08	1936	24.330777931381174	False
Anthrax immune globulin human	20870	1.7726899e-08	1937	24.343345481965564	False
Rivoceranib	21763	1.7709393e-08	1938	24.355913032549957	False
GI-5005	20864	1.7704394e-08	1939	24.368480583134346	False
Levoleucovorin	21481	1.7701625e-08	1940	24.38104813371874	False
Rabies virus inactivated antigen, B	20872	1.7686844e-08	1941	24.39361568430313	False
N-acetyl-alpha-neuraminic acid	18044	1.766001e-08	1942	24.40618323488752	False
Etifoxine	21264	1.7641124e-08	1943	24.418750785471914	False
Sapacitabine	21676	1.7635303e-08	1944	24.4313183360563	False
Diloxanide furoate	20531	1.7634093e-08	1945	24.443885886640693	False
Benactyzine	20987	1.762451e-08	1946	24.456453437225083	False
Amitraz	21401	1.7622728e-08	1947	24.469020987809476	False
Prajmaline	20932	1.761957e-08	1948	24.48158853839387	False
Indusatumab vedotin	21108	1.7616745e-08	1949	24.494156088978258	False
Emylcamate	21356	1.7601632e-08	1950	24.50672363956265	False
Cefditoren	20656	1.7589885e-08	1951	24.51929119014704	False
Sulbenicillin	21453	1.758794e-08	1952	24.531858740731433	False
Perflutren	20856	1.7587437e-08	1953	24.544426291315823	False
Faldaprevir	21793	1.7570203e-08	1954	24.556993841900212	False
GPX-150	21777	1.75695e-08	1955	24.569561392484605	False
Aptazapine	21547	1.756779e-08	1956	24.582128943068994	False
Calcium pangamate	21496	1.7554694e-08	1957	24.594696493653387	False
Pranoprofen	21474	1.7518536e-08	1958	24.607264044237777	False
Netilmicin	20408	1.751456e-08	1959	24.61983159482217	False
7,9-Dimethylguanine	21250	1.7512187e-08	1960	24.632399145406563	False
Sisomicin	20827	1.751082e-08	1961	24.644966695990952	False
Reposal	21377	1.7508349e-08	1962	24.65753424657534	False
Avilamycin	21576	1.7506444e-08	1963	24.67010179715973	False
Nabumetone	14175	1.749019e-08	1964	24.682669347744124	False
Gadoversetamide	39896	1.7472285e-08	1965	24.695236898328517	False
Ethiodized oil	21616	1.7470985e-08	1966	24.707804448912906	False
Semuloparin	20669	1.7464789e-08	1967	24.7203719994973	False
Tolonidine	21139	1.746399e-08	1968	24.73293955008169	False
Butanilicaine	21954	1.7463922e-08	1969	24.74550710066608	False
Proscillaridin	21234	1.7454e-08	1970	24.75807465125047	False
Lafutidine	20830	1.7436031e-08	1971	24.770642201834864	False
Sulfur hexafluoride	39894	1.7431908e-08	1972	24.783209752419253	False
Ferric oxide	20438	1.742948e-08	1973	24.795777303003643	False
Aspoxicillin	21456	1.7427254e-08	1974	24.808344853588036	False
Isoflavone	16266	1.741951e-08	1975	24.820912404172425	False
Distichlis spicata pollen	21833	1.7401014e-08	1976	24.833479954756818	False
Glyphosate	14361	1.7397065e-08	1977	24.84604750534121	False
Cenicriviroc	21792	1.7347661e-08	1978	24.8586150559256	False
Neosaxitoxin	21317	1.7315264e-08	1979	24.871182606509993	False
Lixisenatide	17951	1.731348e-08	1980	24.883750157094383	False
Carboquone	21756	1.7304831e-08	1981	24.896317707678772	False
Oxyphenisatin	20546	1.7268958e-08	1982	24.908885258263165	False
Sulfadoxine	20359	1.7268759e-08	1983	24.921452808847555	False
Unoprostone	21262	1.7256182e-08	1984	24.934020359431948	False
Mesobiliverdin IV alpha	17427	1.7254932e-08	1985	24.946587910016337	False
Intetumumab	21116	1.7252068e-08	1986	24.95915546060073	False
Tiemonium iodide	21015	1.7250192e-08	1987	24.97172301118512	False
Trolnitrate	20303	1.7243746e-08	1988	24.984290561769512	False
Tofogliflozin	20514	1.7243647e-08	1989	24.996858112353905	False
Endralazine	20307	1.7241772e-08	1990	25.009425662938295	False
(3-Carboxy-2-(R)-Hydroxy-Propyl)-Trimethyl-Ammonium	17056	1.7239733e-08	1991	25.021993213522688	False
Morpholine-4-Carboxylic Acid (1-(3-Benzenesulfonyl-1-Phenethylallylcarbamoyl)-3-Methylbutyl)-Amide	18977	1.7237893e-08	1992	25.034560764107077	False
Haloxon	21891	1.7236248e-08	1993	25.04712831469147	False
Eletriptan	14596	1.7225863e-08	1994	25.059695865275856	False
Cinchophen	20489	1.722458e-08	1995	25.072263415860245	False
Padeliporfin	20614	1.722064e-08	1996	25.08483096644464	False
Bradykinin	21921	1.7216108e-08	1997	25.097398517029028	False
Inclacumab	21097	1.720229e-08	1998	25.10996606761342	False
Tenitramine	21437	1.7194546e-08	1999	25.122533618197814	False
Biochanin A	20783	1.716761e-08	2000	25.135101168782203	False
Hexamidine	20639	1.7146208e-08	2001	25.147668719366596	False
Teicoplanin	20618	1.714163e-08	2002	25.160236269950985	False
Adefovir	20851	1.713957e-08	2003	25.17280382053538	False
Pertussis vaccine	20957	1.7132576e-08	2004	25.185371371119768	False
Taliglucerase alfa	20576	1.7116408e-08	2005	25.19793892170416	False
Oxymorphone	15152	1.7105672e-08	2006	25.21050647228855	False
Alphaprodine	20355	1.7103778e-08	2007	25.223074022872943	False
Bergapten	21892	1.7099799e-08	2008	25.235641573457336	False
Methscopolamine	20321	1.709057e-08	2009	25.248209124041725	False
Magnesium hydroxide	20376	1.7088322e-08	2010	25.26077667462612	False
Carbaspirin calcium	20756	1.7085846e-08	2011	25.273344225210508	False
Rotavirus vaccine	20874	1.7079394e-08	2012	25.2859117757949	False
Aluminum oxide	21867	1.707832e-08	2013	25.298479326379287	False
Givinostat	20915	1.7077342e-08	2014	25.311046876963676	False
2,5-Dimethoxy-4-ethylamphetamine	21391	1.7054035e-08	2015	25.32361442754807	False
Zinc oxide	20322	1.7051303e-08	2016	25.336181978132462	False
Thiamphenicol	21573	1.7050134e-08	2017	25.34874952871685	False
Sitimagene ceradenovec	21669	1.704428e-08	2018	25.361317079301244	False
Difenpiramide	20736	1.7005961e-08	2019	25.373884629885634	False
TMC-310911	21527	1.7004794e-08	2020	25.386452180470027	False
Sorghum halepense pollen	21823	1.6997888e-08	2021	25.399019731054416	False
Emeramide	21941	1.6993804e-08	2022	25.41158728163881	False
Nitrate	21438	1.6992118e-08	2023	25.424154832223202	False
Surinabant	21318	1.699202e-08	2024	25.43672238280759	False
Flosequinan	21924	1.6990594e-08	2025	25.449289933391984	False
Ofloxacin	15326	1.6990334e-08	2026	25.461857483976374	False
Anecortave acetate	20590	1.6988293e-08	2027	25.474425034560767	False
Carmofur	20617	1.6983822e-08	2028	25.486992585145156	False
Naquotinib	21698	1.6979287e-08	2029	25.49956013572955	False
Valproate bismuth	21509	1.6975111e-08	2030	25.51212768631394	False
Carfecillin	21450	1.6967698e-08	2031	25.524695236898324	False
Tefinostat	21648	1.6967213e-08	2032	25.537262787482717	False
Clonixin	20685	1.695175e-08	2033	25.54983033806711	False
Moperone	21353	1.6947192e-08	2034	25.5623978886515	False
Hexobendine	21925	1.6934784e-08	2035	25.574965439235893	False
Arrhenatherum elatius pollen	21841	1.6928132e-08	2036	25.587532989820282	False
Taurolidine	21716	1.6908801e-08	2037	25.600100540404675	False
Polycarbophil	20989	1.6896873e-08	2038	25.612668090989064	False
Eticlopride	21849	1.685834e-08	2039	25.625235641573457	False
Ornidazole	21933	1.6855896e-08	2040	25.637803192157847	False
Influenza A virus A/Uruguay/716/2007(H3N2) antigen (propiolactone inactivated)	20950	1.6850656e-08	2041	25.65037074274224	False
Lavoltidine	20831	1.6844584e-08	2042	25.662938293326633	False
Dexmedetomidine	15111	1.684304e-08	2043	25.675505843911022	False
Sodium bisulfite	21627	1.6827052e-08	2044	25.688073394495415	False
Bolasterone	21654	1.6826505e-08	2045	25.700640945079805	False
Methapyrilene	20295	1.6825478e-08	2046	25.713208495664198	False
Eteplirsen	20579	1.6824677e-08	2047	25.725776046248587	False
Ipidacrine	20575	1.6807581e-08	2048	25.73834359683298	False
Allicin	21216	1.6786018e-08	2049	25.750911147417366	False
Pemirolast	20458	1.6775488e-08	2050	25.76347869800176	False
Tetramethrin	20610	1.674199e-08	2051	25.776046248586148	False
Tralokinumab	21093	1.6736339e-08	2052	25.78861379917054	False
13-Acetylphorbol	19325	1.6729222e-08	2053	25.80118134975493	False
Colesevelam	20502	1.6728201e-08	2054	25.813748900339323	False
Selenomethionine Se-75	21864	1.672619e-08	2055	25.826316450923713	False
Meptazinol	21006	1.6724213e-08	2056	25.838884001508106	False
Bisoprolol	15451	1.6713848e-08	2057	25.8514515520925	False
Palmitic Acid	14358	1.6705881e-08	2058	25.864019102676888	False
Invert sugar	14767	1.6686837e-08	2059	25.87658665326128	False
Timepidium	21023	1.6679868e-08	2060	25.88915420384567	False
Nitrogen	20499	1.6679646e-08	2061	25.901721754430064	False
Bezlotoxumab	20580	1.6668642e-08	2062	25.914289305014453	False
Ethyl chloride	20615	1.6667814e-08	2063	25.926856855598846	False
Anetumab ravtansine	21158	1.666683e-08	2064	25.939424406183235	False
Suloctidil	21926	1.6659296e-08	2065	25.95199195676763	False
Magnesium chloride	20399	1.6658724e-08	2066	25.96455950735202	False
Emetonium iodide	21020	1.6650148e-08	2067	25.977127057936407	False
D-arginine	17610	1.6626759e-08	2068	25.989694608520796	False
(S)-2-Amino-3-(4h-Selenolo[3,2-B]-Pyrrol-6-Yl)-Propionic Acid	21862	1.6605146e-08	2069	26.00226215910519	False
Tilidine	21021	1.6593905e-08	2070	26.01482970968958	False
Rubella virus vaccine	20876	1.6566172e-08	2071	26.027397260273972	False
Motavizumab	21056	1.6560833e-08	2072	26.03996481085836	False
Octinoxate	20815	1.6560517e-08	2073	26.052532361442754	False
Gedivumab	21189	1.655281e-08	2074	26.065099912027144	False
Oxitriptan	21252	1.6552368e-08	2075	26.077667462611537	False
Tivantinib	18054	1.6544163e-08	2076	26.09023501319593	False
Pemoline	20605	1.6543531e-08	2077	26.10280256378032	False
Menaquinone 7	21945	1.6536465e-08	2078	26.115370114364712	False
Tretoquinol	21423	1.6530409e-08	2079	26.1279376649491	False
PCS-499	21389	1.6527983e-08	2080	26.140505215533494	False
Abituzumab	21119	1.6524483e-08	2081	26.153072766117884	False
Ferumoxides	21520	1.649998e-08	2082	26.165640316702277	False
Demcizumab	21118	1.6497683e-08	2083	26.17820786728667	False
Refanezumab	21167	1.6490416e-08	2084	26.19077541787106	False
Pascopyrum smithii pollen	21839	1.6483026e-08	2085	26.203342968455445	False
Nizofenone	20931	1.6479412e-08	2086	26.215910519039838	False
Nifuratel	21605	1.647432e-08	2087	26.228478069624227	False
Crotedumab	21122	1.6459245e-08	2088	26.24104562020862	False
Cetylpyridinium	20498	1.645711e-08	2089	26.25361317079301	False
Ferrous bisglycinate	21541	1.6456983e-08	2090	26.266180721377403	False
Peginterferon alfacon-1	21529	1.6447194e-08	2091	26.278748271961796	False
Chlorhexadol	21247	1.6440262e-08	2092	26.291315822546185	False
Bevacizumab zirconium Zr-89	21166	1.6435685e-08	2093	26.303883373130578	False
Ecgonine	21545	1.6433647e-08	2094	26.316450923714967	False
Malacidin A	21606	1.6432706e-08	2095	26.32901847429936	False
Trepibutone	20619	1.6428947e-08	2096	26.34158602488375	False
GSK-239512	21553	1.6420927e-08	2097	26.354153575468143	False
Bermekimab	21168	1.6416667e-08	2098	26.366721126052532	False
Pecilocin	21600	1.640593e-08	2099	26.379288676636925	False
Anecortave	21701	1.6402332e-08	2100	26.391856227221318	False
Deoxyspergualin	20923	1.6397202e-08	2101	26.404423777805707	False
Tucidinostat	20866	1.6390386e-08	2102	26.4169913283901	False
Streptolydigin	21569	1.6390073e-08	2103	26.42955887897449	False
Etilevodopa	21850	1.6379198e-08	2104	26.442126429558876	False
Tiletamine	21283	1.637723e-08	2105	26.45469398014327	False
Nifenazone	20739	1.6375825e-08	2106	26.467261530727658	False
Hydrolyzed Cephalothin	20790	1.6369766e-08	2107	26.47982908131205	False
Fibrinogen human	20686	1.6354662e-08	2108	26.49239663189644	False
Calcium glycerophosphate	20420	1.6354317e-08	2109	26.504964182480833	False
Benzhydrocodone	21033	1.6344059e-08	2110	26.517531733065226	False
Atamestane	21659	1.6322003e-08	2111	26.530099283649616	False
Dichloroisoproterenol	21942	1.631581e-08	2112	26.54266683423401	False
Vesnarinone	21702	1.6304641e-08	2113	26.555234384818398	False
Cetuximab	17605	1.6302028e-08	2114	26.56780193540279	False
Cafedrine	20920	1.6300785e-08	2115	26.58036948598718	False
Cyclandelate	15537	1.6292548e-08	2116	26.592937036571573	False
Docusate	20447	1.6292237e-08	2117	26.605504587155966	False
Zinc citrate	20696	1.6287979e-08	2118	26.618072137740356	False
Magnesium glycinate	20992	1.6286396e-08	2119	26.63063968832475	False
S-Selanyl Cysteine	21859	1.6280277e-08	2120	26.643207238909138	False
Josamycin	21243	1.62786e-08	2121	26.65577478949353	False
Sizofiran	21746	1.626842e-08	2122	26.668342340077917	False
Cyclopentamine	21265	1.6267085e-08	2123	26.680909890662306	False
Mephedrone	21412	1.6260074e-08	2124	26.6934774412467	False
Metisazone	21804	1.6255392e-08	2125	26.706044991831092	False
Alcuronium	21014	1.6244297e-08	2126	26.71861254241548	False
Etoposide	14604	1.6242376e-08	2127	26.731180092999875	False
Dibenzepin	21206	1.6226366e-08	2128	26.743747643584264	False
Butacaine	20317	1.6224076e-08	2129	26.756315194168657	False
Almasilate	20403	1.62058e-08	2130	26.768882744753046	False
Dixyrazine	21376	1.6190475e-08	2131	26.78145029533744	False
Haemophilus influenzae type B capsular polysaccharide meningococcal outer membrane protein conjugate antigen	20878	1.6182756e-08	2132	26.79401784592183	False
Niaprazine	21367	1.617754e-08	2133	26.80658539650622	False
Utomilumab	21181	1.6175381e-08	2134	26.819152947090615	False
Vasopressin	16521	1.616369e-08	2135	26.831720497675004	False
Magnesium peroxide	20840	1.6150347e-08	2136	26.844288048259397	False
Tenidap	20453	1.6145943e-08	2137	26.856855598843786	False
Ingavirin	21795	1.6142373e-08	2138	26.86942314942818	False
Telavancin	20308	1.6132523e-08	2139	26.88199070001257	False
Benzoin	20382	1.6128615e-08	2140	26.894558250596955	False
Tosylchloramide	21910	1.612637e-08	2141	26.907125801181348	False
Odalasvir	21803	1.611991e-08	2142	26.919693351765737	False
Sodium tripolyphosphate	21488	1.6111734e-08	2143	26.93226090235013	False
Garlic	21215	1.6099877e-08	2144	26.944828452934523	False
Evocalcet	20582	1.6084346e-08	2145	26.957396003518912	False
Darexaban	20711	1.60791e-08	2146	26.969963554103305	False
BIIB015	21054	1.6078673e-08	2147	26.982531104687695	False
Hydrochlorothiazide	14276	1.6077967e-08	2148	26.995098655272088	False
Cefodizime	20745	1.6067789e-08	2149	27.007666205856477	False
Dolastatin 10	21727	1.6060067e-08	2150	27.02023375644087	False
Lofepramine	20388	1.6055994e-08	2151	27.032801307025263	False
Distigmine	20533	1.6053024e-08	2152	27.045368857609652	False
Sultopride	20928	1.6017545e-08	2153	27.057936408194045	False
Cycloguanil	21558	1.601611e-08	2154	27.070503958778435	False
CUDC-101	20907	1.6015834e-08	2155	27.083071509362828	False
Magnesium ascorbate	21552	1.6013878e-08	2156	27.095639059947217	False
Sulbentine	20640	1.6009544e-08	2157	27.10820661053161	False
Hydralazine	14327	1.599596e-08	2158	27.120774161115996	False
Magnesium orotate	20970	1.5993916e-08	2159	27.13334171170039	False
Spinosad	20611	1.5980133e-08	2160	27.14590926228478	False
Laninamivir octanoate	20635	1.5950109e-08	2161	27.15847681286917	False
Dexpropranolol	21039	1.5935907e-08	2162	27.17104436345356	False
Simendan	20909	1.593536e-08	2163	27.183611914037954	False
Bicisate	20820	1.5931622e-08	2164	27.196179464622343	False
Guanoxan	21136	1.5921355e-08	2165	27.208747015206736	False
Sulfacetamide	20318	1.5914432e-08	2166	27.221314565791126	False
Ozanezumab	21127	1.5908029e-08	2167	27.23388211637552	False
Semustine	21755	1.589626e-08	2168	27.24644966695991	False
Colchiceine	14500	1.5892077e-08	2169	27.2590172175443	False
Talc	21650	1.5886652e-08	2170	27.271584768128694	False
Sacrosidase	20592	1.587832e-08	2171	27.284152318713083	False
Aducanumab	21099	1.5871539e-08	2172	27.296719869297476	False
Tramazoline	20326	1.5869572e-08	2173	27.309287419881866	False
Fosbretabulin	21719	1.5865758e-08	2174	27.32185497046626	False
Masitinib	21679	1.5865547e-08	2175	27.334422521050648	False
Pegamotecan	21538	1.584755e-08	2176	27.346990071635034	False
Satraplatin	21643	1.5844167e-08	2177	27.359557622219427	False
Technetium Tc-99m pyrophosphate	20808	1.581301e-08	2178	27.37212517280382	False
Tacrine	15294	1.5801552e-08	2179	27.38469272338821	False
DTS-201	21774	1.5800408e-08	2180	27.397260273972602	False
Phosphoaminophosphonic Acid-Adenylate Ester	16561	1.5794441e-08	2181	27.40982782455699	False
Nikkomycin Z	21595	1.5785437e-08	2182	27.422395375141384	False
Iotrolan	39891	1.5781914e-08	2183	27.434962925725774	False
Iocetamic acid	20346	1.5771743e-08	2184	27.447530476310167	False
Quinoline Yellow WS	21228	1.5771562e-08	2185	27.46009802689456	False
Conatumumab	21064	1.5763774e-08	2186	27.47266557747895	False
Lexaptepid Pegol	21536	1.5757731e-08	2187	27.485233128063342	False
Triclofos	21259	1.5756468e-08	2188	27.49780067864773	False
Albusomatropin	21780	1.5731064e-08	2189	27.510368229232125	False
Etafenone	21932	1.5722275e-08	2190	27.522935779816514	False
Clioquinol	20368	1.5721316e-08	2191	27.535503330400907	False
10-hydroxycamptothecin	21714	1.5707498e-08	2192	27.5480708809853	False
Phenibut	21346	1.5703604e-08	2193	27.56063843156969	False
Proglumetacin	20450	1.5695967e-08	2194	27.573205982154082	False
Figitumumab	21067	1.5679301e-08	2195	27.585773532738468	False
Tecarfarin	21893	1.5664625e-08	2196	27.598341083322858	False
Dactolisib	21682	1.5645783e-08	2197	27.61090863390725	False
Amdinocillin	21440	1.5641636e-08	2198	27.62347618449164	False
Gentamicin C1a	20793	1.563916e-08	2199	27.636043735076033	False
Tramiprosate	21254	1.5611025e-08	2200	27.648611285660422	False
AEG35156	18699	1.5607691e-08	2201	27.661178836244815	False
Visilizumab	21085	1.5606501e-08	2202	27.673746386829208	False
Fluclorolone	20939	1.5596859e-08	2203	27.686313937413598	False
Tandospirone	20578	1.559677e-08	2204	27.69888148799799	False
Brivaracetam	15551	1.5587341e-08	2205	27.71144903858238	False
Sulfate ion	21028	1.5579614e-08	2206	27.724016589166773	False
Phosphonoacetaldehyde	21905	1.5565773e-08	2207	27.736584139751162	False
Loteprednol	21384	1.5558886e-08	2208	27.749151690335555	False
Flurbiprofen axetil	20782	1.555859e-08	2209	27.761719240919945	False
ONC-201	21765	1.5550075e-08	2210	27.774286791504338	False
Menaquinone	21948	1.5543996e-08	2211	27.78685434208873	False
Clostebol	21655	1.5543877e-08	2212	27.79942189267312	False
Azapetine	20543	1.55421e-08	2213	27.811989443257506	False
Betulinic Acid	21472	1.554201e-08	2214	27.8245569938419	False
Semaglutide	14475	1.5533683e-08	2215	27.83712454442629	False
Monomethyl fumarate	20942	1.5530246e-08	2216	27.84969209501068	False
Teneligliptin	20518	1.5524027e-08	2217	27.86225964559507	False
Potassium permanganate	21477	1.5488741e-08	2218	27.874827196179464	False
Puerarin	21922	1.5471942e-08	2219	27.887394746763857	False
Metildigoxin	21220	1.5471588e-08	2220	27.899962297348246	False
Batefenterol	20996	1.546318e-08	2221	27.91252984793264	False
Albiglutide	17949	1.5460556e-08	2222	27.92509739851703	False
Neltenexine	20371	1.545006e-08	2223	27.93766494910142	False
Secnidazole	20606	1.544732e-08	2224	27.95023249968581	False
Daptomycin	20456	1.544187e-08	2225	27.962800050270204	False
N-(3-chlorophenyl)-N-methyl-2-oxo-3-[(3,4,5-trimethyl-1H-pyrrol-2-yl)methyl]-2H-indole-5-sulfonamide	18050	1.5440133e-08	2226	27.975367600854597	False
Lintuzumab	21162	1.5439278e-08	2227	27.987935151438986	False
Enviomycin	20491	1.5435864e-08	2228	28.00050270202338	False
Trichloroethylene	21333	1.5431565e-08	2229	28.01307025260777	False
Norelgestromin	14800	1.5420179e-08	2230	28.02563780319216	False
Florfenicol	21579	1.541912e-08	2231	28.038205353776547	False
Imiglucerase	20604	1.5416884e-08	2232	28.050772904360937	False
Efatutazone	21693	1.5411329e-08	2233	28.06334045494533	False
Vindesine	15429	1.5405744e-08	2234	28.07590800552972	False
Alloin	21034	1.540263e-08	2235	28.088475556114112	False
Fenbendazole	21630	1.5401103e-08	2236	28.101043106698505	False
Kallidinogenase	20722	1.5399488e-08	2237	28.113610657282894	False
2,4-thiazolidinedione	21217	1.539834e-08	2238	28.126178207867287	False
Fosfructose	21427	1.5390473e-08	2239	28.138745758451677	False
3-[3-(4-methylpiperazin-1-yl)-7-(trifluoromethyl)quinoxalin-5-yl]phenol	18051	1.5389533e-08	2240	28.15131330903607	False
XL019	19316	1.5388476e-08	2241	28.16388085962046	False
NS-398	20774	1.5362756e-08	2242	28.176448410204852	False
Equilin	15524	1.5362433e-08	2243	28.18901596078924	False
Ipragliflozin	20517	1.535517e-08	2244	28.201583511373634	False
Pleconaril	21784	1.5354145e-08	2245	28.214151061958027	False
Quingestanol acetate	20779	1.5349547e-08	2246	28.226718612542417	False
Bismuth subnitrate	20835	1.5340387e-08	2247	28.23928616312681	False
Clorindione	20730	1.5307329e-08	2248	28.2518537137112	False
Lulizumab pegol	21200	1.5305519e-08	2249	28.264421264295585	False
GW842166	21292	1.5293788e-08	2250	28.276988814879978	False
Neamine	20794	1.5293555e-08	2251	28.289556365464367	False
Histapyrrodine	21873	1.5290055e-08	2252	28.30212391604876	False
PF-232798	21806	1.5288975e-08	2253	28.314691466633153	False
Ferric carboxymaltose	21540	1.5277287e-08	2254	28.327259017217543	False
Bifemelane	20553	1.5270937e-08	2255	28.339826567801936	False
Viomycin	21263	1.5261007e-08	2256	28.352394118386325	False
Dihexyverine	21016	1.5253876e-08	2257	28.364961668970718	False
Frovocimab	21177	1.5243668e-08	2258	28.377529219555107	False
Rimiducid	19307	1.5241255e-08	2259	28.3900967701395	False
Glembatumumab vedotin	19631	1.52355e-08	2260	28.402664320723893	False
Camylofin	21018	1.5219294e-08	2261	28.415231871308283	False
Latamoxef	20664	1.5216566e-08	2262	28.427799421892676	False
Pyronaridine	20540	1.5208935e-08	2263	28.440366972477065	False
Mannosulfan	21751	1.5206004e-08	2264	28.452934523061458	False
Peruvoside	21237	1.5180387e-08	2265	28.465502073645848	False
Aluminium clofibrate	20978	1.5171588e-08	2266	28.47806962423024	False
Gamolenic acid	21641	1.5170604e-08	2267	28.490637174814626	False
Arbekacin	20795	1.5167016e-08	2268	28.503204725399016	False
Benzoyl peroxide	20377	1.5156836e-08	2269	28.51577227598341	False
Maltotetraose	21561	1.5141522e-08	2270	28.5283398265678	False
Paspalum notatum pollen	21820	1.5131562e-08	2271	28.54090737715219	False
Methylthiouracil	20760	1.5126686e-08	2272	28.553474927736584	False
Human cytomegalovirus immune globulin	21146	1.5125185e-08	2273	28.566042478320973	False
Vilazodone	15209	1.5106012e-08	2274	28.578610028905366	False
Sebelipase alfa	20651	1.510581e-08	2275	28.591177579489756	False
Talastine	21872	1.5097717e-08	2276	28.60374513007415	False
Luprostiol	21468	1.5089887e-08	2277	28.616312680658538	False
Iron isomaltoside 1000	21542	1.5066735e-08	2278	28.62888023124293	False
Bisacodyl	20357	1.5046172e-08	2279	28.641447781827324	False
Coumaphos	20896	1.5042128e-08	2280	28.654015332411714	False
Gallamine	21009	1.5020825e-08	2281	28.666582882996106	False
Lolium perenne pollen	21827	1.5015813e-08	2282	28.679150433580496	False
Linsidomine	20738	1.5012949e-08	2283	28.69171798416489	False
Butalamine	21928	1.5006279e-08	2284	28.70428553474928	False
Vaborbactam	20824	1.4999696e-08	2285	28.71685308533367	False
Uridine triacetate	20638	1.4989915e-08	2286	28.729420635918057	False
Fenproporex	20508	1.4971485e-08	2287	28.74198818650245	False
Volociximab	21061	1.4971171e-08	2288	28.75455573708684	False
Phenoxypropazine	20691	1.4968544e-08	2289	28.767123287671232	False
Trifluperidol	21352	1.4958099e-08	2290	28.779690838255622	False
Zucapsaicin	15370	1.4902113e-08	2291	28.792258388840015	False
Alfaxalone	21274	1.490055e-08	2292	28.804825939424404	False
Tunicamycin	21598	1.4896401e-08	2293	28.817393490008797	False
Pyrimethamine	15808	1.489336e-08	2294	28.82996104059319	False
Thonzonium	20093	1.4893247e-08	2295	28.84252859117758	False
Daidzein	21747	1.48915715e-08	2296	28.855096141761972	False
Naftidrofuryl	20554	1.487593e-08	2297	28.867663692346362	False
Hexaminolevulinate	21815	1.4865434e-08	2298	28.880231242930755	False
Penciclovir	20621	1.4864897e-08	2299	28.892798793515144	False
Endostar	21689	1.4848177e-08	2300	28.905366344099537	False
Ilaprazole	20445	1.4838126e-08	2301	28.917933894683927	False
Pivampicillin	21441	1.4827009e-08	2302	28.93050144526832	False
Thymalfasin	21668	1.4825511e-08	2303	28.943068995852713	False
Edrecolomab	21137	1.4823926e-08	2304	28.9556365464371	False
Ocinaplon	21255	1.48215795e-08	2305	28.968204097021488	False
Methylpentynol	20363	1.4804289e-08	2306	28.98077164760588	False
Olorofim	21612	1.4802057e-08	2307	28.99333919819027	False
GSK-256066	21885	1.4799292e-08	2308	29.005906748774663	False
Rescinnamine	16692	1.4798698e-08	2309	29.018474299359053	False
Buflomedil	20749	1.4796695e-08	2310	29.031041849943445	False
Succinimide	20500	1.4782646e-08	2311	29.043609400527835	False
Plantago ovata seed	21029	1.4780475e-08	2312	29.056176951112228	False
Flufenamic acid	14069	1.4776079e-08	2313	29.06874450169662	False
Rasburicase	20486	1.4774416e-08	2314	29.08131205228101	False
Fosfomycin	20421	1.4762473e-08	2315	29.093879602865403	False
2-[(2',3',4'-TRIFLUOROBIPHENYL-2-YL)OXY]ETHANOL	18985	1.4758813e-08	2316	29.106447153449793	False
Sodium zirconium cyclosilicate	20853	1.4757715e-08	2317	29.119014704034186	False
Relebactam	20237	1.4757601e-08	2318	29.131582254618575	False
Vibrio cholerae CVD 103-HgR strain live antigen	20947	1.4752002e-08	2319	29.144149805202968	False
Alaproclate	20728	1.4732993e-08	2320	29.15671735578736	False
Holcus lanatus pollen	21829	1.4719426e-08	2321	29.16928490637175	False
Vonoprazan	20372	1.4719285e-08	2322	29.181852456956136	False
(1R)-2-[(CYANOMETHYL)AMINO]-1-({[2-(DIFLUOROMETHOXY)BENZYL]SULFONYL}METHYL)-2-OXOETHYL MORPHOLINE-4-CARBOXYLATE	18984	1.4714431e-08	2323	29.19442000754053	False
Nicofuranose	21927	1.471095e-08	2324	29.20698755812492	False
Mazaticol	21003	1.47081165e-08	2325	29.21955510870931	False
Isatoic anhydride	21590	1.47080605e-08	2326	29.2321226592937	False
Emivirine	21789	1.4704611e-08	2327	29.244690209878094	False
Sirukumab	20904	1.4668278e-08	2328	29.257257760462487	False
Rabusertib	21683	1.4656672e-08	2329	29.269825311046876	False
Iratumumab	21049	1.46511665e-08	2330	29.28239286163127	False
LJP 1082	19422	1.4645215e-08	2331	29.29496041221566	False
Carprofen	15983	1.4637005e-08	2332	29.30752796280005	False
Opipramol	20386	1.4627823e-08	2333	29.32009551338444	False
Tiocarlide	20490	1.4621406e-08	2334	29.332663063968834	False
Poa pratensis pollen	21824	1.4617336e-08	2335	29.345230614553223	False
Sulbactam	20404	1.461491e-08	2336	29.357798165137616	False
Yellow Fever Vaccine	20887	1.4602734e-08	2337	29.37036571572201	False
Methallenestril	20720	1.4557793e-08	2338	29.3829332663064	False
Phenothrin	20625	1.4548218e-08	2339	29.39550081689079	False
3-Hydroxybutyryl-Coenzyme A	17059	1.4545638e-08	2340	29.408068367475177	False
Mitomycin	15271	1.4527172e-08	2341	29.420635918059567	False
1-(4-fluorophenyl)-N-[3-fluoro-4-(1H-pyrrolo[2,3-b]pyridin-4-yloxy)phenyl]-2-oxo-1,2-dihydropyridine-3-carboxamide	18047	1.4517864e-08	2342	29.43320346864396	False
Cintredekin Besudotox	19347	1.4516121e-08	2343	29.44577101922835	False
Tulathromycin A	21587	1.4509228e-08	2344	29.458338569812742	False
Soblidotin	21724	1.4488127e-08	2345	29.47090612039713	False
Neridronic Acid	20440	1.44868295e-08	2346	29.483473670981525	False
Vaccinia virus strain new york city board of health live antigen	20953	1.4484038e-08	2347	29.496041221565918	False
Pexelizumab	21040	1.4469211e-08	2348	29.508608772150307	False
Ox bile extract	21459	1.4463968e-08	2349	29.5211763227347	False
Influenza B virus B/Brisbane/60/2008 antigen (propiolactone inactivated)	20894	1.4456576e-08	2350	29.53374387331909	False
Mequinol	20383	1.4449629e-08	2351	29.546311423903482	False
Roxarsone	21584	1.4439354e-08	2352	29.55887897448787	False
Ecopipam	21300	1.4432938e-08	2353	29.571446525072265	False
Oxaprotiline	21204	1.44326355e-08	2354	29.584014075656658	False
Vabicaserin	21295	1.4430184e-08	2355	29.596581626241047	False
Monoxerutin	20644	1.4426084e-08	2356	29.60914917682544	False
Posiphen	21432	1.4419675e-08	2357	29.62171672740983	False
Combretastatin A4	21762	1.4415935e-08	2358	29.634284277994215	False
Omega-3-carboxylic acids	14552	1.4409612e-08	2359	29.64685182857861	False
Depatuxizumab	21124	1.440016e-08	2360	29.659419379162998	False
Alovudine F-18	21808	1.4398843e-08	2361	29.67198692974739	False
PEG-uricase	21528	1.4394587e-08	2362	29.684554480331784	False
Cynodon dactylon pollen	21821	1.43921435e-08	2363	29.697122030916173	False
Meglumine antimoniate	20348	1.4387888e-08	2364	29.709689581500566	False
Talampicillin	21455	1.4371077e-08	2365	29.722257132084955	False
Lanicemine	21291	1.4370994e-08	2366	29.73482468266935	False
OSI-930	16032	1.4370254e-08	2367	29.747392233253738	False
Oxaceprol	20572	1.4369926e-08	2368	29.75995978383813	False
Cerlapirdine	21299	1.4365897e-08	2369	29.77252733442252	False
Teduglutide	19197	1.43563375e-08	2370	29.785094885006913	False
Fenpiverinium	21019	1.4336964e-08	2371	29.797662435591306	False
Rupintrivir	21783	1.4325155e-08	2372	29.810229986175695	False
4-hydroxycoumarin	20663	1.4323733e-08	2373	29.82279753676009	False
Pivhydrazine	20692	1.4315267e-08	2374	29.835365087344478	False
Vobarilizumab	21163	1.430484e-08	2375	29.84793263792887	False
Frangula purshiana bark	21035	1.43009125e-08	2376	29.86050018851326	False
mRNA-1273	20961	1.42982115e-08	2377	29.873067739097646	False
Melevodopa	20591	1.428818e-08	2378	29.88563528968204	False
Salsalate	15986	1.4280142e-08	2379	29.89820284026643	False
Apaziquone	21720	1.4277991e-08	2380	29.91077039085082	False
Mebeverine	20585	1.4277773e-08	2381	29.923337941435214	False
Colestilan chloride	20506	1.4275568e-08	2382	29.935905492019604	False
Aminobenzoic acid	20423	1.4257172e-08	2383	29.948473042603997	False
Lumichrome	17426	1.4240975e-08	2384	29.961040593188386	False
Racotumomab	21133	1.4219152e-08	2385	29.97360814377278	False
Protionamide	21594	1.4201833e-08	2386	29.98617569435717	False
Icaridin	21936	1.4201345e-08	2387	29.99874324494156	False
4-[3-(1,4-diazepan-1-ylcarbonyl)-4-fluorobenzyl]phthalazin-1(2H)-one	19960	1.42005065e-08	2388	30.011310795525954	False
Isoxsuprine	20487	1.4191381e-08	2389	30.023878346110344	False
Ebola Zaire vaccine (live, attenuated)	20960	1.4184589e-08	2390	30.036445896694737	False
Liarozole	21743	1.4162421e-08	2391	30.049013447279126	False
Veralipride	21348	1.4153536e-08	2392	30.06158099786352	False
Pyrrobutamine	21877	1.4149623e-08	2393	30.07414854844791	False
Selenomethionine Selenoxide	21857	1.4129288e-08	2394	30.0867160990323	False
Mizoribine	20914	1.4126621e-08	2395	30.099283649616687	False
Typhoid vaccine	20941	1.4121152e-08	2396	30.11185120020108	False
Icosapent ethyl	20501	1.4112589e-08	2397	30.12441875078547	False
Fenozolone	21414	1.4101504e-08	2398	30.136986301369863	False
Sertraline	14299	1.4090103e-08	2399	30.149553851954252	False
Methyl-1-testosterone	20661	1.40758685e-08	2400	30.162121402538645	False
Atracurium	20460	1.4075706e-08	2401	30.174688953123034	False
Fenyramidol	21344	1.4073693e-08	2402	30.187256503707427	False
Trestolone acetate	20772	1.4054137e-08	2403	30.199824054291817	False
Styramate	21338	1.4053066e-08	2404	30.21239160487621	False
Potassium triiodide	21479	1.4050681e-08	2405	30.224959155460603	False
Rimantadine	20361	1.4046232e-08	2406	30.237526706044992	False
Thenalidine	21870	1.40461776e-08	2407	30.250094256629385	False
Enokizumab	21050	1.4032576e-08	2408	30.262661807213775	False
Propatyl nitrate	21435	1.4031372e-08	2409	30.275229357798167	False
Fosinoprilat	21150	1.4028883e-08	2410	30.287796908382557	False
Propiopromazine	21281	1.4026314e-08	2411	30.30036445896695	False
Resolvin E1	21036	1.40262335e-08	2412	30.31293200955134	False
Sulforaphane	21715	1.4017729e-08	2413	30.325499560135725	False
Dimetotiazine	21546	1.4017648e-08	2414	30.338067110720118	False
Titanium dioxide	20171	1.3996329e-08	2415	30.35063466130451	False
Lumretuzumab	21115	1.3994915e-08	2416	30.3632022118889	False
Opicinumab	21170	1.3988723e-08	2417	30.375769762473293	False
Acetoxolone	20462	1.3980507e-08	2418	30.388337313057683	False
Muplestim	21622	1.3978055e-08	2419	30.400904863642076	False
Bornaprine	21012	1.3975654e-08	2420	30.413472414226465	False
Glesatinib	21499	1.3969846e-08	2421	30.426039964810858	False
Salirasib	21725	1.3966435e-08	2422	30.43860751539525	False
N-[(1S)-1-(aminocarbonyl)-4-(ethanimidoylamino)butyl]benzamide	18591	1.3957701e-08	2423	30.45117506597964	False
Ascrinvacumab	21098	1.394163e-08	2424	30.463742616564033	False
Zinc gluconate	20306	1.3926427e-08	2425	30.476310167148423	False
Magnesium stearate	21382	1.3914188e-08	2426	30.488877717732816	False
Coagulation factor X human	20721	1.3910287e-08	2427	30.501445268317205	False
Astaxanthin	19628	1.3905379e-08	2428	30.514012818901598	False
Lauric acid	14354	1.38927865e-08	2429	30.52658036948599	False
Lanopepden	21592	1.3891488e-08	2430	30.53914792007038	False
Atipamezole	21403	1.3888814e-08	2431	30.551715470654766	False
(1R)-1,2,2-trimethylpropyl (R)-methylphosphinate	19321	1.3881291e-08	2432	30.56428302123916	False
Influenza B virus B/Brisbane/60/2008 hemagglutinin antigen (formaldehyde inactivated)	20944	1.3864674e-08	2433	30.57685057182355	False
Mannitol	20339	1.386425e-08	2434	30.589418122407942	False
Niacin	14506	1.38578535e-08	2435	30.60198567299233	False
Colforsin	18768	1.3842715e-08	2436	30.614553223576724	False
Human calcitonin	14693	1.3814097e-08	2437	30.627120774161114	False
Abafungin	21491	1.3786828e-08	2438	30.639688324745507	False
Hyodeoxycholic Acid	20707	1.3763235e-08	2439	30.6522558753299	False
Elapegademase	21539	1.3757146e-08	2440	30.66482342591429	False
Tetrazepam	21334	1.3755153e-08	2441	30.677390976498682	False
Nitrendipine	14985	1.3736798e-08	2442	30.68995852708307	False
Festuca pratensis pollen	21825	1.3733603e-08	2443	30.702526077667464	False
Bamethan	21923	1.3725564e-08	2444	30.715093628251854	False
1alpha-Hydroxyvitamin D5	21489	1.3716744e-08	2445	30.727661178836247	False
Lanthanum carbonate	20512	1.3708268e-08	2446	30.740228729420636	False
Mexiletine	15097	1.3694706e-08	2447	30.75279628000503	False
Deacetylbisacodyl	21024	1.369152e-08	2448	30.765363830589422	False
Tisopurine	21663	1.3680243e-08	2449	30.77793138117381	False
TM30339	19328	1.3676303e-08	2450	30.790498931758197	False
Oxaflozane	20600	1.3658421e-08	2451	30.80306648234259	False
Picosulfuric acid	20812	1.36539935e-08	2452	30.81563403292698	False
Epirizole	20681	1.3640638e-08	2453	30.828201583511373	False
Besilesomab	21148	1.3636868e-08	2454	30.840769134095762	False
(2S)-3-[(R)-[(1S)-1-amino-3-phenylpropyl](hydroxy)phosphoryl]-2-benzylpropanoic acid	19920	1.3636086e-08	2455	30.853336684680155	False
2,3,5,6-Tetrafluoro-4-Methoxy-Benzamide	18883	1.363502e-08	2456	30.865904235264548	False
Vortioxetine	15035	1.3614828e-08	2457	30.878471785848937	False
Mevastatin	15764	1.3602654e-08	2458	30.89103933643333	False
Alovudine	21786	1.3589454e-08	2459	30.90360688701772	False
Clofenamide	20845	1.3579454e-08	2460	30.916174437602113	False
Malonaldehyde	21904	1.3571737e-08	2461	30.928741988186502	False
Meladrazine	21957	1.3571168e-08	2462	30.941309538770895	False
Secale cereale pollen	21838	1.3563559e-08	2463	30.953877089355288	False
GS-5745	21100	1.35553355e-08	2464	30.966444639939677	False
GMX1777	19322	1.3540684e-08	2465	30.97901219052407	False
NUC-1031	21769	1.3497184e-08	2466	30.99157974110846	False
Acetyldigoxin	20936	1.3481078e-08	2467	31.004147291692853	False
Prifinium	20998	1.345077e-08	2468	31.01671484227724	False
Calcium acetate	20405	1.3436154e-08	2469	31.029282392861628	False
Somatropin pegol	21781	1.3433029e-08	2470	31.04184994344602	False
Gibberellin A4	19969	1.3418637e-08	2471	31.05441749403041	False
Penclomedine	21740	1.341224e-08	2472	31.066985044614803	False
Dihydrostreptomycin	20822	1.34035965e-08	2473	31.079552595199196	False
5-phenyl-1H-indazol-3-amine	19317	1.3400477e-08	2474	31.092120145783586	False
Quinisocaine	21956	1.3372724e-08	2475	31.10468769636798	False
Enprofylline	15957	1.3361403e-08	2476	31.117255246952368	False
Psilocybin	21287	1.3349202e-08	2477	31.12982279753676	False
Lometrexol	21729	1.3341082e-08	2478	31.14239034812115	False
Sulprostone	21952	1.3332382e-08	2479	31.154957898705543	False
Palifermin	17693	1.3287625e-08	2480	31.167525449289933	False
Ferric sulfate	21521	1.3273769e-08	2481	31.180092999874326	False
Morpholine-4-Carboxylic Acid [1s-(2-Benzyloxy-1r-Cyano-Ethylcarbamoyl)-3-Methyl-Butyl]Amide	18976	1.3255326e-08	2482	31.19266055045872	False
Diethyl ether	21360	1.3251079e-08	2483	31.205228101043108	False
Simtuzumab	21091	1.3244207e-08	2484	31.2177956516275	False
Bevonium	21008	1.3244004e-08	2485	31.23036320221189	False
Atevirdine	21798	1.3236352e-08	2486	31.242930752796276	False
Ritobegron	21405	1.3219397e-08	2487	31.25549830338067	False
4-[4-(1-Amino-1-Methylethyl)Phenyl]-5-Chloro-N-[4-(2-Morpholin-4-Ylethyl)Phenyl]Pyrimidin-2-Amine	17695	1.32138265e-08	2488	31.26806585396506	False
Pegvaliase	21537	1.3210903e-08	2489	31.28063340454945	False
Carbamide peroxide	20624	1.3206267e-08	2490	31.293200955133845	False
Recombinant alpha 1-antitrypsin	18177	1.3200701e-08	2491	31.305768505718234	False
MK-0354	19617	1.3189502e-08	2492	31.318336056302627	False
Imidapril	20297	1.318236e-08	2493	31.330903606887016	False
Benorilate	20763	1.3179167e-08	2494	31.34347115747141	False
Sodium cation	21027	1.3158144e-08	2495	31.3560387080558	False
Haemophilus influenzae type B strain 20752 capsular polysaccharide tetanus toxoid conjugate antigen	20889	1.31354e-08	2496	31.36860625864019	False
BMS-955176	21809	1.3129389e-08	2497	31.381173809224585	False
Liraglutide	14385	1.30880595e-08	2498	31.393741359808974	False
Zinc picolinate	20965	1.3079574e-08	2499	31.406308910393367	False
6-hydroxyuridine-5'-phosphate	20065	1.30636675e-08	2500	31.418876460977756	False
Povidone-iodine	20358	1.3053903e-08	2501	31.43144401156215	False
25-desacetylrifapentine	21511	1.3052535e-08	2502	31.44401156214654	False
Ifetroban	20712	1.3047532e-08	2503	31.45657911273093	False
Omoconazole	20558	1.3047034e-08	2504	31.469146663315318	False
GLPG-0492	21308	1.3040266e-08	2505	31.481714213899707	False
Clofarabine	15805	1.30292275e-08	2506	31.4942817644841	False
Mipomersen	21434	1.3023985e-08	2507	31.506849315068493	False
Xanomeline	21229	1.300507e-08	2508	31.519416865652882	False
Colistin	20429	1.2997358e-08	2509	31.531984416237275	False
Endostatin	14823	1.2993045e-08	2510	31.544551966821665	False
Reglitazar	16254	1.2943476e-08	2511	31.557119517406058	False
Anthralin	19863	1.2920118e-08	2512	31.569687067990447	False
INGN 225	20862	1.291997e-08	2513	31.58225461857484	False
2-(6-methylpyridin-2-yl)-N-pyridin-4-ylquinazolin-4-amine	19856	1.29019195e-08	2514	31.59482216915923	False
Aminomethylbenzoic acid	21516	1.2896531e-08	2515	31.607389719743622	False
Hemin	20602	1.2885246e-08	2516	31.619957270328015	False
N-METHYLALANYL-3-METHYLVALYL-4-PHENOXY-N-(1,2,3,4-TETRAHYDRONAPHTHALEN-1-YL)PROLINAMIDE	18698	1.28577975e-08	2517	31.632524820912405	False
Phenazocine	21011	1.2851374e-08	2518	31.645092371496798	False
RI 624	18592	1.283746e-08	2519	31.657659922081187	False
Loperamide	15125	1.28361615e-08	2520	31.67022747266558	False
Carlumab	21117	1.28289415e-08	2521	31.68279502324997	False
1-[(2-NITROPHENYL)SULFONYL]-1H-PYRROLO[3,2-B]PYRIDINE-6-CARBOXAMIDE	18053	1.2822728e-08	2522	31.695362573834355	False
Latrunculin A	19178	1.2812705e-08	2523	31.70793012441875	False
Beclamide	21267	1.2811458e-08	2524	31.72049767500314	False
Bromhexine	39889	1.2809943e-08	2525	31.73306522558753	False
Nigericin	21608	1.2809674e-08	2526	31.745632776171924	False
Lorajmine	20933	1.2781168e-08	2527	31.758200326756313	False
N-acetylhistamine	19480	1.2775903e-08	2528	31.770767877340706	False
gamma-Tocopherol	21949	1.2768645e-08	2529	31.783335427925095	False
Ethoheptazine	20356	1.275589e-08	2530	31.79590297850949	False
Floctafenine	20679	1.27481545e-08	2531	31.80847052909388	False
Epicillin	21448	1.2746696e-08	2532	31.82103807967827	False
Norgestrienone	20755	1.2742636e-08	2533	31.833605630262664	False
Nadifloxacin	20496	1.27417605e-08	2534	31.846173180847053	False
Rofecoxib	14600	1.2732359e-08	2535	31.858740731431446	False
K-252a	17973	1.2731412e-08	2536	31.871308282015836	False
Patiromer	21913	1.2726726e-08	2537	31.88387583260023	False
Pridinol	21363	1.2718573e-08	2538	31.896443383184618	False
X-396	21745	1.271314e-08	2539	31.90901093376901	False
Fenquizone	20846	1.2712413e-08	2540	31.921578484353404	False
Bryostatin 1	15661	1.269458e-08	2541	31.93414603493779	False
Gemcitabine	15413	1.2694385e-08	2542	31.94671358552218	False
Tolmetin	14183	1.2692062e-08	2543	31.959281136106572	False
Thimerosal	14444	1.26895925e-08	2544	31.97184868669096	False
Beractant	20471	1.2685382e-08	2545	31.984416237275354	False
Vedroprevir	21797	1.268151e-08	2546	31.996983787859744	False
Mefenorex	20507	1.2675055e-08	2547	32.00955133844413	False
Ganitumab	21095	1.2673289e-08	2548	32.022118889028526	False
Sulfanitran	21279	1.2670487e-08	2549	32.03468643961292	False
m-Hydroxyhippuric acid	17109	1.266993e-08	2550	32.04725399019731	False
Brilaroxazine	21272	1.2668166e-08	2551	32.059821540781705	False
Poa annua pollen	21822	1.2668119e-08	2552	32.07238909136609	False
Epalrestat	20608	1.2662417e-08	2553	32.084956641950484	False
Tallimustine	21773	1.2650491e-08	2554	32.09752419253488	False
Dinutuximab	20586	1.2626626e-08	2555	32.11009174311927	False
Pyrazolam	21387	1.2580879e-08	2556	32.12265929370366	False
Dexfosfoserine	18045	1.2573371e-08	2557	32.13522684428805	False
Silicon dioxide	20172	1.255772e-08	2558	32.14779439487244	False
Bumetanide	14668	1.252803e-08	2559	32.16036194545683	False
Edivoxetine	21269	1.2527863e-08	2560	32.17292949604122	False
Etaracizumab	21096	1.25268125e-08	2561	32.18549704662561	False
1,10-Phenanthroline	21393	1.2524686e-08	2562	32.19806459721	False
Fenthion	20898	1.2503658e-08	2563	32.21063214779439	False
Cephalosporin analog	21634	1.2498626e-08	2564	32.223199698378785	False
N-[2-(2-methyl-1H-indol-3-yl)ethyl]thiophene-2-carboxamide	19998	1.2490046e-08	2565	32.23576724896318	False
Hexane-1,6-Diol	17778	1.2470908e-08	2566	32.24833479954757	False
Acetophenone	21896	1.2455433e-08	2567	32.26090235013196	False
N-1H-indazol-5-yl-2-(6-methylpyridin-2-yl)quinazolin-4-amine	19857	1.2443251e-08	2568	32.27346990071635	False
Aluminium glycinate	20843	1.2433572e-08	2569	32.28603745130074	False
Racivir	21801	1.2427669e-08	2570	32.298605001885136	False
Ardeparin	16825	1.2411347e-08	2571	32.31117255246952	False
Anidulafungin	20433	1.2375983e-08	2572	32.323740103053915	False
Propenidazole	21934	1.23692105e-08	2573	32.33630765363831	False
Furosemide	14217	1.23555575e-08	2574	32.3488752042227	False
Diethylcarbamazine	14844	1.2352848e-08	2575	32.36144275480709	False
Azatadine	15460	1.2334907e-08	2576	32.37401030539148	False
Enalaprilat	16698	1.2324112e-08	2577	32.386577855975865	False
Synthetic Conjugated Estrogens, A	14517	1.2317768e-08	2578	32.39914540656026	False
Picotamide	20734	1.2311779e-08	2579	32.41171295714465	False
MK-212	21297	1.2310252e-08	2580	32.424280507729044	False
Artefenomel	21555	1.22983765e-08	2581	32.43684805831343	False
Estriol tripropionate	16418	1.2288694e-08	2582	32.44941560889782	False
Epacadostat	21688	1.2285482e-08	2583	32.461983159482216	False
Leukotriene C4	16324	1.2275621e-08	2584	32.47455071006661	False
Cilazaprilat	16700	1.2272204e-08	2585	32.487118260651	False
Acetylglycinamide chloral hydrate	21343	1.2270518e-08	2586	32.49968581123539	False
N-({4-[(2-aminopyridin-4-yl)oxy]-3-fluorophenyl}carbamoyl)-2-(4-fluorophenyl)acetamide	18048	1.2269933e-08	2587	32.51225336181978	False
Activated charcoal	21779	1.2248374e-08	2588	32.524820912404174	False
Bamipine	20559	1.222851e-08	2589	32.53738846298857	False
CYC116	17041	1.222303e-08	2590	32.54995601357295	False
Dexetimide	20985	1.2214756e-08	2591	32.562523564157345	False
Fasudil	18309	1.2214639e-08	2592	32.57509111474174	False
(S)-wiskostatin	19385	1.2207699e-08	2593	32.58765866532613	False
Artemotil	21557	1.2183088e-08	2594	32.600226215910524	False
Clomocycline	21240	1.2172985e-08	2595	32.61279376649491	False
ABT-869	16021	1.2153659e-08	2596	32.625361317079296	False
Dulaglutide	17950	1.2148445e-08	2597	32.63792886766369	False
Palmidrol	21381	1.2137976e-08	2598	32.65049641824808	False
Alglucerase	20577	1.21359625e-08	2599	32.663063968832475	False
Trofosfamide	20919	1.21258275e-08	2600	32.67563151941687	False
TD-8954	21312	1.2124671e-08	2601	32.688199070001254	False
Ozenoxacin	20495	1.211903e-08	2602	32.70076662058565	False
Rilotumumab	21082	1.2115332e-08	2603	32.71333417117004	False
Amiloride	14691	1.2105168e-08	2604	32.72590172175443	False
Cyproterone acetate	14821	1.2102029e-08	2605	32.73846927233882	False
Moexiprilat	21227	1.20919e-08	2606	32.75103682292321	False
Cicletanine	20829	1.2082908e-08	2607	32.763604373507604	False
Sorbitol	20545	1.2064554e-08	2608	32.776171924092	False
Phosphate ion	21490	1.2048687e-08	2609	32.78873947467639	False
Xylitol	20583	1.203835e-08	2610	32.801307025260776	False
Iohexol	21617	1.2033001e-08	2611	32.81387457584517	False
Alsterpaullone	17997	1.20249934e-08	2612	32.82644212642956	False
Cefaclor	14773	1.2023136e-08	2613	32.83900967701395	False
Nimustine	21744	1.2016006e-08	2614	32.85157722759834	False
Sodium phosphate P 32	20542	1.2003064e-08	2615	32.86414477818273	False
Decamethoxine	21604	1.1986797e-08	2616	32.87671232876712	False
Mebutizide	20741	1.1982569e-08	2617	32.88927987935151	False
UC-781	21785	1.19799415e-08	2618	32.901847429935906	False
Aminacrine	20390	1.1968613e-08	2619	32.9144149805203	False
Bacitracin	18036	1.1960078e-08	2620	32.926982531104684	False
ALT-2074	21863	1.1959621e-08	2621	32.93955008168908	False
Corynebacterium diphtheriae toxoid antigen (formaldehyde inactivated)	20881	1.1939246e-08	2622	32.95211763227347	False
Phenglutarimide	21002	1.1937515e-08	2623	32.96468518285786	False
Ipafricept	21175	1.1911541e-08	2624	32.977252733442256	False
Revefenacin	14458	1.1898802e-08	2625	32.98982028402664	False
Benoxaprofen	20451	1.1894832e-08	2626	33.002387834611035	False
Bumadizone	20731	1.1882495e-08	2627	33.01495538519543	False
Racephedrine	21430	1.1861594e-08	2628	33.02752293577982	False
Pivagabine	21315	1.1839918e-08	2629	33.04009048636421	False
KRN-5500	21771	1.18363515e-08	2630	33.0526580369486	False
2,2,2-TRIFLUORO-1-{5-[(3-PHENYL-5,6-DIHYDROIMIDAZO[1,2-A]PYRAZIN-7(8H)-YL)CARBONYL]THIOPHEN-2-YL}ETHANE-1,1-DIOL	19674	1.18322205e-08	2631	33.06522558753299	False
Fisetin	19249	1.1816726e-08	2632	33.07779313811738	False
Luseogliflozin	20515	1.1809426e-08	2633	33.09036068870177	False
Deptropine	21550	1.1809201e-08	2634	33.102928239286165	False
Pregnenolone	15525	1.1805012e-08	2635	33.11549578987055	False
Rozrolimupab	21044	1.1804809e-08	2636	33.12806334045494	False
1alpha,24S-Dihydroxyvitamin D2	21487	1.17500205e-08	2637	33.140630891039336	False
Peginterferon alfa-2b	15072	1.172432e-08	2638	33.15319844162373	False
Pegloticase	20488	1.1705908e-08	2639	33.165765992208115	False
Streptomycin	18590	1.1668369e-08	2640	33.17833354279251	False
Levetiracetam	18277	1.1653312e-08	2641	33.1909010933769	False
Moxidectin	20569	1.1653201e-08	2642	33.203468643961294	False
(2R,3R,4S,5R)-2-[6-amino-8-[(3,4-dichlorophenyl)methylamino]purin-9-yl]-5-(hydroxymethyl)oxolane-3,4-diol	19847	1.1651868e-08	2643	33.21603619454569	False
Concizumab	21123	1.16514896e-08	2644	33.22860374513007	False
Ipriflavone	20548	1.1635944e-08	2645	33.241171295714466	False
N-[(1S)-2-{[(1R)-2-(benzyloxy)-1-cyano-1-methylethyl]amino}-1-(cyclohexylmethyl)-2-oxoethyl]morpholine-4-carboxamide	18987	1.1626914e-08	2646	33.25373884629886	False
Kaempherol	19995	1.1604249e-08	2647	33.26630639688325	False
Castanospermine	20858	1.16017045e-08	2648	33.27887394746764	False
Cyamemazine	21266	1.1555327e-08	2649	33.29144149805203	False
Pentastarch	20800	1.1552551e-08	2650	33.304009048636416	False
Rolitetracycline	21242	1.1542375e-08	2651	33.31657659922081	False
Zofenopril	16699	1.1511507e-08	2652	33.3291441498052	False
Fenprostalene	21467	1.1497989e-08	2653	33.341711700389595	False
Evinacumab	21192	1.1496236e-08	2654	33.35427925097398	False
Phenylacetaldehyde	21903	1.1468794e-08	2655	33.366846801558374	False
Bendazac	16010	1.1445608e-08	2656	33.37941435214277	False
Squalamine	21572	1.1442465e-08	2657	33.39198190272716	False
Epetraborole	21591	1.1439933e-08	2658	33.404549453311546	False
Hydroquinine	21425	1.143557e-08	2659	33.41711700389594	False
Cefotaxime	17376	1.1412712e-08	2660	33.42968455448033	False
Fluanisone	21366	1.1401051e-08	2661	33.442252105064725	False
Toyocamycin	21761	1.1397767e-08	2662	33.45481965564912	False
Bromperidol	21306	1.13870335e-08	2663	33.467387206233504	False
Sulodexide	16828	1.13619105e-08	2664	33.4799547568179	False
Icosapent	14131	1.1348179e-08	2665	33.49252230740229	False
Deutetrabenazine	15055	1.1330963e-08	2666	33.50508985798668	False
Namilumab	21132	1.1321284e-08	2667	33.517657408571075	False
Methylprednisolone aceponate	21385	1.1319514e-08	2668	33.53022495915546	False
Entinostat	20905	1.1299625e-08	2669	33.54279250973985	False
Motexafin lutetium	21897	1.1289952e-08	2670	33.55536006032424	False
M-Cresol	19640	1.1280805e-08	2671	33.56792761090863	False
4-(3-amino-1H-indazol-5-yl)-N-tert-butylbenzenesulfonamide	19318	1.1263133e-08	2672	33.580495161493026	False
Stepronin	20857	1.1261713e-08	2673	33.59306271207741	False
Propylene glycol	20567	1.1250464e-08	2674	33.605630262661805	False
Lortalamine	21270	1.1222988e-08	2675	33.6181978132462	False
SR-9009	20182	1.121552e-08	2676	33.63076536383059	False
Y-27632	18310	1.12097025e-08	2677	33.643332914414984	False
Naringenin	16370	1.120391e-08	2678	33.65590046499937	False
Indanazoline	20550	1.11907115e-08	2679	33.66846801558376	False
Polidocanol	20568	1.118943e-08	2680	33.681035566168156	False
Aluminum sulfate	20966	1.1181963e-08	2681	33.69360311675255	False
Cefetamet	20747	1.117998e-08	2682	33.706170667336934	False
Metrifonate	21402	1.1178572e-08	2683	33.71873821792133	False
MLN2222	19018	1.1165425e-08	2684	33.73130576850572	False
Influenza B virus B/Brisbane/60/2008 antigen (formaldehyde inactivated)	20884	1.1162231e-08	2685	33.74387331909011	False
IRL-1620	16051	1.1156313e-08	2686	33.7564408696745	False
Tiazofurine	21748	1.1137264e-08	2687	33.76900842025889	False
4-Hydroxytestosterone	20658	1.11319975e-08	2688	33.78157597084328	False
Adomiparin	20332	1.1130065e-08	2689	33.79414352142767	False
Salvinorin A	21302	1.1118395e-08	2690	33.806711072012064	False
Cefprozil	20485	1.1096172e-08	2691	33.81927862259646	False
Oxabolone cipionate	20834	1.1073592e-08	2692	33.83184617318085	False
Chenodeoxycholic acid	14711	1.1065082e-08	2693	33.844413723765236	False
Indium In-111 satumomab pendetide	21037	1.1050467e-08	2694	33.85698127434963	False
Efalizumab	17359	1.10413865e-08	2695	33.86954882493402	False
Tocofersolan	15657	1.1018645e-08	2696	33.882116375518414	False
Triglyme	17872	1.101587e-08	2697	33.8946839261028	False
Pemetrexed	14802	1.1012971e-08	2698	33.90725147668719	False
N-[(1S)-2-[(4-cyano-1-methylpiperidin-4-yl)amino]-1-(cyclohexylmethyl)-2-oxoethyl]morpholine-4-carboxamide	18986	1.10118785e-08	2699	33.919819027271586	False
Bunazosin	20596	1.100644e-08	2700	33.93238657785598	False
Balugrastim	21624	1.1005495e-08	2701	33.94495412844037	False
Famphur	20897	1.1003964e-08	2702	33.95752167902476	False
Bizelesin	21712	1.0987794e-08	2703	33.97008922960915	False
5-[3-(2-METHOXYPHENYL)-1H-PYRROLO[2,3-B]PYRIDIN-5-YL]-N,N-DIMETHYLPYRIDINE-3-CARBOXAMIDE	15968	1.0969889e-08	2704	33.98265678019354	False
Povidone	20352	1.0966417e-08	2705	33.99522433077793	False
Selenium (75Se) norcholesterol	21868	1.09566525e-08	2706	34.00779188136232	False
Obinepitide	19327	1.0953393e-08	2707	34.02035943194671	False
Sulfaperin	21332	1.0943203e-08	2708	34.0329269825311	False
Cefapirin	20481	1.0941867e-08	2709	34.045494533115495	False
Droxicam	16003	1.092781e-08	2710	34.05806208369989	False
Tropatepine	20997	1.0912729e-08	2711	34.07062963428428	False
(3AR,6R,6AS)-6-((S)-((S)-CYCLOHEX-2-ENYL)(HYDROXY)METHYL)-6A-METHYL-4-OXO-HEXAHYDRO-2H-FURO[3,2-C]PYRROLE-6-CARBALDEHYDE	19280	1.09017035e-08	2712	34.083197184868666	False
IPH 2101	21052	1.0900623e-08	2713	34.09576473545306	False
Acipimox	20510	1.0883587e-08	2714	34.10833228603745	False
Feprazone	21473	1.08827365e-08	2715	34.120899836621845	False
Ricolinostat	20910	1.0874292e-08	2716	34.13346738720623	False
Angiotensinamide	21901	1.0845168e-08	2717	34.146034937790624	False
Benzyl benzoate	39888	1.0844672e-08	2718	34.15860248837502	False
Pentetic acid	14553	1.08439675e-08	2719	34.17117003895941	False
Pitolisant	14447	1.0843389e-08	2720	34.1837375895438	False
Parsatuzumab	21164	1.0836545e-08	2721	34.19630514012819	False
Rozanolixizumab	20954	1.0816123e-08	2722	34.20887269071258	False
Trenonacog alfa	20724	1.0812039e-08	2723	34.22144024129697	False
Estrone sulfate	14363	1.0806679e-08	2724	34.23400779188136	False
Zinc glycinate	20973	1.0783371e-08	2725	34.24657534246575	False
Zofenoprilat	19921	1.0776442e-08	2726	34.25914289305014	False
Metampicillin	21457	1.0768161e-08	2727	34.27171044363453	False
Paclitaxel trevatide	21230	1.0767751e-08	2728	34.284277994218925	False
Methyl salicylate	20349	1.0763726e-08	2729	34.29684554480332	False
4-Bromo-2,5-dimethoxyamphetamine	21244	1.0762166e-08	2730	34.30941309538771	False
Clonidine	14198	1.0751989e-08	2731	34.3219806459721	False
Raxibacumab	20536	1.0738995e-08	2732	34.33454819655649	False
Transcrocetinate	21672	1.0732852e-08	2733	34.34711574714088	False
1,1,1-TRIFLUORO-3-(OCTYLTHIO)ACETONE	20030	1.0724503e-08	2734	34.359683297725276	False
Indiplon	21310	1.0722704e-08	2735	34.37225084830967	False
GS-441524	21814	1.0700596e-08	2736	34.384818398894055	False
Metyrapone	14730	1.0685178e-08	2737	34.39738594947845	False
Mesalazine	15876	1.0663109e-08	2738	34.40995350006284	False
Temozolomide	20336	1.0642973e-08	2739	34.422521050647234	False
Muzolimine	20849	1.0637311e-08	2740	34.43508860123162	False
XL784	19314	1.0630009e-08	2741	34.447656151816005	False
Pimethixene	21871	1.0624171e-08	2742	34.4602237024004	False
Isoflupredone acetate	20464	1.0600347e-08	2743	34.47279125298479	False
N-(TRANS-4'-NITRO-4-STILBENYL)-N-METHYL-5-AMINO-PENTANOIC ACID	20010	1.0578917e-08	2744	34.485358803569184	False
ORM-12741	21548	1.0577141e-08	2745	34.49792635415358	False
Butenoic Acid	14576	1.05682485e-08	2746	34.51049390473796	False
Haloprogin	20366	1.055896e-08	2747	34.523061455322356	False
Agrostis stolonifera pollen	21843	1.0527449e-08	2748	34.53562900590675	False
Leridistim	21625	1.0482825e-08	2749	34.54819655649114	False
Calcium polycarbophil	21030	1.04793685e-08	2750	34.56076410707553	False
Motretinide	20494	1.0478668e-08	2751	34.57333165765992	False
1-[3,3-Dimethyl-2-(2-Methylamino-Propionylamino)-Butyryl]-Pyrrolidine-2-Carboxylic Acid(1,2,3,4-Tetrahydro-Naphthalen-1-Yl)-Amide	18697	1.0476151e-08	2752	34.585899208244314	False
Formaldehyde	20632	1.04682405e-08	2753	34.59846675882871	False
Oxiracetam	21361	1.0460636e-08	2754	34.6110343094131	False
Technetium Tc-99m exametazime	20807	1.0459579e-08	2755	34.623601859997486	False
Tazarotene	15809	1.0452359e-08	2756	34.63616941058188	False
Cimetropium	21398	1.0425142e-08	2757	34.64873696116627	False
2-methyl-3,5,7,8-tetrahydro-4H-thiopyrano[4,3-d]pyrimidin-4-one	19959	1.04235705e-08	2758	34.661304511750664	False
Esmolol	15076	1.0409742e-08	2759	34.67387206233505	False
LY-294002	18849	1.0405375e-08	2760	34.68643961291944	False
Tesaglitazar	16259	1.03985105e-08	2761	34.69900716350383	False
Ondelopran	21882	1.038222e-08	2762	34.71157471408822	False
Vinylbital	21374	1.038032e-08	2763	34.724142264672615	False
Cefroxadine	20700	1.0375569e-08	2764	34.73670981525701	False
Labetalol	14202	1.0374936e-08	2765	34.749277365841394	False
Influenza A virus A/California/7/2009 (H1N1) live (attenuated) antigen	20945	1.0374817e-08	2766	34.76184491642579	False
IMO-2055	21674	1.0363188e-08	2767	34.77441246701018	False
Sacituzumab govitecan	15863	1.0360638e-08	2768	34.78698001759457	False
Remogliflozin etabonate	21219	1.0353902e-08	2769	34.799547568178966	False
Arbutin	14440	1.0344466e-08	2770	34.81211511876335	False
Levofloxacin	14309	1.031444e-08	2771	34.824682669347744	False
Pheniprazine	20690	1.0313771e-08	2772	34.83725021993214	False
Belimumab	18283	1.03111955e-08	2773	34.84981777051653	False
2-[3,4-Dihydroxy-2-Hydroxymethyl-5-(2-Hydroxy-Nonyl)-Tetrahydro-Furan-2-Yloxy]-6-Hydroxymethyl-Tetra Hydro-Pyran-3,4,5-Triol	18176	1.0308128e-08	2774	34.862385321100916	False
Ficlatuzumab	21066	1.0306299e-08	2775	34.87495287168531	False
Cordycepin	21593	1.0305749e-08	2776	34.8875204222697	False
Phenylmercuric nitrate	20612	1.0303607e-08	2777	34.90008797285409	False
Stanolone	14530	1.0302879e-08	2778	34.91265552343848	False
2-Undecanone	20032	1.0292587e-08	2779	34.925223074022874	False
Valaciclovir	14933	1.0242297e-08	2780	34.93779062460726	False
Moxestrol	20740	1.0219563e-08	2781	34.95035817519165	False
Magnesium trisilicate	20424	1.0207465e-08	2782	34.962925725776046	False
Oxcarbazepine	14234	1.0203553e-08	2783	34.97549327636044	False
Clopamide	20848	1.0187374e-08	2784	34.988060826944825	False
Epicaptopril	16695	1.0180905e-08	2785	35.00062837752922	False
Galactose	39887	1.016482e-08	2786	35.01319592811361	False
Cefbuperazone	20759	1.016325e-08	2787	35.025763478698	False
Tomaralimab	21197	1.0141736e-08	2788	35.038331029282396	False
Cymarin	21233	1.0135064e-08	2789	35.05089857986678	False
Methylenedioxyethamphetamine	21392	1.0130851e-08	2790	35.063466130451175	False
Mitolactol	21736	1.0109039e-08	2791	35.07603368103557	False
1-[1'-(3-phenylacryloyl)spiro[1-benzofuran-3,4'-piperidin]-5-yl]methanamine	19738	1.0106379e-08	2792	35.08860123161996	False
Pritelivir	21794	1.0104085e-08	2793	35.101168782204354	False
Vernakalant	15200	1.00903925e-08	2794	35.11373633278874	False
Encainide	15157	1.00589554e-08	2795	35.126303883373126	False
Botulinum Toxin Type B	19199	1.0056979e-08	2796	35.13887143395752	False
Oxetorone	20505	1.00551185e-08	2797	35.15143898454191	False
(2S)-2-(3-bromophenyl)-3-(5-chloro-2-hydroxyphenyl)-1,3-thiazolidin-4-one	19999	1.00523385e-08	2798	35.164006535126305	False
Chlorthalidone	14152	1.0051916e-08	2799	35.17657408571069	False
Laninamivir	21802	1.0045399e-08	2800	35.18914163629508	False
Enprostil	21476	1.0042718e-08	2801	35.20170918687948	False
Ethionamide	20340	1.0041703e-08	2802	35.21427673746387	False
Diroximel fumarate	17136	1.0022931e-08	2803	35.22684428804826	False
Dactinomycin	20156	1.0018917e-08	2804	35.23941183863265	False
Flunarizine	15184	1.0017465e-08	2805	35.25197938921704	False
Cupric sulfate	14684	1.0000016e-08	2806	35.264546939801434	False
Nisoldipine	14946	9.98858e-09	2807	35.27711449038583	False
Sertaconazole	20365	9.987474e-09	2808	35.28968204097021	False
HE3286	15548	9.976146e-09	2809	35.302249591554606	False
Gepefrine	21424	9.975575e-09	2810	35.314817142139	False
Amithiozone	20492	9.956718e-09	2811	35.32738469272339	False
Tasimelteon	15369	9.949694e-09	2812	35.339952243307785	False
Methenamine	20328	9.929636e-09	2813	35.35251979389217	False
Cysteamine	14248	9.922801e-09	2814	35.36508734447656	False
Alitretinoin	14111	9.894886e-09	2815	35.37765489506095	False
Altrenogest	20701	9.893226e-09	2816	35.39022244564534	False
Thiopropazate	21355	9.878105e-09	2817	35.402789996229735	False
Propacetamol	14748	9.868575e-09	2818	35.41535754681412	False
1-[4-(PYRIDIN-4-YLOXY)PHENYL]-3-[3-(TRIFLUOROMETHYL)PHENYL]UREA	15966	9.8685e-09	2819	35.427925097398514	False
Carisbamate	21303	9.866599e-09	2820	35.44049264798291	False
Milatuzumab	21129	9.864039e-09	2821	35.4530601985673	False
4-(3-Pyridin-2-Yl-1h-Pyrazol-4-Yl)Quinoline	19852	9.863607e-09	2822	35.46562774915169	False
Lurtotecan	21710	9.857758e-09	2823	35.47819529973608	False
Thiostrepton	21585	9.851028e-09	2824	35.49076285032047	False
Ingenol mebutate	18680	9.831151e-09	2825	35.503330400904865	False
Insulin degludec	14435	9.813877e-09	2826	35.51589795148926	False
Mandelic acid	20479	9.80845e-09	2827	35.528465502073644	False
Calcium threonate	20697	9.78976e-09	2828	35.54103305265804	False
Trapidil	16585	9.785579e-09	2829	35.55360060324243	False
(6S)-5,6,7,8-tetrahydrofolic acid	21480	9.774275e-09	2830	35.56616815382682	False
Acemetacin	15882	9.761234e-09	2831	35.578735704411216	False
Nicomorphine	21004	9.760246e-09	2832	35.5913032549956	False
Vatreptacog alfa	20713	9.757659e-09	2833	35.60387080557999	False
Sorghum bicolor subsp. drummondii pollen	21846	9.751482e-09	2834	35.61643835616438	False
Onasemnogene abeparvovec	21813	9.748729e-09	2835	35.62900590674877	False
Prednimustine	21730	9.735054e-09	2836	35.641573457333166	False
Methanesulfonyl Fluoride	21411	9.70887e-09	2837	35.65414100791756	False
Chymopapain	19191	9.6968416e-09	2838	35.666708558501945	False
Tasonermin	18165	9.687173e-09	2839	35.67927610908634	False
Chloroform	21512	9.684051e-09	2840	35.69184365967073	False
Chlorphenoxamine	20986	9.65738e-09	2841	35.704411210255124	False
Lenalidomide	16753	9.655593e-09	2842	35.71697876083951	False
Dibotermin alfa	20180	9.642765e-09	2843	35.7295463114239	False
Gastric inhibitory polypeptide	21225	9.614684e-09	2844	35.742113862008296	False
Verinurad	21661	9.610412e-09	2845	35.75468141259269	False
Brincidofovir	20825	9.577219e-09	2846	35.76724896317708	False
Bardoxolone methyl	19627	9.57552e-09	2847	35.77981651376147	False
HGS-TR2J	19598	9.558969e-09	2848	35.79238406434586	False
Calcium glucoheptonate	20419	9.556927e-09	2849	35.80495161493025	False
Zoptarelin doxorubicin	21776	9.550513e-09	2850	35.81751916551464	False
Oteracil	20552	9.534133e-09	2851	35.83008671609903	False
Perflubutane	21523	9.530715e-09	2852	35.84265426668342	False
Lecanemab	21155	9.529187e-09	2853	35.85522181726781	False
Formocortal	21365	9.52499e-09	2854	35.867789367852204	False
Dopexamine	21407	9.514005e-09	2855	35.8803569184366	False
Butaperazine	21321	9.512155e-09	2856	35.89292446902099	False
Caroxazone	20389	9.493684e-09	2857	35.905492019605376	False
Orphenadrine	15147	9.472179e-09	2858	35.91805957018977	False
Mosapramine	20560	9.471817e-09	2859	35.93062712077416	False
Gitoformate	21236	9.45927e-09	2860	35.943194671358555	False
Uprifosbuvir	21810	9.453912e-09	2861	35.95576222194295	False
Fludeoxyglucose (18F)	14781	9.451388e-09	2862	35.96832977252733	False
Tanespimycin	14372	9.447027e-09	2863	35.980897323111726	False
Aluminum chloride	16548	9.434764e-09	2864	35.99346487369612	False
Pranlukast	15511	9.417846e-09	2865	36.00603242428051	False
2-Hydroxyestradiol	21514	9.4173425e-09	2866	36.0185999748649	False
Lebrikizumab	19348	9.412135e-09	2867	36.03116752544929	False
Pinatuzumab vedotin	21199	9.4120995e-09	2868	36.04373507603368	False
4,4'-BIS([H]METHYLSULFONYL)-2,2',5,5'-TETRACHLOROBIPHENYL	20006	9.411255e-09	2869	36.05630262661807	False
Perindoprilat	21153	9.411093e-09	2870	36.06887017720246	False
Xenon	21417	9.374225e-09	2871	36.081437727786856	False
Phleum pratense pollen	21828	9.355702e-09	2872	36.09400527837124	False
Latanoprostene bunod	17436	9.352579e-09	2873	36.106572828955635	False
Potassium Iodide	20302	9.342809e-09	2874	36.11914037954003	False
Carglumic acid	20124	9.323654e-09	2875	36.13170793012442	False
Benzphetamine	15274	9.318285e-09	2876	36.14427548070881	False
Clothiapine	21328	9.302427e-09	2877	36.1568430312932	False
Anagliptin	20519	9.301416e-09	2878	36.16941058187759	False
Niacinamide ascorbate	21212	9.287553e-09	2879	36.181978132461985	False
NADH	14586	9.2663015e-09	2880	36.19454568304638	False
4-(6-{[(1R)-1-(hydroxymethyl)propyl]amino}imidazo[1,2-b]pyridazin-3-yl)benzoic acid	19859	9.265771e-09	2881	36.207113233630764	False
Rimiterol	21419	9.249791e-09	2882	36.21968078421516	False
Benzoctamine	21268	9.225652e-09	2883	36.23224833479955	False
Guanoclor	21145	9.2153645e-09	2884	36.24481588538394	False
Demecolcine	21750	9.2096535e-09	2885	36.25738343596833	False
Fluocortin	20926	9.167697e-09	2886	36.26995098655272	False
Tioclomarol	20743	9.139761e-09	2887	36.28251853713711	False
Parnaparin	20333	9.120606e-09	2888	36.2950860877215	False
6-(2,3,4,5,6,7-HEXAHYDRO-2,4,4-TRIMETHYL-1-METYLENEINDEN-2-YL)-3-METHYLHEXA-2,4-DIENOIC ACID	14536	9.1143795e-09	2889	36.307653638305894	False
Glycyrrhizic acid	14107	9.10248e-09	2890	36.32022118889029	False
Haemophilus influenzae type B strain 1482 capsular polysaccharide tetanus toxoid conjugate antigen	20873	9.0957455e-09	2891	36.33278873947467	False
Delapril	20301	9.0909404e-09	2892	36.345356290059065	False
Sulfathiourea	21369	9.036106e-09	2893	36.35792384064346	False
Iopamidol	21618	9.029145e-09	2894	36.37049139122785	False
Dicoumarol	14143	9.028802e-09	2895	36.38305894181224	False
Spiramycin	21571	9.023292e-09	2896	36.39562649239663	False
Rontalizumab	21125	9.001547e-09	2897	36.40819404298102	False
Aceclidine	20448	9.001427e-09	2898	36.420761593565416	False
Pheneturide	21339	8.990822e-09	2899	36.43332914414981	False
Ammonium lactate	20437	8.9851655e-09	2900	36.445896694734195	False
Japanese encephalitis virus strain sa 14-14-2 antigen (formaldehyde inactivated)	20883	8.973245e-09	2901	36.45846424531859	False
Benazeprilat	21149	8.963958e-09	2902	36.47103179590298	False
Levacetylmethadol	15497	8.962607e-09	2903	36.483599346487374	False
Emibetuzumab	21074	8.962076e-09	2904	36.49616689707177	False
Isobromindione	21662	8.9619565e-09	2905	36.50873444765615	False
N-(1-CYANOCYCLOPROPYL)-3-({[(2S)-5-OXOPYRROLIDIN-2-YL]METHYL}SULFONYL)-N~2~-[(1S)-2,2,2-TRIFLUORO-1-(4-FLUOROPHENYL)ETHYL]-L-ALANINAMIDE	18980	8.93937e-09	2906	36.52130199824054	False
Trandolaprilat	21226	8.92654e-09	2907	36.53386954882493	False
Fluorouracil	14190	8.917743e-09	2908	36.546437099409324	False
Anthoxanthum odoratum pollen	21831	8.893996e-09	2909	36.55900464999372	False
Etidocaine	20309	8.88828e-09	2910	36.5715722005781	False
Pivmecillinam	21442	8.88035e-09	2911	36.584139751162496	False
Lonidamine	18611	8.866235e-09	2912	36.59670730174689	False
CVT-6883	16716	8.850859e-09	2913	36.60927485233128	False
PD-166326	15967	8.83342e-09	2914	36.621842402915675	False
Brodimoprim	21916	8.82729e-09	2915	36.63440995350006	False
Nolatrexed	21735	8.822409e-09	2916	36.646977504084454	False
Sarilumab	15662	8.818355e-09	2917	36.65954505466885	False
Sofituzumab vedotin	21191	8.804153e-09	2918	36.67211260525324	False
Beclabuvir	20475	8.795861e-09	2919	36.684680155837626	False
Bouteloua gracilis pollen	21836	8.779e-09	2920	36.69724770642202	False
Dactylis glomerata pollen	21826	8.749679e-09	2921	36.70981525700641	False
Protamine	39890	8.748344e-09	2922	36.722382807590805	False
Corticorelin ovine triflutate	21614	8.742673e-09	2923	36.73495035817519	False
Alosetron	15317	8.738788e-09	2924	36.74751790875958	False
Peficitinib	20903	8.727645e-09	2925	36.76008545934397	False
Aloglutamol	20844	8.7223855e-09	2926	36.77265300992836	False
Spiradoline	20828	8.72039e-09	2927	36.785220560512755	False
Venlafaxine	15087	8.708804e-09	2928	36.79778811109715	False
Lasmiditan	15244	8.690369e-09	2929	36.81035566168154	False
Deanol	21336	8.68886e-09	2930	36.82292321226593	False
Bimagrumab	21113	8.681987e-09	2931	36.83549076285032	False
Phthalylsulfathiazole	21326	8.681357e-09	2932	36.84805831343471	False
Talaporfin	20622	8.6489464e-09	2933	36.860625864019106	False
Calcium	16679	8.628367e-09	2934	36.87319341460349	False
Bacampicillin	20411	8.627742e-09	2935	36.885760965187885	False
Certoparin	21463	8.6223455e-09	2936	36.89832851577228	False
Agrostis gigantea pollen	21830	8.605111e-09	2937	36.91089606635667	False
Calcium glubionate anhydrous	21494	8.590828e-09	2938	36.92346361694106	False
Ozanimod	14590	8.588894e-09	2939	36.93603116752545	False
Ravuconazole	21492	8.585684e-09	2940	36.94859871810984	False
Exatecan	21709	8.57189e-09	2941	36.96116626869423	False
Etanidazole	21728	8.558135e-09	2942	36.97373381927862	False
4-[(2-{4-[(CYCLOPROPYLCARBAMOYL)AMINO]-1H-PYRAZOL-3-YL}-1H-BENZIMIDAZOL-6-YL)METHYL]MORPHOLIN-4-IUM	19319	8.547645e-09	2943	36.986301369863014	False
ABC-294640	20198	8.535085e-09	2944	36.9988689204474	False
Pirprofen	20766	8.534336e-09	2945	37.01143647103179	False
Gestonorone	20726	8.5240375e-09	2946	37.024004021616186	False
Etiracetam	21290	8.510717e-09	2947	37.03657157220058	False
Canrenoic acid	20798	8.509418e-09	2948	37.04913912278497	False
Chlorbenzoxamine	20373	8.507049e-09	2949	37.06170667336936	False
Latanoprost	17435	8.492604e-09	2950	37.07427422395375	False
Pheneticillin	21449	8.492555e-09	2951	37.086841774538144	False
{4-Amino-2-[(4-methoxyphenyl)amino]-1,3-thiazol-5-yl}(4-methoxyphenyl)methanone	19932	8.481612e-09	2952	37.09940932512254	False
Epitizide	20316	8.481401e-09	2953	37.11197687570692	False
(S)-4-hydroxymandelonitrile	19973	8.48014e-09	2954	37.124544426291315	False
Sulfaguanidine	21370	8.472719e-09	2955	37.13711197687571	False
Elymus repens pollen	21832	8.471297e-09	2956	37.1496795274601	False
Cyclobarbital	21371	8.452365e-09	2957	37.162247078044494	False
Desloratadine	17237	8.447515e-09	2958	37.17481462862888	False
Poldine	20443	8.437144e-09	2959	37.187382179213266	False
Duligotuzumab	21090	8.434634e-09	2960	37.19994972979766	False
AGN-201904	21632	8.432334e-09	2961	37.21251728038205	False
Ro 12-7310	14535	8.430967e-09	2962	37.225084830966445	False
Tenofovir disoproxil	15889	8.423332e-09	2963	37.23765238155083	False
Methyl aminolevulinate	20379	8.4224965e-09	2964	37.250219932135224	False
Adecatumumab	21042	8.418112e-09	2965	37.26278748271962	False
Zenocutuzumab	21203	8.40478e-09	2966	37.27535503330401	False
Lubiprostone	15813	8.404219e-09	2967	37.2879225838884	False
Aluminum hydroxide	20375	8.392957e-09	2968	37.30049013447279	False
Carboxymethylcellulose	18423	8.37722e-09	2969	37.31305768505718	False
Azaperone	21275	8.369123e-09	2970	37.325625235641574	False
Borage oil	21639	8.36148e-09	2971	37.33819278622597	False
Veltuzumab	21051	8.3613685e-09	2972	37.35076033681036	False
Inotersen	20435	8.353127e-09	2973	37.363327887394746	False
Combretastatin	21721	8.352729e-09	2974	37.37589543797914	False
Polaprezinc	14734	8.352729e-09	2975	37.38846298856353	False
JNJ-26489112	21390	8.352012e-09	2976	37.401030539147925	False
Galsulfase	17948	8.3408365e-09	2977	37.41359808973231	False
Potassium chloride	16085	8.334746e-09	2978	37.4261656403167	False
Degraded Cephaloridine	20209	8.326166e-09	2979	37.43873319090109	False
Estradiol dienanthate	14482	8.323307e-09	2980	37.45130074148548	False
Quinaprilat	21154	8.300811e-09	2981	37.463868292069876	False
Lapachone	16747	8.291111e-09	2982	37.47643584265427	False
Cobamamide	20461	8.280207e-09	2983	37.489003393238654	False
Lolium perenne subsp. multiflorum pollen	21845	8.277017e-09	2984	37.50157094382305	False
2-Amino-N,3,3-Trimethylbutanamide	16196	8.27263e-09	2985	37.51413849440744	False
Bambermycins	21577	8.268875e-09	2986	37.52670604499183	False
Sodium oxybate	14644	8.264271e-09	2987	37.53927359557622	False
Theodrenaline	20921	8.255716e-09	2988	37.55184114616061	False
Acotiamide	21408	8.241729e-09	2989	37.564408696745005	False
Gleptoferron	21522	8.233418e-09	2990	37.5769762473294	False
Imrecoxib	20571	8.227782e-09	2991	37.58954379791379	False
Pinaverium	15617	8.226935e-09	2992	37.60211134849818	False
Troxerutin	20719	8.219202e-09	2993	37.61467889908257	False
Gemigliptin	20513	8.208408e-09	2994	37.62724644966696	False
Iprindole	21209	8.2048075e-09	2995	37.639814000251356	False
Calcium ascorbate	21211	8.199035e-09	2996	37.65238155083574	False
6-[3-(4-Morpholinyl)Propyl]-2-(3-Nitrophenyl)-5-Thioxo-5,6,-Dihydro-7h-Thienol[2',3':4,5]Pyrrolo[1,2-C]Imidazol-7-One	18683	8.198723e-09	2997	37.664949101420135	False
LCL-161	21704	8.195455e-09	2998	37.67751665200452	False
Cyclofenil	21883	8.185457e-09	2999	37.69008420258891	False
Aspartame	17115	8.165793e-09	3000	37.702651753173306	False
Cimetidine	14729	8.156391e-09	3001	37.7152193037577	False
Octamoxin	20689	8.148197e-09	3002	37.727786854342085	False
Pegteograstim	21626	8.145975e-09	3003	37.74035440492648	False
(5Z)-7-{(1R,4S,5R,6R)-6-[(1E)-1-Octen-1-yl]-2,3-diazabicyclo[2.2.1]hept-2-en-5-yl}-5-heptenoic acid	16351	8.141252e-09	3004	37.75292195551087	False
Ortataxel	21684	8.140181e-09	3005	37.765489506095264	False
1-CYCLOHEXYL-N-{[1-(4-METHYLPHENYL)-1H-INDOL-3-YL]METHYL}METHANAMINE	19733	8.1258005e-09	3006	37.77805705667966	False
Safrazine	20693	8.1029725e-09	3007	37.79062460726404	False
Pamrevlumab	21169	8.102648e-09	3008	37.803192157848436	False
Methadone	14160	8.089291e-09	3009	37.81575970843283	False
Tolterodine	15137	8.068488e-09	3010	37.82832725901722	False
Silver cation	21819	8.064396e-09	3011	37.84089480960161	False
Ferric oxyhydroxide	21526	8.060367e-09	3012	37.853462360186	False
Pentamycin	21601	8.056402e-09	3013	37.86602991077039	False
Labetuzumab govitecan	21102	8.055526e-09	3014	37.87859746135478	False
Dextofisopam	21257	8.013459e-09	3015	37.89116501193917	False
Micronomicin	21817	8.010892e-09	3016	37.903732562523565	False
Trifluridine	14170	8.002355e-09	3017	37.91630011310795	False
Methylcellulose	20993	7.997641e-09	3018	37.928867663692344	False
Lerdelimumab	21059	7.992181e-09	3019	37.94143521427674	False
Stannous fluoride	20584	7.977651e-09	3020	37.95400276486113	False
Mitazalimab	21186	7.975826e-09	3021	37.966570315445516	False
Poa compressa pollen	21834	7.973636e-09	3022	37.97913786602991	False
Benmoxin	20688	7.96643e-09	3023	37.9917054166143	False
(1,2,6,7-3H)Testosterone	20775	7.951205e-09	3024	38.004272967198695	False
D-Levofloxacin	21510	7.9431555e-09	3025	38.01684051778309	False
Samidorphan	21881	7.9429885e-09	3026	38.029408068367474	False
Triamterene	15295	7.934162e-09	3027	38.04197561895187	False
Indirubin-3'-monoxime	17993	7.928851e-09	3028	38.05454316953626	False
Hydroxyethyl Starch	20799	7.925132e-09	3029	38.06711072012065	False
Clebopride	21847	7.925042e-09	3030	38.079678270705045	False
Omega-3-acid ethyl esters	14630	7.908024e-09	3031	38.09224582128943	False
(1R,2R,3S,4R,6S)-3,4,6-Trihydroxy-5-{[(S)-hydroxy(3-hydroxy-2-oxopropoxy)phosphoryl]oxy}-1,2-cyclohexanediyl bis[dihydrogen (phosphate)]	20101	7.906018e-09	3032	38.10481337187382	False
3-Aza-2,3-Dihydrogeranyl Diphosphate	21483	7.893602e-09	3033	38.11738092245821	False
[Methylseleno]Acetate	21860	7.864194e-09	3034	38.1299484730426	False
Paraoxon	21418	7.862874e-09	3035	38.142516023626996	False
Sulfadicramide	21322	7.857206e-09	3036	38.15508357421138	False
Zinc ascorbate	20972	7.856847e-09	3037	38.167651124795775	False
Kaolin	20964	7.836044e-09	3038	38.18021867538017	False
Lypressin	16527	7.82444e-09	3039	38.19278622596456	False
Menatetrenone	20589	7.820187e-09	3040	38.205353776548954	False
Cholestyramine	20427	7.820039e-09	3041	38.21792132713334	False
Fluprostenol	21470	7.809664e-09	3042	38.23048887771773	False
Ramoplanin	21570	7.780434e-09	3043	38.243056428302125	False
Hexylcaine	16543	7.773862e-09	3044	38.25562397888652	False
Basifungin	21609	7.765104e-09	3045	38.268191529470904	False
1-(1'-{[3-(methylsulfanyl)-2-benzothiophen-1-yl]carbonyl}spiro[1-benzofuran-3,4'-piperidin]-5-yl)methanamine	19737	7.75785e-09	3046	38.2807590800553	False
Fluperolone	20930	7.753073e-09	3047	38.29332663063969	False
Troxipide	20374	7.751047e-09	3048	38.30589418122408	False
7-Deazaguanine	21251	7.746642e-09	3049	38.318461731808476	False
Telisotuzumab vedotin	21180	7.741325e-09	3050	38.33102928239286	False
Norethynodrel	15638	7.739878e-09	3051	38.34359683297725	False
Meclizine	14224	7.738815e-09	3052	38.35616438356164	False
Nicotinamide	15179	7.734713e-09	3053	38.368731934146034	False
Trichostatin A	18962	7.723067e-09	3054	38.38129948473043	False
Grn163l	19362	7.7058955e-09	3055	38.39386703531481	False
Indobufen	20714	7.704544e-09	3056	38.406434585899206	False
Masoprocol	14655	7.699915e-09	3057	38.4190021364836	False
Dextrose, unspecified form	14766	7.699461e-09	3058	38.43156968706799	False
Golodirsen	20196	7.695981e-09	3059	38.444137237652384	False
Melarsoprol	20616	7.685463e-09	3060	38.45670478823677	False
Fenfluramine	14957	7.684657e-09	3061	38.46927233882116	False
Amediplase	20671	7.682913e-09	3062	38.481839889405556	False
Medetomidine	20299	7.68243e-09	3063	38.49440743998995	False
Taselisib	21705	7.680759e-09	3064	38.506974990574335	False
Etofibrate	20975	7.67783e-09	3065	38.51954254115873	False
Ipilimumab	17991	7.677581e-09	3066	38.53211009174312	False
2-(2-Hydroxy-1,1-Dihydroxymethyl-Ethylamino)-Ethanesulfonic Acid	18930	7.672399e-09	3067	38.544677642327514	False
Talopram	21271	7.657633e-09	3068	38.55724519291191	False
Hydroxyethylpromethazine	21876	7.65369e-09	3069	38.56981274349629	False
Sulfatolamide	21351	7.648101e-09	3070	38.58238029408068	False
D-Myo-Inositol-Hexasulphate	20094	7.6461175e-09	3071	38.59494784466507	False
CUDC-907	20906	7.643886e-09	3072	38.607515395249465	False
Konjac mannan	21031	7.641743e-09	3073	38.62008294583386	False
3-Phosphono-D-alanine	20117	7.640577e-09	3074	38.63265049641825	False
GSK-2636771	21690	7.637255e-09	3075	38.645218047002636	False
Poractant alfa	20470	7.635843e-09	3076	38.65778559758703	False
Meropenem	20351	7.6351725e-09	3077	38.67035314817142	False
G17DT	20860	7.626178e-09	3078	38.682920698755815	False
Quinupramine	21207	7.622979e-09	3079	38.6954882493402	False
Tobramycin	20418	7.611603e-09	3080	38.708055799924594	False
Lactitol	20623	7.6013595e-09	3081	38.72062335050899	False
2-ACETAMIDO-2-DEOXY-BETA-D-GLUCOPYRANOSE(BETA1-4)-2-ACETAMIDO-1,6-ANHYDRO-3-O-[(R)-1-CARBOXYETHYL]-2-DEOXY-BETA-D-GLUCOPYRANOSE-L-ALANYL-GAMMA-D-GLUTAMYL-MESO-DIAMINOPIMELYL-D-ALANINE	19427	7.588988e-09	3082	38.73319090109338	False
Bietaserpine	21142	7.579326e-09	3083	38.74575845167777	False
Glucarpidase	21619	7.57213e-09	3084	38.75832600226216	False
Cambendazole	21629	7.5720425e-09	3085	38.77089355284655	False
Laronidase	20647	7.567553e-09	3086	38.783461103430945	False
Dianhydrogalactitol	21732	7.5673645e-09	3087	38.79602865401533	False
2,3,-Dihydroxybenzoylserine	18580	7.5668884e-09	3088	38.80859620459972	False
Mitoguazone	21739	7.555481e-09	3089	38.82116375518411	False
Chlorproethazine	21342	7.554934e-09	3090	38.8337313057685	False
Platinum	21644	7.546753e-09	3091	38.846298856352895	False
Dilazep	21929	7.539904e-09	3092	38.85886640693729	False
Tolevamer	21482	7.537359e-09	3093	38.87143395752168	False
2-{[(6-OXO-1,6-DIHYDROPYRIDIN-3-YL)METHYL]AMINO}-N-[4-PROPYL-3-(TRIFLUOROMETHYL)PHENYL]BENZAMIDE	15965	7.536309e-09	3094	38.88400150810607	False
Tocopherol	14109	7.535936e-09	3095	38.89656905869046	False
Plitidepsin	14697	7.526599e-09	3096	38.90913660927485	False
Gantenerumab	21084	7.518994e-09	3097	38.921704159859246	False
Tigatuzumab	21179	7.487738e-09	3098	38.93427171044364	False
MLN-977	16722	7.4850535e-09	3099	38.946839261028025	False
Ceftaroline fosamil	20670	7.484968e-09	3100	38.95940681161242	False
Mesterolone	21359	7.484482e-09	3101	38.97197436219681	False
Succinic acid	14646	7.480629e-09	3102	38.984541912781204	False
Ioxaglic acid	39892	7.4788025e-09	3103	38.99710946336559	False
Thiopyrophosphate	21484	7.469394e-09	3104	39.00967701394998	False
Thymol	21562	7.463028e-09	3105	39.02224456453437	False
Modified vaccinia ankara	20959	7.461677e-09	3106	39.03481211511876	False
Apomab	21174	7.455418e-09	3107	39.047379665703154	False
Cobiprostone	17710	7.4489637e-09	3108	39.05994721628755	False
Lobucavir	20912	7.44689e-09	3109	39.07251476687193	False
Clenbuterol	15869	7.430899e-09	3110	39.085082317456326	False
PX-478	19301	7.4289153e-09	3111	39.09764986804072	False
Choline C 11	20813	7.4279805e-09	3112	39.11021741862511	False
Sulfaethoxypyridazine	21278	7.4279662e-09	3113	39.1227849692095	False
Cefcapene	20744	7.4170505e-09	3114	39.13535251979389	False
Ranitidine	14702	7.416329e-09	3115	39.147920070378284	False
Tritoqualine	21551	7.4130058e-09	3116	39.16048762096268	False
Melitracen	21208	7.40731e-09	3117	39.17305517154707	False
Pacritinib	21500	7.4034254e-09	3118	39.185622722131455	False
Nebacumab	21141	7.3914044e-09	3119	39.19819027271585	False
Benzydamine	20684	7.387275e-09	3120	39.21075782330024	False
Ecromeximab	21120	7.385979e-09	3121	39.223325373884634	False
Azidamfenicol	21599	7.382894e-09	3122	39.23589292446902	False
1,2-diacyl-sn-glycero-3-phosphoinositol	18923	7.3774467e-09	3123	39.248460475053406	False
Ceftolozane	20480	7.3716095e-09	3124	39.2610280256378	False
Cinnamaldehyde	21909	7.3668724e-09	3125	39.27359557622219	False
Tolvaptan	15558	7.355668e-09	3126	39.286163126806585	False
Cinepazide	21920	7.3546578e-09	3127	39.29873067739098	False
Dersalazine	20668	7.348348e-09	3128	39.311298227975364	False
Deslorelin	21778	7.3452795e-09	3129	39.32386577855976	False
Vanoxerine	15528	7.340742e-09	3130	39.33643332914415	False
L-methionine (S)-S-oxide	20099	7.33951e-09	3131	39.34900087972854	False
Cobalamin	20320	7.3309887e-09	3132	39.36156843031293	False
Taranabant	21258	7.32769e-09	3133	39.37413598089732	False
Inulin	20395	7.3253417e-09	3134	39.386703531481714	False
C31G	19505	7.3195743e-09	3135	39.39927108206611	False
Tegafur-uracil	14759	7.316601e-09	3136	39.4118386326505	False
Reproterol	20459	7.3152617e-09	3137	39.424406183234886	False
Propanidid	21325	7.313043e-09	3138	39.43697373381928	False
Temocillin	21447	7.3097106e-09	3139	39.44954128440367	False
Doconexent	15786	7.307229e-09	3140	39.462108834988065	False
Plicamycin	20541	7.301545e-09	3141	39.47467638557245	False
Biliverdine IX Alpha	17425	7.2983144e-09	3142	39.487243936156844	False
Pidotimod	20821	7.295712e-09	3143	39.49981148674123	False
(Diaminomethyl-Methyl-Amino)-Acetic Acid	17609	7.288146e-09	3144	39.51237903732562	False
Testosterone enantate benzilic acid hydrazone	20771	7.2820874e-09	3145	39.524946587910016	False
Rufinamide	14378	7.2781163e-09	3146	39.53751413849441	False
Botulinum toxin type A	17108	7.267698e-09	3147	39.550081689078795	False
Gadobutrol	39897	7.266118e-09	3148	39.56264923966319	False
Androstenediol	21656	7.257918e-09	3149	39.57521679024758	False
Fialuridine	21812	7.2433837e-09	3150	39.58778434083197	False
Clopenthixol	20455	7.242845e-09	3151	39.600351891416366	False
Tiracizine	21421	7.2421678e-09	3152	39.61291944200075	False
Chloride ion	21429	7.2387847e-09	3153	39.625486992585145	False
Zinc cation	20974	7.2303945e-09	3154	39.63805454316954	False
Mitotane	14025	7.2244255e-09	3155	39.65062209375393	False
Rabies virus inactivated antigen, A	20875	7.2237785e-09	3156	39.66318964433832	False
Dextropropoxyphene	15112	7.216782e-09	3157	39.67575719492271	False
Potassium lactate	21464	7.200008e-09	3158	39.6883247455071	False
OXI-4503	21486	7.1953132e-09	3159	39.700892296091496	False
(2E)-3-(2-OCT-1-YN-1-YLPHENYL)ACRYLIC ACID	16873	7.159992e-09	3160	39.71345984667588	False
Urochloa mutica pollen	21837	7.145381e-09	3161	39.726027397260275	False
Amrubicin	15276	7.141171e-09	3162	39.73859494784466	False
Cathine	39893	7.1322956e-09	3163	39.75116249842905	False
Meclofenamic acid	14509	7.1309083e-09	3164	39.763730049013446	False
Ceftobiprole medocaril	21610	7.129589e-09	3165	39.77629759959784	False
Selenomethionine	21866	7.1059936e-09	3166	39.78886515018223	False
SF1126	18180	7.0984347e-09	3167	39.80143270076662	False
Normethadone	20994	7.0881803e-09	3168	39.81400025135101	False
Terfenadine	14942	7.0820447e-09	3169	39.826567801935404	False
Dextromoramide	20982	7.0778716e-09	3170	39.8391353525198	False
Pipobroman	21664	7.064466e-09	3171	39.85170290310418	False
Hepatitis B Vaccine (Recombinant)	20902	7.0589294e-09	3172	39.864270453688576	False
Dansyllysine	20119	7.0546364e-09	3173	39.87683800427297	False
Mineral oil	20990	7.0507893e-09	3174	39.88940555485736	False
4-[4-(2,5-DIOXO-PYRROLIDIN-1-YL)-PHENYLAMINO]-4-HYDROXY-BUTYRIC ACID	20007	7.047938e-09	3175	39.901973105441755	False
Methoserpidine	21144	7.045398e-09	3176	39.91454065602614	False
Cyclic adenosine monophosphate	19594	7.04259e-09	3177	39.927108206610534	False
Sulindac	14204	7.0241173e-09	3178	39.93967575719492	False
Reserpine	14938	7.021358e-09	3179	39.95224330777931	False
Di-Stearoyl-3-Sn-Phosphatidylcholine	17432	7.0072033e-09	3180	39.964810858363705	False
Diatrizoate	20786	7.0071633e-09	3181	39.97737840894809	False
Maribavir	21787	7.0009913e-09	3182	39.989945959532484	False
Drostanolone propionate	20630	7.000484e-09	3183	40.00251351011688	False
Dextran	20694	6.999763e-09	3184	40.01508106070127	False
Ondansetron	14977	6.979632e-09	3185	40.02764861128566	False
Leucine Phosphonic Acid	19919	6.978487e-09	3186	40.04021616187005	False
Phalaris arundinacea pollen	21835	6.9653225e-09	3187	40.05278371245444	False
Chlorphentermine	20305	6.9617094e-09	3188	40.065351263038835	False
Voretigene neparvovec	20179	6.9528854e-09	3189	40.07791881362323	False
Tirzepatide	21224	6.9526997e-09	3190	40.090486364207614	False
Cholesterol	17742	6.9499286e-09	3191	40.10305391479201	False
Butylphthalide	20574	6.9474897e-09	3192	40.1156214653764	False
Amenamevir	20603	6.9414234e-09	3193	40.12818901596079	False
Levobetaxolol	15239	6.9221078e-09	3194	40.140756566545186	False
Cefozopran	20764	6.9010277e-09	3195	40.15332411712957	False
Nedaplatin	20832	6.8940027e-09	3196	40.16589166771396	False
Succimer	21937	6.8935684e-09	3197	40.17845921829835	False
Almotriptan	14900	6.884555e-09	3198	40.19102676888274	False
Lampalizumab	21072	6.8784254e-09	3199	40.203594319467136	False
Naphthyridine Inhibitor	19853	6.874726e-09	3200	40.21616187005152	False
Radotinib	15970	6.870637e-09	3201	40.228729420635915	False
gamma-Glutamyl[S-(2-iodobenzyl)cysteinyl]glycine	16552	6.843172e-09	3202	40.24129697122031	False
Varicella Zoster Vaccine (Live/attenuated)	20877	6.8364274e-09	3203	40.2538645218047	False
Tiamulin	21586	6.8342634e-09	3204	40.266432072389094	False
Lutropin alfa	16470	6.8240382e-09	3205	40.27899962297348	False
Ronacaleret	17348	6.8204464e-09	3206	40.29156717355787	False
5-Benzylacyclouridine	19374	6.8193406e-09	3207	40.304134724142266	False
Ethanesulfonic acid	18164	6.81158e-09	3208	40.31670227472666	False
Thiosalicylic acid	20773	6.7998975e-09	3209	40.32926982531105	False
Epoetin delta	21621	6.7913426e-09	3210	40.34183737589544	False
Seribantumab	21077	6.789581e-09	3211	40.35440492647983	False
Clorexolone	20842	6.785516e-09	3212	40.36697247706422	False
Nizatidine	14843	6.766156e-09	3213	40.379540027648616	False
Cloprostenol	20704	6.763098e-09	3214	40.392107578233	False
Colestipol	20962	6.752915e-09	3215	40.40467512881739	False
Ajulemic acid	21298	6.713553e-09	3216	40.41724267940178	False
Piracetam	20809	6.7076393e-09	3217	40.429810229986174	False
N-(2-hydroxy-1,1-dimethylethyl)-1-methyl-3-(1H-pyrrolo[2,3-b]pyridin-2-yl)-1H-indole-5-carboxamide	18879	6.703572e-09	3218	40.44237778057057	False
Cefoxitin	20414	6.693019e-09	3219	40.45494533115496	False
Sumatriptan	14899	6.68182e-09	3220	40.467512881739346	False
Gibberellic acid	19968	6.6787367e-09	3221	40.48008043232374	False
Tildrakizumab	14700	6.6417822e-09	3222	40.49264798290813	False
Bb-3497	19242	6.6416685e-09	3223	40.505215533492525	False
2-chloro-5-nitro-N-phenylbenzamide	16624	6.63973e-09	3224	40.51778308407691	False
PG-530742	16199	6.637882e-09	3225	40.5303506346613	False
Spectinomycin	20581	6.6243357e-09	3226	40.542918185245696	False
Paclitaxel poliglumex	21238	6.613655e-09	3227	40.55548573583009	False
Savolitinib	21503	6.6093175e-09	3228	40.56805328641448	False
Calcium cation	20778	6.598963e-09	3229	40.58062083699887	False
Silver sulfadiazine	20391	6.598019e-09	3230	40.59318838758326	False
Valnoctamide	21320	6.595616e-09	3231	40.605755938167654	False
Antrafenine	15988	6.5880723e-09	3232	40.61832348875204	False
Arimoclomol	19308	6.584756e-09	3233	40.63089103933643	False
Guadecitabine	21695	6.5788304e-09	3234	40.643458589920826	False
Gluconolactone	20022	6.5652173e-09	3235	40.65602614050521	False
Cibenzoline	20929	6.5637393e-09	3236	40.668593691089605	False
Phenyl aminosalicylate	20672	6.553307e-09	3237	40.681161241674	False
Brefeldin A	15585	6.5421544e-09	3238	40.69372879225839	False
Ioversol	20803	6.537302e-09	3239	40.706296342842776	False
Olopatadine	14232	6.5360304e-09	3240	40.71886389342717	False
(3R)-4,4-DIFLUORO-3-[(4-METHOXYPHENYL)SULFONYL]BUTANOIC ACID	16202	6.5257537e-09	3241	40.73143144401156	False
AMG 108	21048	6.524011e-09	3242	40.743998994595955	False
Olokizumab	21135	6.5235386e-09	3243	40.75656654518035	False
Methylselenocysteine	21726	6.5198567e-09	3244	40.769134095764734	False
Zolazepam	21285	6.5179546e-09	3245	40.78170164634913	False
Metoclopramide	14546	6.5172707e-09	3246	40.79426919693352	False
Clofibride	20979	6.5140267e-09	3247	40.80683674751791	False
Pirlimycin	21508	6.495045e-09	3248	40.8194042981023	False
Hyaluronic acid	18583	6.4854637e-09	3249	40.83197184868669	False
Histidine	15907	6.480505e-09	3250	40.844539399271085	False
Perillyl alcohol	21772	6.4736114e-09	3251	40.85710694985547	False
Ceftibuten	20251	6.46331e-09	3252	40.869674500439864	False
2,4-Dihydroxy-7-(Methyloxy)-2h-1,4-Benzoxazin-3(4h)-One	19972	6.446467e-09	3253	40.88224205102426	False
alpha-Tocopherol acetate	14110	6.4377677e-09	3254	40.89480960160864	False
Lyme disease vaccine (recombinant OspA)	18712	6.436834e-09	3255	40.907377152193035	False
Pertuzumab	17355	6.4337784e-09	3256	40.91994470277743	False
Sulfametomidine	21347	6.429669e-09	3257	40.93251225336182	False
Oseltamivir	15761	6.4169274e-09	3258	40.94507980394621	False
Gremubamab	21173	6.4157035e-09	3259	40.9576473545306	False
Furazidin	20482	6.4064833e-09	3260	40.97021490511499	False
Pidilizumab	21194	6.3987655e-09	3261	40.982782455699386	False
Tacalcitol	21517	6.395495e-09	3262	40.99535000628378	False
Buthionine Sulfoximine	21731	6.3953616e-09	3263	41.007917556868165	False
Englitazone	21223	6.383881e-09	3264	41.02048510745256	False
Probucol	16360	6.3836736e-09	3265	41.03305265803695	False
Budipine	21851	6.3809473e-09	3266	41.045620208621344	False
Marbofloxacin	21582	6.380448e-09	3267	41.05818775920574	False
Ritanserin	15252	6.3793895e-09	3268	41.07075530979012	False
Tofisopam	15589	6.37484e-09	3269	41.08332286037451	False
Cloxacillin	14311	6.3692736e-09	3270	41.0958904109589	False
Ublituximab	21075	6.3634333e-09	3271	41.108457961543294	False
7-Hydroxystaurosporine	18759	6.3465966e-09	3272	41.12102551212769	False
Allopurinol	14911	6.317177e-09	3273	41.13359306271207	False
Ceforanide	20655	6.3018333e-09	3274	41.146160613296466	False
Pramiracetam	20523	6.297387e-09	3275	41.15872816388086	False
Segesterone acetate	15742	6.295478e-09	3276	41.17129571446525	False
Sevelamer	20570	6.2941807e-09	3277	41.183863265049645	False
99mTc-14 F7 Mab	20118	6.292453e-09	3278	41.19643081563403	False
Acetylcysteine zinc	20971	6.2853034e-09	3279	41.208998366218424	False
Peramivir	20634	6.283098e-09	3280	41.22156591680282	False
Blonanserin	14420	6.2743677e-09	3281	41.23413346738721	False
Nylidrin	14811	6.2714482e-09	3282	41.246701017971596	False
S-adenosyl-L-homocysteine	15411	6.2597603e-09	3283	41.25926856855599	False
Formebolone	16432	6.2541874e-09	3284	41.27183611914038	False
Hexetidine	21574	6.249608e-09	3285	41.284403669724774	False
Ramiprilat	21151	6.244437e-09	3286	41.29697122030917	False
Mitobronitol	21754	6.243961e-09	3287	41.30953877089355	False
GSK-1004723	21549	6.2437935e-09	3288	41.32210632147794	False
Benfluorex	21214	6.2344525e-09	3289	41.33467387206233	False
Dimethyl Propionate Ester Heme	18729	6.2197123e-09	3290	41.347241422646725	False
Nemolizumab	21187	6.216818e-09	3291	41.35980897323112	False
Murepavadin	21611	6.197568e-09	3292	41.372376523815504	False
Lexatumumab	19599	6.1918963e-09	3293	41.3849440743999	False
Ornipressin	21900	6.1838827e-09	3294	41.39751162498429	False
Bentoquatam	20963	6.1741243e-09	3295	41.41007917556868	False
Abetimus	20868	6.1688983e-09	3296	41.422646726153076	False
beta-Naphthoflavone	15362	6.1627707e-09	3297	41.43521427673746	False
Tiludronic acid	14307	6.147861e-09	3298	41.447781827321855	False
Isosulfan blue	20805	6.1446954e-09	3299	41.46034937790625	False
Tetrabutylammonium Ion	19887	6.1397043e-09	3300	41.47291692849064	False
Guacetisal	20753	6.137948e-09	3301	41.485484479075026	False
D-gluconhydroximo-1,5-lactam	20019	6.1339223e-09	3302	41.49805202965942	False
Amorolfine	21615	6.126042e-09	3303	41.51061958024381	False
2-(6-HYDROXY-1,3-BENZOTHIAZOL-2-YL)-1,3-THIAZOL-4(5H)-ONE	20003	6.116293e-09	3304	41.523187130828205	False
Dienogest	15621	6.116048e-09	3305	41.53575468141259	False
Tenamfetamine	21246	6.1156746e-09	3306	41.548322231996984	False
Blinatumomab	19620	6.1128294e-09	3307	41.56088978258137	False
Pyroquilon	21563	6.090194e-09	3308	41.57345733316576	False
Saruplase	20761	6.084841e-09	3309	41.586024883750156	False
2-HYDROXY-3,5-DIIODOBENZOIC ACID	14078	6.076769e-09	3310	41.59859243433455	False
Iron sucrose	20539	6.058576e-09	3311	41.61115998491894	False
Phosmet	20899	6.054117e-09	3312	41.62372753550333	False
Tolazamide	15778	6.0514274e-09	3313	41.63629508608772	False
Cytarabine	14780	6.0488765e-09	3314	41.64886263667211	False
Hesperetin	15323	6.0418888e-09	3315	41.66143018725651	False
Dinoprostone	16220	6.0370167e-09	3316	41.67399773784089	False
Mitemcinal	15571	6.026191e-09	3317	41.686565288425285	False
(2S)-2-(BUTYRYLOXY)-3-HYDROXYPROPYL NONANOATE	19888	6.023295e-09	3318	41.69913283900968	False
Aramchol	21458	6.0198957e-09	3319	41.71170038959407	False
Guanoxabenz	21138	6.018644e-09	3320	41.724267940178464	False
Fluasterone	21658	6.0101892e-09	3321	41.73683549076285	False
SR-9011	20183	6.000007e-09	3322	41.74940304134724	False
Telbivudine	20416	5.991784e-09	3323	41.761970591931636	False
Indoprofen	20677	5.9710095e-09	3324	41.77453814251602	False
Nitazoxanide	14579	5.9694605e-09	3325	41.787105693100415	False
Dexpramipexole	21852	5.9532237e-09	3326	41.7996732436848	False
Uracil mustard	20473	5.9524177e-09	3327	41.812240794269194	False
Cloricromen	20735	5.9503744e-09	3328	41.82480834485359	False
3-({[(3S)-3,4-dihydroxybutyl]oxy}amino)-1H,2'H-2,3'-biindol-2'-one	18437	5.94705e-09	3329	41.83737589543798	False
Roflumilast	15520	5.9200014e-09	3330	41.84994344602237	False
Menadione	14834	5.8900875e-09	3331	41.86251099660676	False
Efonidipine	15632	5.8876273e-09	3332	41.87507854719115	False
Climbazole	20526	5.8819816e-09	3333	41.887646097775544	False
Flavin adenine dinucleotide	14889	5.8817347e-09	3334	41.90021364835994	False
Ferric ammonium citrate	21518	5.8726997e-09	3335	41.91278119894433	False
5-(4-PHENOXYPHENYL)-5-(4-PYRIMIDIN-2-YLPIPERAZIN-1-YL)PYRIMIDINE-2,4,6(2H,3H)-TRIONE	16200	5.866531e-09	3336	41.925348749528716	False
Morpholine-4-Carboxylic Acid [1-(2-Benzylsulfanyl-1-Formyl-Ethylcarbamoyl)-2-Phenyl-Ethyl]-Amide	18978	5.8636895e-09	3337	41.93791630011311	False
Vitamin A	14052	5.8617773e-09	3338	41.9504838506975	False
LCB01-0371	21597	5.8573066e-09	3339	41.963051401281895	False
Hydroxytyrosol	20716	5.856089e-09	3340	41.97561895186628	False
Alprostadil	16219	5.8529626e-09	3341	41.988186502450674	False
Malathion	15309	5.8387686e-09	3342	42.00075405303506	False
Antilymphocyte immunoglobulin (horse)	20871	5.8357514e-09	3343	42.01332160361945	False
Capreomycin	20428	5.8339262e-09	3344	42.025889154203846	False
Selenium Sulfide	20525	5.8070153e-09	3345	42.03845670478824	False
Rovalpituzumab Tesirine	21131	5.804059e-09	3346	42.051024255372624	False
Pipotiazine	14349	5.794789e-09	3347	42.06359180595702	False
Galantamine	15113	5.7851706e-09	3348	42.07615935654141	False
Clomipramine	14325	5.77754e-09	3349	42.0887269071258	False
D-tartaric acid	18840	5.74303e-09	3350	42.10129445771019	False
Mannitol busulfan	21471	5.7329066e-09	3351	42.11386200829458	False
Carboplatin	14737	5.7242744e-09	3352	42.126429558878975	False
Tripelennamine	15122	5.7083565e-09	3353	42.13899710946337	False
(3S)-3-hydroxy-1-methyl-2,3-dihydro-1H-indole-5,6-dione	16683	5.700164e-09	3354	42.15156466004776	False
Lincomycin	20347	5.699675e-09	3355	42.16413221063215	False
Piclozotan	21304	5.6917004e-09	3356	42.17669976121654	False
AZD-9684	19565	5.6814833e-09	3357	42.18926731180093	False
MRK-409	21380	5.676782e-09	3358	42.201834862385326	False
Insulin pork	15287	5.666527e-09	3359	42.21440241296971	False
Flavin mononucleotide	15275	5.6613203e-09	3360	42.2269699635541	False
Probenecid	14283	5.651211e-09	3361	42.23953751413849	False
Cefamandole nafate	20780	5.646966e-09	3362	42.25210506472288	False
Phensuximide	20354	5.6455765e-09	3363	42.264672615307276	False
Vitamin D	14705	5.6390013e-09	3364	42.27724016589167	False
LGD-1550	16487	5.62919e-09	3365	42.289807716476055	False
Azelnidipine	15629	5.628782e-09	3366	42.30237526706045	False
Bleomycin	15893	5.615217e-09	3367	42.31494281764484	False
Niperotidine	20847	5.5970073e-09	3368	42.327510368229234	False
Carotuximab	19643	5.596367e-09	3369	42.34007791881362	False
3-(N-morpholino)propanesulfonic acid	19153	5.5908616e-09	3370	42.35264546939801	False
Taxifolin	20662	5.58566e-09	3371	42.365213019982406	False
Sifalimumab	19618	5.5805915e-09	3372	42.3777805705668	False
Eravacycline	14907	5.567833e-09	3373	42.39034812115119	False
Nicotinamide adenine dinucleotide phosphate	15950	5.546972e-09	3374	42.40291567173558	False
GS 0573	20266	5.537796e-09	3375	42.41548322231997	False
Tubercidin	21665	5.5355467e-09	3376	42.42805077290436	False
Iguratimod	20452	5.531505e-09	3377	42.440618323488756	False
Human adenovirus e serotype 4 strain cl-68578 antigen	20946	5.5261165e-09	3378	42.45318587407314	False
Bevacizumab	16510	5.523071e-09	3379	42.465753424657535	False
Luspatercept	20642	5.5190483e-09	3380	42.47832097524192	False
Acitretin	14174	5.505832e-09	3381	42.490888525826314	False
1,4-Dithiothreitol	16528	5.4975837e-09	3382	42.50345607641071	False
Carboxymycobactin S	18579	5.495068e-09	3383	42.5160236269951	False
(2S)-2-({6-[(3-Amino-5-chlorophenyl)amino]-9-isopropyl-9H-purin-2-yl}amino)-3-methyl-1-butanol	19248	5.4822435e-09	3384	42.528591177579486	False
Oltipraz	21717	5.473843e-09	3385	42.54115872816388	False
Acetylcysteine	16036	5.4693974e-09	3386	42.55372627874827	False
Aztreonam	20398	5.4649965e-09	3387	42.566293829332665	False
Adrafinil	21395	5.4525855e-09	3388	42.57886137991706	False
ICA-105665	17544	5.4520655e-09	3389	42.59142893050144	False
Urelumab	19623	5.4421334e-09	3390	42.60399648108584	False
Deacetoxycephalosporin C	21636	5.441843e-09	3391	42.61656403167023	False
Lucinactant	20466	5.441843e-09	3392	42.62913158225462	False
Ertapenem	20360	5.4380247e-09	3393	42.64169913283901	False
Bapineuzumab	21068	5.435764e-09	3394	42.6542666834234	False
Ruplizumab	18288	5.4213096e-09	3395	42.666834234007794	False
Tocladesine	21742	5.4194382e-09	3396	42.67940178459218	False
Pyridoxal phosphate	15906	5.414324e-09	3397	42.69196933517657	False
Varlitinib	17353	5.4135594e-09	3398	42.704536885760966	False
Factor XIII (human)	20717	5.4072444e-09	3399	42.71710443634535	False
Meticillin	20406	5.3825278e-09	3400	42.729671986929745	False
4-{4-[2-(1A,7A-DIMETHYL-4-OXY-OCTAHYDRO-1-OXA-4-AZA-CYCLOPROPA[A]NAPHTHALEN-4-YL) -ACETYLAMINO]-PHENYLCARBAMOYL}-BUTYRIC ACID	19891	5.3744236e-09	3401	42.74223953751414	False
Calcium carbimide	14803	5.369905e-09	3402	42.75480708809853	False
Omega-3 fatty acids	14658	5.3690754e-09	3403	42.767374638682924	False
Solifenacin	14583	5.367191e-09	3404	42.77994218926731	False
Tabalumab	21065	5.3409868e-09	3405	42.7925097398517	False
Tyramine	20279	5.331908e-09	3406	42.805077290436095	False
Secretin human	16892	5.331735e-09	3407	42.81764484102049	False
Thrombopoietin	19613	5.3245497e-09	3408	42.830212391604874	False
alpha-Linolenic acid	14572	5.323321e-09	3409	42.84277994218927	False
Ilorasertib	21687	5.313289e-09	3410	42.85534749277366	False
GW-3965	18956	5.310138e-09	3411	42.86791504335805	False
Nedocromil	16323	5.308396e-09	3412	42.880482593942446	False
Gadoteric acid	20801	5.2900306e-09	3413	42.89305014452683	False
Imipramine oxide	21210	5.289668e-09	3414	42.905617695111225	False
Liothyronine I-131	14521	5.2841216e-09	3415	42.91818524569561	False
Beloranib	21723	5.280857e-09	3416	42.930752796280004	False
Chorionic Gonadotropin (Human)	16473	5.2642743e-09	3417	42.9433203468644	False
5-AMINO-6-CYCLOHEXYL-4-HYDROXY-2-ISOBUTYL-HEXANOIC ACID	18155	5.2612528e-09	3418	42.95588789744878	False
2-chloroethyl-3-sarcosinamide-1-nitrosourea	21686	5.2536513e-09	3419	42.968455448033176	False
Albaconazole	21493	5.24349e-09	3420	42.98102299861757	False
D-norleucine	17701	5.2269846e-09	3421	42.99359054920196	False
Foreskin fibroblast (neonatal)	16034	5.2117533e-09	3422	43.006158099786354	False
6-[(Z)-AMINO(IMINO)METHYL]-N-[3-(CYCLOPENTYLOXY)PHENYL]-2-NAPHTHAMIDE	18021	5.203717e-09	3423	43.01872565037074	False
Cyclobenzaprine	14260	5.1968043e-09	3424	43.03129320095513	False
Chlormezanone	20599	5.1946634e-09	3425	43.043860751539526	False
Valomaciclovir	21256	5.1854965e-09	3426	43.05642830212392	False
Polyethylene glycol 300	20313	5.180702e-09	3427	43.068995852708305	False
(Z,Z)-4-Hydroxy-N,N,N-Trimethyl-10-Oxo-7-[(1-Oxo-9-Octadecenyl)Oxy]-3,5,9-Trioxa-4-Phosphaheptacos-18-En-1-Aminium-4-Oxide	18924	5.179566e-09	3428	43.0815634032927	False
Entecavir	20478	5.1648765e-09	3429	43.09413095387709	False
6-hydroxydopa quinone	18284	5.1628475e-09	3430	43.106698504461484	False
Glucagon	17374	5.1621876e-09	3431	43.11926605504588	False
Fusafungine	21575	5.1614397e-09	3432	43.13183360563026	False
Creatine	16283	5.1530096e-09	3433	43.14440115621465	False
Insulin human	14799	5.1497966e-09	3434	43.15696870679904	False
Mibefradil	14731	5.14962e-09	3435	43.169536257383434	False
CYCLOHEXYLMETHYL-2,3-DIHYDROXY-5-METHYL-HEXYLAMIDE	18156	5.144564e-09	3436	43.18210380796783	False
Hygromycin B	20823	5.141905e-09	3437	43.19467135855221	False
Lipoic acid	15270	5.128976e-09	3438	43.207238909136606	False
5-Bromonicotinamide	18126	5.1279976e-09	3439	43.219806459721	False
Idarucizumab	20811	5.127235e-09	3440	43.23237401030539	False
Apramycin	20792	5.124048e-09	3441	43.244941560889785	False
Silodosin	15557	5.113464e-09	3442	43.25750911147417	False
Hydroflumethiazide	14233	5.09383e-09	3443	43.270076662058564	False
Tapentadol	15199	5.091421e-09	3444	43.28264421264296	False
Stanolone acetate	14533	5.0895275e-09	3445	43.29521176322735	False
Desmopressin	14595	5.0756648e-09	3446	43.30777931381174	False
Nitrous oxide	21231	5.065211e-09	3447	43.32034686439613	False
AE-941	16198	5.0572466e-09	3448	43.33291441498052	False
Dichloralphenazone	21245	5.0470708e-09	3449	43.345481965564915	False
Echothiophate	14290	5.046243e-09	3450	43.35804951614931	False
Adrenalone	21899	5.0302713e-09	3451	43.37061706673369	False
S-Hydroxycysteine	17795	5.0149147e-09	3452	43.38318461731808	False
Phenyltoloxamine	20294	5.004891e-09	3453	43.39575216790247	False
ENMD-1198	19300	4.9921156e-09	3454	43.408319718486865	False
Edetate disodium anhydrous	14756	4.984219e-09	3455	43.42088726907126	False
Ensituximab	21104	4.9637454e-09	3456	43.43345481965565	False
Catridecacog	20178	4.960206e-09	3457	43.44602237024004	False
Metenolone	21660	4.9552513e-09	3458	43.45858992082443	False
Thymidine 5'-triphosphate	18843	4.9530495e-09	3459	43.47115747140882	False
Diethylnorspermine	21057	4.9416973e-09	3460	43.483725021993216	False
Pantothenoylaminoethenethiol	19424	4.9291584e-09	3461	43.4962925725776	False
Vitamin E	14054	4.9222724e-09	3462	43.508860123161995	False
Donepezil	15126	4.9123865e-09	3463	43.52142767374639	False
Glutathione	14877	4.9107096e-09	3464	43.53399522433078	False
2-deoxyglucose	20260	4.8957087e-09	3465	43.546562774915174	False
CG-200745	21645	4.8764086e-09	3466	43.55913032549956	False
Lawsone	21568	4.857388e-09	3467	43.57169787608395	False
Leukotriene B4	16267	4.8560724e-09	3468	43.584265426668345	False
Ponezumab	21183	4.853072e-09	3469	43.59683297725273	False
Mosapride	21288	4.8526836e-09	3470	43.609400527837124	False
Guanidine	16465	4.8485016e-09	3471	43.62196807842152	False
Busulfan	14738	4.8442863e-09	3472	43.6345356290059	False
Misonidazole	21640	4.8285678e-09	3473	43.647103179590296	False
2-[(2,4-DICHLOROBENZOYL)AMINO]-5-(PYRIMIDIN-2-YLOXY)BENZOIC ACID	16627	4.822383e-09	3474	43.65967073017469	False
Lysergic acid diethylamide	15182	4.8192015e-09	3475	43.67223828075908	False
Glycol salicylate	16007	4.8185305e-09	3476	43.68480583134347	False
(2R)-2-AMINO-3,3,3-TRIFLUORO-N-HYDROXY-2-{[(4-PHENOXYPHENYL)SULFONYL]METHYL}PROPANAMIDE	16201	4.8140656e-09	3477	43.69737338192786	False
Ragaglitazar	16258	4.8041957e-09	3478	43.709940932512254	False
Nadroparin	16830	4.80186e-09	3479	43.72250848309665	False
Oprelvekin	17141	4.8006235e-09	3480	43.73507603368104	False
Desoxycorticosterone acetate	15581	4.798527e-09	3481	43.747643584265425	False
Tamibarotene	14113	4.7909183e-09	3482	43.76021113484982	False
3-(4-Fluorophenyl)-2-(6-Methylpyridin-2-Yl)-5,6-Dihydro-4h-Pyrrolo[1,2-B]Pyrazole	19854	4.782245e-09	3483	43.77277868543421	False
Haloperidol	14952	4.775172e-09	3484	43.785346236018604	False
Agmatine	15593	4.7724225e-09	3485	43.79791378660299	False
ABT-288	21554	4.7561106e-09	3486	43.81048133718738	False
Magnesium Aluminum Silicate	21273	4.749484e-09	3487	43.82304888777177	False
Clomifene	14686	4.745391e-09	3488	43.83561643835616	False
S,S-(2-Hydroxyethyl)Thiocysteine	16839	4.7407416e-09	3489	43.848183988940555	False
MDL72527	17401	4.730246e-09	3490	43.86075153952495	False
Ferumoxsil	21519	4.7237094e-09	3491	43.873319090109334	False
3-[1-(3-AMINOPROPYL)-1H-INDOL-3-YL]-4-(1H-INDOL-3-YL)-1H-PYRROLE-2,5-DIONE	18767	4.7200075e-09	3492	43.88588664069373	False
Influenza A virus A/Brisbane/59/2007(H1N1) hemagglutinin antigen (propiolactone inactivated)	20891	4.716912e-09	3493	43.89845419127812	False
Naftifine	17411	4.711508e-09	3494	43.91102174186251	False
Corticosterone	15530	4.710358e-09	3495	43.9235892924469	False
1h-Benoximidazole-2-Carboxylic Acid	18153	4.7099356e-09	3496	43.93615684303129	False
Etretinate	14112	4.70963e-09	3497	43.948724393615684	False
Travoprost	17434	4.7069717e-09	3498	43.96129194420008	False
Medical Cannabis	14660	4.687566e-09	3499	43.97385949478447	False
PH-284	16524	4.6872355e-09	3500	43.986427045368856	False
Casimiroin	16686	4.6825264e-09	3501	43.99899459595325	False
Phalaris minor pollen	21844	4.6820796e-09	3502	44.01156214653764	False
Cevimeline	15075	4.662296e-09	3503	44.024129697122035	False
Dalfampridine	15826	4.6366315e-09	3504	44.03669724770643	False
5,8-dimethoxy-1,4-dimethylquinolin-2(1H)-one	16685	4.6250963e-09	3505	44.049264798290814	False
(5E,13E)-11-HYDROXY-9,15-DIOXOPROSTA-5,13-DIEN-1-OIC ACID	19698	4.606248e-09	3506	44.0618323488752	False
Zonisamide	14979	4.5938675e-09	3507	44.07439989945959	False
Lofexidine	15192	4.5830415e-09	3508	44.086967450043986	False
(8alpha,10alpha,13alpha,17beta)-17-[(4-hydroxyphenyl)carbonyl]androsta-3,5-diene-3-carboxylic acid	19112	4.576927e-09	3509	44.09953500062838	False
Fibrinolysin	16715	4.5697823e-09	3510	44.112102551212764	False
Ceftiofur	21588	4.5689807e-09	3511	44.12467010179716	False
Codeine	15089	4.5548325e-09	3512	44.13723765238155	False
Ximelagatran	15790	4.5501265e-09	3513	44.14980520296594	False
Anifrolumab	21083	4.5461706e-09	3514	44.162372753550336	False
Aurothioglucose	16802	4.530019e-09	3515	44.17494030413472	False
Lanreotide	15584	4.5269783e-09	3516	44.187507854719115	False
Benznidazole	20645	4.5179473e-09	3517	44.20007540530351	False
Dydrogesterone	15439	4.5055124e-09	3518	44.2126429558879	False
Riboflavin	14833	4.496618e-09	3519	44.22521050647229	False
Cinacalcet	15135	4.493292e-09	3520	44.23777805705668	False
Melperone	15236	4.4860045e-09	3521	44.25034560764107	False
Coproporphyrin I	18966	4.482113e-09	3522	44.262913158225466	False
2-Morpholinoethylamine	18154	4.4805577e-09	3523	44.27548070880986	False
N~2~-1,3-BENZOXAZOL-2-YL-3-CYCLOHEXYL-N-{2-[(4-METHOXYPHENYL)AMINO]ETHYL}-L-ALANINAMIDE	18982	4.4783017e-09	3524	44.288048259394245	False
Tuberculin purified protein derivative	18713	4.4782165e-09	3525	44.30061580997863	False
2-{[Formyl(Hydroxy)Amino]Methyl}-4-Methylpentanoic Acid	16197	4.4623065e-09	3526	44.31318336056302	False
Ipratropium	14159	4.445537e-09	3527	44.325750911147416	False
AER001	19329	4.436287e-09	3528	44.33831846173181	False
Trandolapril	15762	4.4329376e-09	3529	44.350886012316195	False
Amatuximab	19621	4.414493e-09	3530	44.36345356290059	False
Bimoclomol	19668	4.396377e-09	3531	44.37602111348498	False
3-thiaoctanoyl-CoA	19106	4.392798e-09	3532	44.388588664069374	False
Serine	16217	4.3585877e-09	3533	44.40115621465377	False
Econazole	14819	4.350017e-09	3534	44.41372376523815	False
Etanercept	17583	4.3443706e-09	3535	44.426291315822546	False
6-[N-(4-Ethyl-1,2,3,4-Tetrahydro-6-Isoquinolinyl)Carbamyl]-2-Naphthalenecarboxamidine	18007	4.3422577e-09	3536	44.43885886640694	False
Oxaliplatin	14736	4.3219397e-09	3537	44.45142641699133	False
Tigapotide	19313	4.301331e-09	3538	44.46399396757572	False
Sucralfate	18179	4.2998134e-09	3539	44.47656151816011	False
Testosterone propionate	14342	4.295567e-09	3540	44.489129068744504	False
Amitriptylinoxide	21205	4.2824944e-09	3541	44.5016966193289	False
Guvacine	16724	4.2799795e-09	3542	44.51426416991328	False
Margetuximab	17358	4.2700314e-09	3543	44.526831720497675	False
Selenious acid	14742	4.243021e-09	3544	44.53939927108206	False
Amiodarone	14302	4.225262e-09	3545	44.551966821666454	False
Amido Phenyl Pyruvic Acid	18908	4.203406e-09	3546	44.56453437225085	False
Idazoxan	21409	4.194204e-09	3547	44.57710192283524	False
Teplizumab	21060	4.1849666e-09	3548	44.58966947341963	False
Elafibranor	16255	4.184496e-09	3549	44.60223702400402	False
PCL-016	19376	4.173822e-09	3550	44.61480457458841	False
Lomefloxacin	15318	4.1682613e-09	3551	44.627372125172805	False
3'-phospho-5'-adenylyl sulfate	18175	4.150087e-09	3552	44.6399396757572	False
Buspirone	14180	4.1486623e-09	3553	44.652507226341584	False
L-Lysine	16192	4.127258e-09	3554	44.66507477692598	False
Grepafloxacin	15293	4.124063e-09	3555	44.67764232751037	False
Phosphatidylethanolamine	18701	4.1097556e-09	3556	44.69020987809476	False
N-hydroxy-5-[(3-phenyl-5,6-dihydroimidazo[1,2-a]pyrazin-7(8H)-yl)carbonyl]thiophene-2-carboxamide	19673	4.104319e-09	3557	44.702777428679155	False
2-{2-[(3,5-dimethylphenyl)amino]pyrimidin-4-yl}-N-[(1S)-2-hydroxy-1-methylethyl]-4-methyl-1,3-thiazole-5-carboxamide	18881	4.096186e-09	3558	44.71534497926354	False
4-(2,2,2-TRIFLUOROETHYL)-L-PHENYLALANINE	16710	4.0852703e-09	3559	44.727912529847934	False
Cyclic GMP	19163	4.0819135e-09	3560	44.74048008043232	False
Tetracaine	17652	4.0763037e-09	3561	44.75304763101671	False
9-(N-methyl-L-isoleucine)-cyclosporin A	20925	4.051724e-09	3562	44.765615181601106	False
Calcitriol	14559	4.051322e-09	3563	44.77818273218549	False
Trimetazidine	20092	4.0441885e-09	3564	44.790750282769885	False
Rose bengal	14118	4.036767e-09	3565	44.80331783335428	False
Norgestrel	14826	4.024735e-09	3566	44.81588538393867	False
N-Acetyl-glucosamine thiazoline	18692	4.024106e-09	3567	44.828452934523064	False
Fingolimod	15829	4.021213e-09	3568	44.84102048510745	False
Gemtuzumab ozogamicin	17545	4.014255e-09	3569	44.85358803569184	False
(4-{4-[(TERT-BUTOXYCARBONYL)AMINO]-2,2-BIS(ETHOXYCARBONYL)BUTYL}PHENYL)SULFAMIC ACID	19840	4.009327e-09	3570	44.866155586276236	False
3-{[(9-CYANO-9,10-DIHYDRO-10-METHYLACRIDIN-9-YL)CARBONYL]AMINO}PROPANOIC ACID	19404	4.0064148e-09	3571	44.87872313686063	False
N-(4-CARBAMIMIDOYL-3-CHORO-PHENYL)-2-HYDROXY-3-IODO-5-METHYL-BENZAMIDE	18020	3.993079e-09	3572	44.89129068744502	False
Acetoacetyl-CoA	17058	3.9889154e-09	3573	44.90385823802941	False
(2R)-1-(2,6-dimethylphenoxy)propan-2-amine	18023	3.9859263e-09	3574	44.9164257886138	False
Gestrinone	15656	3.9800465e-09	3575	44.92899333919819	False
Phosphocreatine	16284	3.966345e-09	3576	44.941560889782586	False
Parathyroid hormone	19662	3.9524344e-09	3577	44.95412844036697	False
Benzoic acid	18314	3.951093e-09	3578	44.96669599095136	False
Phosphatidyl ethanol	19500	3.950904e-09	3579	44.97926354153575	False
Mecasermin	14554	3.948908e-09	3580	44.991831092120144	False
Zinc chloride	14490	3.9374757e-09	3581	45.00439864270454	False
Tertomotide	19363	3.935914e-09	3582	45.01696619328893	False
(4R)-7-chloro-9-methyl-1-oxo-1,2,4,9-tetrahydrospiro[beta-carboline-3,4'-piperidine]-4-carbonitrile	18856	3.9338577e-09	3583	45.029533743873316	False
Valine	14651	3.927957e-09	3584	45.04210129445771	False
Magnesium phosphate	21378	3.9142853e-09	3585	45.0546688450421	False
N-(1-adamantyl)-N'-(4-guanidinobenzyl)urea	18014	3.9020382e-09	3586	45.067236395626495	False
Polyethylene glycol 400	14589	3.9007135e-09	3587	45.07980394621088	False
1-Allyl-3-Butyl-8-(N-Acetyl-4-Aminobenzyl)-Xanthine	18031	3.895799e-09	3588	45.09237149679527	False
Fludarabine	16972	3.8898365e-09	3589	45.104939047379666	False
4-Amino-2-[(3-chlorophenyl)amino]-5-(4-fluorobenzoyl)-1,3-thiazol-3-ium	19933	3.8864547e-09	3590	45.11750659796406	False
6-[N-(4-(Aminomethyl)Phenyl)Carbamyl]-2-Naphthalenecarboxamidine	18004	3.8859507e-09	3591	45.13007414854845	False
1-{2-OXO-3-[(1R)-1-(1H-PYRROL-2-YL)ETHYL]-2H-INDOL-5-YL}UREA	18764	3.884187e-09	3592	45.14264169913284	False
SR 121463	17726	3.873696e-09	3593	45.15520924971723	False
4-(4-hydroxy-3-methylphenyl)-6-phenylpyrimidin-2(5H)-one	18852	3.8546735e-09	3594	45.167776800301624	False
Lumiliximab	19624	3.853534e-09	3595	45.18034435088602	False
(1S,2S,5S)2-(4-GLUTARIDYLBENZYL)-5-PHENYL-1-CYCLOHEXANOL	19410	3.8343613e-09	3596	45.1929119014704	False
[4-(4-ACETYLAMINO-PHENYL)-3,5-DIOXO-4-AZA-TRICYCLO[5.2.2.0 2,6]UNDEC-1-YLCARBAMOYLOXY]-ACETIC ACID	19890	3.8320436e-09	3597	45.20547945205479	False
Fusicoccin	20109	3.820447e-09	3598	45.21804700263918	False
(5E)-14-CHLORO-15,17-DIHYDROXY-4,7,8,9,10,11-HEXAHYDRO-2-BENZOXACYCLOPENTADECINE-1,12(3H,13H)-DIONE	19145	3.810114e-09	3599	45.230614553223575	False
Phenethyl Isothiocyanate	16030	3.807898e-09	3600	45.24318210380797	False
2-Hydroxyethyl Disulfide	14928	3.7998014e-09	3601	45.25574965439236	False
Chromic citrate	14121	3.7888226e-09	3602	45.268317204976746	False
alpha-D-Xylopyranose	20020	3.7879335e-09	3603	45.28088475556114	False
Oxaprozin	15984	3.7356003e-09	3604	45.29345230614553	False
(2R,3R)-N^1^-[(1S)-2,2-DIMETHYL-1-(METHYLCARBAMOYL)PROPYL]-N^4^-HYDROXY-2-(2-METHYLPROPYL)-3-{[(1,3-THIAZOL-2-YLCARBONYL)AMINO]METHYL}BUTANEDIAMIDE	19918	3.731256e-09	3605	45.306019856729925	False
Arotinoid acid	16586	3.7057235e-09	3606	45.31858740731431	False
Nepafenac	15999	3.7046284e-09	3607	45.331154957898704	False
Sodium bicarbonate	20288	3.7037449e-09	3608	45.3437225084831	False
Galiximab	17885	3.703406e-09	3609	45.35629005906749	False
4-[(10s,14s,18s)-18-(2-Amino-2-Oxoethyl)-14-(1-Naphthylmethyl)-8,17,20-Trioxo-7,16,19-Triazaspiro[5.14]Icos-11-En-10-Yl]Benzylphosphonic Acid	18099	3.680288e-09	3610	45.36885760965188	False
Edetate calcium disodium anhydrous	14755	3.6739412e-09	3611	45.38142516023627	False
Clemastine	15086	3.6714192e-09	3612	45.39399271082066	False
Adenosine 5'-[gamma-thio]triphosphate	18572	3.6683954e-09	3613	45.406560261405055	False
Metreleptin	19504	3.6586616e-09	3614	45.41912781198945	False
Phencyclidine	15871	3.6572592e-09	3615	45.431695362573834	False
Pentaerithrityl	20350	3.6511676e-09	3616	45.44426291315823	False
2,3-Dihydroxy-Benzoic Acid	18578	3.6479237e-09	3617	45.45683046374261	False
Aprinocarsen	18681	3.6473047e-09	3618	45.469398014327005	False
Denosumab	19671	3.6445993e-09	3619	45.4819655649114	False
[4-(5-naphthalen-2-yl-1H-pyrrolo[2,3-b]pyridin-3-yl)phenyl]acetic acid	19970	3.6428132e-09	3620	45.49453311549579	False
Repinotan	15203	3.6317547e-09	3621	45.50710066608018	False
Betrixaban	14620	3.6314294e-09	3622	45.51966821666457	False
Crofelemer	18769	3.6261136e-09	3623	45.53223576724896	False
Yersinia pestis 195/p antigen (formaldehyde inactivated)	20958	3.6182721e-09	3624	45.544803317833356	False
Dextrothyroxine	16879	3.6180718e-09	3625	45.55737086841775	False
Acyclovir	14237	3.6042278e-09	3626	45.569938419002135	False
S-4-Nitrobutyryl-CoA	19151	3.6031969e-09	3627	45.58250596958653	False
(2R)-3-{[{[(2S)-2,3-DIHYDROXYPROPYL]OXY}(HYDROXY)PHOSPHORYL]OXY}-2-[(9E)-HEXADEC-9-ENOYLOXY]PROPYL (9E)-OCTADEC-9-ENOATE	19499	3.6029766e-09	3628	45.59507352017092	False
Briakinumab	18229	3.5976413e-09	3629	45.607641070755314	False
Tretazicar	16682	3.5907926e-09	3630	45.6202086213397	False
Apomorphine	14220	3.5746588e-09	3631	45.63277617192409	False
2-amino-5-[3-(1-ethyl-1H-pyrazol-5-yl)-1H-pyrrolo[2,3-b]pyridin-5-yl]-N,N-dimethylbenzamide	15969	3.5669152e-09	3632	45.645343722508485	False
Octanoyl-Coenzyme A	19105	3.5621694e-09	3633	45.65791127309287	False
3,4-Dihydroxy-1-Methylquinolin-2(1h)-One	18848	3.559052e-09	3634	45.670478823677264	False
Adenine	15854	3.5547711e-09	3635	45.68304637426166	False
Furoyl-Leucine	19915	3.543311e-09	3636	45.69561392484604	False
{4-[2,2-BIS(5-METHYL-1,2,4-OXADIAZOL-3-YL)-3-PHENYLPROPYL]PHENYL}SULFAMIC ACID	19841	3.5369436e-09	3637	45.708181475430436	False
Asparagine	16680	3.5346777e-09	3638	45.72074902601483	False
Gallium maltolate	16974	3.5299343e-09	3639	45.73331657659922	False
Thiamylal	15489	3.51789e-09	3640	45.745884127183615	False
Omega-6 fatty acids	14659	3.5137788e-09	3641	45.758451677768	False
Terlipressin	16523	3.5133705e-09	3642	45.771019228352394	False
[4-(3-AMINOMETHYL-PHENYL)-PIPERIDIN-1-YL]-(5-PHENETHYL- PYRIDIN-3-YL)-METHANONE	18910	3.510242e-09	3643	45.78358677893679	False
4-(2-aminoethoxy)-N-(3-chloro-2-ethoxy-5-piperidin-1-ylphenyl)-3,5-dimethylbenzamide	18025	3.4957435e-09	3644	45.79615432952118	False
TRAZEOLIDE	19895	3.4935106e-09	3645	45.808721880105566	False
Perphenazine	15127	3.484314e-09	3646	45.82128943068996	False
Miglitol	15753	3.4832972e-09	3647	45.83385698127435	False
2-(1H-imidazol-1-yl)-9-methoxy-8-(2-methoxyethoxy)benzo[c][2,7]naphthyridin-4-amine	18765	3.4792735e-09	3648	45.846424531858744	False
Myristic acid	14394	3.47721e-09	3649	45.85899208244314	False
Acetic acid	20228	3.4754597e-09	3650	45.87155963302752	False
Alemtuzumab	16285	3.4705776e-09	3651	45.88412718361191	False
Sennosides	20188	3.4672032e-09	3652	45.8966947341963	False
Verpasep caltespen	19375	3.4632444e-09	3653	45.909262284780695	False
Tyrosinal	16707	3.457212e-09	3654	45.92182983536509	False
2',3'-Dideoxyadenosine triphosphate	20074	3.4557681e-09	3655	45.934397385949474	False
1D-myo-inositol 1,4,5-trisphosphate	18965	3.4508942e-09	3656	45.94696493653387	False
Putrescine	16326	3.448795e-09	3657	45.95953248711826	False
D-Myo-Inositol-1,4-Bisphosphate	20038	3.4441672e-09	3658	45.97210003770265	False
Porfimer sodium	17335	3.4393555e-09	3659	45.984667588287046	False
Alanine	16328	3.4266587e-09	3660	45.99723513887143	False
AGRO100	19309	3.4142569e-09	3661	46.009802689455825	False
Carvedilol	14308	3.4124275e-09	3662	46.02237024004022	False
N-Formylmethionine	16826	3.4028729e-09	3663	46.03493779062461	False
KC706	18330	3.3946854e-09	3664	46.047505341208996	False
Aluminium phosphate	14488	3.3859233e-09	3665	46.06007289179339	False
1,4-Dioxane	18282	3.3803609e-09	3666	46.07264044237778	False
Cetyl alcohol	20468	3.3777765e-09	3667	46.085207992962175	False
Resorcinol	17345	3.372234e-09	3668	46.09777554354657	False
Glutamic acid	15908	3.364011e-09	3669	46.110343094130954	False
Denufosol	19311	3.3595864e-09	3670	46.12291064471534	False
5-fluorouridine	14513	3.3473444e-09	3671	46.13547819529973	False
Chondroitin sulfate	14747	3.3426102e-09	3672	46.148045745884126	False
Etonogestrel	14149	3.339373e-09	3673	46.16061329646852	False
(1S,2S,3R,4S,5S)-2,3,4-TRIHYDROXY-5-(HYDROXYMETHYL)CYCLOHEXYL (1E)-2-PHENYL-N-(SULFOOXY)ETHANIMIDOTHIOATE	20023	3.3387615e-09	3674	46.173180847052905	False
N-[4-Methyl-3-[[4-(3-Pyridinyl)-2-Pyrimidinyl]Amino]Phenyl]-3-Pyridinecarboxamide	15963	3.3366225e-09	3675	46.1857483976373	False
Palmitoyl-Linoleoyl Phosphatidylcholine	18129	3.3361136e-09	3676	46.19831594822169	False
3-Indolebutyric Acid	19635	3.3345933e-09	3677	46.21088349880608	False
3'-Oxo-Adenosine	19013	3.328055e-09	3678	46.223451049390476	False
2-OXOHEPTYLPHOSPHONIC ACID	19979	3.3200536e-09	3679	46.23601859997486	False
1-Azepan-1-Yl-2-Phenyl-2-(4-Thioxo-1,4-Dihydro-Pyrazolo[3,4-D]Pyrimidin-5-Yl)Ethanone Adduct	16891	3.3118253e-09	3680	46.248586150559255	False
Desipramine	14543	3.3015826e-09	3681	46.26115370114365	False
Orlistat	14721	3.2991465e-09	3682	46.27372125172804	False
3-hydroxyglutaric acid	19482	3.2960144e-09	3683	46.286288802312434	False
Phenobarbital	14993	3.2930108e-09	3684	46.29885635289682	False
Guanosine-5'-Triphosphate	16547	3.272642e-09	3685	46.31142390348121	False
Choline salicylate	14654	3.272124e-09	3686	46.323991454065606	False
Tetraethylammonium	17750	3.2678826e-09	3687	46.33655900465	False
cis-tetracosenoyl sulfatide	20079	3.2571301e-09	3688	46.349126555234385	False
N-HYDROXY-2-[4-(4-PHENOXY-BENZENESULFONYL)-TETRAHYDRO-PYRAN-4-YL]-ACETAMIDE	18107	3.2557197e-09	3689	46.36169410581877	False
JNJ-27390467	18911	3.2339715e-09	3690	46.374261656403164	False
Inositol	20293	3.2260858e-09	3691	46.38682920698756	False
Seliciclib	14674	3.2256735e-09	3692	46.39939675757195	False
N-ethyl-N-[3-(propylamino)propyl]propane-1,3-diamine	16335	3.222513e-09	3693	46.41196430815634	False
(4-ETHYLPHENYL)SULFAMIC ACID	19842	3.2172371e-09	3694	46.42453185874073	False
S-Mercaptocysteine	20042	3.213061e-09	3695	46.43709940932512	False
Benzene Hexacarboxylic Acid	20054	3.2127485e-09	3696	46.449666959909514	False
Palivizumab	17607	3.2098086e-09	3697	46.46223451049391	False
Uridine diphosphate glucose	18927	3.2095822e-09	3698	46.47480206107829	False
Malonic acid	17839	3.2062903e-09	3699	46.487369611662686	False
Nimesulide	15531	3.205581e-09	3700	46.49993716224708	False
Potassium gluconate	14652	3.1974288e-09	3701	46.51250471283147	False
Doxercalciferol	14710	3.194972e-09	3702	46.525072263415865	False
L-Glutamine	14584	3.1926024e-09	3703	46.53763981400025	False
Inosinic Acid	17621	3.1919387e-09	3704	46.550207364584644	False
Veliparib	19027	3.1907945e-09	3705	46.56277491516904	False
Dequalinium	17388	3.1760699e-09	3706	46.57534246575342	False
Omalizumab	15971	3.1757006e-09	3707	46.587910016337815	False
Quizartinib	16495	3.175422e-09	3708	46.60047756692221	False
Tramadol	15078	3.1746468e-09	3709	46.613045117506594	False
Desvenlafaxine	15211	3.1614678e-09	3710	46.62561266809099	False
Beta-D-Glucose	15755	3.1569183e-09	3711	46.63818021867538	False
Ferrous sulfate anhydrous	14707	3.1483975e-09	3712	46.65074776925977	False
Olomoucine	17994	3.1429557e-09	3713	46.66331531984416	False
N-(carboxycarbonyl)-D-phenylalanine	19384	3.1273009e-09	3714	46.67588287042855	False
4-[(4-METHYL-1-PIPERAZINYL)METHYL]-N-[3-[[4-(3-PYRIDINYL)-2-PYRIMIDINYL]AMINO]PHENYL]-BENZAMIDE	17860	3.124308e-09	3715	46.688450421012945	False
AMG-208	18052	3.1222704e-09	3716	46.70101797159734	False
Atosiban	16525	3.1183605e-09	3717	46.71358552218173	False
AMGN-0007	19670	3.1095524e-09	3718	46.72615307276612	False
Octylphenoxy polyethoxyethanol	19701	3.1018161e-09	3719	46.73872062335051	False
Melatonin	14726	3.096313e-09	3720	46.7512881739349	False
N-(4-CHLOROPHENYL)-3-(PHOSPHONOOXY)NAPHTHALENE-2-CARBOXAMIDE	19011	3.092671e-09	3721	46.763855724519296	False
3,6,9,12,15-PENTAOXAHEPTADECAN-1-OL	19879	3.0882328e-09	3722	46.77642327510368	False
L-alanyl-N-[(1S,2R)-1-benzyl-2-hydroxypropyl]-L-alaninamide	19994	3.084824e-09	3723	46.788990825688074	False
AVI-4557	19957	3.0835061e-09	3724	46.80155837627246	False
N,N,N-Trimethyl-2-(phosphonooxy)ethanaminium	17984	3.0762572e-09	3725	46.81412592685685	False
Ferrous succinate	16345	3.0650709e-09	3726	46.826693477441246	False
Aldesleukin	14663	3.056693e-09	3727	46.83926102802564	False
Human interferon beta	14496	3.0563083e-09	3728	46.851828578610025	False
Cefradine	15504	3.0529288e-09	3729	46.86439612919442	False
Carboxymycobactin T	18581	3.0491465e-09	3730	46.87696367977881	False
Dichlorvos	14442	3.0473963e-09	3731	46.889531230363204	False
Abciximab	17225	3.0275937e-09	3732	46.90209878094759	False
Cinoxacin	15314	3.0258158e-09	3733	46.91466633153198	False
2',5'-DIDEOXY-ADENOSINE 3'-MONOPHOSPHATE	19736	3.019054e-09	3734	46.927233882116376	False
5-(5-chloro-7H-pyrrolo[2,3-d]pyrimidin-4-yl)-4,5,6,7-tetrahydro-1H-imidazo[4,5-c]pyridine	17213	3.0092515e-09	3735	46.93980143270077	False
8-(Pyrimidin-2-Ylamino)Naphthalene-2-Carboximidamide	18016	2.9979257e-09	3736	46.95236898328516	False
Antithymocyte immunoglobulin (rabbit)	17360	2.9955136e-09	3737	46.96493653386955	False
Coproporphyrinogen III	18967	2.9902332e-09	3738	46.97750408445394	False
Tremelimumab	17992	2.9881122e-09	3739	46.99007163503833	False
Levomefolic acid	14733	2.9867449e-09	3740	47.002639185622726	False
Citrulline	15913	2.985093e-09	3741	47.01520673620712	False
Dehydroascorbic acid	20259	2.9846492e-09	3742	47.0277742867915	False
Panobinostat	15206	2.9810252e-09	3743	47.04034183737589	False
Zalcitabine	14264	2.980752e-09	3744	47.052909387960284	False
Icatibant	18576	2.9773257e-09	3745	47.06547693854468	False
Matairesinol	19996	2.9732512e-09	3746	47.07804448912907	False
Netarsudil	17317	2.9730243e-09	3747	47.090612039713456	False
Uridine-5'-Diphosphate	16597	2.9729395e-09	3748	47.10317959029785	False
N-phenyl-1H-pyrrolo[2,3-b]pyridin-3-amine	18854	2.9663973e-09	3749	47.11574714088224	False
Niraparib	14761	2.9639653e-09	3750	47.128314691466635	False
N-[2-(2-iodo-5-methoxy-1H-indol-3-yl)ethyl]acetamide	16684	2.9612983e-09	3751	47.14088224205103	False
Tetrahydrofolic acid	15954	2.9586107e-09	3752	47.15344979263541	False
Perospirone	15223	2.9560276e-09	3753	47.166017343219806	False
Androstanedione	16566	2.9523648e-09	3754	47.1785848938042	False
3-Cyclohexyl-L-alanine	19421	2.9492582e-09	3755	47.19115244438859	False
Zolpidem	15099	2.9413483e-09	3756	47.20371999497298	False
2-[(Formyl-Hydroxy-Amino)-Methyl]-Heptanoic Acid [1-(2-Hydroxymethyl-Pyrrolidine-1-Carbonyl)-2-Methyl-Propyl]-Amide	19241	2.937592e-09	3757	47.21628754555737	False
Vapreotide	15541	2.9314462e-09	3758	47.228855096141764	False
Adenosine 5'-phosphosulfate	19431	2.929613e-09	3759	47.24142264672616	False
(4Z)-2,8:7,12:11,15:14,18:17,22-PENTAANHYDRO-4,5,6,9,10,13,19,20,21-NONADEOXY-D-ARABINO-D-ALLO-D-ALLO-DOCOSA-4,9,20-TRIENITOL	19889	2.9176628e-09	3760	47.25399019731055	False
Candoxatril	16688	2.916483e-09	3761	47.266557747894936	False
Rutin	15521	2.9072802e-09	3762	47.27912529847932	False
Flortaucipir F-18	19232	2.888493e-09	3763	47.291692849063715	False
Befunolol	15225	2.886235e-09	3764	47.30426039964811	False
Bufexamac	16009	2.8850295e-09	3765	47.3168279502325	False
N-[(1S)-1-{1-[(1R,3E)-1-ACETYLPENT-3-EN-1-YL]-1H-1,2,3-TRIAZOL-4-YL}-1,2-DIMETHYLPROPYL]BENZAMIDE	18983	2.87839e-09	3766	47.32939550081689	False
Human immunoglobulin G	17606	2.8768201e-09	3767	47.34196305140128	False
Thyroid, porcine	14105	2.873612e-09	3768	47.35453060198567	False
Inebilizumab	19645	2.856328e-09	3769	47.367098152570065	False
Chromic nitrate	14122	2.855413e-09	3770	47.37966570315446	False
Tricetin	18857	2.8503848e-09	3771	47.392233253738844	False
2-mercaptobenzothiazole	17346	2.8413363e-09	3772	47.40480080432324	False
6-[N-(1-Isopropyl-3,4-Dihydro-7-Isoquinolinyl)Carbamyl]-2-Naphthalenecarboxamidine	18005	2.8403448e-09	3773	47.41736835490763	False
Sodium fluoride	15886	2.8325866e-09	3774	47.42993590549202	False
Iloprost	16222	2.8323381e-09	3775	47.44250345607641	False
Choriogonadotropin alfa	16472	2.831058e-09	3776	47.4550710066608	False
Castor oil	19302	2.8259275e-09	3777	47.467638557245195	False
Anagrelide	15290	2.8254263e-09	3778	47.48020610782959	False
O3-Sulfonylgalactose	20068	2.822281e-09	3779	47.492773658413974	False
Fish oil	15728	2.8213714e-09	3780	47.50534120899837	False
(7R,12R,13R)-13-formyl-12,14-dihydroxy-3,5,7-trimethyltetradeca-2,4-dienoic acid	19963	2.81837e-09	3781	47.51790875958275	False
PPL-100	18178	2.8171985e-09	3782	47.530476310167145	False
Acarbose	17832	2.8161509e-09	3783	47.54304386075154	False
Capsaicin	14643	2.8160596e-09	3784	47.55561141133593	False
Mangafodipir	14389	2.8158125e-09	3785	47.568178961920324	False
Axicabtagene ciloleucel	19647	2.8143736e-09	3786	47.58074651250471	False
Alpha-Methyl-N-Acetyl-D-Glucosamine	20073	2.8009854e-09	3787	47.5933140630891	False
Parachlorophenol	19162	2.7944274e-09	3788	47.605881613673496	False
Triflusal	14398	2.7857263e-09	3789	47.61844916425789	False
2,5-Anhydroglucitol-1,6-Biphosphate	19333	2.7846214e-09	3790	47.631016714842275	False
Chromous sulfate	14125	2.7821738e-09	3791	47.64358426542667	False
Mepolizumab	18799	2.7777678e-09	3792	47.65615181601106	False
Tagraxofusp	18406	2.77638e-09	3793	47.668719366595454	False
Bromfenac	14669	2.7660676e-09	3794	47.68128691717985	False
H3B-8800	20184	2.7648386e-09	3795	47.69385446776423	False
2,5-DICHLORO-N-(5-CHLORO-1,3-BENZOXAZOL-2-YL)BENZENESULFONAMIDE	19339	2.7596703e-09	3796	47.706422018348626	False
S-benzylglutathione	14930	2.7583387e-09	3797	47.71898956893301	False
6-PHENYL[5H]PYRROLO[2,3-B]PYRAZINE	17998	2.7507678e-09	3798	47.731557119517404	False
Ampicillin	14167	2.7484237e-09	3799	47.7441246701018	False
Abatacept	17883	2.7469038e-09	3800	47.75669222068618	False
Ganciclovir	20263	2.7461704e-09	3801	47.769259771270576	False
Daclizumab	17535	2.7302152e-09	3802	47.78182732185497	False
Rocuronium	16874	2.7231577e-09	3803	47.79439487243936	False
Stearic acid	14355	2.7221503e-09	3804	47.806962423023755	False
Cyanocobalamin	14706	2.719514e-09	3805	47.81952997360814	False
Flibanserin	15543	2.7193843e-09	3806	47.832097524192534	False
Dicloxacillin	15442	2.711341e-09	3807	47.84466507477693	False
PHENYL[1-(N-SUCCINYLAMINO)PENTYL]PHOSPHONATE	19892	2.7081883e-09	3808	47.85723262536132	False
(3e)-3-[(4-Hydroxyphenyl)Imino]-1h-Indol-2(3h)-One	18850	2.702399e-09	3809	47.86980017594571	False
Cholic Acid	14578	2.7014353e-09	3810	47.8823677265301	False
Methyl nonanoate	18577	2.7007756e-09	3811	47.89493527711449	False
1-[4-(2-oxo-2-phenylethyl)phenyl]guanidine	18022	2.6967402e-09	3812	47.907502827698885	False
D-Eritadenine	19014	2.6961848e-09	3813	47.92007037828328	False
Butenafine	17412	2.6931881e-09	3814	47.93263792886766	False
4-(5-phenyl-1H-pyrrolo[2,3-b]pyridin-3-yl)benzoic acid	19971	2.6925102e-09	3815	47.94520547945205	False
2-(Thiomethylene)-4-Methylpentanoic Acid	19917	2.6886358e-09	3816	47.95777303003644	False
Dihydroergotamine	15431	2.6866724e-09	3817	47.970340580620835	False
Glycerin	14712	2.6866263e-09	3818	47.98290813120523	False
Tamsulosin	14541	2.684224e-09	3819	47.99547568178962	False
Metformin	16588	2.6828009e-09	3820	48.00804323237401	False
Methionine	14645	2.6826987e-09	3821	48.0206107829584	False
Cefadroxil	20207	2.6818086e-09	3822	48.03317833354279	False
Pyridostigmine	17170	2.6749172e-09	3823	48.045745884127186	False
N-(2-AMINOETHYL)-2-{3-CHLORO-4-[(4-ISOPROPYLBENZYL)OXY]PHENYL} ACETAMIDE	20029	2.6660238e-09	3824	48.05831343471157	False
6-(5-BROMO-2-HYDROXYPHENYL)-2-OXO-4-PHENYL-1,2-DIHYDROPYRIDINE-3-CARBONITRILE	18858	2.6638431e-09	3825	48.070880985295965	False
p-Coumaric acid	19871	2.6622786e-09	3826	48.08344853588036	False
Bis(Adenosine)-5'-Pentaphosphate	18844	2.6566178e-09	3827	48.09601608646475	False
Ethanol	14587	2.6548803e-09	3828	48.10858363704914	False
Miconazole	14300	2.653807e-09	3829	48.12115118763353	False
Marimastat	16194	2.6295714e-09	3830	48.13371873821792	False
N-[3-[[4-[(5-CHLORO-1,3-BENZODIOXOL-4-YL)AMINO]PYRIMIDIN-2-YL]AMINO]PHENYL]METHANESULFONAMIDE	19370	2.620554e-09	3831	48.146286288802315	False
Etofenamate	14515	2.6185856e-09	3832	48.15885383938671	False
alpha,beta-Methyleneadenosine 5'-triphosphate	19119	2.616908e-09	3833	48.171421389971094	False
Ancrod	17383	2.6118712e-09	3834	48.18398894055548	False
2-{4-[4-(4-Chloro-Phenoxy)-Benzenesulfonyl]-Tetrahydro-Pyran-4-Yl}-N-Hydroxy-Acetamide	18202	2.611717e-09	3835	48.19655649113987	False
Clinofibrate	16263	2.6105467e-09	3836	48.209124041724266	False
Pegaspargase	14503	2.609521e-09	3837	48.22169159230866	False
Radezolid	19625	2.6095062e-09	3838	48.23425914289305	False
[[1-[N-HYDROXY-ACETAMIDYL]-3-METHYL-BUTYL]-CARBONYL-LEUCINYL]-ALANINE ETHYL ESTER	18106	2.605304e-09	3839	48.24682669347744	False
SC-74020	17520	2.5988813e-09	3840	48.25939424406183	False
Halofuginone	16024	2.5970681e-09	3841	48.271961794646224	False
LY2140023	18222	2.5968798e-09	3842	48.28452934523062	False
METHOXYUNDECYLPHOSPHINIC ACID	17549	2.593751e-09	3843	48.297096895815	False
Vilanterol	15614	2.5899003e-09	3844	48.309664446399395	False
Epirubicin	14719	2.5821907e-09	3845	48.32223199698379	False
1-BENZYL-3-(4-METHOXYPHENYLAMINO)-4-PHENYLPYRROLE-2,5-DIONE	17139	2.5813585e-09	3846	48.33479954756818	False
Rilmenidine	16854	2.5761102e-09	3847	48.347367098152574	False
Anisomycin	19882	2.5730316e-09	3848	48.35993464873696	False
4-NITRO-BENZYLPHOSPHONOBUTANOYL-GLYCINE	19416	2.567957e-09	3849	48.37250219932135	False
Loxicodegol	17166	2.5620912e-09	3850	48.385069749905746	False
N-[(Furan-2-Yl)Carbonyl]-(S)-Leucyl-(R)-[1-Amino-2(1h-Indol-3-Yl)Ethyl]-Phosphonic Acid	19914	2.5601907e-09	3851	48.39763730049014	False
Quetiapine	14999	2.5546494e-09	3852	48.410204851074525	False
N-(PARA-GLUTARAMIDOPHENYL-ETHYL)-PIPERIDINIUM-N-OXIDE	19893	2.5534024e-09	3853	48.42277240165892	False
Zopiclone	14609	2.5509297e-09	3854	48.435339952243304	False
6-(N-Phenylcarbamyl)-2-Naphthalenecarboxamidine	18003	2.543302e-09	3855	48.4479075028277	False
1-{(2S,5S)-4-FLUORO-5-[(TRITYLOXY)METHYL]TETRAHYDROFURAN-2-YL}PYRIMIDINE-2,4(1H,3H)-DIONE	18797	2.5230142e-09	3856	48.46047505341209	False
Oxygen	14013	2.5218787e-09	3857	48.47304260399648	False
Dimethyl fumarate	20126	2.5166556e-09	3858	48.48561015458087	False
(5Z)-12-CHLORO-13,15-DIHYDROXY-4,7,8,9-TETRAHYDRO-2-BENZOXACYCLOTRIDECINE-1,10(3H,11H)-DIONE	19146	2.5164062e-09	3859	48.49817770516526	False
Cystine	16035	2.5148372e-09	3860	48.510745255749654	False
Levosimendan	17221	2.5145925e-09	3861	48.52331280633405	False
Chromium gluconate	14123	2.51266e-09	3862	48.53588035691844	False
Mesoridazine	15131	2.5079394e-09	3863	48.548447907502826	False
Guanosine-5'-Monophosphate	16551	2.5033513e-09	3864	48.56101545808722	False
N-Alpha-Acetyl-3,5-Diiodotyrosylglycine	19239	2.5009363e-09	3865	48.57358300867161	False
Meperidine	14171	2.5001685e-09	3866	48.586150559256005	False
Asparaginase Erwinia chrysanthemi	14514	2.4969091e-09	3867	48.59871810984039	False
(2S)-1,3-benzothiazol-2-yl{2-[(2-pyridin-3-ylethyl)amino]pyrimidin-4-yl}ethanenitrile	18855	2.493078e-09	3868	48.611285660424784	False
Amylocaine	20192	2.4894242e-09	3869	48.62385321100918	False
Saredutant	19267	2.478669e-09	3870	48.63642076159356	False
Alanosine	19270	2.472474e-09	3871	48.648988312177956	False
Dupilumab	19330	2.4693259e-09	3872	48.66155586276235	False
TERT-BUTYL 4-({[4-(BUT-2-YN-1-YLAMINO)PHENYL]SULFONYL}METHYL)-4-[(HYDROXYAMINO)CARBONYL]PIPERIDINE-1-CARBOXYLATE	18209	2.4683746e-09	3873	48.674123413346734	False
Metoprolol	14142	2.4679887e-09	3874	48.68669096393113	False
Escitalopram	15148	2.4666895e-09	3875	48.69925851451552	False
N-Hydroxy-4-(Methyl{[5-(2-Pyridinyl)-2-Thienyl]Sulfonyl}Amino)Benzamide	18961	2.463248e-09	3876	48.71182606509991	False
alpha-Tocopherol succinate	14524	2.4604119e-09	3877	48.724393615684306	False
Chromic chloride	16040	2.459075e-09	3878	48.73696116626869	False
Bemiparin	16669	2.4506186e-09	3879	48.749528716853085	False
Nilvadipine	15577	2.4426623e-09	3880	48.76209626743748	False
4-(4-STYRYL-PHENYLCARBAMOYL)-BUTYRIC ACID	19420	2.4422755e-09	3881	48.77466381802187	False
Aluminium monostearate	18378	2.4273172e-09	3882	48.78723136860626	False
Alpha-D-Glucose 1,6-Bisphosphate	20052	2.425207e-09	3883	48.79979891919065	False
1-Ethyl-Pyrrolidine-2,5-Dione	20089	2.4210614e-09	3884	48.81236646977504	False
Dichlorobenzyl alcohol	20154	2.4181261e-09	3885	48.824934020359436	False
Methyl alpha-D-mannoside	20069	2.410206e-09	3886	48.83750157094383	False
Tarenflurbil	19310	2.4013318e-09	3887	48.850069121528215	False
Cromoglicic acid	18755	2.3950744e-09	3888	48.8626366721126	False
Adenosine-5'-diphosphate-2',3'-vanadate	19430	2.3937998e-09	3889	48.87520422269699	False
Phosphatidyl serine	16565	2.3936357e-09	3890	48.887771773281386	False
Deoxyuridine-5'-Diphosphate	18796	2.3782403e-09	3891	48.90033932386578	False
PROGESTERONE-11-ALPHA-OL-HEMISUCCINATE	19877	2.3759188e-09	3892	48.912906874450165	False
Tinzaparin	15890	2.3724864e-09	3893	48.92547442503456	False
Drospirenone	14670	2.370817e-09	3894	48.93804197561895	False
Alefacept	17612	2.3707132e-09	3895	48.950609526203344	False
Bepridil	15158	2.3679565e-09	3896	48.96317707678774	False
Nicotine	14880	2.3663267e-09	3897	48.97574462737212	False
CCT-018159	18662	2.3570337e-09	3898	48.988312177956516	False
Belatacept	17884	2.3518245e-09	3899	49.00087972854091	False
Olanzapine	14161	2.3453024e-09	3900	49.0134472791253	False
4-(2-aminoethoxy)-N-(3-chloro-5-piperidin-1-ylphenyl)-3,5-dimethylbenzamide	18027	2.3388205e-09	3901	49.02601482970969	False
4-({(2R,5S)-2,5-DIMETHYL-4-[(2R)-3,3,3-TRIFLUORO-2-HYDROXY-2-METHYLPROPANOYL]PIPERAZIN-1-YL}CARBONYL)BENZONITRILE	20027	2.3386377e-09	3902	49.03858238029408	False
Tapinarof	18100	2.3352233e-09	3903	49.05114993087847	False
Sipuleucel-T	18610	2.3276459e-09	3904	49.06371748146287	False
Diphenhydramine	14607	2.32509e-09	3905	49.07628503204726	False
[2,4,6-Triisopropyl-Phenylsulfonyl-L-[3-Amidino-Phenylalanine]]-Piperazine-N'-Beta-Alanine	18017	2.3200708e-09	3906	49.088852582631645	False
FG-2216	19266	2.3147138e-09	3907	49.10142013321603	False
N-(5-METHYL-1H-PYRAZOL-3-YL)-2-PHENYLQUINAZOLIN-4-AMINE	20016	2.3121942e-09	3908	49.113987683800424	False
Alpha-Benzyl-Aminobenzyl-Phosphonic Acid	18609	2.3121147e-09	3909	49.12655523438482	False
SNX-5422	18648	2.307445e-09	3910	49.13912278496921	False
TNX-901	15973	2.3015243e-09	3911	49.151690335553596	False
Imipenem	14797	2.2962274e-09	3912	49.16425788613799	False
Telotristat ethyl	16282	2.29466e-09	3913	49.17682543672238	False
Mepyramine	15210	2.291371e-09	3914	49.189392987306775	False
Ethyl pyruvate	17595	2.2877378e-09	3915	49.20196053789117	False
S-palmitoyl-L-cysteine	19443	2.283583e-09	3916	49.214528088475554	False
Allantoin	14520	2.2830082e-09	3917	49.22709563905995	False
EP-2104R	17384	2.268359e-09	3918	49.23966318964434	False
Insulin detemir	14329	2.2668842e-09	3919	49.25223074022873	False
Fluphenazine	15110	2.2530258e-09	3920	49.264798290813125	False
Levonorgestrel	14943	2.2517672e-09	3921	49.27736584139751	False
Nicardipine	14959	2.2508053e-09	3922	49.289933391981904	False
2,5-DICHLORO-N-[5-METHOXY-7-(6-METHOXYPYRIDIN-3-YL)-1,3-BENZOXAZOL-2-YL]BENZENESULFONAMIDE	19340	2.2465163e-09	3923	49.3025009425663	False
Denibulin	16020	2.2442679e-09	3924	49.31506849315068	False
MB-07803	19336	2.23994e-09	3925	49.327636043735076	False
Pramlintide	17216	2.2352284e-09	3926	49.34020359431946	False
Antithrombin III human	16831	2.2325441e-09	3927	49.352771144903855	False
Bafilomycin B1	19703	2.2313946e-09	3928	49.36533869548825	False
PYRIMIDINE-4,6-DICARBOXYLIC ACID BIS-(4-FLUORO-3-METHYL-BENZYLAMIDE)	18207	2.2313478e-09	3929	49.37790624607264	False
(2S)-2-[3-(AMINOMETHYL)PHENYL]-3-[(R)-[(1R)-1-{[(BENZYLOXY)CARBONYL]AMINO}-2-METHYLPROPYL](HYDROXY)PHOSPHORYL]PROPANOIC ACID	19458	2.2268412e-09	3930	49.390473796657034	False
4-{[1-METHYL-2,4-DIOXO-6-(3-PHENYLPROP-1-YN-1-YL)-1,4-DIHYDROQUINAZOLIN-3(2H)-YL]METHYL}BENZOIC ACID	18210	2.2216695e-09	3931	49.40304134724142	False
6-CHLORO-9-HYDROXY-1,3-DIMETHYL-1,9-DIHYDRO-4H-PYRAZOLO[3,4-B]QUINOLIN-4-ONE	19860	2.2171698e-09	3932	49.41560889782581	False
Biperiden	15124	2.2131896e-09	3933	49.428176448410206	False
Cidofovir	14878	2.2092967e-09	3934	49.4407439989946	False
CGS-27023	18103	2.2073634e-09	3935	49.453311549578984	False
Neocitrullamon	14522	2.203401e-09	3936	49.46587910016338	False
Muromonab	16823	2.1991644e-09	3937	49.47844665074777	False
Misoprostol	16221	2.1977558e-09	3938	49.49101420133216	False
Chromium nicotinate	14124	2.1944506e-09	3939	49.503581751916556	False
Guanfacine	15480	2.1942121e-09	3940	49.51614930250094	False
Ilomastat	19916	2.1919115e-09	3941	49.528716853085335	False
(Hydroxyethyloxy)Tri(Ethyloxy)Octane	17547	2.1911215e-09	3942	49.54128440366973	False
Chromium	14117	2.1873008e-09	3943	49.553851954254114	False
Inositol nicotinate	15885	2.1870838e-09	3944	49.56641950483851	False
Clozapine	15093	2.184749e-09	3945	49.5789870554229	False
ETHYL (1E)-2-PHENYL-N-(SULFOOXY)ETHANIMIDOTHIOATE	20024	2.1845408e-09	3946	49.591554606007286	False
Amifampridine	15875	2.181468e-09	3947	49.60412215659168	False
4-(2-aminoethoxy)-N-(2,5-diethoxyphenyl)-3,5-dimethylbenzamide	18024	2.1793842e-09	3948	49.61668970717607	False
Cephalexin	14195	2.1709914e-09	3949	49.629257257760464	False
2-[3-({Methyl[1-(2-Naphthoyl)Piperidin-4-Yl]Amino}Carbonyl)-2-Naphthyl]-1-(1-Naphthyl)-2-Oxoethylphosphonic Acid	18299	2.1700681e-09	3950	49.64182480834485	False
Mercaptopurine	14764	2.1687316e-09	3951	49.65439235892924	False
Risankizumab	20166	2.168504e-09	3952	49.666959909513636	False
Pentazocine	16506	2.1655777e-09	3953	49.67952746009803	False
(2E,4E)-11-METHOXY-3,7,11-TRIMETHYLDODECA-2,4-DIENOIC ACID	16280	2.1609936e-09	3954	49.69209501068242	False
Berberine	19566	2.160907e-09	3955	49.70466256126681	False
Clevidipine	14869	2.1597986e-09	3956	49.7172301118512	False
1,3,3-trimethyl-2-[(1E,3E)-3-methylpenta-1,3-dien-1-yl]cyclohexene	14534	2.1566864e-09	3957	49.729797662435594	False
METHYL-PHOSPHONIC ACID MONO-(4-NITRO-PHENYL) ESTER	19894	2.1541826e-09	3958	49.74236521301999	False
Naltrexone	15856	2.1499509e-09	3959	49.75493276360437	False
Tafasitamab	19648	2.1494384e-09	3960	49.767500314188766	False
Benzenesulfinic acid	18957	2.1449047e-09	3961	49.78006786477315	False
4-{4-[4-(3-AMINOPROPOXY)PHENYL]-1H-PYRAZOL-5-YL}-6-CHLOROBENZENE-1,3-DIOL	19144	2.1446307e-09	3962	49.792635415357545	False
LFA703	17362	2.1326299e-09	3963	49.80520296594194	False
Collagenase clostridium histolyticum	16023	2.1316984e-09	3964	49.81777051652633	False
Thymidine	20123	2.1282127e-09	3965	49.830338067110716	False
4-(N,N-Dimethylamino)cinnamoyl-CoA	20083	2.1278395e-09	3966	49.84290561769511	False
Propoxycaine	15766	2.1254463e-09	3967	49.8554731682795	False
Dronedarone	14368	2.124818e-09	3968	49.868040718863895	False
Pentaglyme	20008	2.1245625e-09	3969	49.88060826944828	False
N-(4-AMINO-5-CYANO-6-ETHOXYPYRIDIN-2-YL)-2-(4-BROMO-2,5-DIMETHOXYPHENYL)ACETAMIDE	19861	2.1145166e-09	3970	49.893175820032674	False
(S)-2-((S)-3-isobutyl-2,5-dioxo-4-quinolin-3-ylmethyl-[1,4]diazepan-1yl)-N-methyl-3-naphtalen-2-yl-propionamide	17363	2.11238e-09	3971	49.90574337061707	False
PRLX 93936	19381	2.1108133e-09	3972	49.91831092120146	False
RU79256	17835	2.1070283e-09	3973	49.93087847178585	False
L-2-amino-4-methoxy-cis-but-3-enoic acid	17130	2.10608e-09	3974	49.94344602237024	False
Catumaxomab	16824	2.1007882e-09	3975	49.95601357295463	False
Chlormerodrin	16500	2.0997908e-09	3976	49.968581123539025	False
Uracil	18192	2.097465e-09	3977	49.98114867412342	False
1,6-DI-O-PHOSPHONO-D-MANNITOL	19010	2.096385e-09	3978	49.99371622470781	False
Alfimeprase	17382	2.0922828e-09	3979	50.00628377529219	False
5-[(4-Methylphenyl)Sulfanyl]-2,4-Quinazolinediamine	19953	2.0916404e-09	3980	50.01885132587659	False
Trastuzumab	17351	2.0834063e-09	3981	50.031418876460975	False
Maleic Acid	17375	2.0820794e-09	3982	50.043986427045375	False
N-[3-(1H-BENZIMIDAZOL-2-YL)-1H-PYRAZOL-4-YL]BENZAMIDE	18275	2.0776008e-09	3983	50.05655397762976	False
Vorinostat	18959	2.0731832e-09	3984	50.069121528214154	False
RU78783	17843	2.0706263e-09	3985	50.08168907879854	False
Thiamine	14130	2.0668778e-09	3986	50.09425662938294	False
Adenosine-5'-[Beta, Gamma-Methylene]Triphosphate	16037	2.0664679e-09	3987	50.106824179967326	False
Zuclopenthixol	15177	2.06399e-09	3988	50.11939173055171	False
Adenosine	14918	2.0628408e-09	3989	50.131959281136105	False
Bupropion	14544	2.0623374e-09	3990	50.14452683172049	False
Decitabine	14713	2.058812e-09	3991	50.15709438230489	False
Ferric maltol	15892	2.0557276e-09	3992	50.16966193288928	False
Betaxolol	15079	2.052472e-09	3993	50.18222948347367	False
Methylecgonine	19873	2.048729e-09	3994	50.194797034058055	False
ISO24	17854	2.0474085e-09	3995	50.207364584642455	False
(1-Methyl-1h-Imidazol-2-Yl)-(3-Methyl-4-{3-[(Pyridin-3-Ylmethyl)-Amino]-Propoxy}-Benzofuran-2-Yl)-Methanone	20017	2.0463076e-09	3996	50.21993213522684	False
Trimetrexate	14682	2.0460071e-09	3997	50.23249968581124	False
Biopterin	17001	2.0384465e-09	3998	50.24506723639563	False
{4-[3-(6,7-Diethoxy-Quinazolin-4-Ylamino)-Phenyl]-Thiazol-2-Yl}-Methanol	19334	2.035886e-09	3999	50.25763478698002	False
Menotropins	16469	2.0343525e-09	4000	50.270202337564406	False
Oxybuprocaine	14850	2.0339257e-09	4001	50.282769888148806	False
5-CYANO-N-(2,5-DIMETHOXYBENZYL)-6-ETHOXYPYRIDINE-2-CARBOXAMIDE	19862	2.0330493e-09	4002	50.29533743873319	False
Topiramate	14144	2.031212e-09	4003	50.307904989317585	False
Acetoacetic acid	20097	2.0293145e-09	4004	50.32047253990197	False
N'-(5-CHLORO-1,3-BENZODIOXOL-4-YL)-N-(3-MORPHOLIN-4-YLPHENYL)PYRIMIDINE-2,4-DIAMINE	19371	2.0287378e-09	4005	50.33304009048637	False
Lanosterol	18905	2.0287148e-09	4006	50.34560764107076	False
N-(Phosphonoacetyl)-L-Ornithine	16871	2.0270476e-09	4007	50.35817519165514	False
Carboxyatractyloside	17430	2.0232351e-09	4008	50.370742742239536	False
Imidazole	15925	2.0223285e-09	4009	50.38331029282392	False
Tezacitabine	14879	2.0222437e-09	4010	50.39587784340832	False
4-(Hydrogen sulfate)-beta-D-galactopyranose	20070	2.0216806e-09	4011	50.40844539399271	False
Porphyrin Fe(III)	20055	2.0201851e-09	4012	50.4210129445771	False
Navitoclax	16721	2.017378e-09	4013	50.43358049516149	False
RU84687	17834	2.0159932e-09	4014	50.446148045745886	False
Tisagenlecleucel	19646	2.0085051e-09	4015	50.45871559633027	False
RU85053	17855	2.0025759e-09	4016	50.47128314691467	False
Farnesyl thiopyrophosphate	19704	1.9952178e-09	4017	50.48385069749906	False
Amlexanox	16419	1.9944795e-09	4018	50.49641824808345	False
AM103	19305	1.9927495e-09	4019	50.50898579866784	False
N~2~,N~2~-DIMETHYL-N~1~-(6-OXO-5,6-DIHYDROPHENANTHRIDIN-2-YL)GLYCINAMIDE	19961	1.9910436e-09	4020	50.52155334925224	False
5-ALPHA-PREGNANE-3-BETA-OL-HEMISUCCINATE	19876	1.9857642e-09	4021	50.53412089983662	False
Phenylphosphate	17850	1.9834703e-09	4022	50.546688450421016	False
Manidipine	15237	1.9760542e-09	4023	50.5592560010054	False
Zinc sulfate, unspecified form	14491	1.9710438e-09	4024	50.5718235515898	False
Folic acid	14678	1.9685078e-09	4025	50.58439110217419	False
4-(2-AMINOETHOXY)-3,5-DICHLORO-N-[3-(1-METHYLETHOXY)PHENYL]BENZAMIDE	18026	1.9677195e-09	4026	50.59695865275857	False
N-[2-(5-methyl-4H-1,2,4-triazol-3-yl)phenyl]-7H-pyrrolo[2,3-d]pyrimidin-4-amine	17212	1.965949e-09	4027	50.609526203342966	False
Moxisylyte	14874	1.9629889e-09	4028	50.62209375392735	False
Fiboflapon	19306	1.961896e-09	4029	50.63466130451175	False
Reidispongiolide A	19185	1.957515e-09	4030	50.64722885509614	False
Aniline	15827	1.9569888e-09	4031	50.65979640568054	False
Dexchlorpheniramine maleate	14575	1.95263e-09	4032	50.672363956264924	False
FX06	19561	1.9521236e-09	4033	50.68493150684932	False
Magnesium	14487	1.9508917e-09	4034	50.6974990574337	False
4-HYDROXY-N'-(4-ISOPROPYLBENZYL)BENZOHYDRAZIDE	19165	1.9497868e-09	4035	50.7100666080181	False
N-[7-(3-AMINOPHENYL)-5-METHOXY-1,3-BENZOXAZOL-2-YL]-2,5-DICHLOROBENZENESULFONAMIDE	19338	1.9420927e-09	4036	50.72263415860249	False
Emodin	18808	1.9394903e-09	4037	50.73520170918688	False
Epitestosterone	16420	1.9381885e-09	4038	50.74776925977127	False
Pentoxyverine	16306	1.9371686e-09	4039	50.76033681035567	False
[4-({5-(AMINOCARBONYL)-4-[(3-METHYLPHENYL)AMINO]PYRIMIDIN-2-YL}AMINO)PHENYL]ACETIC ACID	16039	1.9371649e-09	4040	50.77290436094005	False
Gabapentin enacarbil	17559	1.9367696e-09	4041	50.785471911524446	False
Ranolazine	14537	1.934584e-09	4042	50.79803946210883	False
Zimelidine	15534	1.9311333e-09	4043	50.81060701269322	False
Thiothixene	14351	1.9293513e-09	4044	50.82317456327762	False
Natalizumab	17417	1.9280122e-09	4045	50.835742113862004	False
Fremanezumab	19287	1.9269608e-09	4046	50.848309664446404	False
Glutathione disulfide	17528	1.9260973e-09	4047	50.86087721503078	False
(2R,3R,4S,5R)-2-acetamido-3,4-dihydroxy-5-hydroxymethyl-piperidine	18693	1.9210489e-09	4048	50.87344476561518	False
Uridine monophosphate	16750	1.9201294e-09	4049	50.88601231619957	False
IMIDAZOPYRIDAZIN 1	18851	1.917988e-09	4050	50.89857986678397	False
Dapoxetine	15189	1.9124393e-09	4051	50.911147417368355	False
PRO-542	19560	1.9117974e-09	4052	50.92371496795275	False
Abacavir	15853	1.911112e-09	4053	50.93628251853713	False
Dofetilide	15418	1.9104631e-09	4054	50.948850069121534	False
Pegvisomant	14695	1.9092465e-09	4055	50.96141761970592	False
4-(2-AMINOPHENYL)-4-OXOBUTANOIC ACID	16890	1.9090645e-09	4056	50.97398517029031	False
Indeglitazar	16261	1.905921e-09	4057	50.9865527208747	False
3-(2,6-difluorophenyl)-2-(methylthio)quinazolin-4(3H)-one	17604	1.905165e-09	4058	50.9991202714591	False
Epinastine	15118	1.9016508e-09	4059	51.011687822043484	False
Cinnarizine	15106	1.9014839e-09	4060	51.02425537262788	False
Hydroquinone	14434	1.898143e-09	4061	51.03682292321226	False
Trimipramine	15117	1.8977122e-09	4062	51.04939047379665	False
Cilazapril	16693	1.8976434e-09	4063	51.06195802438105	False
Trimebutine	15616	1.8962576e-09	4064	51.074525574965435	False
1-[1-(3-aminophenyl)-3-tert-butyl-1H-pyrazol-5-yl]-3-phenylurea	17863	1.8938469e-09	4065	51.087093125549835	False
Myristoyl-Coa	19848	1.8858517e-09	4066	51.09966067613422	False
Dodecyldimethylamine N-oxide	14891	1.8842123e-09	4067	51.112228226718614	False
PAS219	17847	1.8836337e-09	4068	51.124795777303	False
Ustekinumab	18230	1.8799584e-09	4069	51.1373633278874	False
PQ-10	17502	1.878926e-09	4070	51.149930878471785	False
Famotidine	15316	1.8734256e-09	4071	51.16249842905618	False
Ibudilast	17224	1.8722255e-09	4072	51.175065979640564	False
Managlinat dialanetil	19337	1.8707333e-09	4073	51.187633530224964	False
S-(Methylmercury)-L-Cysteine	19962	1.86895e-09	4074	51.20020108080935	False
Alglucosidase alfa	20077	1.8680983e-09	4075	51.21276863139374	False
4-(2,4-dichlorophenyl)-5-phenyldiazenyl-pyrimidin-2-amine	18672	1.8673467e-09	4076	51.22533618197813	False
NU1025	19020	1.8672186e-09	4077	51.23790373256253	False
L-Myo-Inositol-1-Phosphate	18690	1.8651327e-09	4078	51.250471283146915	False
ADX10059	18757	1.8618486e-09	4079	51.2630388337313	False
Sucrose	17116	1.8598644e-09	4080	51.275606384315694	False
Aleglitazar	16262	1.8596196e-09	4081	51.28817393490009	False
Pramocaine	20193	1.8587508e-09	4082	51.30074148548448	False
Ferrous gluconate	16344	1.8535324e-09	4083	51.313309036068866	False
Amitriptyline	14156	1.8518328e-09	4084	51.325876586653266	False
N-[3-(N'-HYDROXYCARBOXAMIDO)-2-(2-METHYLPROPYL)-PROPANOYL]-O-TYROSINE-N-METHYLAMIDE	18104	1.8490586e-09	4085	51.33844413723765	False
Danaparoid	16829	1.8418043e-09	4086	51.351011687822044	False
Relcovaptan	16526	1.841309e-09	4087	51.36357923840643	False
10,11-dimethoxy-4-methyldibenzo[c,f]-2,7-naphthyridine-3,6-diamine	18762	1.8381507e-09	4088	51.37614678899083	False
PD-168393	17717	1.8321128e-09	4089	51.388714339575216	False
{4-[2-BENZYL-3-METHOXY-2-(METHOXYCARBONYL)-3-OXOPROPYL]PHENYL}SULFAMIC ACID	19839	1.8308589e-09	4090	51.40128189015961	False
Spermine	14631	1.8303141e-09	4091	51.413849440743995	False
Vintafolide	16818	1.8236793e-09	4092	51.426416991328395	False
CTS-1027	18212	1.8220869e-09	4093	51.43898454191278	False
5-methoxy-N,N-dimethyltryptamine	15265	1.8201138e-09	4094	51.451552092497174	False
5-(4-METHYL-BENZOYLAMINO)-BIPHENYL-3,4'-DICARBOXYLIC ACID 3-DIMETHYLAMIDE-4'-HYDROXYAMIDE	18964	1.8164689e-09	4095	51.46411964308156	False
Ketamine	14610	1.8123576e-09	4096	51.47668719366596	False
PYRIMIDINE-4,6-DICARBOXYLIC ACID BIS-(3-METHYL-BENZYLAMIDE)	18206	1.8099119e-09	4097	51.489254744250346	False
Tesevatinib	17357	1.809905e-09	4098	51.50182229483473	False
Carbenicillin	14720	1.8097738e-09	4099	51.51438984541913	False
Tegaserod	15141	1.805619e-09	4100	51.52695739600352	False
Gentamicin	16991	1.8045655e-09	4101	51.53952494658791	False
Salbutamol	15479	1.8018862e-09	4102	51.552092497172296	False
Triclosan	16459	1.8018483e-09	4103	51.564660047756696	False
Choline	14653	1.8017727e-09	4104	51.57722759834108	False
Secukinumab	20160	1.8002339e-09	4105	51.589795148925475	False
Cetilistat	17548	1.7994203e-09	4106	51.60236269950986	False
Enoximone	17223	1.7842426e-09	4107	51.61493025009426	False
Milrinone	17220	1.7833104e-09	4108	51.62749780067865	False
Agomelatine	15360	1.7791384e-09	4109	51.64006535126304	False
RU79073	17852	1.7769813e-09	4110	51.652632901847426	False
Doxepin	14310	1.7648114e-09	4111	51.665200452431826	False
Leucine - Reduced Carbonyl	20106	1.7639836e-09	4112	51.67776800301621	False
Tenecteplase	16592	1.7633681e-09	4113	51.690335553600605	False
Thrombin	15910	1.7581827e-09	4114	51.702903104185	False
4-[Hydroxy-[Methyl-Phosphinoyl]]-3-Oxo-Butanoic Acid	20098	1.7551035e-09	4115	51.71547065476939	False
IMC-1C11	16022	1.7540093e-09	4116	51.728038205353776	False
2-(4-CARCOXY-5-ISOPROPYLTHIAZOLYL)BENZOPIPERIDINE	17869	1.7446136e-09	4117	51.74060575593816	False
Interferon gamma-1b	15280	1.7392909e-09	4118	51.75317330652256	False
Puromycin	19883	1.7390884e-09	4119	51.76574085710695	False
(6R)-Folinic acid	17806	1.7387966e-09	4120	51.77830840769134	False
Benzylpenicilloyl polylysine	15972	1.7386474e-09	4121	51.79087595827573	False
4-AMINO-N-[(2-SULFANYLETHYL)CARBAMOYL]BENZENESULFONAMIDE	19341	1.7382626e-09	4122	51.80344350886013	False
RU78300	17851	1.7354072e-09	4123	51.81601105944451	False
Glymidine	16587	1.7352417e-09	4124	51.828578610028906	False
Pentolinium	17132	1.728836e-09	4125	51.84114616061329	False
BENZYL 6-BENZYL-5,7-DIOXO-6,7-DIHYDRO-5H-[1,3]THIAZOLO[3,2-C]PYRIMIDINE-2-CARBOXYLATE	18213	1.7286447e-09	4126	51.85371371119769	False
1-[2-DEOXYRIBOFURANOSYL]-2,4-DIFLUORO-5-METHYL-BENZENE-5'MONOPHOSPHATE	19912	1.7280152e-09	4127	51.86628126178208	False
1,6-Fructose Diphosphate (Linear Form)	19008	1.7259268e-09	4128	51.87884881236647	False
(2R)-N-{4-[Ethyl(phenyl)sulfamoyl]-2-methylphenyl}-3,3,3-trifluoro-2-hydroxy-2-methylpropanamide	20028	1.7237817e-09	4129	51.89141636295086	False
Practolol	15162	1.7219481e-09	4130	51.90398391353526	False
1,2,3-TRIHYDROXY-1,2,3,4-TETRAHYDROBENZO[A]PYRENE	19911	1.7175363e-09	4131	51.91655146411964	False
Dextromethorphan	15104	1.7159939e-09	4132	51.92911901470404	False
2-(1,3-benzodioxol-5-yl)-5-[(3-fluoro-4-methoxybenzyl)sulfanyl]-1,3,4-oxadiazole	18434	1.7125217e-09	4133	51.94168656528843	False
Alteplase	16589	1.7093854e-09	4134	51.954254115872814	False
(S)-3-phenyllactic acid	19756	1.7090172e-09	4135	51.96682166645721	False
Gavestinel	15845	1.7058192e-09	4136	51.97938921704159	False
Heptaethylene glycol	19425	1.701228e-09	4137	51.99195676762599	False
1-cyclobutyl-3-(3,4-dimethoxyphenyl)-1H-pyrazolo[3,4-d]pyrimidin-4-amine	17867	1.6968564e-09	4138	52.00452431821038	False
10-Propargyl-5,8-Dideazafolic Acid	16681	1.6946051e-09	4139	52.01709186879477	False
Glucosamine	16195	1.6941787e-09	4140	52.02965941937916	False
Lobeline	17134	1.6937102e-09	4141	52.04222696996356	False
Drotrecogin alfa	15974	1.6933387e-09	4142	52.054794520547944	False
Ascorbic acid	14128	1.6928478e-09	4143	52.06736207113234	False
1-[N-4'-NITROBENZYL-N-4'-CARBOXYBUTYLAMINO]METHYLPHOSPHONIC ACID	19874	1.6859971e-09	4144	52.07992962171672	False
Pracinostat	19282	1.6857914e-09	4145	52.09249717230112	False
Phenylpyruvic acid	19824	1.681437e-09	4146	52.10506472288551	False
1-(1-methylethyl)-3-quinolin-6-yl-1H-pyrazolo[3,4-d]pyrimidin-4-amine	17868	1.6804302e-09	4147	52.11763227346991	False
Alpha-Methylisocitric Acid	20086	1.6744537e-09	4148	52.13019982405429	False
R048-8071	18904	1.6740832e-09	4149	52.14276737463869	False
Bupranolol	15221	1.6717284e-09	4150	52.15533492522307	False
6-AMINO-BENZO[DE]ISOQUINOLINE-1,3-DIONE	19026	1.667881e-09	4151	52.16790247580747	False
N-[4-(5-fluoro-6-methylpyridin-2-yl)-5-quinoxalin-6-yl-1H-imidazol-2-yl]acetamide	19855	1.6618856e-09	4152	52.18047002639186	False
1,1,1,3,3,3-HEXAFLUORO-2-{4-[(2,2,2-TRIFLUOROETHYL)AMINO]PHENYL}PROPAN-2-OL	18958	1.6589752e-09	4153	52.193037576976245	False
N-(TERT-BUTYL)-3,5-DIMETHYL-N'-[(5-METHYL-2,3-DIHYDRO-1,4-BENZODIOXIN-6-YL)CARBONYL]BENZOHYDRAZIDE	16279	1.6579533e-09	4154	52.20560512756064	False
Asparaginase Escherichia coli	14502	1.6577827e-09	4155	52.218172678145024	False
Aminooxyacetic acid	16889	1.6562025e-09	4156	52.230740228729424	False
Phenytoin	14141	1.650438e-09	4157	52.24330777931381	False
Leptin	19503	1.6491036e-09	4158	52.2558753298982	False
(2R)-2-({6-[benzyl(methyl)amino]-9-isopropyl-9H-purin-2-yl}amino)butan-1-ol	16050	1.6472742e-09	4159	52.26844288048259	False
Fenofibric acid	16268	1.6461874e-09	4160	52.28101043106699	False
N-(6-Aminohexyl)-5-Chloro-1-Naphthalenesulfonamide	17145	1.6435144e-09	4161	52.293577981651374	False
Oxytocin	14827	1.6418037e-09	4162	52.30614553223577	False
Ammonia	14585	1.6415093e-09	4163	52.31871308282015	False
5-(2-ETHOXYETHYL)-5-[4-(4-FLUOROPHENOXY)PHENOXY]PYRIMIDINE-2,4,6(1H,3H,5H)-TRIONE	18211	1.640755e-09	4164	52.33128063340455	False
Lorpiprazole	14417	1.6404577e-09	4165	52.34384818398894	False
Trilostane	16191	1.6364545e-09	4166	52.35641573457334	False
Carbetocin	17881	1.6361797e-09	4167	52.368983285157725	False
Aconitate Ion	20087	1.6335138e-09	4168	52.38155083574212	False
Tyrosine	16706	1.6332177e-09	4169	52.394118386326504	False
Phosphoenolpyruvate	18029	1.6295367e-09	4170	52.40668593691089	False
N-(5-chloro-1,3-benzodioxol-4-yl)-6-methoxy-7-(3-piperidin-1-ylpropoxy)quinazolin-4-amine	19365	1.6286729e-09	4171	52.41925348749529	False
Nojirimycine Tetrazole	18060	1.6276668e-09	4172	52.431821038079676	False
Lamivudine	14218	1.6275238e-09	4173	52.44438858866407	False
4-Morpholin-4-Yl-Piperidine-1-Carboxylic Acid [1-(3-Benzenesulfonyl-1-Propyl-Allylcarbamoyl)-2-Phenylethyl]-Amide	18917	1.6257554e-09	4174	52.456956139248454	False
Phthalic Acid	16252	1.6237907e-09	4175	52.469523689832855	False
Sinapoyl coenzyme A	20115	1.6223604e-09	4176	52.48209124041724	False
(4R)-7,8-dichloro-1',9-dimethyl-1-oxo-1,2,4,9-tetrahydrospiro[beta-carboline-3,4'-piperidine]-4-carbonitrile	18853	1.6218654e-09	4177	52.49465879100163	False
2-(4-HYDROXY-3-NITROPHENYL)ACETIC ACID	19411	1.6194017e-09	4178	52.50722634158602	False
2-acetylamino-2-deoxy-b-D-allopyranose	18424	1.6111388e-09	4179	52.51979389217042	False
N-acetyl-alpha-D-glucosamine	16696	1.610976e-09	4180	52.532361442754805	False
Ibalizumab	18042	1.6108715e-09	4181	52.5449289933392	False
Ethanolamine oleate	20125	1.6101589e-09	4182	52.55749654392359	False
9-Butyl-8-(3,4,5-Trimethoxybenzyl)-9h-Purin-6-Amine	18636	1.609901e-09	4183	52.570064094507984	False
Isoleucine	17333	1.6073419e-09	4184	52.58263164509237	False
PARA-NITROPHENYLPHOSPHONOBUTANOYL-GLYCINE	19415	1.6062143e-09	4185	52.59519919567677	False
Anakinra	17398	1.6042058e-09	4186	52.607766746261156	False
INS 316	19312	1.5994518e-09	4187	52.62033429684555	False
Dinoprost tromethamine	17302	1.5988264e-09	4188	52.632901847429935	False
Alpha-D-Glucose-1-Phosphate-6-Vanadate	20053	1.598421e-09	4189	52.64546939801432	False
2-[({2-[(1Z)-3-(DIMETHYLAMINO)PROP-1-ENYL]-4-FLUOROPHENYL}SULFONYL)AMINO]-5,6,7,8-TETRAHYDRONAPHTHALENE-1-CARBOXYLIC ACID	18943	1.5953537e-09	4190	52.65803694859872	False
Cisplatin	14186	1.5931857e-09	4191	52.670604499183106	False
PARA-NITROPHENYL 1-THIO-BETA-D-GLUCOPYRANOSIDE	19974	1.5929731e-09	4192	52.6831720497675	False
Soraphen A	17580	1.5919889e-09	4193	52.695739600351885	False
1-Hydroxy-2-S-glutathionyl-3-para-nitrophenoxy-propane	17794	1.5906232e-09	4194	52.708307150936285	False
Ornithine	16571	1.5884644e-09	4195	52.72087470152067	False
Lithium carbonate	17831	1.5877526e-09	4196	52.733442252105064	False
Cerulenin	18189	1.5849084e-09	4197	52.74600980268945	False
BMS-488043	19559	1.5829115e-09	4198	52.75857735327385	False
Midazolam	14963	1.5818612e-09	4199	52.771144903858236	False
Doxazosin	15108	1.5806066e-09	4200	52.783712454442636	False
1-Beta-Ribofuranosyl-1,3-Diazepinone	15415	1.579154e-09	4201	52.79628000502702	False
Moroctocog alfa	14622	1.5772758e-09	4202	52.808847555611415	False
TRANS-2-(DIMETHYLPHENYLSILYL)-PIPERIDINE-N-OXIDE	19405	1.5753997e-09	4203	52.8214151061958	False
1-(CYCLOHEXYLAMINO)-3-(6-METHYL-3,4-DIHYDRO-1H-CARBAZOL-9(2H)-YL)PROPAN-2-OL	19850	1.5748619e-09	4204	52.8339826567802	False
Deamido-Nad+	19113	1.573838e-09	4205	52.84655020736459	False
3,6,9,12,15,18-HEXAOXAICOSANE	19739	1.5733126e-09	4206	52.85911775794898	False
3-(1H-indol-3-yl)-4-(1-{2-[(2S)-1-methylpyrrolidinyl]ethyl}-1H-indol-3-yl)-1H-pyrrole-2,5-dione	18766	1.5727696e-09	4207	52.871685308533365	False
Hexanoyl-CoA	20082	1.5708329e-09	4208	52.88425285911775	False
Brexpiprazole	15232	1.5682553e-09	4209	52.89682040970215	False
N-Pyridoxyl-Glycine-5-Monophosphate	17014	1.5674778e-09	4210	52.90938796028654	False
Cytidine	18912	1.5672118e-09	4211	52.92195551087093	False
1-[(2,6-difluorophenyl)sulfonyl]-4-(2,3-dihydro-1,4-benzodioxin-6-ylsulfonyl)piperazine	16299	1.5663212e-09	4212	52.934523061455316	False
Azelaic acid	16741	1.5646731e-09	4213	52.947090612039716	False
Anatibant	19666	1.5646073e-09	4214	52.9596581626241	False
Esmirtazapine	15208	1.5636109e-09	4215	52.9722257132085	False
5-[1-(4-methoxyphenyl)-1H-benzimidazol-6-yl]-1,3,4-oxadiazole-2(3H)-thione	18435	1.5632172e-09	4216	52.98479326379288	False
Antihemophilic factor, human recombinant	14619	1.5623797e-09	4217	52.99736081437728	False
2-deoxy-2-fluoro-α-D-glucose	20021	1.5596315e-09	4218	53.00992836496167	False
RU83876	17840	1.5594055e-09	4219	53.02249591554607	False
A-620223	19028	1.5550187e-09	4220	53.03506346613045	False
DAS869	17287	1.5528875e-09	4221	53.047631016714845	False
1-Acetyl-4-(4-{4-[(2-Ethoxyphenyl)Thio]-3-Nitrophenyl}Pyridin-2-Yl)Piperazine	17361	1.5523752e-09	4222	53.06019856729923	False
Fesoterodine	15212	1.543297e-09	4223	53.07276611788363	False
METHYL 3-CHLORO-2-{3-[(2,5-DIHYDROXY-4-METHOXYPHENYL)AMINO]-3-OXOPROPYL}-4,6-DIHYDROXYBENZOATE	18717	1.5431056e-09	4224	53.08533366846802	False
RU78191	17858	1.5414877e-09	4225	53.0979012190524	False
3-(HYDROXY-PHENYL-PHOSPHINOYLOXY)-8-METHYL-8-AZA-BICYCLO[3.2.1]OCTANE-2-CARBOXYLIC ACID METHYL ESTER	19878	1.5391315e-09	4226	53.110468769636796	False
Cytidine-5'-Monophosphate	17512	1.5384858e-09	4227	53.12303632022118	False
Trencam-3,2-Hopo	18582	1.5378933e-09	4228	53.13560387080558	False
Propafenone	15150	1.5371894e-09	4229	53.14817142138997	False
Glycine	14591	1.5362954e-09	4230	53.16073897197436	False
Calcium Phosphate	14441	1.5315498e-09	4231	53.17330652255875	False
(2E)-N-{4-[(3-bromophenyl)amino]quinazolin-6-yl}-4-(dimethylamino)but-2-enamide	17871	1.5312694e-09	4232	53.18587407314315	False
AV-412	17354	1.5304519e-09	4233	53.19844162372753	False
Idronoxil	19343	1.5277686e-09	4234	53.21100917431193	False
Stannsoporfin	17416	1.5274714e-09	4235	53.22357672489632	False
Aplyronine A	19184	1.5274423e-09	4236	53.23614427548071	False
Arotinolol	14418	1.5270696e-09	4237	53.2487118260651	False
Linagliptin	15598	1.5240462e-09	4238	53.2612793766495	False
Imipramine	14173	1.5230234e-09	4239	53.27384692723388	False
Cocaine	14581	1.5223147e-09	4240	53.286414477818276	False
Tianeptine	15635	1.5209797e-09	4241	53.29898202840266	False
3-Oxiran-2ylalanine	17129	1.5209419e-09	4242	53.31154957898706	False
Paroxetine	15116	1.5196544e-09	4243	53.32411712957145	False
2-fluoro-6-{[2-({2-methoxy-4-[(methylsulfonyl)methyl]phenyl}amino)-7H-pyrrolo[2,3-d]pyrimidin-4-yl]amino}benzamide	19865	1.5189068e-09	4244	53.336684680155834	False
AT1391	16038	1.5186866e-09	4245	53.34925223074023	False
Ulapualide A	19179	1.5171147e-09	4246	53.36181978132461	False
Vatalanib	16018	1.5162842e-09	4247	53.37438733190901	False
Mirtazapine	15094	1.5152781e-09	4248	53.3869548824934	False
Paratoulene phosphate	17859	1.5116467e-09	4249	53.39952243307779	False
2'-Deoxyuridine 3'-Monophosphate	19152	1.5109319e-09	4250	53.412089983662185	False
Darifenacin	15103	1.5102e-09	4251	53.42465753424658	False
Aminosalicylic acid	14772	1.5100617e-09	4252	53.43722508483096	False
RU85493	17837	1.5091635e-09	4253	53.44979263541536	False
Ibutilide	16302	1.508631e-09	4254	53.46236018599975	False
Agalsidase beta	20287	1.5078773e-09	4255	53.47492773658414	False
TP-508	16976	1.505897e-09	4256	53.48749528716853	False
Epothilone D	15523	1.5054087e-09	4257	53.50006283775293	False
Phenacemide	16475	1.5054001e-09	4258	53.512630388337314	False
Levobunolol	15155	1.505363e-09	4259	53.52519793892171	False
Latrunculin B	19188	1.5043239e-09	4260	53.53776548950609	False
Dichloroacetic acid	17805	1.5041889e-09	4261	53.55033304009048	False
Nalidixic acid	15310	1.5025803e-09	4262	53.56290059067488	False
Pidolic acid	15756	1.4984703e-09	4263	53.575468141259265	False
1-Methylhistidine	19183	1.4940241e-09	4264	53.58803569184366	False
Reteplase	16590	1.4934286e-09	4265	53.60060324242804	False
Di-Stearoyl-3-Sn-Phosphatidylethanolamine	18730	1.4912398e-09	4266	53.61317079301244	False
WAY-151693	18203	1.4908302e-09	4267	53.62573834359683	False
Tryptophan	14629	1.4891564e-09	4268	53.63830589418123	False
5-O-phosphono-alpha-D-ribofuranosyl diphosphate	16273	1.4889434e-09	4269	53.650873444765615	False
Tafenoquine	15207	1.4833845e-09	4270	53.66344099535001	False
Technetium Tc-99m ciprofloxacin	15348	1.4830706e-09	4271	53.676008545934394	False
Zinc	14679	1.4769422e-09	4272	53.688576096518794	False
Hexylresorcinol	16744	1.4747182e-09	4273	53.70114364710318	False
LX1031	16361	1.470006e-09	4274	53.71371119768757	False
5-HYDROXY-3-[(1R)-1-(1H-PYRROL-2-YL)ETHYL]-2H-INDOL-2-ONE	18763	1.4697172e-09	4275	53.72627874827196	False
CEP-1347	19398	1.4679075e-09	4276	53.73884629885636	False
Lonoctocog alfa	14621	1.4673365e-09	4277	53.751413849440745	False
Roxadustat	19247	1.4634849e-09	4278	53.76398140002514	False
N-acetylserotonin	18035	1.4595599e-09	4279	53.776548950609524	False
5'-Guanylylmethylenebisphosphonate	18032	1.4563174e-09	4280	53.78911650119391	False
S-(N-hydroxy-N-iodophenylcarbamoyl)glutathione	18198	1.4544742e-09	4281	53.80168405177831	False
6-bromoindirubin-3'-oxime	18433	1.4537448e-09	4282	53.814251602362695	False
Telcagepant	19285	1.4492016e-09	4283	53.826819152947095	False
4-(dimethylamino)-N-[7-(hydroxyamino)-7-oxoheptyl]benzamide	18960	1.448848e-09	4284	53.839386703531474	False
GTI 2040	19364	1.4477209e-09	4285	53.851954254115874	False
Tetrahydrocannabivarin	16208	1.4471633e-09	4286	53.86452180470026	False
N,N-Bis(3-(D-gluconamido)propyl)deoxycholamide	16251	1.4468431e-09	4287	53.87708935528466	False
Fospropofol	14388	1.4464568e-09	4288	53.889656905869046	False
Ceftizoxime	20250	1.4454032e-09	4289	53.90222445645344	False
2-(2-{2-[2-(2-{2-[2-(2-Ethoxy-Ethoxy)-Ethoxy]-Ethoxy}-Ethoxy)-Ethoxy]-Ethoxy}-Ethoxy)-Ethanol, Polyethyleneglycol Peg400	19426	1.4450532e-09	4290	53.914792007037825	False
Aluminum acetate	14489	1.4413838e-09	4291	53.927359557622225	False
Asenapine	14380	1.4396693e-09	4292	53.93992710820661	False
E-2012	19568	1.4394524e-09	4293	53.952494658791004	False
Lumateperone	14633	1.4361697e-09	4294	53.96506220937539	False
Ferrous fumarate	16347	1.4359506e-09	4295	53.97762975995979	False
2-(methylamino)-N-(4-methyl-1,3-thiazol-2-yl)-5-[(4-methyl-4H-1,2,4-triazol-3-yl)sulfanyl]benzamide	18421	1.4350223e-09	4296	53.990197310544175	False
N'-(5-CHLORO-1,3-BENZODIOXOL-4-YL)-N-(3,4,5- TRIMETHOXYPHENYL)PYRIMIDINE-2,4-DIAMINE	19366	1.4333237e-09	4297	54.00276486112857	False
Promazine	15098	1.4322361e-09	4298	54.015332411712954	False
Cannabidivarin	18377	1.4289998e-09	4299	54.02789996229734	False
Interferon alfa-2b	15288	1.4289426e-09	4300	54.04046751288174	False
Vayarin	14749	1.427714e-09	4301	54.053035063466126	False
Thiodigalactoside	20076	1.4251292e-09	4302	54.065602614050526	False
GEM-231	19592	1.4202395e-09	4303	54.07817016463491	False
Ademetionine	14681	1.4166143e-09	4304	54.090737715219305	False
Isradipine	15426	1.4152908e-09	4305	54.10330526580369	False
Kabiramide C	19180	1.4149184e-09	4306	54.11587281638809	False
Ferric derisomaltose	16431	1.4137639e-09	4307	54.12844036697248	False
Aetiocholanolone	17989	1.4137341e-09	4308	54.14100791755687	False
Mimosine	16743	1.4105047e-09	4309	54.153575468141256	False
CRx-119	14037	1.4102869e-09	4310	54.166143018725656	False
Diamorphine	14512	1.4089613e-09	4311	54.17871056931004	False
Cycloserine	14828	1.4029597e-09	4312	54.191278119894434	False
Depatuxizumab mafodotin	16480	1.400687e-09	4313	54.20384567047882	False
AV608	17095	1.399029e-09	4314	54.21641322106322	False
2,4-Diamino-5-phenyl-6-ethylpyrimidine	16968	1.3962699e-09	4315	54.228980771647606	False
Human thrombin	15911	1.3954339e-09	4316	54.24154832223199	False
Lutetium Lu 177 dotatate	17282	1.3931521e-09	4317	54.254115872816385	False
Iron	16341	1.3917764e-09	4318	54.26668342340078	False
1-{2-[2-(2-Methoxyethoxy)Ethoxy]Ethoxy}-4-(1,1,3,3-Tetramethylbutyl)Benzene	14523	1.3907786e-09	4319	54.27925097398517	False
Lucatumumab	18770	1.3906036e-09	4320	54.29181852456956	False
Cytidine-5'-Triphosphate	18913	1.3892567e-09	4321	54.30438607515396	False
Nesiritide	17390	1.3862551e-09	4322	54.31695362573834	False
(R)-1-Para-Nitro-Phenyl-2-Azido-Ethanol	20018	1.3861388e-09	4323	54.329521176322736	False
Biphenylalanine	19401	1.3855203e-09	4324	54.34208872690712	False
Tetradecyl hydrogen sulfate (ester)	18702	1.3831598e-09	4325	54.35465627749152	False
Dinoprost	19699	1.3829857e-09	4326	54.36722382807591	False
Propofol	14244	1.3825743e-09	4327	54.3797913786603	False
Risperidone	14223	1.3820074e-09	4328	54.392358929244686	False
Strontium chloride Sr-89	14752	1.3765433e-09	4329	54.404926479829086	False
3-[(4-fluorophenyl)sulfanyl]-N-(4-methyl-1,3-thiazol-2-yl)-6-[(4-methyl-4H-1,2,4-triazol-3-yl)sulfanyl]pyridine-2-carboxamide	18420	1.3765407e-09	4330	54.41749403041347	False
R1295	17420	1.3731919e-09	4331	54.430061580997865	False
Dorzolamide	15779	1.3714304e-09	4332	54.44262913158225	False
S-(2-oxo)pentadecylcoa	19849	1.3697756e-09	4333	54.45519668216665	False
Ubidecarenone	14108	1.3656408e-09	4334	54.46776423275104	False
Tetrafluoroaluminate Ion	17514	1.3635924e-09	4335	54.48033178333542	False
Felodipine	14984	1.3628306e-09	4336	54.49289933391982	False
Methyl beta-L-fucopyranoside	20071	1.3618899e-09	4337	54.50546688450421	False
Dipraglurant	18758	1.3616795e-09	4338	54.5180344350886	False
Protirelin	20165	1.361664e-09	4339	54.53060198567299	False
Diminazene	17026	1.3616275e-09	4340	54.54316953625739	False
Kappadione	14728	1.3615938e-09	4341	54.55573708684177	False
Ethyl Isocyanide	20061	1.360122e-09	4342	54.568304637426166	False
Chlorphenesin	14666	1.3596448e-09	4343	54.58087218801055	False
Sibutramine	15484	1.3589992e-09	4344	54.59343973859495	False
5-METHYL-2-[(PHENYLSULFONYL)AMINO]BENZOIC ACID	18941	1.3488479e-09	4345	54.60600728917934	False
Tetrabenazine	15185	1.3450353e-09	4346	54.61857483976373	False
Ixekizumab	20161	1.3430768e-09	4347	54.63114239034812	False
Dexfenfluramine	15151	1.342795e-09	4348	54.64370994093252	False
Cholesterol sulfate	20102	1.3418349e-09	4349	54.6562774915169	False
N-(3-(8-CYANO-4-(PHENYLAMINO)PYRAZOLO[1,5-A][1,3,5]TRIAZIN-2-YLAMINO)PHENYL)ACETAMIDE	18816	1.3351563e-09	4350	54.668845042101296	False
Cp-166572, 2-Hydroxymethyl-4-(4-N,N-Dimethylaminosulfonyl-1-Piperazino)-Pyrimidine	16870	1.3337488e-09	4351	54.68141259268569	False
(2S)-2-[3-(AMINOMETHYL)PHENYL]-3-{(S)-HYDROXY[(1R)-2-METHYL-1-{[(2-PHENYLETHYL)SULFONYL]AMINO}PROPYL]PHOSPHORYL}PROPANOIC ACID	19453	1.3302986e-09	4352	54.69398014327007	False
Alendronic acid	17729	1.3274218e-09	4353	54.70654769385447	False
S-Hexylglutathione	14931	1.3274092e-09	4354	54.71911524443885	False
(2-AMINO-3-PHENYL-BICYCLO[2.2.1]HEPT-2-YL)-PHENYL-METHANONE	19409	1.3256533e-09	4355	54.731682795023254	False
Ginkgo biloba	15509	1.3254055e-09	4356	54.74425034560764	False
(2S)-8-[(tert-butoxycarbonyl)amino]-2-(1H-indol-3-yl)octanoic acid	19832	1.3236698e-09	4357	54.75681789619203	False
4-CHLORO-6-(4-PIPERAZIN-1-YL-1H-PYRAZOL-5-YL)BENZENE-1,3-DIOL	18655	1.3188187e-09	4358	54.76938544677642	False
Choline alfoscerate	18900	1.3152041e-09	4359	54.78195299736082	False
AVE-1625	16206	1.3141809e-09	4360	54.794520547945204	False
Geldanamycin	18634	1.3116842e-09	4361	54.8070880985296	False
Tetrazolyl Histidine	20058	1.3108289e-09	4362	54.81965564911398	False
5-(4-Morpholin-4-Yl-Phenylsulfanyl)-2,4-Quinazolinediamine	19950	1.3106788e-09	4363	54.83222319969838	False
Epratuzumab	16557	1.3084508e-09	4364	54.84479075028277	False
Lpc-Ether	18899	1.3079642e-09	4365	54.85735830086716	False
Conestat alfa	16180	1.3028699e-09	4366	54.86992585145155	False
Cefalotin	14172	1.3027507e-09	4367	54.88249340203595	False
L-BENZYLSUCCINIC ACID	19766	1.3012581e-09	4368	54.895060952620334	False
Zolmitriptan	14897	1.2993311e-09	4369	54.907628503204734	False
8-BENZO[1,3]DIOXOL-,5-YLMETHYL-9-BUTYL-9H-	18667	1.2964075e-09	4370	54.92019605378912	False
Proline	14932	1.293804e-09	4371	54.932763604373505	False
8-(2,5-Dimethoxy-Benzyl)-2-Fluoro-9-Pent-9h-Purin-6-Ylamine	18639	1.2933303e-09	4372	54.9453311549579	False
Piretanide	17344	1.2923833e-09	4373	54.957898705542284	False
(4s)-5-Fluoro-L-Leucine	20105	1.2908412e-09	4374	54.970466256126684	False
AR-AO-14418	18432	1.2884723e-09	4375	54.98303380671107	False
1-3 Sugar Ring of Pentamannosyl 6-Phosphate	20078	1.2878899e-09	4376	54.99560135729546	False
Basiliximab	17534	1.2860123e-09	4377	55.00816890787985	False
Flupirtine	16850	1.2856223e-09	4378	55.02073645846425	False
N'-((2S,3R)-3-AMINO-2-HYDROXY-5-(ISOPROPYLSULFANYL)PENTANOYL)-N-3-CHLOROBENZOYL HYDRAZIDE	18944	1.2855977e-09	4379	55.033304009048635	False
Arginineamide	20084	1.2848672e-09	4380	55.04587155963303	False
Inositol 2,4,5-trisphosphate	20075	1.2766495e-09	4381	55.058439110217414	False
Tetrahydropalmatine	15678	1.266642e-09	4382	55.071006660801814	False
Carboxymethylthio-3-(3-Chlorophenyl)-1,2,4-Oxadiazol	17753	1.2639246e-09	4383	55.0835742113862	False
Phenindione	17608	1.2627005e-09	4384	55.0961417619706	False
Trimesic acid	16429	1.2625079e-09	4385	55.10870931255498	False
Synthetic Conjugated Estrogens, B	14518	1.2597176e-09	4386	55.12127686313938	False
Adenosine-5'-ditungstate	18907	1.2574731e-09	4387	55.133844413723764	False
Ferrous ascorbate	16346	1.2568473e-09	4388	55.146411964308164	False
N'-(3-CHLORO-4-METHOXY-PHENYL)-N-(3,4,5-TRIMETHOXYPHENYL)-1,3,5-TRIAZINE-2,4-DIAMINE	19367	1.2552732e-09	4389	55.15897951489255	False
Levamlodipine	14423	1.2548088e-09	4390	55.171547065476936	False
Panitumumab	17711	1.2546533e-09	4391	55.18411461606133	False
INCB3284	19546	1.2510044e-09	4392	55.196682166645715	False
Rubitecan	18219	1.2505535e-09	4393	55.209249717230115	False
Bufuralol	15214	1.2502697e-09	4394	55.2218172678145	False
Tafluprost	14677	1.2502364e-09	4395	55.234384818398894	False
9,10-Deepithio-9,10-Didehydroacanthifolicin	18901	1.2489421e-09	4396	55.24695236898328	False
Farnesyl diphosphate	17737	1.2484467e-09	4397	55.25951991956768	False
Paliperidone	15001	1.248342e-09	4398	55.272087470152066	False
Verdoheme	17642	1.2460868e-09	4399	55.28465502073646	False
Rubidium Rb-82	14051	1.2435083e-09	4400	55.297222571320845	False
Implitapide	16711	1.243461e-09	4401	55.309790121905245	False
Lacidipine	14422	1.2428681e-09	4402	55.32235767248963	False
Radicicol	16224	1.2423278e-09	4403	55.33492522307403	False
TO-901317	16278	1.2422234e-09	4404	55.347492773658416	False
RU82197	17849	1.2417497e-09	4405	55.36006032424281	False
(4e)-4-Aminohex-4-Enoic Acid	16745	1.2391732e-09	4406	55.372627874827195	False
Tocainide	14289	1.2382211e-09	4407	55.38519542541158	False
Alvespimycin	18675	1.2374843e-09	4408	55.39776297599598	False
Galactose-uridine-5'-diphosphate	16598	1.2358145e-09	4409	55.41033052658037	False
Methylphenobarbital	15835	1.2357767e-09	4410	55.42289807716476	False
CZEN 002	19361	1.2311655e-09	4411	55.435465627749146	False
Afamelanotide	19360	1.2300764e-09	4412	55.448033178333546	False
Dalteparin	14768	1.229748e-09	4413	55.46060072891793	False
7-[2-METHOXY-1-(METHOXYMETHYL)ETHYL]-7H-PYRROLO[3,2-F] QUINAZOLINE-1,3-DIAMINE	19955	1.229565e-09	4414	55.473168279502325	False
Fumaric Acid	16496	1.2291477e-09	4415	55.48573583008671	False
2-(3'-Methoxyphenyl) Benzimidazole-4-Carboxamide	19025	1.226782e-09	4416	55.49830338067111	False
Dosulepin	15233	1.22558e-09	4417	55.510870931255496	False
Cantharidin	19732	1.2245565e-09	4418	55.52343848183989	False
Fomepizole	15819	1.2215239e-09	4419	55.53600603242428	False
Methylergometrine	15436	1.2198312e-09	4420	55.548573583008675	False
PUROMYCIN AMINONUCLEOSIDE-5'-MONOPHOSPHATE	19884	1.2158684e-09	4421	55.56114113359306	False
Levomenthol	15468	1.2141049e-09	4422	55.57370868417746	False
(1'R,2'S)-9-(2-Hydroxy-3'-Keto-Cyclopenten-1-yl)Adenine	19012	1.2122977e-09	4423	55.58627623476185	False
N-Propyl Isocyanide	20062	1.2117637e-09	4424	55.59884378534624	False
Peginterferon beta-1a	15371	1.2103962e-09	4425	55.611411335930626	False
9-Deazaguanine	15343	1.2103892e-09	4426	55.62397888651501	False
Propentofylline	15358	1.2100799e-09	4427	55.63654643709941	False
Rindopepimut	17713	1.2098399e-09	4428	55.6491139876838	False
Imexon	16973	1.2077349e-09	4429	55.66168153826819	False
Ulimorelin	19544	1.2075368e-09	4430	55.67424908885258	False
Insulin glargine	15283	1.2072789e-09	4431	55.68681663943698	False
Adenosine monotungstate	19015	1.206952e-09	4432	55.69938419002136	False
N,N'-DIPHENYLPYRAZOLO[1,5-A][1,3,5]TRIAZINE-2,4-DIAMINE	18811	1.2067564e-09	4433	55.711951740605755	False
Hydrogen peroxide	14741	1.2064064e-09	4434	55.72451929119014	False
Dihydroergocornine	15640	1.2032169e-09	4435	55.73708684177454	False
Ramatroban	19700	1.2025837e-09	4436	55.74965439235893	False
Ramucirumab	17042	1.2005508e-09	4437	55.76222194294333	False
3-({4-[(5-chloro-1,3-benzodioxol-4-yl)amino]pyrimidin-2-yl}amino)benzenesulfonamide	19368	1.1995025e-09	4438	55.77478949352771	False
CX717	17516	1.195437e-09	4439	55.787357044112106	False
Nonivamide	18375	1.1953571e-09	4440	55.79992459469649	False
(5R)-2-[(2-Fluorophenyl)amino]-5-isopropyl-1,3-thiazol-4(5H)-one	16990	1.1950746e-09	4441	55.81249214528089	False
1,8-Di-Hydroxy-4-Nitro-Anthraquinone	18802	1.1943977e-09	4442	55.82505969586528	False
LG-100268	16277	1.1942929e-09	4443	55.837627246449664	False
Carbon monoxide	20064	1.1931067e-09	4444	55.85019479703406	False
2-Deoxy-Glucitol-6-Phosphate	20081	1.1919193e-09	4445	55.86276234761844	False
[1-(1-Methyl-4,5-Dioxo-Pent-2-Enylcarbamoyl)-2-Phenyl-Ethyl]-Carbamic Acid Benzyl Ester	18915	1.1892966e-09	4446	55.87532989820284	False
Methylethylamine	20057	1.1892738e-09	4447	55.88789744878723	False
Efaproxiral	16428	1.1876553e-09	4448	55.90046499937162	False
Diisopropylphosphono Group	17900	1.1857224e-09	4449	55.91303254995601	False
Piperazine	15109	1.1840974e-09	4450	55.92560010054041	False
Moxonidine	16853	1.1834133e-09	4451	55.93816765112479	False
Oxaloacetate Ion	18034	1.1817441e-09	4452	55.95073520170919	False
Papaverine	17319	1.1814332e-09	4453	55.96330275229357	False
DPI59	17848	1.1800886e-09	4454	55.97587030287797	False
beta-D-fructofuranose 1,6-bisphosphate	16084	1.1798905e-09	4455	55.98843785346236	False
(S)-camphor	18376	1.179742e-09	4456	56.00100540404676	False
N-cyclopropyl-6-[(6,7-dimethoxyquinolin-4-yl)oxy]naphthalene-1-carboxamide	17047	1.1791504e-09	4457	56.013572954631144	False
Cupric Chloride	17061	1.1758803e-09	4458	56.02614050521554	False
ATG003	17133	1.1756023e-09	4459	56.03870805579992	False
Tyloxapol	16714	1.1740449e-09	4460	56.05127560638432	False
(3aS)-3a-hydroxy-7-methyl-1-phenyl-1,2,3,3a-tetrahydro-4H-pyrrolo[2,3-b]quinolin-4-one	19927	1.1739217e-09	4461	56.06384315696871	False
Inosine	14915	1.1732636e-09	4462	56.076410707553094	False
(5R,6S,8S)-8-[3-(AMINOMETHYL)PHENYL]-6-HYDROXY-5-ISOPROPYL-3-OXO-1-PHENYL-2,7-DIOXA-4-AZA-6-PHOSPHANONAN-9-OIC ACID 6-OXIDE	19456	1.1718233e-09	4463	56.08897825813749	False
Uridine-Diphosphate-N-Acetylgalactosamine	16596	1.170396e-09	4464	56.10154580872187	False
Erenumab	20176	1.1695881e-09	4465	56.11411335930627	False
RU82209	17853	1.1687474e-09	4466	56.12668090989066	False
Lanadelumab	19351	1.1671102e-09	4467	56.13924846047505	False
3,8-DIBROMO-7-HYDROXY-4-METHYL-2H-CHROMEN-2-ONE	18809	1.1630547e-09	4468	56.15181601105944	False
Pasireotide	15574	1.1626421e-09	4469	56.16438356164384	False
SLV319	16204	1.1621543e-09	4470	56.176951112228224	False
Streptokinase	14717	1.1606169e-09	4471	56.189518662812624	False
Prostaglandin D2	17423	1.1590264e-09	4472	56.20208621339701	False
P1-(adenosine-5'-P5-(uridine-5')pentaphosphate	17513	1.1573608e-09	4473	56.2146537639814	False
N1,N2-ETHYLENE-2-METHYLAMINO-4,5,6,7-TETRABROMO-BENZIMIDAZOLE	18807	1.1541379e-09	4474	56.22722131456579	False
Reidispongiolide C	19186	1.1515762e-09	4475	56.23978886515019	False
Isocitric Acid	18841	1.1502108e-09	4476	56.252356415734575	False
RU78262	17838	1.150009e-09	4477	56.26492396631897	False
Vestipitant	17101	1.1495923e-09	4478	56.27749151690335	False
Guanine	16727	1.1470822e-09	4479	56.29005906748775	False
2-(Sec-Butyl)Thiazole	20013	1.1451584e-09	4480	56.30262661807214	False
Coumarin 120	18891	1.1448309e-09	4481	56.315194168656525	False
Benzoyl-tyrosine-alanine-fluoro-methyl ketone	18922	1.1424358e-09	4482	56.32776171924092	False
Norvaline	16872	1.1423835e-09	4483	56.340329269825304	False
Isocyanomethane	20063	1.1419239e-09	4484	56.352896820409704	False
PARA-NITROBENZYL GLUTARYL GLYCINIC ACID	19417	1.141508e-09	4485	56.36546437099409	False
Albinterferon Alfa-2B	15347	1.1404285e-09	4486	56.37803192157848	False
RU78299	17856	1.1397326e-09	4487	56.390599472162876	False
Ubiquinone Q1	16542	1.1387593e-09	4488	56.40316702274727	False
Adenosine-2'-5'-Diphosphate	18033	1.1381599e-09	4489	56.415734573331655	False
B-nonylglucoside	17546	1.1374394e-09	4490	56.428302123916055	False
Vofopitant	17102	1.1364787e-09	4491	56.44086967450044	False
2-(3-AMINO-2,5,6-TRIMETHOXYPHENYL)ETHYL 5-CHLORO-2,4-DIHYDROXYBENZOATE	18718	1.1343347e-09	4492	56.45343722508483	False
Cetrorelix	16471	1.1326852e-09	4493	56.46600477566922	False
Interferon alfa-n3	15279	1.1311739e-09	4494	56.47857232625362	False
Mecasermin rinfabate	16041	1.1289495e-09	4495	56.491139876838005	False
Barbital	15513	1.1287665e-09	4496	56.5037074274224	False
N-(P-CYANOPHENYL)-N'-DIPHENYLMETHYL-GUANIDINE-ACETIC ACID	19407	1.1285125e-09	4497	56.516274978006784	False
O6-(R)-ROSCOVITINE, R-2-(6-BENZYLOXY-9-ISOPROPYL-9H-PURIN-2-YLAMINO)-BUTAN-1-OL	16049	1.127155e-09	4498	56.52884252859117	False
L-tyrosinamide	19632	1.1263362e-09	4499	56.54141007917557	False
p-Toluenesulfonic acid	19748	1.1260549e-09	4500	56.553977629759956	False
2-Ethoxyethanol	17290	1.1238683e-09	4501	56.56654518034435	False
Zinc acetate	14680	1.1231034e-09	4502	56.579112730928735	False
1-[1-(3-aminophenyl)-3-tert-butyl-1H-pyrazol-5-yl]-3-naphthalen-1-ylurea	17862	1.1194078e-09	4503	56.591680281513135	False
Nitisinone	17286	1.1182256e-09	4504	56.60424783209752	False
3-[3-(2,3-Dihydroxy-Propylamino)-Phenyl]-4-(5-Fluoro-1-Methyl-1h-Indol-3-Yl)-Pyrrole-2,5-Dione	18430	1.1165014e-09	4505	56.61681538268192	False
3-sulfino-L-alanine	14563	1.1156607e-09	4506	56.62938293326631	False
Chlorothiazide	16793	1.1152563e-09	4507	56.6419504838507	False
LAX-101	17261	1.1149969e-09	4508	56.654518034435085	False
Dotatate gallium Ga-68	19675	1.1149799e-09	4509	56.667085585019485	False
3H-pyrazolo[4,3-d]pyrimidin-7-ol	16275	1.1081319e-09	4510	56.67965313560387	False
6-(3-BROMO-2-NAPHTHYL)-1,3,5-TRIAZINE-2,4-DIAMINE	18657	1.105881e-09	4511	56.692220686188264	False
Atomoxetine	14148	1.1054763e-09	4512	56.70478823677265	False
Galcanezumab	19288	1.1032728e-09	4513	56.71735578735705	False
Archexin	17209	1.1022527e-09	4514	56.729923337941436	False
Benzthiazide	16791	1.1015507e-09	4515	56.74249088852583	False
Hexachlorophene	16362	1.0996551e-09	4516	56.755058439110215	False
Gabaculine	17167	1.0989527e-09	4517	56.7676259896946	False
ABX-PTH	19460	1.0987495e-09	4518	56.780193540279	False
5-hydroxymethyl-5,6-dihydrofolic acid	17013	1.0986949e-09	4519	56.79276109086339	False
Ethyl Oxo(Piperidin-1-Yl)Acetate	18303	1.0948793e-09	4520	56.80532864144779	False
Pyridoxal	16048	1.0926887e-09	4521	56.817896192032165	False
(3r)-1-Acetyl-3-Methylpiperidine	18302	1.0904629e-09	4522	56.830463742616566	False
2-(4-ETHYLPIPERAZIN-1-YL)-4-(PHENYLAMINO)PYRAZOLO[1,5-A][1,3,5]TRIAZINE-8-CARBONITRILE	18815	1.0901532e-09	4523	56.84303129320095	False
Ketobemidone	14614	1.0898475e-09	4524	56.85559884378535	False
Iniparib	19031	1.0897e-09	4525	56.86816639436974	False
Ergotamine	15458	1.087555e-09	4526	56.88073394495413	False
FavId	17772	1.0874203e-09	4527	56.893301495538516	False
Potassium bicarbonate	20214	1.086193e-09	4528	56.905869046122916	False
Bardoxolone	19622	1.0850232e-09	4529	56.9184365967073	False
IGN311	17352	1.0813622e-09	4530	56.931004147291695	False
LY2181308	19567	1.0787315e-09	4531	56.94357169787608	False
3-(10-methyl-9-anthryl)propanoic acid	19402	1.0787212e-09	4532	56.95613924846048	False
Lucanthone	17656	1.0786574e-09	4533	56.96870679904487	False
CoA-S-trimethylene-acetyl-tryptamine	20112	1.077473e-09	4534	56.98127434962925	False
CoA-S-acetyl 5-bromotryptamine	20114	1.0757502e-09	4535	56.993841900213646	False
Andexanet alfa	18214	1.0743252e-09	4536	57.00640945079803	False
N-Butyl Isocyanide	20056	1.0735488e-09	4537	57.01897700138243	False
Thyrotropin alfa	17332	1.0734341e-09	4538	57.03154455196682	False
N1-(2-AMINO-4-METHYLPENTYL)OCTAHYDRO-PYRROLO[1,2-A] PYRIMIDINE	19901	1.0725377e-09	4539	57.04411210255122	False
[1-(1-Benzyl-3-Hydroxy-2-Oxo-Propylcarbamoyl)-2-Phenyl-Ethyl]-Carbamic Acid Benzyl Ester	18916	1.0722145e-09	4540	57.0566796531356	False
Promethazine	14295	1.0708432e-09	4541	57.069247203719996	False
1-Methylimidazole	20060	1.0687007e-09	4542	57.08181475430438	False
Trifluoperazine	14913	1.0668962e-09	4543	57.09438230488878	False
Ferric pyrophosphate	16294	1.0666216e-09	4544	57.10694985547317	False
Fluoxymesterone	14527	1.0638076e-09	4545	57.11951740605756	False
Ammonia N-13	14927	1.0633755e-09	4546	57.13208495664195	False
IC261	19483	1.0627064e-09	4547	57.14465250722635	False
Idursulfase	17947	1.0623071e-09	4548	57.15722005781073	False
4-Nitrocatechol sulfate	19444	1.0616873e-09	4549	57.169787608395126	False
Nicotinamide Mononucleotide	18838	1.060821e-09	4550	57.18235515897951	False
Thymidine monophosphate	16963	1.0597774e-09	4551	57.19492270956391	False
S-P-Nitrobenzyloxycarbonylglutathione	18197	1.0590399e-09	4552	57.2074902601483	False
N-{1-[(1-carbamoylcyclopropyl)methyl]piperidin-4-yl}-N-cyclopropyl-4-[(1S)-2,2,2-trifluoro-1-hydroxy-1-methylethyl]benzamide	16984	1.0584724e-09	4553	57.22005781073268	False
Moxetumomab Pasudotox	16559	1.058315e-09	4554	57.232625361317076	False
N-Ethylretinamide	14055	1.0581697e-09	4555	57.24519291190147	False
2-{3-[4-(4-Fluorophenyl)-3,6-Dihydro-1(2h)-Pyridinyl]Propyl}-8-Methyl-4(3h)-Quinazolinone	19021	1.0567598e-09	4556	57.25776046248586	False
Procaine	14845	1.0566006e-09	4557	57.27032801307025	False
L-Phospholactate	16297	1.0561835e-09	4558	57.28289556365465	False
19-(cyclopropylamino)-4,6,7,15-tetrahydro-5H-16,1-(azenometheno)-10,14-(metheno)pyrazolo[4,3-o][1,3,9]triazacyclohexadecin-8(9H)-one	18810	1.0540483e-09	4559	57.295463114239034	False
6-Hydroxy-6-Methyl-Heptan-3-One	20014	1.0538271e-09	4560	57.30803066482343	False
3,6-DIAMINO-5-CYANO-4-(4-ETHOXYPHENYL)THIENO[2,3-B]PYRIDINE-2-CARBOXAMIDE	18673	1.0525073e-09	4561	57.32059821540781	False
Metyrosine	17437	1.0510309e-09	4562	57.33316576599221	False
5-FLUORO-1-[4-(4-PHENYL-3,6-DIHYDROPYRIDIN-1(2H)-YL)BUTYL]QUINAZOLINE-2,4(1H,3H)-DIONE	19029	1.048818e-09	4563	57.3457333165766	False
Siplizumab	17613	1.0473967e-09	4564	57.35830086716099	False
Baclofen	16672	1.0441275e-09	4565	57.37086841774538	False
(7S)-2-(2-aminopyrimidin-4-yl)-7-(2-fluoroethyl)-1,5,6,7-tetrahydro-4H-pyrrolo[3,2-c]pyridin-4-one	18436	1.0420464e-09	4566	57.38343596832978	False
2-[(PHENYLSULFONYL)AMINO]-5,6,7,8-TETRAHYDRONAPHTHALENE-1-CARBOXYLIC ACID	18942	1.0403981e-09	4567	57.39600351891416	False
S-Benzylcysteine	18686	1.0400489e-09	4568	57.40857106949856	False
Exisulind	16554	1.0395292e-09	4569	57.42113862008294	False
DG031	19304	1.0389881e-09	4570	57.43370617066734	False
Lintitript	17123	1.0382968e-09	4571	57.44627372125173	False
Gallium nitrate	14116	1.032282e-09	4572	57.458841271836114	False
Diazoxide	14924	1.0317938e-09	4573	57.471408822420514	False
(5E)-12-CHLORO-13,15-DIHYDROXY-4,7,8,9-TETRAHYDRO-2-BENZOXACYCLOTRIDECINE-1,10(3H,11H)-DIONE	19147	1.0299416e-09	4574	57.4839763730049	False
Oregovomab	19349	1.0273928e-09	4575	57.49654392358929	False
Ofatumumab	16229	1.0249385e-09	4576	57.50911147417368	False
Heparin Disaccharide Iii-S	18224	1.0244675e-09	4577	57.52167902475808	False
Foreskin keratinocyte (neonatal)	16518	1.022925e-09	4578	57.534246575342465	False
(S)-blebbistatin	19924	1.0214822e-09	4579	57.54681412592686	False
Melphalan	20212	1.0212096e-09	4580	57.559381676511244	False
5-(5-CHLORO-2,4-DIHYDROXYPHENYL)-N-ETHYL-4-PIPERAZIN-1-YL-1H-PYRAZOLE-3-CARBOXAMIDE	18651	1.0209057e-09	4581	57.571949227095644	False
3-[(1E,7E)-8-(2,6-dioxo-1,2,3,6-tetrahydropyrimidin-4-yl)-3,6-dioxa-2,7-diazaocta-1,7-dien-1-yl]benzoic acid	19845	1.0192092e-09	4582	57.58451677768003	False
Monobenzone	16742	1.0185814e-09	4583	57.59708432826442	False
Seletracetam	15553	1.0154041e-09	4584	57.60965187884881	False
2-[({4-[2-(trifluoromethyl)phenyl]piperidin-1-yl}carbonyl)amino]benzoic acid	14057	1.0145348e-09	4585	57.62221942943321	False
Argadin	18427	1.0131e-09	4586	57.634786980017594	False
(5Z)-13-CHLORO-14,16-DIHYDROXY-3,4,7,8,9,10-HEXAHYDRO-1H-2-BENZOXACYCLOTETRADECINE-1,11(12H)-DIONE	19148	1.0120185e-09	4587	57.64735453060199	False
Metamfetamine	15174	1.0115476e-09	4588	57.65992208118638	False
Fluoroestradiol F-18	14501	1.0089367e-09	4589	57.67248963177076	False
MDX-018	18196	1.0088386e-09	4590	57.68505718235516	False
2-[(2-methoxy-5-methylphenoxy)methyl]pyridine	16423	1.0087039e-09	4591	57.697624732939545	False
7-Methoxy-8-[1-(Methylsulfonyl)-1h-Pyrazol-4-Yl]Naphthalene-2-Carboximidamide	18009	1.0082268e-09	4592	57.710192283523945	False
Ergoloid mesylate	15482	1.0077617e-09	4593	57.72275983410833	False
Levoketoconazole	17623	1.0075463e-09	4594	57.735327384692724	False
Zalutumumab	17719	1.0075291e-09	4595	57.74789493527711	False
Chlorprothixene	16014	1.0052889e-09	4596	57.76046248586151	False
Ethylmercurithiosalicylic acid	19274	1.0040778e-09	4597	57.773030036445896	False
NPI 32101	19192	9.977644e-10	4598	57.78559758703029	False
Insulin lispro	15282	9.969597e-10	4599	57.798165137614674	False
trifluoro-[hydroxy-[hydroxy-[2-(N-methyl-2-nitro-anilino)ethoxy]phosphoryl]oxy-phosphoryl]oxy-beryllium(1-)	19929	9.957055e-10	4600	57.810732688199074	False
6-{[(CYCLOHEXYLAMINO)CARBONYL]AMINO}HEXANOIC ACID	18172	9.929972e-10	4601	57.82330023878346	False
N-({4-[(1R)-4-[(2R,4S,5S)-2,4-diamino-6-oxohexahydropyrimidin-5-yl]-1-(2,2,2-trifluoro-1,1-dihydroxyethyl)butyl]phenyl}carbonyl)-L-glutamic acid	17986	9.925806e-10	4602	57.83586778936785	False
Epigallocatechin gallate	18001	9.916533e-10	4603	57.84843533995224	False
Nitrous acid	16430	9.911882e-10	4604	57.86100289053664	False
NRP409	14080	9.885789e-10	4605	57.873570441121025	False
TAK-475	17410	9.877497e-10	4606	57.886137991705425	False
Technetium Tc-99m arcitumomab	16329	9.874237e-10	4607	57.89870554228981	False
2-(2-CHLORO-4-FLUOROPHENOXY)-2-METHYL-N-[(1R,2S,3S,5S,7S)-5-(METHYLSULFONYL)-2-ADAMANTYL]PROPANAMIDE	16988	9.856775e-10	4608	57.9112730928742	False
5-Phenylsulfanyl-2,4-Quinazolinediamine	19952	9.855816e-10	4609	57.92384064345859	False
Cladribine	15804	9.851532e-10	4610	57.936408194042976	False
Matuzumab	17712	9.847023e-10	4611	57.948975744627376	False
4,7-Dioxosebacic Acid	16189	9.843661e-10	4612	57.96154329521176	False
2-Chlorodideoxyadenosine	18714	9.83955e-10	4613	57.974110845796154	False
3-Methoxybenzamide	19022	9.80104e-10	4614	57.98667839638054	False
PASBN	17845	9.773654e-10	4615	57.99924594696494	False
D-Methionine	18934	9.752761e-10	4616	58.011813497549326	False
Zotepine	15374	9.749413e-10	4617	58.02438104813372	False
(2R,3R,4S,5R,6E)-3,4,5-Trihydroxy-N-[(3S,6R)-6-hydroxy-2-oxo-3-azepanyl]-2-methoxy-8,8-dimethyl-6-nonenamide	18936	9.741141e-10	4618	58.036948598718105	False
Bisphenol A	19167	9.72549e-10	4619	58.049516149302505	False
Motexafin gadolinium	19158	9.722931e-10	4620	58.06208369988689	False
Mant-Adp	19925	9.67991e-10	4621	58.07465125047129	False
Dichlororibofuranosylbenzimidazole	18817	9.657853e-10	4622	58.08721880105567	False
8-anilinonaphthalene-1-sulfonic acid	14077	9.637354e-10	4623	58.09978635164007	False
Emtricitabine	14254	9.636913e-10	4624	58.112353902224456	False
TNP-470	18946	9.624717e-10	4625	58.12492145280884	False
Perifosine	17211	9.622476e-10	4626	58.13748900339324	False
PPI-2458	18939	9.619466e-10	4627	58.15005655397763	False
Olcegepant	20175	9.577177e-10	4628	58.16262410456202	False
Ifenprodil	17037	9.568012e-10	4629	58.175191655146406	False
Dihydroergocristine	15706	9.554516e-10	4630	58.187759205730806	False
Bufylline	15404	9.551984e-10	4631	58.20032675631519	False
Vercirnon	19379	9.544171e-10	4632	58.212894306899585	False
7-{[(CYCLOHEXYLAMINO)CARBONYL]AMINO}HEPTANOIC ACID	18173	9.54215e-10	4633	58.22546185748397	False
D-Gluco-2,5-Anhydro-1-Deoxy-1-Phosphonohexitol-6-Phosphate	18570	9.527692e-10	4634	58.23802940806837	False
Tartronate	16499	9.517412e-10	4635	58.25059695865276	False
(2S)-2-{[3-(3-aminophenyl)imidazo[1,2-b]pyridazin-6-yl]amino}-3-methylbutan-1-ol	19870	9.512203e-10	4636	58.26316450923715	False
1,8-Di-Hydroxy-4-Nitro-Xanthen-9-One	18801	9.507778e-10	4637	58.275732059821536	False
Prazosin	14539	9.505112e-10	4638	58.288299610405936	False
Prothrombin	14649	9.475932e-10	4639	58.30086716099032	False
Trospium	15080	9.474884e-10	4640	58.31343471157472	False
alpha-L-methyl-fucose	20072	9.465582e-10	4641	58.32600226215911	False
Porphobilinogen	16187	9.464228e-10	4642	58.3385698127435	False
Leukotriene D4	16325	9.458453e-10	4643	58.35113736332789	False
2-({4-[4-(pyridin-4-ylmethyl)-1H-pyrazol-3-yl]phenoxy}methyl)quinoline	17498	9.453872e-10	4644	58.36370491391227	False
9-(2-carboxyethyl)-10-methylanthracene endoperoxide	19413	9.452825e-10	4645	58.37627246449667	False
Diosmin	19729	9.44987e-10	4646	58.38884001508106	False
Protriptyline	17305	9.449815e-10	4647	58.40140756566545	False
Interferon alfa-n1	15278	9.433824e-10	4648	58.41397511624984	False
Pazufloxacin	15387	9.433085e-10	4649	58.42654266683424	False
3-(3-aminophenyl)-N-(3-chlorophenyl)pyrazolo[1,5-a]pyrimidin-5-amine	19869	9.420248e-10	4650	58.43911021741862	False
N-[4-(4-nitrophenylphospho)butanoyl]-L-alanine	19418	9.403194e-10	4651	58.451677768003016	False
(5S)-2-(Cyclooctylamino)-5-methyl-5-propyl-1,3-thiazol-4(5H)-one	16987	9.402961e-10	4652	58.4642453185874	False
Afimoxifene	16373	9.393621e-10	4653	58.4768128691718	False
alpha-D-mannose 6-phosphate	19717	9.38943e-10	4654	58.48938041975619	False
Phentermine	15417	9.388212e-10	4655	58.50194797034058	False
Fenethylline	15336	9.376133e-10	4656	58.514515520924974	False
Glutathione sulfonic acid	17792	9.371914e-10	4657	58.52708307150937	False
Copper	14012	9.371163e-10	4658	58.53965062209375	False
L-Alpha-Glycerophosphorylserine	19990	9.367929e-10	4659	58.55221817267815	False
Becocalcidiol	17744	9.365552e-10	4660	58.56478572326254	False
Zoledronic acid	17728	9.364641e-10	4661	58.57735327384693	False
Daratumumab	20158	9.35625e-10	4662	58.58992082443132	False
MCC	18200	9.352057e-10	4663	58.6024883750157	False
Bioallethrin	15719	9.346565e-10	4664	58.6150559256001	False
Thymectacin	16965	9.342662e-10	4665	58.62762347618449	False
Pelitinib	17715	9.340505e-10	4666	58.64019102676888	False
Vedolizumab	17422	9.336106e-10	4667	58.65275857735327	False
Mersalyl	14753	9.335287e-10	4668	58.66532612793767	False
1,4-Dideoxy-O2-Sulfo-Glucuronic Acid	18305	9.332759e-10	4669	58.677893678522054	False
Plazomicin	20284	9.31677e-10	4670	58.69046122910645	False
Bicifadine	14894	9.3114577e-10	4671	58.70302877969083	False
1-((1R)-1-(HYDROXYMETHYL)-3-{6-[(3-PHENYLPROPANOYL)AMINO]-1H-INDOL-1-YL}PROPYL)-1H-IMIDAZOLE-4-CARBOXAMIDE	19262	9.3079594e-10	4672	58.71559633027523	False
Epoprostenol	16331	9.272396e-10	4673	58.72816388085962	False
Sodium tetradecyl sulfate	17060	9.2652186e-10	4674	58.74073143144402	False
6-(2-fluorobenzyl)-2,4-dimethyl-4,6-dihydro-5H-thieno[2',3':4,5]pyrrolo[2,3-d]pyridazin-5-one	16298	9.2647945e-10	4675	58.753298982028404	False
beta-D-Galactosamine	18294	9.26324e-10	4676	58.7658665326128	False
3-phospho-D-glyceric acid	19907	9.2381325e-10	4677	58.77843408319718	False
Manganese	15900	9.220159e-10	4678	58.79100163378158	False
5-(5-CHLORO-2,4-DIHYDROXYPHENYL)-N-ETHYL-4-(4-METHOXYPHENYL)ISOXAZOLE-3-CARBOXAMIDE	18653	9.216397e-10	4679	58.80356918436597	False
(S)-econazole	17982	9.2028357e-10	4680	58.816136734950355	False
AMG-510	19965	9.196256e-10	4681	58.82870428553475	False
Glycinamide Ribonucleotide	17985	9.1929936e-10	4682	58.841271836119134	False
Fumagillin	18933	9.190837e-10	4683	58.853839386703534	False
Succinobucol	18614	9.177769e-10	4684	58.86640693728792	False
Ricinoleic Acid	16203	9.177209e-10	4685	58.87897448787231	False
Raltitrexed	16962	9.175844e-10	4686	58.8915420384567	False
Coagulation factor VIIa Recombinant Human	16634	9.1743735e-10	4687	58.9041095890411	False
N-Cyclohexyl-N'-(Propyl)Phenyl Urea	18168	9.163076e-10	4688	58.916677139625484	False
Nefazodone	15146	9.1499436e-10	4689	58.929244690209885	False
Methysergide	15423	9.1418834e-10	4690	58.94181224079426	False
R673	17098	9.1272834e-10	4691	58.95437979137866	False
Rufloxacin	15403	9.104263e-10	4692	58.96694734196305	False
4-Methoxyamphetamine	15170	9.102891e-10	4693	58.97951489254745	False
INCB13739	16978	9.094162e-10	4694	58.992082443131835	False
Voclosporin	17029	9.0582586e-10	4695	59.00464999371623	False
rhIGFBP-3	17953	9.049969e-10	4696	59.017217544300614	False
Phosphomethylphosphonic acid guanosyl ester	19107	9.0362734e-10	4697	59.029785094885014	False
TTP889	17032	9.01228e-10	4698	59.0423526454694	False
INCB7839	19570	9.012142e-10	4699	59.054920196053786	False
Milataxel	16029	8.9878865e-10	4700	59.06748774663818	False
Ergocalciferol	14560	8.9835334e-10	4701	59.080055297222565	False
N-Benzylformamide	17119	8.9648583e-10	4702	59.092622847806965	False
4-(2-Aminoethyl)Benzenesulfonyl Fluoride	17387	8.9534774e-10	4703	59.10519039839135	False
SR 140333	17099	8.9266045e-10	4704	59.11775794897574	False
N-cyclohexyl-3-[3-(trifluoromethyl)phenyl][1,2,4]triazolo[4,3-b]pyridazin-6-amine	18860	8.917823e-10	4705	59.13032549956013	False
CARBOBENZYLOXY-(L)-LEUCINYL-(L)LEUCINYL METHOXYMETHYLKETONE	19938	8.9172786e-10	4706	59.14289305014453	False
Argifin	18426	8.9039537e-10	4707	59.155460600728915	False
p-Cumylphenol	19166	8.899574e-10	4708	59.168028151313315	False
Histamine	15412	8.898996e-10	4709	59.1805957018977	False
4-Carboxycinnamic Acid	16422	8.895671e-10	4710	59.193163252482094	False
Denileukin diftitox	17533	8.883988e-10	4711	59.20573080306648	False
6,7-DIMETHOXY-4-[(3R)-3-(2-NAPHTHYLOXY)PYRROLIDIN-1-YL]QUINAZOLINE	17501	8.87618e-10	4712	59.21829835365088	False
Z-Pro-Prolinal	19202	8.8734203e-10	4713	59.230865904235266	False
5-monophosphate-9-beta-D-ribofuranosyl xanthine	16274	8.854738e-10	4714	59.24343345481966	False
Pyrantel	14698	8.8466356e-10	4715	59.256001005404045	False
2-Hexyloxy-6-Hydroxymethyl-Tetrahydro-Pyran-3,5-Diol	16599	8.8263263e-10	4716	59.26856855598843	False
Isoflurophate	14214	8.8191066e-10	4717	59.28113610657283	False
Motuporin	18903	8.816449e-10	4718	59.29370365715722	False
Fotemustine	19157	8.8132207e-10	4719	59.30627120774161	False
Epinephrine	14807	8.808633e-10	4720	59.318838758325995	False
Sphinxolide B	19187	8.8044844e-10	4721	59.331406308910395	False
2-Acetamido-2-Deoxy-D-Glucono-1,5-Lactone	18691	8.7969143e-10	4722	59.34397385949478	False
N-(4-Aminobutanoyl)-S-(4-methoxybenzyl)-L-cysteinylglycine	14929	8.796864e-10	4723	59.356541410079174	False
Goserelin	16468	8.7922336e-10	4724	59.36910896066357	False
FR221647	19251	8.775062e-10	4725	59.38167651124796	False
N-(3-AMINOPROPYL)-2-NITROBENZENAMINE	19394	8.74874e-10	4726	59.394244061832346	False
Ethotoin	14508	8.7481067e-10	4727	59.406811612416746	False
1-{[(3R)-3-methyl-4-({4-[(1S)-2,2,2-trifluoro-1-hydroxy-1-methylethyl]phenyl}sulfonyl)piperazin-1-yl]methyl}cyclopropanecarboxamide	16986	8.747088e-10	4728	59.41937916300113	False
Cilnidipine	15630	8.746705e-10	4729	59.431946713585525	False
Picrotoxin	14923	8.725759e-10	4730	59.44451426416991	False
Duvoglustat	18895	8.715945e-10	4731	59.45708181475431	False
Homoserine Lactone	17698	8.7011126e-10	4732	59.4696493653387	False
Zidovudine diphosphate	19441	8.7009794e-10	4733	59.48221691592309	False
5-BROMO-2-{[(4-CHLOROPHENYL)SULFONYL]AMINO}BENZOIC ACID	18940	8.6960517e-10	4734	59.494784466507475	False
5-(5-CHLORO-2,4-DIHYDROXYPHENYL)-N-ETHYL-4-(4-METHOXYPHENYL)-1H-PYRAZOLE-3-CARBOXAMIDE	18660	8.695886e-10	4735	59.50735201709186	False
alpha-D-quinovopyranose	19391	8.6916907e-10	4736	59.51991956767626	False
Soybean oil	16265	8.677164e-10	4737	59.53248711826065	False
Pentifylline	15402	8.6740365e-10	4738	59.54505466884504	False
Clenoliximab	19638	8.6728125e-10	4739	59.557622219429426	False
Solriamfetol	17318	8.6728125e-10	4740	59.570189770013826	False
Olmutinib	17720	8.6597374e-10	4741	59.58275732059821	False
Prasterone	14623	8.632264e-10	4742	59.59532487118261	False
K201 free base	19992	8.627424e-10	4743	59.607892421767	False
Omapatrilat	16691	8.6179014e-10	4744	59.62045997235139	False
N~4~-methyl-N~4~-(3-methyl-1H-indazol-6-yl)-N~2~-(3,4,5-trimethoxyphenyl)pyrimidine-2,4-diamine	17054	8.6139584e-10	4745	59.63302752293578	False
8-Bromo-Adenosine-5'-Monophosphate	17325	8.613038e-10	4746	59.64559507352018	False
Talarozole	19634	8.6095553e-10	4747	59.65816262410456	False
(5-hydroxyindolo[1,2-a]quinazolin-7-yl)acetic acid	18800	8.6088003e-10	4748	59.670730174688956	False
Somatotropin	16271	8.5985435e-10	4749	59.68329772527334	False
LY249543	17440	8.5874974e-10	4750	59.69586527585774	False
Ferric cation	14119	8.581701e-10	4751	59.70843282644213	False
Dantrolene	14511	8.562588e-10	4752	59.72100037702652	False
Hexestrol	16397	8.5602364e-10	4753	59.733567927610906	False
(3E)-4-(1-METHYL-1H-INDOL-3-YL)BUT-3-EN-2-ONE	19393	8.557053e-10	4754	59.74613547819529	False
Rituximab	16226	8.5424084e-10	4755	59.75870302877969	False
Peginterferon alfa-2a	15277	8.541382e-10	4756	59.77127057936408	False
beta-2-Thienyl-L-alanine	17700	8.538565e-10	4757	59.78383812994848	False
S-(N-hydroxy-N-bromophenylcarbamoyl)glutathione	19117	8.535357e-10	4758	59.79640568053286	False
2-Phenylheme	17641	8.525529e-10	4759	59.80897323111726	False
4-S-Glutathionyl-5-pentyl-tetrahydro-furan-2-ol	17791	8.5153234e-10	4760	59.82154078170164	False
Lactic acid	20217	8.5053564e-10	4761	59.83410833228604	False
Dinitrochlorobenzene	17804	8.4986274e-10	4762	59.84667588287043	False
2-(4-CHLOROBENZYLAMINO)-4-(PHENYLAMINO)PYRAZOLO[1,5-A][1,3,5]TRIAZINE-8-CARBONITRILE	18814	8.497606e-10	4763	59.85924343345482	False
Amrinone	17222	8.4958723e-10	4764	59.87181098403921	False
Bendamustine	15363	8.48915e-10	4765	59.88437853462361	False
D-Lactic acid	20216	8.480006e-10	4766	59.89694608520799	False
Spironolactone	14168	8.478357e-10	4767	59.909513635792386	False
TRC093	19649	8.4696455e-10	4768	59.92208118637677	False
SB-409513	18431	8.46958e-10	4769	59.93464873696117	False
ANX-510	16966	8.469435e-10	4770	59.94721628754556	False
Bafilomycin A1	19702	8.4668667e-10	4771	59.959783838129944	False
CAD106	19553	8.4517643e-10	4772	59.97235138871434	False
2-[4-(2,4-Dichlorophenoxy)Phenoxy]Propanoic Acid	17581	8.4412277e-10	4773	59.98491893929872	False
AT2220	17983	8.425979e-10	4774	59.99748648988312	False
HOMOPHENYLALANINYLMETHANE	18921	8.4148327e-10	4775	60.01005404046751	False
2-[(2-chloro-4-iodophenyl)amino]-N-{[(2R)-2,3-dihydroxypropyl]oxy}-3,4-difluorobenzamide	17976	8.4103396e-10	4776	60.02262159105191	False
Feruloyl Coenzyme A	20116	8.4043267e-10	4777	60.035189141636295	False
Ocrelizumab	16232	8.3949864e-10	4778	60.04775669222069	False
2,6-dicarboxynaphthalene	16427	8.3681284e-10	4779	60.06032424280507	False
Pascolizumab	19672	8.362496e-10	4780	60.07289179338947	False
1-Hydroxy-1-Thio-Glycerol	19200	8.36197e-10	4781	60.08545934397386	False
Phosphoramidon	16780	8.3614277e-10	4782	60.09802689455825	False
Vonicog Alfa	15902	8.351069e-10	4783	60.11059444514264	False
Uridine-Diphosphate-N-Acetylglucosamine	18897	8.348265e-10	4784	60.12316199572704	False
Butyrfentanyl	15234	8.3448265e-10	4785	60.135729546311424	False
1,4-Dideoxy-5-Dehydro-O2-Sulfo-Glucuronic Acid	18306	8.334519e-10	4786	60.14829709689582	False
Proxyphylline	15398	8.3338675e-10	4787	60.1608646474802	False
5-[4-Tert-Butylphenylsulfanyl]-2,4-Quinazolinediamine	19949	8.3276225e-10	4788	60.1734321980646	False
(2S)-3-(1-{[2-(2-CHLOROPHENYL)-5-METHYL-1,3-OXAZOL-4-YL]METHYL}-1H-INDOL-5-YL)-2-ETHOXYPROPANOIC ACID	16612	8.3078233e-10	4789	60.18599974864899	False
SLx-4090	16712	8.3056373e-10	4790	60.198567299233375	False
1-{4-[4-Amino-6-(4-methoxyphenyl)furo[2,3-d]pyrimidin-5-yl]phenyl}-3-[2-fluoro-5-(trifluoromethyl)phenyl]urea	17039	8.299556e-10	4791	60.21113484981777	False
Heparin Disaccharide I-S	18223	8.284215e-10	4792	60.22370240040216	False
Amelubant	19639	8.283346e-10	4793	60.236269950986554	False
4-[(1E,7E)-8-(2,6-DIOXO-1,2,3,6-TETRAHYDROPYRIMIDIN-4-YL)-3,6-DIOXA-2,7-DIAZAOCTA-1,7-DIEN-1-YL]BENZOIC ACID	19843	8.2722784e-10	4794	60.24883750157094	False
(2R)-1-[(4-tert-butylphenyl)sulfonyl]-2-methyl-4-(4-nitrophenyl)piperazine	16981	8.2605794e-10	4795	60.26140505215534	False
Etacrynic acid	14257	8.2586415e-10	4796	60.273972602739725	False
REV131	16491	8.2522955e-10	4797	60.28654015332412	False
Rotigotine	15193	8.2422286e-10	4798	60.299107703908504	False
4-[8-(3-nitrophenyl)-1,7-naphthyridin-6-yl]benzoic acid	17331	8.226177e-10	4799	60.311675254492904	False
Abexinostat	19284	8.223918e-10	4800	60.32424280507729	False
4-Methylpiperazin-1-Yl Carbonyl Group	19150	8.2194956e-10	4801	60.33681035566168	False
Obinutuzumab	16230	8.208529e-10	4802	60.34937790624607	False
Chlorpromazine	14178	8.200751e-10	4803	60.36194545683047	False
3-(2-aminoquinazolin-6-yl)-4-methyl-1-[3-(trifluoromethyl)phenyl]pyridin-2(1H)-one	17052	8.172317e-10	4804	60.374513007414855	False
Cositecan	18217	8.170805e-10	4805	60.38708055799925	False
5-Chloryl-2,4,6-Quinazolinetriamine	19948	8.167128e-10	4806	60.399648108583634	False
Ellagic acid	15828	8.163048e-10	4807	60.41221565916802	False
N-(4-ACETYLPHENYL)-5-(5-CHLORO-2,4-DIHYDROXYPHENYL)-1H-PYRAZOLE-4-CARBOXAMIDE	18649	8.160262e-10	4808	60.42478320975242	False
3-(2-aminoquinazolin-6-yl)-1-(3,3-dimethylindolin-6-yl)-4-methylpyridin-2(1H)-one	17051	8.155842e-10	4809	60.437350760336805	False
Diazepam	14245	8.150073e-10	4810	60.449918310921205	False
Gemeprost	17038	8.148037e-10	4811	60.46248586150559	False
9-Methylguanine	15341	8.145007e-10	4812	60.475053412089984	False
5-(5-chloro-2,4-dihydroxyphenyl)-N-ethyl-4-[4-(morpholin-4-ylmethyl)phenyl]isoxazole-3-carboxamide	18652	8.1426926e-10	4813	60.48762096267437	False
N-hydroxy-4-({4-[4-(trifluoromethyl)phenoxy]phenyl}sulfonyl)tetrahydro-2H-pyran-4-carboxamide	19735	8.1205137e-10	4814	60.50018851325877	False
Fluciclovine (18F)	16474	8.1052876e-10	4815	60.512756063843156	False
Gabexate	14805	8.0984874e-10	4816	60.52532361442755	False
Deoxyuridine monophosphate	16964	8.09401e-10	4817	60.537891165011935	False
Arginine	15912	8.089102e-10	4818	60.550458715596335	False
Thymidine-5'- Diphosphate	19437	8.0632384e-10	4819	60.56302626618072	False
2-amino-N-(4-methyl-1,3-thiazol-2-yl)-5-[(4-methyl-4H-1,2,4-triazol-3-yl)sulfanyl]benzamide	18419	8.061931e-10	4820	60.575593816765114	False
1-ACETYL-2-CARBOXYPIPERIDINE	19898	8.043807e-10	4821	60.5881613673495	False
N'-(6-aminopyridin-3-yl)-N-(2-cyclopentylethyl)-4-methyl-benzene-1,3-dicarboxamide	17053	8.024591e-10	4822	60.6007289179339	False
2-HYDROXYMETHYL-6-OCTYLSULFANYL-TETRAHYDRO-PYRAN-3,4,5-TRIOL	16535	8.0111023e-10	4823	60.613296468518286	False
N-alpha-Acetyl-3,5-diiodotyrosyl-D-threonine	19240	8.007955e-10	4824	60.62586401910268	False
Dyphylline	15956	8.006092e-10	4825	60.63843156968707	False
SR11254	16481	8.0030377e-10	4826	60.65099912027145	False
(5S)-2-{[(1S)-1-(4-Fluorophenyl)ethyl]amino}-5-(2-hydroxy-2-propanyl)-5-methyl-1,3-thiazol-4(5H)-one	16980	7.99631e-10	4827	60.66356667085585	False
2-(Acetylamino)-2-Deoxy-6-O-Methyl-Alpha-D-Allopyranose	18425	7.9863716e-10	4828	60.676134221440236	False
2,3,4,5,6-Pentafluorobenzyl Alcohol	17288	7.9803264e-10	4829	60.688701772024636	False
Sebacic acid	16425	7.979094e-10	4830	60.70126932260902	False
Beta-(2-Naphthyl)-Alanine	16089	7.9743623e-10	4831	60.713836873193415	False
Capric dimethyl amine oxide	17074	7.9729934e-10	4832	60.7264044237778	False
NOX-700	18585	7.9676576e-10	4833	60.7389719743622	False
[3-(Dodecanoylamino)Propyl](Hydroxy)Dimethylammonium	17429	7.963631e-10	4834	60.75153952494659	False
N-Ethyl-5'-Carboxamido Adenosine	18716	7.943834e-10	4835	60.76410707553098	False
4-CHLORO-6-(4-{4-[4-(METHYLSULFONYL)BENZYL]PIPERAZIN-1-YL}-1H-PYRAZOL-5-YL)BENZENE-1,3-DIOL	18650	7.9419393e-10	4836	60.776674626115366	False
Somatrem	16272	7.926186e-10	4837	60.789242176699766	False
Thiosulfuric acid	15888	7.917393e-10	4838	60.80180972728415	False
Nelarabine	14919	7.9026974e-10	4839	60.814377277868545	False
Adenosine 3',5'-diphosphate	17988	7.8917173e-10	4840	60.82694482845293	False
N-Cyclopentyl-N-Cyclobutylformamide	16702	7.8895795e-10	4841	60.83951237903733	False
Vinylglycine	19669	7.876709e-10	4842	60.852079929621716	False
Artenimol	15242	7.8690504e-10	4843	60.864647480206116	False
3-Tyrosine	17438	7.8674295e-10	4844	60.8772150307905	False
5'-O-(L-Prolylsulfamoyl)adenosine	16562	7.8610846e-10	4845	60.88978258137489	False
Abaloparatide	19661	7.8537565e-10	4846	60.90235013195928	False
ATL1102	17418	7.848545e-10	4847	60.91491768254367	False
2-Aminobenzyl alcohol	19120	7.836788e-10	4848	60.92748523312807	False
2-Amino-1H-benzimidazol-5-ol	18013	7.824973e-10	4849	60.94005278371245	False
1-(2-Chlorophenyl)-3,5-Dimethyl-1h-Pyrazole-4-Carboxylic Acid Ethyl Ester	17327	7.824301e-10	4850	60.952620334296846	False
4-bromo-6-(6-hydroxy-1,2-benzisoxazol-3-yl)benzene-1,3-diol	18661	7.821854e-10	4851	60.96518788488123	False
Thiopental	15834	7.8152035e-10	4852	60.97775543546563	False
2-[(2-methoxyethyl)amino]-4-(4-oxo-1,2,3,4-tetrahydro-9H-carbazol-9-yl)benzamide	18670	7.811e-10	4853	60.99032298605002	False
Hydroxocobalamin	14106	7.7951945e-10	4854	61.00289053663441	False
Gabapentin	14709	7.776083e-10	4855	61.015458087218796	False
1-naphthaleneacetic acid	19829	7.775593e-10	4856	61.028025637803196	False
Ferric pyrophosphate citrate	16296	7.7749857e-10	4857	61.04059318838758	False
Nafarelin	16575	7.7740364e-10	4858	61.05316073897198	False
Capsicum oleoresin	18374	7.752522e-10	4859	61.06572828955636	False
Tositumomab	16228	7.743285e-10	4860	61.07829584014076	False
S-octylglutathione	17793	7.738959e-10	4861	61.09086339072515	False
Bisindolylmaleimide VIII	18760	7.73769e-10	4862	61.10343094130953	False
Alprenolol	15128	7.726349e-10	4863	61.11599849189393	False
N-(4-chlorobenzyl)-N-methylbenzene-1,4-disulfonamide	19721	7.7198525e-10	4864	61.12856604247832	False
4-O-(4,6-Dideoxy-4-{[4-[(4-O-Hexopyranosylhexopyranosyl)Oxy]-5,6-Dihydroxy-3-(Hydroxymethyl)Cyclohex-2-En-1-Yl]Amino}Hexopyranosyl)Hexopyranose	15760	7.719602e-10	4865	61.14113359306271	False
2-(6-{[(3-chloro-2-methylphenyl)sulfonyl]amino}pyridin-2-yl)-N,N-diethylacetamide	16982	7.717173e-10	4866	61.1537011436471	False
(6AR,11AS,11BR)-10-ACETYL-9-HYDROXY-7,7-DIMETHYL-2,6,6A,7,11A,11B-HEXAHYDRO-11H-PYRROLO[1',2':2,3]ISOINDOLO[4,5,6-CD]INDOL-11-ONE	19923	7.716761e-10	4867	61.1662686942315	False
Para-Bromobenzyl Alcohol	17291	7.696329e-10	4868	61.178836244815884	False
Phenylalanine	16031	7.685225e-10	4869	61.19140379540028	False
Benzatropine	14139	7.6841983e-10	4870	61.20397134598466	False
Mardepodect	17500	7.6751616e-10	4871	61.21653889656906	False
S-METHYL-4,5,6,7-TETRABROMO-BENZIMIDAZOLE	18806	7.671473e-10	4872	61.22910644715345	False
Thrombin alfa	15978	7.670157e-10	4873	61.24167399773784	False
Ovalicin	18938	7.6608864e-10	4874	61.25424154832223	False
4-(1h-Imidazol-4-Yl)-3-(5-Ethyl-2,4-Dihydroxy-Phenyl)-1h-Pyrazole	18641	7.660828e-10	4875	61.26680909890663	False
Ropeginterferon alfa-2b	15409	7.659163e-10	4876	61.27937664949101	False
FR-234938	19256	7.6392187e-10	4877	61.29194420007541	False
Virginiamycin S1	19885	7.625753e-10	4878	61.3045117506598	False
Cytisine	17891	7.609044e-10	4879	61.31707930124419	False
FLX475	20195	7.608246e-10	4880	61.32964685182858	False
Naronapride	16288	7.601559e-10	4881	61.342214402412964	False
Reslizumab	18798	7.5947765e-10	4882	61.354781952997364	False
4-{[(CYCLOHEXYLAMINO)CARBONYL]AMINO}BUTANOIC ACID	18171	7.5926043e-10	4883	61.36734950358175	False
5-[1-(3,4-Dimethoxy-Benzoyl)-1,2,3,4-Tetrahydro-Quinolin-6-Yl]-6-Methyl-3,6-Dihydro-[1,3,4]Thiadiazin-2-One	18379	7.5842094e-10	4884	61.37991705416614	False
Triglu-5-formyl-tetrahydrofolate	17012	7.574552e-10	4885	61.39248460475053	False
GW 597599	17096	7.5736856e-10	4886	61.40505215533493	False
Tiotropium	15166	7.5576106e-10	4887	61.417619705919314	False
4,5-bis(4-methoxyphenyl)-2-thiophen-2-yl-1H-imidazole	17497	7.545929e-10	4888	61.43018725650371	False
N-(4-phenoxyphenyl)-2-[(pyridin-4-ylmethyl)amino]nicotinamide	17046	7.5366513e-10	4889	61.44275480708809	False
Arbaclofen Placarbil	16678	7.535286e-10	4890	61.45532235767249	False
(2E)-N-hydroxy-3-[1-methyl-4-(phenylacetyl)-1H-pyrrol-2-yl]prop-2-enamide	18963	7.531047e-10	4891	61.46788990825688	False
Eniluracil	18193	7.529237e-10	4892	61.48045745884127	False
7,8-Dichloro-1,2,3,4-tetrahydroisoquinoline	17969	7.521615e-10	4893	61.493025009425665	False
Defibrotide	15958	7.520138e-10	4894	61.50559256001006	False
CD564	16483	7.5178147e-10	4895	61.518160110594444	False
Tricarballylic acid	20088	7.5043766e-10	4896	61.530727661178844	False
gamma-Aminobutyric acid	16674	7.5028883e-10	4897	61.54329521176323	False
Sargramostim	17495	7.498854e-10	4898	61.55586276234762	False
Pegademase	18098	7.4934203e-10	4899	61.56843031293201	False
4-[(5-methoxy-2-methylphenoxy)methyl]pyridine	16424	7.477088e-10	4900	61.580997863516394	False
4-PIPERIDIN-4-YLBUTANAL	18909	7.46996e-10	4901	61.593565414100794	False
Calcium phosphate dihydrate	14486	7.4693907e-10	4902	61.60613296468518	False
Tryptophanyl-5'amp	16703	7.4588985e-10	4903	61.61870051526957	False
4-Oxosebacic Acid	16186	7.451504e-10	4904	61.63126806585396	False
5-CHLORO-6-METHYL-N-(2-PHENYLETHYL)-2-PYRIDIN-2-YLPYRIMIDIN-4-AMINE	19975	7.451035e-10	4905	61.64383561643836	False
Nitroxoline	18931	7.4508216e-10	4906	61.656403167022745	False
Sertindole	15196	7.44423e-10	4907	61.66897071760714	False
Carbenoxolone	16977	7.4391066e-10	4908	61.681538268191524	False
Ethoxzolamide	16789	7.419127e-10	4909	61.694105818775924	False
LY2275796	18187	7.413101e-10	4910	61.70667336936031	False
Oxprenolol	15175	7.3937834e-10	4911	61.71924091994471	False
SC-236	20186	7.391598e-10	4912	61.731808470529096	False
METHYLAMINO-PHENYLALANYL-LEUCYL-HYDROXAMIC ACID	18105	7.3898077e-10	4913	61.74437602111349	False
6-FLUORO-2-[2-HYDROXY-3-(2-METHYL-CYCLOHEXYLOXY)-PHENYL]-1H-INDOLE-5-CARBOXAMIDINE	18019	7.381708e-10	4914	61.756943571697875	False
Geranylgeranyl diphosphate	17738	7.370298e-10	4915	61.769511122282275	False
Butabarbital	14137	7.369061e-10	4916	61.78207867286666	False
Guanosine-5'-Diphosphate-Rhamnose	19459	7.364312e-10	4917	61.794646223451046	False
NF-kappaB Decoy	20155	7.3602113e-10	4918	61.80721377403544	False
Phenolphthalein	16377	7.345668e-10	4919	61.819781324619825	False
Chlorpheniramine	14990	7.344113e-10	4920	61.832348875204225	False
Dihydrogenphosphate	17972	7.340443e-10	4921	61.84491642578861	False
sn-glycerol 3-phosphate	18571	7.333936e-10	4922	61.857483976373004	False
5-beta-D-ribofuranosylnicotinamide adenine dinucleotide	17293	7.3284695e-10	4923	61.87005152695739	False
Etorphine	17156	7.3177414e-10	4924	61.88261907754179	False
Buserelin	14824	7.314811e-10	4925	61.895186628126176	False
Trans-6-(2-Phenylcyclopropyl)-Naphthalene-2-Carboxamidine	18012	7.311017e-10	4926	61.907754178710576	False
6-[N-(1-Isopropyl-1,2,3,4-Tetrahydro-7-Isoquinolinyl)Carbamyl]-2-Naphthalenecarboxamidine	18008	7.303616e-10	4927	61.920321729294955	False
(R)-N-(1-Methyl-Hexyl)-Formamide	17294	7.302516e-10	4928	61.932889279879355	False
Pentaerythritol tetranitrate	14637	7.299396e-10	4929	61.94545683046374	False
2-(1H-pyrrol-1-ylcarbonyl)benzene-1,3,5-triol	18669	7.2985473e-10	4930	61.95802438104814	False
N-[4-([(2-Amino-4-oxo-1,4-dihydropyrido[3,2-d]pyrimidin-6-yl)methyl]{(2E)-3-[4-carbamoyl-1-(5-O-phosphono-beta-D-ribofuranosyl)-1H-imidazol-5-yl]-2-propenoyl}amino)benzoyl]-L-glutamic acid	18837	7.2911877e-10	4931	61.970591931632526	False
Tris(Hydroxyethyl)Aminomethane	18989	7.2886286e-10	4932	61.98315948221692	False
Aluminium	14337	7.284112e-10	4933	61.995727032801305	False
CX157	19235	7.283959e-10	4934	62.008294583385705	False
omega interferon	17103	7.266919e-10	4935	62.02086213397009	False
(5S)-4,5-difluoro-6-[(2-fluoro-4-iodophenyl)imino]-N-(2-hydroxyethoxy)cyclohexa-1,3-diene-1-carboxamide	17975	7.2644796e-10	4936	62.03342968455448	False
Calcium citrate	14436	7.264147e-10	4937	62.04599723513887	False
(6R)-2-amino-6-[2-(3'-methoxybiphenyl-3-yl)ethyl]-3,6-dimethyl-5,6-dihydropyrimidin-4(3H)-one	18251	7.259839e-10	4938	62.058564785723256	False
OSI-7904L	16967	7.2597417e-10	4939	62.071132336307656	False
liposomal prostaglandin E1	18381	7.256129e-10	4940	62.08369988689204	False
Arbaclofen	16677	7.251356e-10	4941	62.096267437476435	False
Trifluoroethanol	17295	7.247374e-10	4942	62.10883498806082	False
N-[4-(AMINOSULFONYL)BENZYL]-5-(5-CHLORO-2,4-DIHYDROXYPHENYL)-1H-PYRAZOLE-4-CARBOXAMIDE	18647	7.2389733e-10	4943	62.12140253864522	False
Declopramide	17665	7.225387e-10	4944	62.13397008922961	False
3-ETHYL-6-{[(4-FLUOROPHENYL)SULFONYL]AMINO}-2-METHYLBENZOIC ACID	18945	7.2232786e-10	4945	62.14653763981401	False
Ziprasidone	14140	7.218485e-10	4946	62.15910519039839	False
N-cyclopropyl-N-(trans-4-pyridin-3-ylcyclohexyl)-4-[(1S)-2,2,2-trifluoro-1-hydroxy-1-methylethyl]benzamide	16985	7.215402e-10	4947	62.171672740982785	False
2-[(4-ETHYNYL-2-FLUOROPHENYL)AMINO]-3,4-DIFLUORO-N-(2-HYDROXYETHOXY)BENZAMIDE	17979	7.215099e-10	4948	62.18424029156717	False
(2S)-2-(1H-indol-3-yl)hexanoic acid	19830	7.1956247e-10	4949	62.19680784215157	False
4-chloro-6-{5-[(2-morpholin-4-ylethyl)amino]-1,2-benzisoxazol-3-yl}benzene-1,3-diol	18663	7.1927164e-10	4950	62.20937539273596	False
Crotalus adamanteus antivenin	14627	7.188012e-10	4951	62.22194294332035	False
Pyridoxine phosphate	14647	7.184257e-10	4952	62.234510493904736	False
Hexadecanesulfonyl fluoride	20100	7.1835166e-10	4953	62.24707804448912	False
Cinchocaine	14842	7.178476e-10	4954	62.25964559507352	False
methyl 4-(2,3-dihydroxy-5-methylphenoxy)-2-hydroxy-6-methylbenzoate	18199	7.1753686e-10	4955	62.27221314565791	False
[(3,7,11-TRIMETHYL-DODECA-2,6,10-TRIENYLOXYCARBAMOYL)-METHYL]-PHOSPHONIC ACID	19296	7.1749034e-10	4956	62.2847806962423	False
N-(5-{3,4-difluoro-2-[(2-fluoro-4-iodophenyl)amino]phenyl}-1,3,4-oxadiazol-2-yl)ethane-1,2-diamine	17978	7.171032e-10	4957	62.29734824682669	False
Interferon alfa-2a, Recombinant	15281	7.144328e-10	4958	62.30991579741109	False
N-acetyl-beta-D-glucosaminyl-(1->4)-N-acetyl-beta-D-glucosamine	16749	7.1245154e-10	4959	62.32248334799547	False
Icodextrin	15754	7.1242706e-10	4960	62.335050898579865	False
Monothioglycerol	19203	7.1161493e-10	4961	62.34761844916426	False
Erdosteine	14920	7.1106676e-10	4962	62.36018599974865	False
N-[(CYCLOHEXYLAMINO)CARBONYL]GLYCINE	18170	7.1048656e-10	4963	62.37275355033304	False
Molsidomine	14648	7.1019934e-10	4964	62.38532110091744	False
ND7001	19164	7.09341e-10	4965	62.39788865150182	False
Benralizumab	19177	7.0928957e-10	4966	62.410456202086216	False
Xanthine	15340	7.092274e-10	4967	62.4230237526706	False
N-[O-Phosphono-Pyridoxyl]-Isoleucine	17617	7.0913e-10	4968	62.435591303255	False
Alfacalcidol	14562	7.09107e-10	4969	62.44815885383939	False
Tioguanine	14628	7.0589534e-10	4970	62.46072640442378	False
1,2,3,4-Tetrahydro-Isoquinoline-7-Sulfonic Acid Amide	17959	7.0460937e-10	4971	62.47329395500817	False
4'-Hydroxyflavanone	17550	7.0434997e-10	4972	62.48586150559255	False
6-hydroxy-1,6-dihydro purine nucleoside	19255	7.030226e-10	4973	62.49842905617695	False
Teprotumumab	17955	7.016602e-10	4974	62.51099660676134	False
Etheno-Nadp	18839	7.0164413e-10	4975	62.52356415734573	False
Secobarbital	15297	7.007668e-10	4976	62.53613170793012	False
N-1-methylheptylformamide	17289	7.006598e-10	4977	62.54869925851452	False
Spermidine	16533	7.002978e-10	4978	62.5612668090989	False
3'-THIO-THYMIDINE-5'-PHOSPHATE	19332	7.002938e-10	4979	62.5738343596833	False
2-AMINO-4-(2,4-DICHLOROPHENYL)-N-ETHYLTHIENO[2,3-D]PYRIMIDINE-6-CARBOXAMIDE	18674	6.974652e-10	4980	62.58640191026769	False
Benzyl N-[(2S)-5-(diaminomethylamino)-1-[[(2S)-4-fluoro-3-oxobutan-2-yl]amino]-1-oxopentan-2-yl]carbamate	18918	6.9723904e-10	4981	62.59896946085208	False
Amphetamine	15074	6.954354e-10	4982	62.61153701143647	False
Levodopa	14321	6.9502964e-10	4983	62.62410456202087	False
16-Bromoepiandrosterone	18589	6.9484934e-10	4984	62.636672112605254	False
Piboserod	16286	6.946267e-10	4985	62.64923966318965	False
12-Phenylheme	17640	6.913382e-10	4986	62.66180721377403	False
Dimethylallyl Diphosphate	17731	6.904843e-10	4987	62.67437476435843	False
7A-[(4-cyanophenyl)methyl]-6-(3,5-dichlorophenyl)-5-oxo-2,3,5,7A-tetrahydro-1H-pyrrolo[1,2-A]pyrrole-7-carbonitrile	17364	6.879353e-10	4988	62.68694231494282	False
Mefloquine	14701	6.8761e-10	4989	62.69950986552721	False
ABT-510	16513	6.8660216e-10	4990	62.7120774161116	False
Temafloxacin	15334	6.849266e-10	4991	62.72464496669598	False
L-thioproline	19991	6.8476336e-10	4992	62.73721251728038	False
Hexobarbital	14611	6.842281e-10	4993	62.74978006786477	False
Benzamidine	18011	6.841041e-10	4994	62.76234761844917	False
Lenograstim	17773	6.825349e-10	4995	62.77491516903355	False
CTCE-0214	18689	6.824204e-10	4996	62.78748271961795	False
9-Butyl-8-(2-Chloro-3,4,5-Trimethoxy-Benzyl)-9h-Purin-6-Ylamine	18640	6.819506e-10	4997	62.800050270202334	False
2,3-DIMETHOXY-12H-[1,3]DIOXOLO[5,6]INDENO[1,2-C]ISOQUINOLIN-6-IUM	18220	6.814955e-10	4998	62.812617820786734	False
Garenoxacin	15353	6.800789e-10	4999	62.82518537137112	False
2,4-Difluorobenzyl Alcohol 2,4-Difluoro-1-(Hydroxymethyl)Benzene	17299	6.790717e-10	5000	62.83775292195551	False
Dpb-T	18925	6.782743e-10	5001	62.8503204725399	False
3,6-dihydroxy-xanthene-9-propionic acid	17525	6.7658174e-10	5002	62.8628880231243	False
2',3'-Dehydro-2',3'-Deoxy-Thymidine 5'-Diphosphate	19434	6.759574e-10	5003	62.875455573708685	False
6-Carboxymethyluracil	18191	6.7529893e-10	5004	62.88802312429308	False
2-Isobutyl-3-methoxypyrazine	20015	6.747156e-10	5005	62.90059067487746	False
Xanthinol	15951	6.739671e-10	5006	62.91315822546186	False
Interferon alfa	15346	6.7388484e-10	5007	62.92572577604625	False
N-[(4-HYDROXY-8-IODOISOQUINOLIN-3-YL)CARBONYL]GLYCINE	19265	6.722775e-10	5008	62.938293326630635	False
9-DEAZAINOSINE-2',3'-O-ETHYLIDENEPHOSPHONATE	16737	6.713754e-10	5009	62.95086087721503	False
CX516	17517	6.712871e-10	5010	62.963428427799414	False
Cpad	17296	6.708199e-10	5011	62.975995978383814	False
Tetramethylammonium	18929	6.704975e-10	5012	62.9885635289682	False
9-Butyl-8-(2,5-Dimethoxy-Benzyl)-2-Fluoro-9h-Purin-6-Ylamine	18644	6.70174e-10	5013	63.0011310795526	False
N-cyclohexyltaurine	18845	6.694918e-10	5014	63.013698630136986	False
(20S)-19,20,21,22-TETRAHYDRO-19-OXO-5H-18,20-ETHANO-12,14-ETHENO-6,10-METHENO-18H-BENZ[D]IMIDAZO[4,3-K][1,6,9,12]OXATRIAZA-CYCLOOCTADECOSINE-9-CARBONITRILE	19298	6.6880773e-10	5015	63.02626618072138	False
3-({2-[(2-AMINO-6-METHYLPYRIMIDIN-4-YL)ETHYNYL]BENZYL}AMINO)-1,3-OXAZOL-2(3H)-ONE	18658	6.6813066e-10	5016	63.038833731305765	False
Cefmetazole	14145	6.6758676e-10	5017	63.051401281890165	False
8-(6-BROMO-BENZO[1,3]DIOXOL-5-YLSULFANYL)-9-(3-ISOPROPYLAMINO-PROPYL)-ADENINE	18664	6.6630573e-10	5018	63.06396883247455	False
2,3-diphenyl-1H-indole-7-carboxylic acid	18861	6.660376e-10	5019	63.076536383058944	False
L-Dilinoleoyllecithin	18130	6.6568334e-10	5020	63.08910393364333	False
N-Formylpiperidine	17297	6.655716e-10	5021	63.10167148422773	False
9-Butyl-8-(4-Methoxybenzyl)-9h-Purin-6-Amine	18643	6.654802e-10	5022	63.114239034812115	False
2-(N-morpholino)ethanesulfonic acid	16751	6.63255e-10	5023	63.12680658539651	False
7-HYDROXY-4-METHYL-3-(2-HYDROXY-ETHYL)COUMARIN	19978	6.622614e-10	5024	63.139374135980894	False
2',3'-dideoxy-3'-fluoro-urididine-5'-diphosphate	19439	6.6182326e-10	5025	63.151941686565294	False
tert-butanol	17143	6.6138917e-10	5026	63.16450923714968	False
Pamidronic acid	17727	6.6078515e-10	5027	63.177076787734066	False
4-Hydroxy-Aconitate Ion	20085	6.607612e-10	5028	63.18964433831846	False
Maltosyl-Alpha (1,4)-D-Gluconhydroximo-1,5-Lactam	19387	6.591865e-10	5029	63.20221188890285	False
1-({2-[2-(4-CHLOROPHENYL)ETHYL]-1,3-DIOXOLAN-2-YL}METHYL)-1H-IMIDAZOLE	17643	6.565865e-10	5030	63.214779439487245	False
Batimastat	18739	6.557667e-10	5031	63.22734699007163	False
Gemifloxacin	15325	6.5428124e-10	5032	63.23991454065603	False
ZEN-012	16027	6.516832e-10	5033	63.25248209124042	False
Pimobendan	15382	6.5147443e-10	5034	63.26504964182481	False
7,8-dihydroinosine	19252	6.51329e-10	5035	63.277617192409195	False
Cardarine	16256	6.5017597e-10	5036	63.290184742993596	False
Volixibat	19722	6.499986e-10	5037	63.30275229357798	False
Bendroflumethiazide	14762	6.4927996e-10	5038	63.315319844162374	False
Prochlorperazine	15100	6.485436e-10	5039	63.32788739474676	False
Clodronic acid	14665	6.4583894e-10	5040	63.34045494533116	False
Lanoteplase	16639	6.4495137e-10	5041	63.353022495915546	False
Evening primrose oil	14750	6.443415e-10	5042	63.36559004649994	False
XMT-1001	18218	6.435321e-10	5043	63.378157597084325	False
(2S,3R)-3-(6-amino-9H-purin-9-yl)nonan-2-ol	19261	6.4132893e-10	5044	63.39072514766871	False
XmAb 2513	19633	6.3990185e-10	5045	63.40329269825311	False
Crotalus atrox antivenin	14626	6.389517e-10	5046	63.4158602488375	False
Methazolamide	16792	6.3804084e-10	5047	63.4284277994219	False
N-[1-(5-bromo-2,3-dimethoxybenzyl)piperidin-4-yl]-4-sulfanylbutanamide	18258	6.3772204e-10	5048	63.44099535000628	False
Setiptiline	20147	6.3756395e-10	5049	63.453562900590676	False
Romosozumab	20189	6.372089e-10	5050	63.46613045117506	False
Beta carotene	14053	6.3651656e-10	5051	63.47869800175946	False
Tosedostat	19007	6.3612576e-10	5052	63.49126555234385	False
8-(2-Chloro-3,4,5-Trimethoxy-Benzyl)-2-Fluoro-9-Pent-4-Ylnyl-9h-Purin-6-Ylamine	18635	6.360432e-10	5053	63.50383310292824	False
Ciprofibrate	16264	6.3590494e-10	5054	63.516400653512626	False
6,6-DIMETHYL-1-[3-(2,4,5-TRICHLOROPHENOXY)PROPOXY]-1,6-DIHYDRO-1,3,5-TRIAZINE-2,4-DIAMINE	16971	6.337835e-10	5055	63.528968204097026	False
6-Aminohexyl-uridine-C1,5'-diphosphate	16748	6.3185956e-10	5056	63.54153575468141	False
Oxolinic acid	15401	6.3080474e-10	5057	63.554103305265805	False
Acid yellow 54 free acid	18836	6.30599e-10	5058	63.56667085585019	False
Hypoxanthine	15342	6.304295e-10	5059	63.57923840643459	False
Glutathionylspermidine disulfide	17526	6.29383e-10	5060	63.59180595701898	False
N'-(2s,3r)-3-Amino-4-Cyclohexyl-2-Hydroxy-Butano-N-(4-Methylphenyl)Hydrazide	18935	6.287075e-10	5061	63.60437350760337	False
2-(2-QUINOLIN-3-YLPYRIDIN-4-YL)-1,5,6,7-TETRAHYDRO-4H-PYRROLO[3,2-C]PYRIDIN-4-ONE	18890	6.2808664e-10	5062	63.61694105818776	False
3-(INDOL-3-YL) LACTATE	19827	6.2703087e-10	5063	63.62950860877214	False
[4-({4-[(5-cyclopropyl-1H-pyrazol-3-yl)amino]quinazolin-2-yl}amino)phenyl]acetonitrile	17865	6.2686706e-10	5064	63.64207615935654	False
PYRIMIDINE-4,6-DICARBOXYLIC ACID BIS-[(PYRIDIN-3-YLMETHYL)-AMIDE]	18208	6.2626354e-10	5065	63.65464370994093	False
(Z)-2-[2-(4-methylpiperazin-1-yl)benzyl]diazenecarbothioamide	18732	6.2573696e-10	5066	63.66721126052533	False
(3R)-3-HYDROXYDODECANOIC ACID	19980	6.2504396e-10	5067	63.67977881110971	False
2-Deoxy-2-Amino Glucitol-6-Phosphate	18947	6.242909e-10	5068	63.692346361694106	False
Enflurane	14136	6.2375416e-10	5069	63.70491391227849	False
4-(5,11-DIOXO-5H-INDENO[1,2-C]ISOQUINOLIN-6(11H)-YL)BUTANOATE	18221	6.2235783e-10	5070	63.71748146286289	False
N-[(2-AMINO-6-METHYLPYRIMIDIN-4-YL)METHYL]-3-{[(E)-(2-OXODIHYDROFURAN-3(2H)-YLIDENE)METHYL]AMINO}BENZENESULFONAMIDE	18659	6.2217503e-10	5071	63.73004901344728	False
(2E)-3-(3,4-DIHYDROXYPHENYL)-2-IMINOPROPANOIC ACID	19987	6.2124295e-10	5072	63.74261656403167	False
4,6-Dideoxy-4-{[4,5,6-Trihydroxy-3-(Hydroxymethyl)Cyclohex-2-En-1-Yl]Amino}-Alpha-D-Lyxo-Hexopyranosyl-(1->4)-Alpha-D-Threo-Hexopyranosyl-(1->6)-Alpha-L-Threo-Hexopyranose	19390	6.2038685e-10	5073	63.75518411461606	False
8-Benzo[1,3]Dioxol-,5-Ylmethyl-9-Butyl-2-Fluoro-9h-Purin-6-Ylamine	18645	6.202106e-10	5074	63.76775166520046	False
Technetium Tc-99m nofetumomab merpentan	16231	6.197056e-10	5075	63.78031921578484	False
2-(4-Chlorophenyl)-5-Quinoxalinecarboxamide	19023	6.182299e-10	5076	63.792886766369236	False
Eflornithine	17128	6.177101e-10	5077	63.80545431695362	False
Adefovir dipivoxil	15817	6.1679883e-10	5078	63.81802186753802	False
Penbutolol	14547	6.157586e-10	5079	63.83058941812241	False
6-[(Z)-Amino(Imino)Methyl]-N-[4-(Aminomethyl)Phenyl]-4-(Pyrimidin-2-Ylamino)-2-Naphthamide	18010	6.156846e-10	5080	63.84315696870681	False
1-((1R,2S)-1-{2-[2-(4-CHLOROPHENYL)-1,3-BENZOXAZOL-7-YL]ETHYL}-2-HYDROXYPROPYL)-1H-IMIDAZOLE-4-CARBOXAMIDE	19264	6.143825e-10	5081	63.85572451929119	False
L-aminocarnityl-succinyl-leucyl-argininal-diethylacetal	19629	6.1398886e-10	5082	63.86829206987558	False
Canaline	17168	6.135967e-10	5083	63.88085962045997	False
(2S)-2-HYDROXYOCTANOIC ACID	19828	6.11909e-10	5084	63.89342717104436	False
Selisistat	19377	6.116313e-10	5085	63.90599472162876	False
alpha-Naphthoflavone	19342	6.111264e-10	5086	63.918562272213144	False
GLUTATHIONE SULFINATE	17790	6.1051475e-10	5087	63.93112982279754	False
Acefylline	15399	6.1022837e-10	5088	63.94369737338192	False
Apatorsen	19597	6.0990135e-10	5089	63.95626492396632	False
Pipemidic acid	15405	6.0784583e-10	5090	63.96883247455071	False
N(6)-(pyridoxal phosphate)-L-lysine	16821	6.070973e-10	5091	63.9814000251351	False
Cepeginterferon alfa-2B	15394	6.067801e-10	5092	63.99396757571949	False
Dodecyl-Alpha-D-Maltoside	16484	6.066505e-10	5093	64.00653512630389	False
N,O6-Disulfo-Glucosamine	17555	6.066505e-10	5094	64.01910267688827	False
12-Bromododecanoic Acid	19931	6.061174e-10	5095	64.03167022747267	False
2-(2-PHENYL-3-PYRIDIN-2-YL-4,5,6,7-TETRAHYDRO-2H-ISOPHOSPHINDOL-1-YL)PYRIDINE	17530	6.0579486e-10	5096	64.04423777805705	False
N-oxo-2-[(4-phenylphenyl)sulfonylamino]ethanamide	18780	6.051551e-10	5097	64.05680532864146	False
Oxibendazole	18885	6.049174e-10	5098	64.06937287922584	False
5alpha-androstane-3beta,17alpha-diol	14532	6.0449634e-10	5099	64.08194042981023	False
Doxofylline	15375	6.0431304e-10	5100	64.09450798039462	False
(5E,7S)-2-amino-7-(4-fluoro-2-pyridin-3-ylphenyl)-4-methyl-7,8-dihydroquinazolin-5(6H)-one oxime	18666	6.0396277e-10	5101	64.107075530979	False
Tandutinib	16493	6.030132e-10	5102	64.11964308156341	False
ADX-10061	17542	6.028418e-10	5103	64.13221063214779	False
Interferon beta-1b	15285	6.0257854e-10	5104	64.14477818273218	False
Caplacizumab	18410	6.024142e-10	5105	64.15734573331657	False
Acarbose Derived Hexasaccharide	15759	6.021305e-10	5106	64.16991328390097	False
(2R,3R)-2,3-Dihydroxy-4-oxo-4-(propylamino)butanoic acid	18608	6.0200644e-10	5107	64.18248083448536	False
gamma-Glutamylcysteine	16560	6.0136957e-10	5108	64.19504838506975	False
Regrelor	16332	6.0104155e-10	5109	64.20761593565413	False
Filaminast	17324	6.000725e-10	5110	64.22018348623854	False
OMS-103HP	17400	5.99361e-10	5111	64.23275103682292	False
Nomifensine	14550	5.9858873e-10	5112	64.24531858740733	False
(R)-Propylene glycol	19745	5.9699584e-10	5113	64.2578861379917	False
TD-2749	16289	5.9516314e-10	5114	64.2704536885761	False
3-isobutyl-1-methyl-7H-xanthine	16555	5.9477956e-10	5115	64.28302123916049	False
Thiorphan	16785	5.939905e-10	5116	64.29558878974488	False
Faricimab	16520	5.9358507e-10	5117	64.30815634032928	False
Cyclohexanol	17120	5.9345256e-10	5118	64.32072389091365	False
N~3~-BENZYLPYRIDINE-2,3-DIAMINE	18245	5.930475e-10	5119	64.33329144149805	False
3-carboxamido-1,3,5(10)-estratrien-17(R)-spiro-2'(5',5'-dimethyl-6'oxo)tetrahydropyran	17424	5.930136e-10	5120	64.34585899208244	False
Ziconotide	17028	5.9266075e-10	5121	64.35842654266683	False
Bethanidine	17521	5.926269e-10	5122	64.37099409325123	False
Resiniferatoxin	18373	5.904797e-10	5123	64.38356164383562	False
Fradafiban	17228	5.899945e-10	5124	64.39612919442	False
Gilteritinib	14463	5.8878263e-10	5125	64.4086967450044	False
Coenzyme A	17334	5.8874e-10	5126	64.42126429558878	False
Phylloquinone	17124	5.8848626e-10	5127	64.43383184617318	False
Prulifloxacin	15389	5.8847055e-10	5128	64.44639939675757	False
4-{[(2R)-2-(2-methylphenyl)pyrrolidin-1-yl]carbonyl}benzene-1,3-diol	18668	5.879208e-10	5129	64.45896694734196	False
8-(2,5-Dimethoxy-Benzyl)-2-Fluoro-9h-Purin-6-Ylamine	18638	5.866908e-10	5130	64.47153449792636	False
4-AMINO-2-OCTYLOXY-6-HYDROXYMETHYL-TETRAHYDRO-PYRAN-3,5-DIOL	16606	5.8634625e-10	5131	64.48410204851075	False
S-Methyl glutathione	18754	5.85133e-10	5132	64.49666959909514	False
L-methionine (R)-S-oxide	19550	5.8475363e-10	5133	64.50923714967954	False
WX-UK1	17611	5.8466e-10	5134	64.52180470026391	False
5-(HEXAHYDRO-2-OXO-1H-THIENO[3,4-D]IMIDAZOL-6-YL)PENTANAL	17579	5.839155e-10	5135	64.5343722508483	False
Dihydromorphine	17159	5.833167e-10	5136	64.5469398014327	False
L-erythro-7,8-dihydrobiopterin	15928	5.8297184e-10	5137	64.55950735201709	False
(4R)-4-(3-butoxy-4-methoxybenzyl)imidazolidin-2-one	18682	5.8279503e-10	5138	64.57207490260149	False
Lancovutide	14724	5.8234506e-10	5139	64.58464245318586	False
N6-ISOPENTENYL-ADENOSINE-5'-MONOPHOSPHATE	16708	5.8214517e-10	5140	64.59721000377027	False
Geneticin	17127	5.808021e-10	5141	64.60977755435465	False
6-(Hydroxyethyldithio)-8-(Aminomethylthio)Octanoic Acid	19275	5.807334e-10	5142	64.62234510493904	False
Etelcalcetide	17350	5.802141e-10	5143	64.63491265552344	False
Celiprolol	15186	5.7899474e-10	5144	64.64748020610783	False
TRANS-(1S,2S)-2-AMINO-1,2,3,4-TETRAHYDRONAPHTHALEN-1-OL	17971	5.7891414e-10	5145	64.66004775669222	False
3-Butylthiolane 1-Oxide	17292	5.7860944e-10	5146	64.67261530727662	False
Tyropanoic acid	14760	5.779532e-10	5147	64.68518285786101	False
Linsitinib	17954	5.774893e-10	5148	64.6977504084454	False
N-[4-(4-nitrophenylphospho)butanoyl]-D-alanine	19414	5.773747e-10	5149	64.71031795902978	False
4-methyl-umbelliferyl-N-acetyl-chitobiose	19746	5.773747e-10	5150	64.72288550961419	False
9-Butyl-8-(2,5-Dimethoxy-Benzyl)-9h-Purin-6-Ylamine	18633	5.77258e-10	5151	64.73545306019857	False
2-{[4-(4-pyridin-4-yl-1H-pyrazol-3-yl)phenoxy]methyl}quinoline	17499	5.771633e-10	5152	64.74802061078296	False
1-{3-oxo-3-[(2S)-2-(pyrrolidin-1-ylcarbonyl)pyrrolidin-1-yl]propyl}-3-phenylquinoxalin-2(1H)-one	19205	5.770698e-10	5153	64.76058816136735	False
Ulixertinib	18119	5.7657795e-10	5154	64.77315571195173	False
Procarbazine	14914	5.7608335e-10	5155	64.78572326253614	False
7-methyl-guanosine-5'-triphosphate	18186	5.7581523e-10	5156	64.79829081312052	False
Tolperisone	15356	5.7492416e-10	5157	64.81085836370491	False
Hydroxyaminovaline	18204	5.7465227e-10	5158	64.8234259142893	False
Pentoxifylline	15312	5.74626e-10	5159	64.8359934648737	False
2-[4-[(Z)-2-Acetamido-3-oxo-3-[[(3S)-2-oxo-1-[(4-phenylphenyl)methyl]azepan-3-yl]amino]prop-1-enyl]-2-formylphenyl]acetic acid	17846	5.739457e-10	5160	64.84856101545809	False
9-deazainosine	16730	5.7370386e-10	5161	64.86112856604248	False
17alpha-Estriol	17770	5.7364585e-10	5162	64.87369611662686	False
Cediranib	17040	5.7354194e-10	5163	64.88626366721127	False
Iron Dextran	14114	5.726871e-10	5164	64.89883121779565	False
5'-O-(N-Ethyl-Sulfamoyl)Adenosine	18906	5.713266e-10	5165	64.91139876838005	False
Labetuzumab	19997	5.7101507e-10	5166	64.92396631896443	False
1-(2-Fluorobenzyl)-3-Butyl-8-(N-Acetyl-4-Aminobenzyl)-Xanthine	18030	5.7078964e-10	5167	64.93653386954882	False
RPI-78M	17135	5.695368e-10	5168	64.94910142013322	False
Alpha-Aminobutyric Acid	17025	5.688008e-10	5169	64.96166897071761	False
N-(2-Aminoethyl)-5-Chloroisoquinoline-8-Sulfonamide	19484	5.674441e-10	5170	64.974236521302	False
(6S)-1-chloro-3-[(4-fluorobenzyl)oxy]-6-(pyrrolidin-1-ylcarbonyl)pyrrolo[1,2-a]pyrazin-4(6H)-one	19204	5.6742033e-10	5171	64.9868040718864	False
Moricizine	16569	5.6719307e-10	5172	64.99937162247078	False
(3E)-3-[(phenylamino)methylidene]dihydrofuran-2(3H)-one	18656	5.670654e-10	5173	65.01193917305517	False
(3R)-N-(4-CHLOROPHENYL)-3-(HYDROXYMETHYL)-1,2,3,4-TETRAHYDROISOQUINOLINE-7-SULFONAMIDE	17964	5.668005e-10	5174	65.02450672363956	False
12-Hydroxydodecanoic Acid	15952	5.6639093e-10	5175	65.03707427422395	False
Esculin	14744	5.6447447e-10	5176	65.04964182480835	False
p-Benzoyl-L-phenylalanine	16709	5.6403643e-10	5177	65.06220937539273	False
Fica	19118	5.6335586e-10	5178	65.07477692597713	False
Enrofloxacin	15380	5.6251087e-10	5179	65.08734447656151	False
Gallium citrate Ga-67	20201	5.622341e-10	5180	65.0999120271459	False
5-[(3R)-3-(5-methoxy-3',5'-dimethylbiphenyl-3-yl)but-1-yn-1-yl]-6-methylpyrimidine-2,4-diamine	17006	5.614561e-10	5181	65.1124795777303	False
Irofulven	19591	5.604803e-10	5182	65.12504712831469	False
Sofalcone	15815	5.594592e-10	5183	65.13761467889908	False
5-Iodouracil	18194	5.5942506e-10	5184	65.15018222948348	False
3-(1H-indol-3-yl)-4-{1-[2-(1-methylpyrrolidin-2-yl)ethyl]-1H-indol-3-yl}-1H-pyrrole-2,5-dione	19802	5.5912003e-10	5185	65.16274978006787	False
AMD-070	18038	5.5862753e-10	5186	65.17531733065226	False
Mesoxalic acid	16498	5.5843363e-10	5187	65.18788488123664	False
6-phospho-D-gluconic acid	18784	5.583527e-10	5188	65.20045243182105	False
2'-Deoxyguanosine-5'-Diphosphate	19438	5.5828026e-10	5189	65.21301998240543	False
Disopyramide	14538	5.573419e-10	5190	65.22558753298982	False
Aminopterin	14683	5.569094e-10	5191	65.23815508357421	False
Lithium citrate	17829	5.566004e-10	5192	65.25072263415859	False
Erythrityl tetranitrate	17389	5.5634247e-10	5193	65.263290184743	False
Flumequine	15368	5.55651e-10	5194	65.27585773532738	False
N-(dibenzo[b,d]thiophen-3-ylsulfonyl)-L-valine	18779	5.5538085e-10	5195	65.28842528591177	False
2-[(1S)-1-BENZYL-2-SULFANYLETHYL]-1H-IMIDAZO[4,5-C]PYRIDIN-5-IUM	16784	5.5527277e-10	5196	65.30099283649616	False
1-Deaza-Adenosine	19259	5.546409e-10	5197	65.31356038708056	False
Dexrazoxane	17653	5.534003e-10	5198	65.32612793766495	False
Benzylsulfonic acid	18407	5.5289917e-10	5199	65.33869548824934	False
3,4-Dihydro-5-Methyl-Isoquinolinone	19024	5.526651e-10	5200	65.35126303883374	False
Semaxanib	14675	5.523848e-10	5201	65.36383058941813	False
Urea	16837	5.523637e-10	5202	65.37639814000251	False
4-Nitrophenyl Phosphate	19858	5.521288e-10	5203	65.38896569058691	False
EM-1745	16567	5.519193e-10	5204	65.4015332411713	False
5'-{[4-(aminooxy)butyl](methyl)amino}-5'-deoxy-8-ethenyladenosine	16327	5.4922356e-10	5205	65.41410079175569	False
8,9-Dichloro-2,3,4,5-Tetrahydro-1h-Benzo[C]Azepine	17961	5.4829935e-10	5206	65.42666834234008	False
Fluorescin	19406	5.473986e-10	5207	65.43923589292447	False
Atropine	16061	5.473506e-10	5208	65.45180344350887	False
Oxtriphylline	15330	5.464035e-10	5209	65.46437099409324	False
Exemestane	14817	5.462347e-10	5210	65.47693854467764	False
Insulin aspart	15331	5.4540494e-10	5211	65.48950609526203	False
Von Willebrand Factor Human	15903	5.4486016e-10	5212	65.50207364584642	False
2'-Deoxycytidine	15806	5.4480814e-10	5213	65.51464119643082	False
Pentostatin	19250	5.442006e-10	5214	65.52720874701521	False
4-[[(2S)-2-[[(2S)-3-Carboxy-2-hydroxypropanoyl]amino]-4-methylpentanoyl]amino]butyl-(diaminomethylidene)azanium	19496	5.4313876e-10	5215	65.53977629759959	False
Nemonoxacin	15361	5.4313354e-10	5216	65.552343848184	False
Aranidipine	14421	5.421513e-10	5217	65.56491139876837	False
Follitropin	17104	5.411317e-10	5218	65.57747894935278	False
Ceftazidime	20203	5.4010774e-10	5219	65.59004649993716	False
Urofollitropin	17105	5.397751e-10	5220	65.60261405052155	False
Protoporphyrin	16293	5.3953936e-10	5221	65.61518160110595	False
Arsanilic acid	19747	5.3941795e-10	5222	65.62774915169034	False
Isosorbide mononitrate	14588	5.3931404e-10	5223	65.64031670227473	False
Ecabet	19331	5.3930377e-10	5224	65.65288425285912	False
Mecamylamine	17647	5.3875165e-10	5225	65.6654518034435	False
Nitromethyldethia coenzyme A	20049	5.386633e-10	5226	65.6780193540279	False
3-(2-AMINO-6-BENZOYLQUINAZOLIN-3(4H)-YL)-N-CYCLOHEXYL-N-METHYLPROPANAMIDE	18262	5.377764e-10	5227	65.69058690461229	False
Ferrous glycine sulfate	16348	5.37274e-10	5228	65.70315445519668	False
Piritrexim	17000	5.371746e-10	5229	65.71572200578107	False
(4R)-limonene 1α,2α-epoxide	20012	5.3682636e-10	5230	65.72828955636545	False
CDP323	17419	5.352774e-10	5231	65.74085710694986	False
Para-Mercury-Benzenesulfonic Acid	17755	5.347447e-10	5232	65.75342465753424	False
3-Methylpyridine	18201	5.328855e-10	5233	65.76599220811865	False
Cefdinir	18574	5.3215216e-10	5234	65.77855975870303	False
8-azaguanine	15339	5.3194715e-10	5235	65.79112730928742	False
Lindane	16193	5.3146343e-10	5236	65.80369485987181	False
Ebselen	18174	5.311118e-10	5237	65.8162624104562	False
4-AMINO-2-HEXYLOXY-6-HYDROXYMETHYL-TETRAHYDRO-PYRAN-3,5-DIOL	16605	5.308566e-10	5238	65.8288299610406	False
Efmoroctocog alfa	18413	5.298844e-10	5239	65.84139751162499	False
Limaprost	16223	5.2868915e-10	5240	65.85396506220937	False
Insulin beef	15378	5.276173e-10	5241	65.86653261279378	False
Leronlimab	18040	5.2744825e-10	5242	65.87910016337815	False
(4aS)-5-[(2,4-diaminopteridin-6-yl)methyl]-4a,5-dihydro-2H-dibenzo[b,f]azepin-8-ol	17010	5.2716365e-10	5243	65.89166771396255	False
Cysteine	16281	5.270289e-10	5244	65.90423526454694	False
N-[1-Hydroxycarboxyethyl-Carbonyl]Leucylamino-2-Methyl-Butane	18145	5.260006e-10	5245	65.91680281513132	False
Tirofiban	17226	5.246339e-10	5246	65.92937036571573	False
Fontolizumab	18159	5.241778e-10	5247	65.9419379163001	False
Indecainide	16568	5.241758e-10	5248	65.95450546688451	False
Echinacoside	14812	5.241358e-10	5249	65.96707301746889	False
4-O-(4,6-Dideoxy-4-{[4,5,6-Trihydroxy-3-(Hydroxymethyl)Cyclohex-2-En-1-Yl]Amino}-Beta-D-Lyxo-Hexopyranosyl)-Alpha-D-Erythro-Hexopyranose	19389	5.239449e-10	5250	65.97964056805328	False
(3R)-3-(FLUOROMETHYL)-N-(3,3,3-TRIFLUOROPROPYL)-1,2,3,4-TETRAHYDROISOQUINOLINE-7-SULFONAMIDE	17965	5.2368415e-10	5251	65.99220811863768	False
7-Hydroxy-2-Oxo-Chromene-3-Carboxylic Acid Ethyl Ester	19136	5.226882e-10	5252	66.00477566922207	False
N-[(4-methoxyphenyl)sulfonyl]-D-alanine	18783	5.2219795e-10	5253	66.01734321980646	False
(2S,3S,4E,6E,8S,9S)-3-amino-9-methoxy-2,6,8-trimethyl-10-phenyldeca-4,6-dienoic acid	19277	5.2141663e-10	5254	66.02991077039086	False
4-HYDROXYBENZALDEHYDE O-(CYCLOHEXYLCARBONYL)OXIME	19138	5.2107363e-10	5255	66.04247832097523	False
6-Hydroxy-5-undecyl-4,7-benzothiazoledione	18131	5.207557e-10	5256	66.05504587155964	False
Farnesol	14888	5.2048066e-10	5257	66.06761342214402	False
TERT-BUTYL {2-[(1,3-THIAZOL-2-YLAMINO)CARBONYL]PYRIDIN-3-YL}CARBAMATE	19976	5.2021765e-10	5258	66.08018097272841	False
(2S)-2-[3-(AMINOMETHYL)PHENYL]-3-[(R)-HYDROXY{(1R)-2-METHYL-1-[(PHENYLSULFONYL)AMINO]PROPYL}PHOSPHORYL]PROPANOIC ACID	19454	5.191006e-10	5259	66.0927485233128	False
5-METHYL-3-(9-OXO-1,8-DIAZA-TRICYCLO[10.6.1.013,18]NONADECA-12(19),13,15,17-TETRAEN-10-YLCARBAMOYL)-HEXANOIC ACID	19727	5.1852167e-10	5260	66.1053160738972	False
Nelipepimut-S	19636	5.1828836e-10	5261	66.11788362448159	False
Dihydrotachysterol	17739	5.174152e-10	5262	66.13045117506599	False
Lipegfilgrastim	17774	5.1684707e-10	5263	66.14301872565036	False
5-Heptyl-6-hydroxy-1,3-benzothiazole-4,7-dione	18133	5.1655435e-10	5264	66.15558627623476	False
4-[5-(2-CARBOXY-1-FORMYL-ETHYLCARBAMOYL)-PYRIDIN-3-YL]-BENZOIC ACID	18708	5.160492e-10	5265	66.16815382681915	False
Toloxatone	14906	5.1505405e-10	5266	66.18072137740354	False
Micafungin	14810	5.1431187e-10	5267	66.19328892798794	False
FR230513	19258	5.1344745e-10	5268	66.20585647857233	False
CIS-(1R,2S)-2-AMINO-1,2,3,4-TETRAHYDRONAPHTHALEN-1-OL	17962	5.133652e-10	5269	66.21842402915672	False
3-fluoro-4-[2-hydroxy-2-(5,5,8,8-tetramethyl-5,6,7,8,-tetrahydro-naphtalen-2-yl)-acetylamino]-benzoic acid	16489	5.1133736e-10	5270	66.2309915797411	False
Terazosin	16303	5.112301e-10	5271	66.24355913032551	False
Otenabant	16207	5.111199e-10	5272	66.25612668090989	False
Heparin	14510	5.107604e-10	5273	66.26869423149428	False
Tipiracil	19217	5.1052756e-10	5274	66.28126178207867	False
1-ethyl-N-(phenylmethyl)-4-(tetrahydro-2H-pyran-4-ylamino)-1H-pyrazolo[3,4-b]pyridine-5-carboxamide	17330	5.1038734e-10	5275	66.29382933266307	False
FR239087	19257	5.1035814e-10	5276	66.30639688324746	False
LY374571	17439	5.102015e-10	5277	66.31896443383185	False
Alfuzosin	15433	5.100477e-10	5278	66.33153198441623	False
METHYL (2Z)-3-METHOXY-2-{2-[(E)-2-PHENYLVINYL]PHENYL}ACRYLATE	18136	5.096228e-10	5279	66.34409953500064	False
Dodecyl sulfate	19752	5.072604e-10	5280	66.35666708558502	False
NM-702	19143	5.0662324e-10	5281	66.36923463616941	False
Guanabenz	15304	5.042748e-10	5282	66.3818021867538	False
Ibandronate	17730	5.040959e-10	5283	66.3943697373382	False
N-Acetylalanine	17674	5.0368165e-10	5284	66.40693728792259	False
Phosphorylcolamine	17981	5.035837e-10	5285	66.41950483850697	False
2-{3-[(2S)-4,4-difluoro-2-(pyrrolidin-1-ylcarbonyl)pyrrolidin-1-yl]-3-oxopropyl}-isoindole-1,3(2H)-dione	19206	5.03503e-10	5286	66.43207238909137	False
Lisofylline	15393	5.0231835e-10	5287	66.44463993967575	False
BX-528	19455	5.0212007e-10	5288	66.45720749026015	False
Jaspisamide A	19181	5.0083454e-10	5289	66.46977504084454	False
2-deoxy-2,3-dehydro-N-acetylneuraminic acid	19448	4.9988114e-10	5290	66.48234259142893	False
4-Carboxy-5-(1-Pentyl)Hexylsulfanyl-1,2,3-Triazole	19825	4.988534e-10	5291	66.49491014201332	False
Heptanoic acid	19943	4.9614907e-10	5292	66.50747769259772	False
1-[4-(hydroxymethyl)phenyl]guanidine	19743	4.957763e-10	5293	66.5200452431821	False
FR117016	19253	4.9569027e-10	5294	66.5326127937665	False
ATL1101	17952	4.9453724e-10	5295	66.54518034435088	False
4-[[2-[[4-chloro-3-(trifluoromethyl)phenyl]amino]-3H-benzimidazol-5-yl]oxy]-N-methyl-pyridine-2-carboxamide	17045	4.932937e-10	5296	66.55774789493528	False
Protein C	15977	4.922767e-10	5297	66.57031544551967	False
4,6-DIDEOXY-4-{[4-[(4-O-HEXOPYRANOSYLHEXOPYRANOSYL)OXY]-5,6-DIHYDROXY-3-(HYDROXYMETHYL)CYCLOHEX-2-EN-1-YL]AMINO}HEXOPYRANOSYL-(1->4)HEXOPYRANOSYL-(1->4)HEXOPYRANOSE	19392	4.9220533e-10	5298	66.58288299610406	False
Iloperidone	15006	4.9219595e-10	5299	66.59545054668845	False
(3R,5Z,8S,9S,11E)-8,9,16-TRIHYDROXY-14-METHOXY-3-METHYL-3,4,9,10-TETRAHYDRO-1H-2-BENZOXACYCLOTETRADECINE-1,7(8H)-DIONE	18114	4.9190596e-10	5300	66.60801809727283	False
Saccharin	19719	4.9030324e-10	5301	66.62058564785724	False
Nicergoline	15115	4.896631e-10	5302	66.63315319844162	False
7-(1-ETHYL-PROPYL)-7H-PYRROLO-[3,2-F]QUINAZOLINE-1,3-DIAMINE	19954	4.8922993e-10	5303	66.64572074902601	False
Incadronic acid	17735	4.892187e-10	5304	66.6582882996104	False
9-Butyl-8-(3-Methoxybenzyl)-9h-Purin-6-Amine	18642	4.884057e-10	5305	66.6708558501948	False
5-[(3R)-3-(5-methoxy-2',6'-dimethylbiphenyl-3-yl)but-1-yn-1-yl]-6-methylpyrimidine-2,4-diamine	17007	4.8702153e-10	5306	66.68342340077919	False
N-Cyclohexyl-N'-Decylurea	18167	4.8500903e-10	5307	66.69599095136358	False
N-(4-PHENYLAMINO-QUINAZOLIN-6-YL)-ACRYLAMIDE	17870	4.849572e-10	5308	66.70855850194796	False
(1S,4R,9S)-5-(trifluoromethyl)-1,2,3,4-tetrahydro-1,4-methanonaphthalen-9-amine	17967	4.849165e-10	5309	66.72112605253237	False
CAT-213	19549	4.829007e-10	5310	66.73369360311675	False
(4R)-N-[4-({[2-(DIMETHYLAMINO)ETHYL]AMINO}CARBONYL)-1,3-THIAZOL-2-YL]-4-METHYL-1-OXO-2,3,4,9-TETRAHYDRO-1H-BETA-CARBOLINE-6-CARBOXAMIDE	18887	4.828841e-10	5311	66.74626115370114	False
Procainamide	14852	4.814559e-10	5312	66.75882870428553	False
Glycolic acid	18588	4.8130994e-10	5313	66.77139625486993	False
SD118	17399	4.810117e-10	5314	66.78396380545432	False
Vazegepant	20177	4.8091897e-10	5315	66.79653135603871	False
Equol	17552	4.8065946e-10	5316	66.80909890662309	False
2-MERCAPTO-N-[1,2,3,10-TETRAMETHOXY-9-OXO-5,6,7,9-TETRAHYDRO-BENZO[A]HEPTALEN-7-YL]ACETAMIDE	18847	4.798342e-10	5317	66.82166645720748	False
3-Fluoro-4-{[(2R)-2-hydroxy-2-(5,5,8,8-tetramethyl-5,6,7,8-tetrahydro-2-naphthalenyl)acetyl]amino}benzoic acid	16488	4.781823e-10	5318	66.83423400779188	False
N-oxo-2-(phenylsulfonylamino)ethanamide	18782	4.76858e-10	5319	66.84680155837627	False
Tolrestat	17673	4.759475e-10	5320	66.85936910896066	False
S-oxy-L-cysteine	19201	4.75688e-10	5321	66.87193665954506	False
N1-(1-Dimethylcarbamoyl-2-Phenyl-Ethyl)-2-Oxo-N4-(2-Pyridin-2-Yl-Ethyl)-Succinamide	19937	4.7460047e-10	5322	66.88450421012945	False
Cangrelor	16334	4.74424e-10	5323	66.89707176071383	False
Propyl alcohol	19749	4.743995e-10	5324	66.90963931129824	False
Phosphoaminophosphonic acid guanylate ester	20066	4.7342963e-10	5325	66.92220686188261	False
(2s,3r)-3-Amino-2-Hydroxy-5-(Ethylsulfanyl)Pentanoyl-((S)-(-)-(1-Naphthyl)Ethyl)Amide	18937	4.7305865e-10	5326	66.93477441246701	False
WRR-99	18919	4.728043e-10	5327	66.9473419630514	False
Anistreplase	16591	4.7208154e-10	5328	66.9599095136358	False
R667	16486	4.7189613e-10	5329	66.97247706422019	False
Flupentixol	14829	4.7175663e-10	5330	66.98504461480458	False
3-{6-[(8-HYDROXY-QUINOLINE-2-CARBONYL)-AMINO]-2-THIOPHEN-2-YL-HEXANOYLAMINO}-4-OXO-BUTYRI ACID	17266	4.717242e-10	5331	66.99761216538896	False
Amonafide	17658	4.71458e-10	5332	67.01017971597336	False
Methyl-2-S-(Alpha-D-Mannopyranosyl)-2-Thio-Alpha-D-Mannopyranoside	18893	4.709484e-10	5333	67.02274726655774	False
Flutemetamol (18F)	19558	4.7028503e-10	5334	67.03531481714215	False
Pilocarpine	15483	4.69354e-10	5335	67.04788236772653	False
Anti-inhibitor coagulant complex	14593	4.691625e-10	5336	67.06044991831092	False
Brofaromine	19238	4.6909443e-10	5337	67.07301746889532	False
BMS184394	16485	4.6885473e-10	5338	67.0855850194797	False
Maprotiline	14542	4.6871257e-10	5339	67.0981525700641	False
Lactose	18884	4.6851323e-10	5340	67.11072012064848	False
Desflurane	14315	4.6812376e-10	5341	67.12328767123287	False
P-Nitrophenol	18125	4.6800236e-10	5342	67.13585522181727	False
Bufotenine	14903	4.6763293e-10	5343	67.14842277240166	False
Rocaglamide	20173	4.643781e-10	5344	67.16099032298605	False
1-(4-HEXYLPHENYL)PROP-2-EN-1-ONE	16888	4.6431964e-10	5345	67.17355787357045	False
H TYPE II TRISACCHARIDE	16600	4.6372395e-10	5346	67.18612542415482	False
Edotecarin	18215	4.6334028e-10	5347	67.19869297473923	False
Darapladib	17541	4.6323512e-10	5348	67.21126052532361	False
Glycine betaine	14872	4.6260115e-10	5349	67.22382807590802	False
Renzapride	16287	4.625385e-10	5350	67.2363956264924	False
4-(4-CHLOROPHENYL)-4-[4-(1H-PYRAZOL-4-YL)PHENYL]PIPERIDINE	18439	4.6188875e-10	5351	67.24896317707679	False
3-[5-(1H-IMIDAZOL-1-YL)-7-METHYL-1H-BENZIMIDAZOL-2-YL]-4-[(PYRIDIN-2-YLMETHYL)AMINO]PYRIDIN-2(1H)-ONE	17957	4.6169676e-10	5352	67.26153072766118	False
Metolazone	17148	4.607818e-10	5353	67.27409827824557	False
Aprobarbital	15506	4.6050944e-10	5354	67.28666582882997	False
Z-Val-Ala-Asp fluoromethyl ketone	17265	4.5823226e-10	5355	67.29923337941435	False
Forodesine	16740	4.5810727e-10	5356	67.31180092999874	False
3-Decyl-2,5-Dioxo-4-Hydroxy-3-Pyrroline	19823	4.5783827e-10	5357	67.32436848058313	False
5-(PARA-NITROPHENYL PHOSPHONATE)-PENTANOIC ACID	19412	4.5775617e-10	5358	67.33693603116753	False
L-778123	18684	4.5725704e-10	5359	67.34950358175192	False
Antihemophilic factor human	14692	4.567628e-10	5360	67.36207113233631	False
4-(2-methoxyethoxy)-6-methylpyrimidin-2-amine	18671	4.5619858e-10	5361	67.37463868292069	False
Pindolol	15133	4.5575854e-10	5362	67.3872062335051	False
Minaprine	15123	4.5547088e-10	5363	67.39977378408948	False
Coccidioides immitis spherule	19637	4.5424411e-10	5364	67.41234133467387	False
gamma-Hydroxybutyric acid	19279	4.5406137e-10	5365	67.42490888525826	False
Selenium	14716	4.53076e-10	5366	67.43747643584265	False
Aspartic acid	14921	4.5289283e-10	5367	67.45004398642705	False
(R)-Rolipram	17329	4.5280127e-10	5368	67.46261153701144	False
N-(biphenyl-4-ylsulfonyl)-D-leucine	18778	4.514637e-10	5369	67.47517908759583	False
N-Heptylformamide	17121	4.511788e-10	5370	67.48774663818023	False
Rolipram	17322	4.5020743e-10	5371	67.5003141887646	False
2-phospho-D-glyceric acid	20050	4.5013185e-10	5372	67.512881739349	False
Clorgiline	19233	4.4983575e-10	5373	67.52544928993339	False
Olsalazine	18157	4.4979287e-10	5374	67.53801684051778	False
O-Benzylsulfonyl-Serine	20095	4.4945067e-10	5375	67.55058439110218	False
Tiapride	17415	4.4910106e-10	5376	67.56315194168656	False
6-fluoro-2-(2-hydroxy-3-isobutoxy-phenyl)-1H-benzoimidazole-5-carboxamidine	18018	4.4835985e-10	5377	67.57571949227096	False
Bicine	16594	4.4732798e-10	5378	67.58828704285534	False
4-[3-(4-chlorophenyl)-2,1-benzisoxazol-5-yl]pyrimidin-2-amine	18859	4.4715737e-10	5379	67.60085459343973	False
(10R)-10-methyl-3-(6-methylpyridin-3-yl)-9,10,11,12-tetrahydro-8H-[1,4]diazepino[5',6':4,5]thieno[3,2-f]quinolin-8-one	18888	4.4703796e-10	5380	67.61342214402413	False
Tranexamic acid	16593	4.4685644e-10	5381	67.62598969460852	False
Verubecestat	18263	4.4637852e-10	5382	67.63855724519291	False
N-{2-methyl-5-[(6-phenylpyrimidin-4-yl)amino]phenyl}methanesulfonamide	18242	4.4636062e-10	5383	67.6511247957773	False
(2S)-4-(4-fluorobenzyl)-N-(2-sulfanylethyl)piperazine-2-carboxamide	18256	4.463385e-10	5384	67.6636923463617	False
2-(CYCLOHEXYLMETHYLAMINO)-4-(PHENYLAMINO)PYRAZOLO[1,5-A][1,3,5]TRIAZINE-8-CARBONITRILE	18813	4.4485374e-10	5385	67.67625989694609	False
7-thionicotinamide-adenine-dinucleotide phosphate	15949	4.445645e-10	5386	67.68882744753047	False
Tributyltin	17140	4.4412798e-10	5387	67.70139499811488	False
Pyruvic acid	16082	4.440289e-10	5388	67.71396254869926	False
Caldaret	18235	4.4390103e-10	5389	67.72653009928365	False
Foscarnet	20227	4.4379775e-10	5390	67.73909764986804	False
Cinalukast	17603	4.4352694e-10	5391	67.75166520045242	False
Lithium succinate	17830	4.4351933e-10	5392	67.76423275103683	False
D-alpha-Tocopherol acetate	14525	4.4233664e-10	5393	67.77680030162121	False
6-(3-METHYL-1,4-DIOXO-1,4-DIHYDRONAPHTHALEN-2-YL)HEXANOIC ACID	17531	4.4233323e-10	5394	67.7893678522056	False
Flavin-adenine dinucleotide-N5-isobutyl ketone	19985	4.422818e-10	5395	67.80193540279	False
CCX915	19547	4.4220247e-10	5396	67.81450295337439	False
Atezolizumab	19614	4.4132703e-10	5397	67.82707050395878	False
Carteolol	15105	4.4064488e-10	5398	67.83963805454317	False
Magnesium sulfate	20169	4.405239e-10	5399	67.85220560512755	False
(S)-Aspartimide	19751	4.4030463e-10	5400	67.86477315571196	False
Methocarbamol	16790	4.4019124e-10	5401	67.87734070629634	False
2,4-Diamino-6-[N-(3',5'-Dimethoxybenzyl)-N-Methylamino]Pyrido[2,3-D]Pyrimidine	17002	4.398052e-10	5402	67.88990825688074	False
Pegdinetanib	17043	4.3962237e-10	5403	67.90247580746512	False
M0002	16868	4.3933568e-10	5404	67.91504335804952	False
Dioxo(sulfanyl)molybdenum	19243	4.3928627e-10	5405	67.92761090863391	False
Felypressin	16522	4.3884327e-10	5406	67.9401784592183	False
Zinc sulfate	14751	4.387328e-10	5407	67.9527460098027	False
(3R)-3-(FLUOROMETHYL)-7-(THIOMORPHOLIN-4-YLSULFONYL)-1,2,3,4-TETRAHYDROISOQUINOLINE	17963	4.386098e-10	5408	67.96531356038707	False
4-HYDROXYBENZALDEHYDE O-(3,3-DIMETHYLBUTANOYL)OXIME	19140	4.385186e-10	5409	67.97788111097147	False
(3aS)-3a-hydroxy-1-phenyl-1,2,3,3a-tetrahydro-4H-pyrrolo[2,3-b]quinolin-4-one	19928	4.380404e-10	5410	67.99044866155586	False
Cariporide	14778	4.3753776e-10	5411	68.00301621214025	False
Cacodylic acid	16766	4.37089e-10	5412	68.01558376272465	False
5'-S-methyl-5'-thioadenosine	18678	4.3683063e-10	5413	68.02815131330904	False
BETA-METHYLLACTOSIDE	16603	4.3586187e-10	5414	68.04071886389342	False
Primidone	15311	4.3542817e-10	5415	68.05328641447782	False
[2(R,S)-2-Sulfanylheptanoyl]-Phe-Ala	16782	4.3429102e-10	5416	68.0658539650622	False
Vidarabine	14917	4.338994e-10	5417	68.0784215156466	False
3-{[(1R)-1-phenylethyl]amino}-4-(pyridin-4-ylamino)cyclobut-3-ene-1,2-dione	18886	4.336065e-10	5418	68.09098906623099	False
L-[(N-Hydroxyamino)Carbonyl]Phenylalanine	19757	4.335288e-10	5419	68.10355661681538	False
2,4-Diamino-6-[N-(3',4',5'-Trimethoxybenzyl)-N-Methylamino]Pyrido[2,3-D]Pyrimidine	16996	4.3231083e-10	5420	68.11612416739978	False
Bromocriptine	15493	4.315973e-10	5421	68.12869171798417	False
Triacetylchitotriose	19753	4.3078396e-10	5422	68.14125926856856	False
Imino-Tryptophan	19983	4.307634e-10	5423	68.15382681915295	False
H-89	19810	4.3003198e-10	5424	68.16639436973733	False
Sufentanil	15459	4.298958e-10	5425	68.17896192032174	False
Enoxacin	15300	4.2949422e-10	5426	68.19152947090612	False
N-[1-(2,6-dimethoxybenzyl)piperidin-4-yl]-4-sulfanylbutanamide	18255	4.2912332e-10	5427	68.20409702149051	False
(5S)-3-ANILINO-5-(2,4-DIFLUOROPHENYL)-5-METHYL-1,3-OXAZOLIDINE-2,4-DIONE	18134	4.2890486e-10	5428	68.2166645720749	False
1-O-Octyl-2-Heptylphosphonyl-Sn-Glycero-3-Phosphoethanolamine	19944	4.2813e-10	5429	68.22923212265928	False
Uridine 5'-triphosphate	18914	4.2791773e-10	5430	68.24179967324369	False
Metribolone	16439	4.277741e-10	5431	68.25436722382807	False
GALACTOSE GREASE	16602	4.2753265e-10	5432	68.26693477441246	False
Thieno[2,3-B]Pyridine-2-Carboxamidine	18015	4.2711698e-10	5433	68.27950232499686	False
(R,R)-2,3-Butanediol	20096	4.2684825e-10	5434	68.29206987558125	False
Ubiquinone Q2	18138	4.2600562e-10	5435	68.30463742616564	False
MMI-175	18236	4.260048e-10	5436	68.31720497675003	False
N-[3-(2-fluoroethoxy)phenyl]-N'-(1,3,4-trioxo-1,2,3,4-tetrahydroisoquinolin-6-yl)butanediamide	18711	4.247318e-10	5437	68.32977252733443	False
ROX-888	19382	4.2457388e-10	5438	68.34234007791882	False
APD668	19506	4.2394513e-10	5439	68.3549076285032	False
(S)-2-METHYL-1-[(4-METHYL-5-ISOQUINOLINE)SULFONYL]-HOMOPIPERAZINE	18308	4.2314857e-10	5440	68.3674751790876	False
8-chlorotheophylline	15408	4.2298479e-10	5441	68.38004272967198	False
MDX-1303	19451	4.2293075e-10	5442	68.39261028025638	False
4-[(1S)-1-(3-fluoro-4-methoxyphenyl)-2-(2-methoxy-5-nitrophenyl)ethyl]-1H-imidazol-2-amine	18250	4.2231646e-10	5443	68.40517783084077	False
Citric acid	16350	4.22215e-10	5444	68.41774538142516	False
{3-[(5-CHLORO-1,3-BENZOTHIAZOL-2-YL)METHYL]-2,4-DIOXO-3,4-DIHYDROPYRIMIDIN-1(2H)-YL}ACETIC ACID	17682	4.219751e-10	5445	68.43031293200956	False
Dioxybenzone	17551	4.200743e-10	5446	68.44288048259394	False
2'-Deoxyguanosine-5'-Triphosphate	19432	4.1920425e-10	5447	68.45544803317833	False
(2R)-({4-[AMINO(IMINO)METHYL]PHENYL}AMINO){5-ETHOXY-2-FLUORO-3-[(3R)-TETRAHYDROFURAN-3-YLOXY]PHENYL}ACETICACID	17015	4.1916587e-10	5448	68.46801558376272	False
3,4-Dihydroxycinnamic Acid	19135	4.188686e-10	5449	68.48058313434711	False
4-(2-aminoethyl)-2-cyclohexylphenol	18248	4.1864176e-10	5450	68.4931506849315	False
{[5-(5-nitro-2-furyl)-1,3,4-oxadiazol-2-yl]thio}acetic acid	17690	4.162793e-10	5451	68.5057182355159	False
Lisinopril	16690	4.1575007e-10	5452	68.51828578610028	False
Allosamizoline	18428	4.1502513e-10	5453	68.53085333668469	False
Becatecarin	17663	4.1497444e-10	5454	68.54342088726906	False
2-[(5-hex-1-yn-1-ylfuran-2-yl)carbonyl]-N-methylhydrazinecarbothioamide	18733	4.1425874e-10	5455	68.55598843785347	False
Pentosan polysulfate	16975	4.138765e-10	5456	68.56855598843785	False
GW-590735	16260	4.1380704e-10	5457	68.58112353902224	False
(1R,3R)-5-[(2E)-3-{(1S,3R)-2,2,3-trimethyl-3-[6,6,6-trifluoro-5-hydroxy-5-(trifluoromethyl)hex-3-yn-1-yl]cyclopentyl}prop-2-en-1-ylidene]cyclohexane-1,3-diol	17748	4.1337553e-10	5458	68.59369108960664	False
Rizatriptan	14902	4.1323284e-10	5459	68.60625864019103	False
CRA_10655	18006	4.1279172e-10	5460	68.61882619077542	False
4-[3-(3-NITROPHENYL)-1,2,4-OXADIAZOL-5-YL]BUTANOIC ACID	17686	4.1200354e-10	5461	68.63139374135982	False
Glycocyamine	17402	4.115527e-10	5462	68.6439612919442	False
Heptyl glucoside	17574	4.111212e-10	5463	68.65652884252859	False
5'-Guanosine-Diphosphate-Monothiophosphate	18846	4.111016e-10	5464	68.66909639311298	False
Human blood group H type 1 trisaccharide	16601	4.110538e-10	5465	68.68166394369737	False
Phenformin	15129	4.1100517e-10	5466	68.69423149428177	False
Teriparatide	19663	4.1072695e-10	5467	68.70679904486614	False
Antihemophilic Factor (Recombinant), PEGylated	14556	4.1012574e-10	5468	68.71936659545055	False
(2S)-2-(3-Carbamimidamidophenyl)-3-[hydroxy(3-phenylpropyl)phosphoryl]propanoic acid	19457	4.095137e-10	5469	68.73193414603493	False
Iclaprim	17003	4.0932943e-10	5470	68.74450169661934	False
OPC-51803	16869	4.0902662e-10	5471	68.75706924720372	False
Tibolone	14624	4.090118e-10	5472	68.76963679778811	False
(1R)-2-amino-1-[3-(trifluoromethyl)phenyl]ethanol	17968	4.0880355e-10	5473	68.7822043483725	False
Mogamulizumab	20194	4.0850112e-10	5474	68.7947718989569	False
Crotonaldehyde	16467	4.0824719e-10	5475	68.80733944954129	False
Sodium ferric gluconate complex	16295	4.0802303e-10	5476	68.81990700012568	False
1-(2,3-dihydro-1,4-benzodioxin-6-ylsulfonyl)-4-[(4-methoxyphenyl)sulfonyl]piperazine	16300	4.0697218e-10	5477	68.83247455071006	False
Alirocumab	20162	4.0679057e-10	5478	68.84504210129447	False
Bentiromide	19193	4.061564e-10	5479	68.85760965187885	False
GUANOSINE-2',3'-O-METHYLIDENEPHOSPHONATE	16739	4.0553869e-10	5480	68.87017720246324	False
2,5-di-tert-butylhydroquinone	19922	4.0541495e-10	5481	68.88274475304763	False
N-[amino(imino)methyl]-2-(2,5-diphenyl-1H-pyrrol-1-yl)acetamide	18238	4.0535925e-10	5482	68.89531230363201	False
3,5-Diiodotyrosine	19066	4.044441e-10	5483	68.90787985421642	False
Custirsen	16379	4.0416417e-10	5484	68.9204474048008	False
Nebularine	19260	4.040686e-10	5485	68.9330149553852	False
Pyrethrum extract	18183	4.039684e-10	5486	68.94558250596958	False
FR236913	19254	4.036226e-10	5487	68.95815005655398	False
Hypromellose	19359	4.0350792e-10	5488	68.97071760713837	False
N'-(5-chloro-1,3-benzodioxol-4-yl)-N-(3-methylsulfonylphenyl)pyrimidine-2,4-diamine	19369	4.028481e-10	5489	68.98328515772276	False
Levmetamfetamine	14745	4.0258694e-10	5490	68.99585270830715	False
Paclitaxel docosahexaenoic acid	16717	4.0243495e-10	5491	69.00842025889155	False
Sri-9662	16997	4.0240883e-10	5492	69.02098780947593	False
Myxothiazol	18287	4.023206e-10	5493	69.03355536006033	False
N-methylnicotinamide	15851	4.0206205e-10	5494	69.04612291064471	False
octyl 3-amino-3-deoxy-2-O-(2,6-dideoxy-alpha-L-lyxo-hexopyranosyl)-beta-D-galactopyranoside	16604	4.0111223e-10	5495	69.0586904612291	False
Chlorobutanol	16307	4.0081935e-10	5496	69.0712580118135	False
Naratriptan	14901	4.0038153e-10	5497	69.08382556239789	False
Dimercaprol	19556	4.0005482e-10	5498	69.09639311298228	False
Phosphoglycolohydroxamic Acid	19903	3.9992207e-10	5499	69.10896066356666	False
Methacrylyl-Coenzyme A	17433	3.99723e-10	5500	69.12152821415106	False
GC-24	16884	3.9953627e-10	5501	69.13409576473545	False
(2S)-1-(2,5-dimethylphenoxy)-3-morpholin-4-ylpropan-2-ol	18253	3.9943113e-10	5502	69.14666331531984	False
Valganciclovir	20215	3.9896667e-10	5503	69.15923086590423	False
Tideglusib	18442	3.9814643e-10	5504	69.17179841648863	False
3-pyridin-4-yl-1H-indazole	19814	3.9738393e-10	5505	69.18436596707302	False
Pyrazinamide	14910	3.9687947e-10	5506	69.19693351765741	False
Sanglifehrin A	18304	3.967962e-10	5507	69.20950106824179	False
(3Z)-1-[(6-fluoro-4H-1,3-benzodioxin-8-yl)methyl]-4-phenyl-1H-indole-2,3-dione 3-oxime	18602	3.9654352e-10	5508	69.2220686188262	False
Labradimil	19667	3.9583922e-10	5509	69.23463616941058	False
Urethane	14723	3.955449e-10	5510	69.24720371999497	False
N-Tridecanoic Acid	18968	3.937962e-10	5511	69.25977127057936	False
Sobetirome	16887	3.9356268e-10	5512	69.27233882116376	False
Quinidine barbiturate	16501	3.9332929e-10	5513	69.28490637174815	False
Medroxyprogesterone acetate	14203	3.9329853e-10	5514	69.29747392233254	False
NN344	15345	3.932295e-10	5515	69.31004147291692	False
Triflupromazine	14841	3.9300005e-10	5516	69.32260902350133	False
Pegfilgrastim	14694	3.9258502e-10	5517	69.33517657408571	False
Kynurenic Acid	19731	3.9230208e-10	5518	69.3477441246701	False
Desmoteplase	16595	3.9178613e-10	5519	69.3603116752545	False
Memantine	15818	3.9168227e-10	5520	69.37287922583889	False
Brinzolamide	15491	3.9092102e-10	5521	69.38544677642328	False
(2S,3S,4R,5S)-2-(4-Amino-4,5-dihydro-1H-pyrrolo[3,2-d]pyrimidin-7-yl)-5-[(methylsulfanyl)methyl]-3,4-pyrrolidinediol	18676	3.9080394e-10	5522	69.39801432700766	False
2-(3-((4,5,7-trifluorobenzo[d]thiazol-2-yl)methyl)-1H-pyrrolo[2,3-b]pyridin-1-yl)acetic acid	17691	3.895708e-10	5523	69.41058187759207	False
Magnesium gluconate	14592	3.8943335e-10	5524	69.42314942817644	False
4-{[5-chloro-4-(1H-indol-3-yl)pyrimidin-2-yl]amino}-N-ethylpiperidine-1-carboxamide	18599	3.8922543e-10	5525	69.43571697876084	False
Harmine	19237	3.8863637e-10	5526	69.44828452934523	False
beta-Hydroxyasparagine	20121	3.8830889e-10	5527	69.46085207992962	False
Simoctocog alfa	18411	3.882097e-10	5528	69.47341963051402	False
Pozanicline	17890	3.8810083e-10	5529	69.48598718109841	False
2-amino-4-[2,4-dichloro-5-(2-pyrrolidin-1-ylethoxy)phenyl]-N-ethylthieno[2,3-d]pyrimidine-6-carboxamide	18654	3.873916e-10	5530	69.49855473168279	False
5-Alpha-Androstane-3-Beta,17beta-Diol	14531	3.8530543e-10	5531	69.5111222822672	False
Formycin	18677	3.8445902e-10	5532	69.52368983285157	False
3-({4-[(1E)-3-morpholin-4-yl-3-oxoprop-1-en-1-yl]-2,3-bis(trifluoromethyl)phenyl}sulfanyl)aniline	17365	3.8316764e-10	5533	69.53625738343597	False
Brimonidine	15849	3.8191267e-10	5534	69.54882493402036	False
5'-O-(L-Cysteinylsulfamoyl)adenosine	16563	3.8165854e-10	5535	69.56139248460475	False
Lidorestat	17681	3.800669e-10	5536	69.57396003518915	False
ISOPENTENYL PYROPHOSPHATE	17734	3.8004805e-10	5537	69.58652758577352	False
Patupilone	15526	3.800444e-10	5538	69.59909513635793	False
Triphosphoric acid	20091	3.794664e-10	5539	69.61166268694231	False
Zeranol	16414	3.7908954e-10	5540	69.6242302375267	False
Trifluoroacetonyl coenzyme A	20047	3.790042e-10	5541	69.6367977881111	False
Apalutamide	15668	3.7842054e-10	5542	69.64936533869549	False
NADPH	16269	3.7780176e-10	5543	69.66193288927988	False
METHYL 1-(4-{[(2,4-DIAMINOPTERIDIN-6-YL)METHYL](METHYL)AMINO}BENZOYL)PIPERIDINE-4-CARBOXYLATE	19941	3.771653e-10	5544	69.67450043986427	False
VX-765	17263	3.7706605e-10	5545	69.68706799044865	False
Cu-Cyclam	19750	3.769596e-10	5546	69.69963554103306	False
2-Phosphoglycolic Acid	16083	3.7694525e-10	5547	69.71220309161744	False
5-Carbamoyl-1,1':4',1''-terphenyl-3-carboxylic acid	17078	3.7641357e-10	5548	69.72477064220183	False
Edonerpic	19555	3.739034e-10	5549	69.73733819278623	False
Inclisiran	20163	3.737166e-10	5550	69.74990574337062	False
Varenicline	17889	3.7331693e-10	5551	69.76247329395501	False
Fosinopril	16687	3.7329628e-10	5552	69.7750408445394	False
DEHYDRO-2(S)-AMINO-6-BORONOHEXANOIC ACID	16840	3.7285794e-10	5553	69.78760839512378	False
Elafin	14776	3.7267023e-10	5554	69.80017594570818	False
MB07811	16886	3.7225392e-10	5555	69.81274349629257	False
Lisdexamfetamine	15159	3.7036654e-10	5556	69.82531104687696	False
Damoctocog alfa pegol	15981	3.7033407e-10	5557	69.83787859746135	False
Tetracosactide	17886	3.6978703e-10	5558	69.85044614804575	False
Velaglucerase alfa	18226	3.693676e-10	5559	69.86301369863014	False
Velusetrag	16292	3.6904296e-10	5560	69.87558124921452	False
Emapalumab	18160	3.68936e-10	5561	69.88814879979893	False
Aplaviroc	18041	3.6864195e-10	5562	69.9007163503833	False
Corticotropin	14625	3.6818945e-10	5563	69.9132839009677	False
Isoflurane	14228	3.679725e-10	5564	69.92585145155209	False
Midodrine	15081	3.6773043e-10	5565	69.93841900213648	False
(2R)-2-(4-CHLOROPHENYL)-2-PHENYLETHANAMINE	19809	3.6682116e-10	5566	69.95098655272088	False
Calyculin A	18902	3.6546358e-10	5567	69.96355410330527	False
7-methyl-GpppA	18184	3.6520226e-10	5568	69.97612165388965	False
N-Hydroxy-4-Phosphono-Butanamide	19902	3.6480682e-10	5569	69.98868920447406	False
Lauryl alcohol diphosphonic acid	19709	3.6436593e-10	5570	70.00125675505844	False
Apoptone	16718	3.640471e-10	5571	70.01382430564284	False
Thioproperazine	14350	3.628381e-10	5572	70.02639185622722	False
Heptyl 1-Thiohexopyranoside	18795	3.6251852e-10	5573	70.03895940681161	False
(4Z)-6-bromo-4-({[4-(pyrrolidin-1-ylmethyl)phenyl]amino}methylidene)isoquinoline-1,3(2H,4H)-dione	17956	3.623388e-10	5574	70.051526957396	False
Insulin glulisine	15332	3.6229042e-10	5575	70.06409450798039	False
4-methoxybenzenesulfinate	18205	3.617339e-10	5576	70.07666205856479	False
(2S)-2-{3-[({[2-fluoro-4-(trifluoromethyl)phenyl]carbonyl}amino)methyl]-4-methoxybenzyl}butanoic acid	18291	3.611038e-10	5577	70.08922960914917	False
GUANOSINE-2',3'-O-ETHYLIDENEPHOSPHONATE	16738	3.610508e-10	5578	70.10179715973356	False
Acetazolamide	15466	3.6071762e-10	5579	70.11436471031796	False
2-[4-(3-METHYL-1H-PYRAZOL-4-YL)PHENYL]ETHANAMINE	19813	3.5951767e-10	5580	70.12693226090235	False
L-tartaric acid	14804	3.5909004e-10	5581	70.13949981148674	False
1-METHYL-5-(2-PHENOXYMETHYL-PYRROLIDINE-1-SULFONYL)-1H-INDOLE-2,3-DIONE	18706	3.5905168e-10	5582	70.15206736207114	False
Gadopentetic acid	19696	3.5889694e-10	5583	70.16463491265552	False
B-2-Octylglucoside	18792	3.5880796e-10	5584	70.17720246323992	False
Etizolam	15623	3.5876144e-10	5585	70.1897700138243	False
N-[(1S)-2-AMINO-1-(2,4-DICHLOROBENZYL)ETHYL]-5-[2-(METHYLAMINO)PYRIMIDIN-4-YL]THIOPHENE-2-CARBOXAMIDE	19801	3.5865744e-10	5586	70.20233756440871	False
Alrestatin	17669	3.5699146e-10	5587	70.21490511499309	False
Sodium citrate	20218	3.5687914e-10	5588	70.22747266557748	False
4-(4-chlorobenzyl)-1-(7H-pyrrolo[2,3-d]pyrimidin-4-yl)piperidin-4-aminium	19818	3.567757e-10	5589	70.24004021616187	False
5-fluoro-beta-L-gulosyl fluoride	19655	3.5576384e-10	5590	70.25260776674625	False
Trimethaphan	14853	3.556682e-10	5591	70.26517531733066	False
Dacetuzumab	18771	3.5550612e-10	5592	70.27774286791504	False
Balanol Analog 2	19792	3.541816e-10	5593	70.29031041849943	False
Formic acid	16234	3.5377648e-10	5594	70.30287796908382	False
9-Deazaadenine	16349	3.5328696e-10	5595	70.31544551966822	False
Clove oil	16025	3.532573e-10	5596	70.32801307025261	False
Phenylpropanolamine	14898	3.5303566e-10	5597	70.340580620837	False
Etomidate	14558	3.5294073e-10	5598	70.35314817142138	False
Daxalipram	17320	3.5275702e-10	5599	70.36571572200579	False
Talampanel	17515	3.5248396e-10	5600	70.37828327259017	False
Pegpleranib	19644	3.5237172e-10	5601	70.39085082317456	False
Haloxyfop-P	17582	3.5235556e-10	5602	70.40341837375895	False
S-(D-Carboxybutyl)-L-Homocysteine	17882	3.517512e-10	5603	70.41598592434335	False
Ecallantide	19350	3.517512e-10	5604	70.42855347492774	False
6-[2-(1H-INDOL-6-YL)ETHYL]PYRIDIN-2-AMINE	18243	3.5152053e-10	5605	70.44112102551213	False
Geranyl Diphosphate	17733	3.5125378e-10	5606	70.45368857609652	False
Tmr	19182	3.510649e-10	5607	70.46625612668092	False
7-Iodo-1,2,3,4-Tetrahydro-Isoquinoline	17960	3.5088146e-10	5608	70.4788236772653	False
3,5-Dimethyl-1-(3-Nitrophenyl)-1h-Pyrazole-4-Carboxylic Acid Ethyl Ester	17323	3.503819e-10	5609	70.49139122784969	False
(1S,5S,7R)-N~7~-(BIPHENYL-4-YLMETHYL)-N~3~-HYDROXY-6,8-DIOXA-3-AZABICYCLO[3.2.1]OCTANE-3,7-DICARBOXAMIDE	18777	3.5035982e-10	5610	70.50395877843408	False
Corticorelin	14642	3.5006323e-10	5611	70.51652632901848	False
Glucose-6-Phosphate	18788	3.5005993e-10	5612	70.52909387960287	False
Talmapimod	17589	3.497002e-10	5613	70.54166143018725	False
3-PYRIDIN-4-YL-2,4-DIHYDRO-INDENO[1,2-.C.] PYRAZOLE	19820	3.4966754e-10	5614	70.55422898077165	False
(11S)-8-CHLORO-11-[1-(METHYLSULFONYL)PIPERIDIN-4-YL]-6-PIPERAZIN-1-YL-11H-BENZO[5,6]CYCLOHEPTA[1,2-B]PYRIDINE	19295	3.4940217e-10	5615	70.56679653135603	False
Butamben	14439	3.4892933e-10	5616	70.57936408194043	False
Rilapladib	19320	3.4866657e-10	5617	70.59193163252482	False
Inositol 1,3-Bisphosphate	19114	3.486054e-10	5618	70.60449918310921	False
N~3~-[3-(5-METHOXYPYRIDIN-3-YL)BENZYL]PYRIDINE-2,3-DIAMINE	18247	3.484804e-10	5619	70.6170667336936	False
2-Carboxyethylphosphonic Acid	19906	3.480911e-10	5620	70.629634284278	False
Tetrabromo-2-Benzotriazole	18804	3.4803932e-10	5621	70.64220183486239	False
Mdl-29951	19335	3.4792386e-10	5622	70.65476938544678	False
Sermorelin	17493	3.4762934e-10	5623	70.66733693603116	False
N-Methylleucine	18127	3.4761674e-10	5624	70.67990448661557	False
S-NONYL-CYSTEINE	17802	3.4756503e-10	5625	70.69247203719995	False
(2S)-4-(4-fluorobenzyl)-N-(3-sulfanylpropyl)piperazine-2-carboxamide	18257	3.474835e-10	5626	70.70503958778434	False
N-(4-chlorophenyl)-2-[(pyridin-4-ylmethyl)amino]benzamide	16033	3.4735295e-10	5627	70.71760713836873	False
(2R)-4,4-dihydroxy-5-nitro-2-(phenylmethyl)pentanoic acid	19765	3.468432e-10	5628	70.73017468895311	False
MRTX849	19964	3.4638173e-10	5629	70.74274223953752	False
N~3~-[3-(1H-INDOL-6-YL)BENZYL]PYRIDINE-2,3-DIAMINE	18260	3.4570521e-10	5630	70.7553097901219	False
P-Anisic Acid	19835	3.4522946e-10	5631	70.76787734070629	False
Toripalimab	19609	3.4512673e-10	5632	70.78044489129068	False
(S)-alpha-methyl-4-carboxyphenylglycine	17807	3.4502803e-10	5633	70.79301244187508	False
3-(2-Benzothiazolylthio)-1-Propanesulfonic Acid	19904	3.446308e-10	5634	70.80557999245947	False
Etidronic acid	17428	3.4437975e-10	5635	70.81814754304386	False
(1S)-1-(3-chlorophenyl)-2-oxo-2-[(1,3,4-trioxo-1,2,3,4-tetrahydroisoquinolin-5-yl)amino]ethyl acetate	18710	3.4432326e-10	5636	70.83071509362824	False
Ceruletide	17122	3.4429962e-10	5637	70.84328264421265	False
TB-402	15976	3.4376355e-10	5638	70.85585019479703	False
(1S)-2-oxo-1-phenyl-2-[(1,3,4-trioxo-1,2,3,4-tetrahydroisoquinolin-5-yl)amino]ethyl acetate	18709	3.4334088e-10	5639	70.86841774538144	False
Levonordefrin	20149	3.4217848e-10	5640	70.88098529596581	False
6-(Octahydro-1h-Indol-1-Ylmethyl)Decahydroquinazoline-2,4-Diamine	16994	3.4184125e-10	5641	70.89355284655021	False
ALPHA-HYDROXYFARNESYLPHOSPHONIC ACID	19297	3.4085226e-10	5642	70.9061203971346	False
Bishydroxy[2h-1-Benzopyran-2-One,1,2-Benzopyrone]	18752	3.4062156e-10	5643	70.918687947719	False
4-(1,3,2-Dioxaborolan-2-Yloxy)Butan-1-Aminium	18949	3.4000425e-10	5644	70.93125549830339	False
Fidarestat	17670	3.3969505e-10	5645	70.94382304888777	False
Human C1-esterase inhibitor	16104	3.3941594e-10	5646	70.95639059947216	False
Hexadecanal	18793	3.3930717e-10	5647	70.96895815005655	False
N-cyclohexyl-4-imidazo[1,2-a]pyridin-3-yl-N-methylpyrimidin-2-amine	18604	3.390549e-10	5648	70.98152570064094	False
Ado-P-Ch2-P-Ps-Ado	19016	3.390109e-10	5649	70.99409325122534	False
Agkistrodon piscivorus antivenin	16250	3.3834746e-10	5650	71.00666080180973	False
Nortriptyline	14189	3.382836e-10	5651	71.01922835239411	False
(S)-1-PHENYL-1-[4-(9H-PURIN-6-YL)PHENYL]METHANAMINE	19805	3.3813907e-10	5652	71.03179590297852	False
SR-123781A	16827	3.3784514e-10	5653	71.0443634535629	False
CR002	19569	3.377485e-10	5654	71.05693100414729	False
Hydroxyproline	20224	3.376042e-10	5655	71.06949855473168	False
(S)-N-(1-(3-CHLORO-4-FLUOROPHENYL)-2-HYDROXYETHYL)-4-(4-(3-CHLOROPHENYL)-1H-PYRAZOL-3-YL)-1H-PYRROLE-2-CARBOXAMIDE	18113	3.3726053e-10	5656	71.08206610531607	False
Purvalanol	18109	3.364728e-10	5657	71.09463365590047	False
Clobazam	15090	3.3478023e-10	5658	71.10720120648486	False
OCTANE-1,3,5,7-TETRACARBOXYLIC ACID	19767	3.347253e-10	5659	71.11976875706925	False
Resatorvid	19189	3.3468572e-10	5660	71.13233630765365	False
4-Amino Hexanoic Acid	16746	3.345479e-10	5661	71.14490385823802	False
(2R)-2-benzyl-3-nitropropanoic acid	19763	3.3444134e-10	5662	71.15747140882243	False
4-(2-(1H-IMIDAZOL-4-YL)ETHYLAMINO)-2-(PHENYLAMINO)PYRAZOLO[1,5-A][1,3,5]TRIAZINE-8-CARBONITRILE	18812	3.3430295e-10	5663	71.17003895940681	False
Fondaparinux	16635	3.342583e-10	5664	71.1826065099912	False
Eldecalcitol	17746	3.3389638e-10	5665	71.1951740605756	False
Pizotifen	15904	3.3380088e-10	5666	71.20774161115997	False
2-({2-[(3-HYDROXYPHENYL)AMINO]PYRIMIDIN-4-YL}AMINO)BENZAMIDE	19864	3.3303518e-10	5667	71.22030916174438	False
(1S)-1-CYCLOPROPYL-2-[(2S)-4-(2,5-DIFLUOROPHENYL)-2-PHENYL-2,5-DIHYDRO-1H-PYRROL-1-YL]-2-OXOETHANAMINE	19131	3.3298247e-10	5668	71.23287671232876	False
Peldesine	16729	3.327285e-10	5669	71.24544426291315	False
(3-EXO)-3-(10,11-DIHYDRO-5H-DIBENZO[A,D][7]ANNULEN-5-YLOXY)-8,8-DIMETHYL-8-AZONIABICYCLO[3.2.1]OCTANE	19934	3.3254133e-10	5670	71.25801181349755	False
Epibatidine	17650	3.3247283e-10	5671	71.27057936408194	False
N-METHYL-1-[4-(9H-PURIN-6-YL)PHENYL]METHANAMINE	19804	3.3111477e-10	5672	71.28314691466633	False
Selenocysteine	19433	3.298377e-10	5673	71.29571446525073	False
[5-(5-Amino-1H-pyrrolo[3,2-b]pyridin-2-yl)-6-hydroxy-3'-nitro-3-biphenylyl]acetic acid	17022	3.2978487e-10	5674	71.30828201583512	False
(2S)-1-{[5-(1H-Indazol-5-yl)-3-pyridinyl]oxy}-3-(7aH-indol-3-yl)-2-propanamine	19797	3.2976913e-10	5675	71.32084956641951	False
2-HYDROXY-5-(2-MERCAPTO-ETHYLSULFAMOYL)-BENZOIC ACID	18704	3.297509e-10	5676	71.33341711700389	False
Hadacidin	19271	3.2909936e-10	5677	71.3459846675883	False
Thiacloprid	19935	3.2898448e-10	5678	71.35855221817268	False
Dazoxiben	19142	3.288979e-10	5679	71.37111976875707	False
Betazole	16336	3.2870662e-10	5680	71.38368731934146	False
N-sulfo-flavin mononucleotide	19821	3.2862826e-10	5681	71.39625486992584	False
Tetrastearoyl cardiolipin	17431	3.2853298e-10	5682	71.40882242051025	False
2-butyl-1-hydroxyguanidine	16238	3.2839392e-10	5683	71.42138997109463	False
Tecastemizole	16304	3.2819794e-10	5684	71.43395752167902	False
5-(4-Methoxyphenoxy)-2,4-Quinazolinediamine	19951	3.2815162e-10	5685	71.44652507226341	False
Veglin	16514	3.2806274e-10	5686	71.4590926228478	False
Meglutol	17409	3.2802647e-10	5687	71.4716601734322	False
(2S)-4-METHYL-2-(3-PHENYLTHIOUREIDO)-N-((3S)-TETRAHYDRO-2-HYDROXY-3-FURANYL)PENTANAMIDE	19498	3.2715666e-10	5688	71.48422772401659	False
7-methyl-7,8-dihydroguanosine-5'-diphosphate	18185	3.2686917e-10	5689	71.49679527460097	False
MYO-029	19601	3.2659744e-10	5690	71.50936282518538	False
IDD552	17676	3.2656441e-10	5691	71.52193037576976	False
alpha-Fluoro-carboxymethyldethia coenzyme A complex	20048	3.2624253e-10	5692	71.53449792635416	False
Fructose-6-phosphate	18573	3.2612682e-10	5693	71.54706547693854	False
Protamine sulfate	16668	3.2608083e-10	5694	71.55963302752293	False
(2S)-1-(6H-INDOL-3-YL)-3-{[5-(7H-PYRAZOLO[3,4-C]PYRIDIN-5-YL)PYRIDIN-3-YL]OXY}PROPAN-2-AMINE	19799	3.2588868e-10	5695	71.57220057810733	False
N4-HYDROXY-2-ISOBUTYL-N1-(9-OXO-1,8-DIAZA-TRICYCLO[10.6.1.013,18]NONADECA-12(19),13,15,17-TETRAEN-10-YL)-SUCCINAMIDE	19726	3.255414e-10	5696	71.58476812869172	False
Ropinirole	15291	3.2550662e-10	5697	71.59733567927611	False
Adapalene	16276	3.2544145e-10	5698	71.6099032298605	False
Homatropine	15767	3.2516656e-10	5699	71.62247078044489	False
6-{4-[HYDROXY-(4-NITRO-PHENOXY)-PHOSPHORYL]-BUTYRYLAMINO}-HEXANOIC ACID	19419	3.2453581e-10	5700	71.63503833102928	False
Tecadenoson	15959	3.2395633e-10	5701	71.64760588161367	False
Nivolumab	19603	3.2389272e-10	5702	71.66017343219806	False
Tifuvirtide	19190	3.23592e-10	5703	71.67274098278246	False
Ethynodiol diacetate	15467	3.234482e-10	5704	71.68530853336684	False
4-(2-aminoethyl)-2-ethylphenol	18249	3.233699e-10	5705	71.69787608395124	False
N6-(2,5-Dimethoxy-Benzyl)-N6-Methyl-Pyrido[2,3-D]Pyrimidine-2,4,6-Triamine	16995	3.2294026e-10	5706	71.71044363453562	False
Sorbinil	17675	3.2267736e-10	5707	71.72301118512003	False
2-(2-Hydroxy-5-Methoxy-Phenyl)-1h-Benzoimidazole-5-Carboxamidine	18002	3.2249955e-10	5708	71.73557873570441	False
N-[3-[(1-Aminoethyl)(Hydroxy)Phosphoryl]-2-(1,1'-Biphenyl-4-Ylmethyl)Propanoyl]Alanine	16779	3.2189051e-10	5709	71.7481462862888	False
2-(3-GUANIDINOPHENYL)-3-MERCAPTOPROPANOIC ACID	19452	3.2159167e-10	5710	71.7607138368732	False
1-(2,5-dideoxy-5-pyrrolidin-1-yl-beta-L-erythro-pentofuranosyl)-5-methylpyrimidine-2,4(1H,3H)-dione	19478	3.2148498e-10	5711	71.77328138745759	False
3'-deoxy-3'-aminothymidine monophosphate	18829	3.2080136e-10	5712	71.78584893804198	False
1-deoxymannojirimycin	19657	3.2078118e-10	5713	71.79841648862637	False
Oxypurinol	19246	3.2074263e-10	5714	71.81098403921075	False
3-CHLORO-2-(4-HYDROXYPHENYL)-2H-INDAZOL-5-OL	16395	3.2064906e-10	5715	71.82355158979516	False
Febuxostat	19245	3.204693e-10	5716	71.83611914037954	False
Daglutril	16783	3.2044178e-10	5717	71.84868669096393	False
Nafamostat	16182	3.2027925e-10	5718	71.86125424154832	False
Potassium nitrate	16305	3.2022307e-10	5719	71.8738217921327	False
5-phospho-D-arabinohydroxamic acid	18785	3.2013206e-10	5720	71.88638934271711	False
N-[(1S)-2-amino-1-phenylethyl]-5-(1H-pyrrolo[2,3-b]pyridin-4-yl)thiophene-2-carboxamide	18438	3.191164e-10	5721	71.89895689330149	False
Zenarestat	17672	3.1883046e-10	5722	71.9115244438859	False
P54	18584	3.1869304e-10	5723	71.92409199447027	False
3-(Benzyloxy)Pyridin-2-Amine	18322	3.184166e-10	5724	71.93665954505467	False
Cyclic 3',5'-thymidine monophosphate	18926	3.183486e-10	5725	71.94922709563906	False
Guanidinoethylmercaptosuccinic acid	20108	3.1829636e-10	5726	71.96179464622345	False
2-[(3-Hydroxy-2-Methyl-5-Phosphonooxymethyl-Pyridin-4-Ylmethyl)-Imino]-5-Phosphono-Pent-3-Enoic Acid	17752	3.1817438e-10	5727	71.97436219680785	False
Minodronic acid	17736	3.1786382e-10	5728	71.98692974739224	False
CCR5 mAb	18039	3.175396e-10	5729	71.99949729797662	False
Sibrotuzumab	19660	3.1716432e-10	5730	72.01206484856102	False
Azoxystrobin	18132	3.170361e-10	5731	72.0246323991454	False
Gonadorelin	16574	3.16662e-10	5732	72.0371999497298	False
Leucine	16582	3.1652492e-10	5733	72.04976750031419	False
(2E)-1-[2-hydroxy-4-methoxy-5-(3-methylbut-2-en-1-yl)phenyl]-3-(4-hydroxyphenyl)prop-2-en-1-one	19836	3.1636802e-10	5734	72.06233505089858	False
SNS-032	16515	3.1584466e-10	5735	72.07490260148298	False
Carba-nicotinamide-adenine-dinucleotide	19019	3.1583564e-10	5736	72.08747015206735	False
Ramosetron	15376	3.155412e-10	5737	72.10003770265175	False
3-(4-Amino-1-Tert-Butyl-1h-Pyrazolo[3,4-D]Pyrimidin-3-Yl)Phenol	15814	3.1503244e-10	5738	72.11260525323614	False
Ezatiostat	17801	3.1477057e-10	5739	72.12517280382053	False
VX-702	17590	3.1471176e-10	5740	72.13774035440493	False
Guanosine-5'-Diphosphate	18405	3.1443814e-10	5741	72.15030790498932	False
Xylazine	20150	3.1436076e-10	5742	72.16287545557371	False
Cycloleucine	17035	3.1411623e-10	5743	72.1754430061581	False
(1S,2S,3R,6R)-4-(hydroxymethyl)-6-(octylamino)cyclohex-4-ene-1,2,3-triol	19659	3.137815e-10	5744	72.18801055674248	False
Amoxapine	14540	3.1355415e-10	5745	72.20057810732689	False
Guanidine-3-propanol	18953	3.1343217e-10	5746	72.21314565791127	False
Tislelizumab	19608	3.1335926e-10	5747	72.22571320849566	False
2,4,6-Triaminoquinazoline	19939	3.1286712e-10	5748	72.23828075908006	False
RTA 744	17661	3.10696e-10	5749	72.25084830966445	False
1,3,2-Dioxaborolan-2-Ol	18955	3.1039923e-10	5750	72.26341586024884	False
Ocaperidone	16849	3.1001465e-10	5751	72.27598341083323	False
Dimethyltryptamine	16507	3.0993896e-10	5752	72.28855096141761	False
Lisuride	15448	3.0964117e-10	5753	72.30111851200202	False
Furazolidone	14883	3.0963998e-10	5754	72.3136860625864	False
2-[(4-fluorophenyl)sulfonylamino]-N-oxo-ethanamide	18781	3.083352e-10	5755	72.32625361317079	False
5-(DIMETHYLAMINO)-2-NAPHTHALENESULFONIC ACID	18587	3.0830108e-10	5756	72.33882116375518	False
p1-(5'-adenosyl)p5-(5'-thymidyl)pentaphosphate	18830	3.0806946e-10	5757	72.35138871433958	False
(1S,3R,4S,5S,7S)-4-{[2-(4-METHOXYPHENOXY)-2-METHYLPROPANOYL]AMINO}ADAMANTANE-1-CARBOXAMIDE	16989	3.0803302e-10	5758	72.36395626492397	False
Stiripentol	15231	3.0763497e-10	5759	72.37652381550835	False
Ephedra sinica root	16355	3.072573e-10	5760	72.38909136609276	False
METHYL 1-(4-{[(2,4-DIAMINOPTERIDIN-6-YL)METHYL]AMINO}BENZOYL)PIPERIDINE-4-CARBOXYLATE	19940	3.0504246e-10	5761	72.40165891667714	False
1,3-CYCLOHEXANEDIOL, 4-METHYLENE-5-[(2E)-[(1S,3AS,7AS)-OCTAHYDRO-1-(5-HYDROXY-5-METHYL-1,3-HEXADIYNYL)-7A-METHYL-4H-INDEN-4-YLIDENE]ETHYLIDENE]-, (1R,3S,5Z)	17749	3.0497788e-10	5762	72.41422646726153	False
3-Hydroxymethyl-5-Aziridinyl-1methyl-2-[1h-Indole-4,7-Dione]-Propanol	18748	3.049104e-10	5763	72.42679401784592	False
2-amino-6-[2-(1H-indol-6-yl)ethyl]pyrimidin-4(3H)-one	18252	3.0438513e-10	5764	72.43936156843031	False
2-[2-(1,3-Dioxo-1,3-Dihydro-2h-Isoindol-2-Yl)Ethyl]-4-(4'-Ethoxy-1,1'-Biphenyl-4-Yl)-4-Oxobutanoic Acid	18776	3.0434738e-10	5765	72.45192911901471	False
6-O-Phosphoryl Inosine Monophosphate	19272	3.0428066e-10	5766	72.4644966695991	False
(1S)-1,2,3,4-TETRAHYDRO-BENZO[C]PHENANTHRENE-2,3,4-TRIOL	16343	3.0418662e-10	5767	72.47706422018348	False
Pentagastrin	14837	3.029597e-10	5768	72.48963177076789	False
Bremelanotide	17888	3.028661e-10	5769	72.50219932135226	False
5-Thio-a/B-D-Mannopyranosylamine	19656	3.0260625e-10	5770	72.51476687193666	False
4-(6-HYDROXY-1H-INDAZOL-3-YL)BENZENE-1,3-DIOL	16403	3.024568e-10	5771	72.52733442252105	False
4-(4-FLUOROBENZYL)PIPERIDINE	18241	3.021639e-10	5772	72.53990197310544	False
Phosphonoacetohydroxamic Acid	20051	3.0166175e-10	5773	72.55246952368984	False
CTS-21166	18237	3.0065422e-10	5774	72.56503707427422	False
Desirudin	15884	3.0025193e-10	5775	72.57760462485862	False
2-Amino-7-[2-(2-Hydroxy-1-Hydroxymethyl-Ethylamino)-Ethyl]-1,7-Dihydro-Purin-6-One	16728	3.0011565e-10	5776	72.590172175443	False
1,4-dithio-alpha-D-glucopyranose	20043	3.0001035e-10	5777	72.6027397260274	False
Plerixafor	18102	2.997764e-10	5778	72.61530727661179	False
2,4-Diamino-5-(3,4,5-Trimethoxy-Benzyl)-Pyrimidin-1-Ium	16998	2.9973238e-10	5779	72.62787482719618	False
(Z)-3-BENZYL-5-(2-HYDROXY-3-NITROBENZYLIDENE)-2-THIOXOTHIAZOLIDIN-4-ONE	19851	2.9939984e-10	5780	72.64044237778057	False
2-Cyclopropylmethylenepropanal	16808	2.9866296e-10	5781	72.65300992836497	False
Protoporphyrin Ix Containing Zn	18296	2.983828e-10	5782	72.66557747894934	False
(2S)-2-(4-chlorophenyl)-2-[4-(1H-pyrazol-4-yl)phenyl]ethanamine	19808	2.9829858e-10	5783	72.67814502953375	False
Dienestrol	16363	2.9817343e-10	5784	72.69071258011813	False
SB220025	18110	2.9754907e-10	5785	72.70328013070252	False
Brotizolam	15608	2.9713676e-10	5786	72.71584768128692	False
Dihydroxyacetone phosphate	19009	2.9653663e-10	5787	72.72841523187131	False
Durvalumab	19615	2.9607092e-10	5788	72.7409827824557	False
N-[(5R,14R)-5-AMINO-5,14-DIMETHYL-4-OXO-3-OXA-18-AZATRICYCLO[15.3.1.1~7,11~]DOCOSA-1(21),7(22),8,10,17,19-HEXAEN-19-YL]-N-METHYLMETHANESULFONAMIDE	18239	2.9564207e-10	5789	72.7535503330401	False
WRR-112	18920	2.9531405e-10	5790	72.76611788362447	False
N-(3-Propylcarbamoyloxirane-2-Carbonyl)-Isoleucyl-Proline	18142	2.9435918e-10	5791	72.77868543420887	False
Sri-9439	16999	2.9398156e-10	5792	72.79125298479326	False
Immucillin-G	16726	2.9348352e-10	5793	72.80382053537765	False
1,1,1-TRIFLUORO-3-((N-ACETYL)-L-LEUCYLAMIDO)-4-PHENYL-BUTAN-2-ONE(N-ACETYL-L-LEUCYL-L-PHENYLALANYL TRIFLUOROMETHYL KETONE)	19684	2.9291364e-10	5794	72.81638808596205	False
UDP-alpha-D-glucuronic acid	18928	2.927031e-10	5795	72.82895563654644	False
DIMETHYL-(4,5,6,7-TETRABROMO-1H-BENZOIMIDAZOL-2-YL)-AMINE	18805	2.9228636e-10	5796	72.84152318713083	False
Gantacurium	19713	2.9212863e-10	5797	72.85409073771521	False
CNS-5161	17036	2.9162814e-10	5798	72.86665828829962	False
Orbifloxacin	15381	2.9001787e-10	5799	72.879225838884	False
O-(((1R)-((N-(PHENYL-METHOXY-CARBONYL)-ALANYL)-AMINO)METHYL)HYDROXYPHOSPHINYL)3-L-PHENYLLACTATE	19764	2.8946964e-10	5800	72.89179338946839	False
alpha-L-fucose	19400	2.887869e-10	5801	72.90436094005278	False
Isocarboxazid	19222	2.8861677e-10	5802	72.91692849063718	False
Cerliponase alfa	19718	2.8834e-10	5803	72.92949604122157	False
Racepinephrine	16536	2.8766597e-10	5804	72.94206359180596	False
Nitrazepam	15519	2.8738245e-10	5805	72.95463114239034	False
Ticalopride	16290	2.8638328e-10	5806	72.96719869297475	False
(1S)-1-(1H-INDOL-3-YLMETHYL)-2-(2-PYRIDIN-4-YL-[1,7]NAPHTYRIDIN-5-YLOXY)-EHYLAMINE	19800	2.8566044e-10	5807	72.97976624355913	False
Lefradafiban	17227	2.8565061e-10	5808	72.99233379414353	False
Piclamilast	17321	2.851493e-10	5809	73.00490134472791	False
17-METHYL-17-ALPHA-DIHYDROEQUILENIN	16385	2.8512806e-10	5810	73.0174688953123	False
Methotrimeprazine	15165	2.8396716e-10	5811	73.0300364458967	False
5-[4-(1-Carboxymethyl-2-Oxo-Propylcarbamoyl)-Benzylsulfamoyl]-2-Hydroxy-Benzoic Acid	18703	2.837203e-10	5812	73.04260399648108	False
Epicept NP-1	16848	2.8350503e-10	5813	73.05517154706548	False
4-amino-N-[4-(benzyloxy)phenyl]butanamide	18998	2.833304e-10	5814	73.06773909764986	False
Piceatannol	19900	2.8285793e-10	5815	73.08030664823426	False
3'-Deoxy 3'-Amino Adenosine-5'-Diphosphate	19440	2.8278727e-10	5816	73.09287419881865	False
Edotreotide gallium Ga-68	17283	2.826972e-10	5817	73.10544174940304	False
Elacytarabine	19399	2.8238947e-10	5818	73.11800929998743	False
(3aS)-3a-hydroxy-5-methyl-1-phenyl-1,2,3,3a-tetrahydro-4H-pyrrolo[2,3-b]quinolin-4-one	19926	2.8232972e-10	5819	73.13057685057183	False
4-(1-Benzyl-3-Carbamoylmethyl-2-Methyl-1h-Indol-5-Yloxy)-Butyric Acid	18970	2.820606e-10	5820	73.1431444011562	False
5-[4-(DIMETHYLAMINO)PHENYL]-6-[(6-MORPHOLIN-4-YLPYRIDIN-3-YL)ETHYNYL]PYRIMIDIN-4-AMINE	19691	2.818632e-10	5821	73.15571195174061	False
Perindopril	14846	2.814211e-10	5822	73.16827950232499	False
N-[4-hydroxymethyl-cyclohexan-6-yl-1,2,3-triol]-4,6-dideoxy-4-aminoglucopyranoside	19388	2.809438e-10	5823	73.1808470529094	False
Ibritumomab tiuxetan	16227	2.806717e-10	5824	73.19341460349378	False
4,6-dideoxy-4-amino-alpha-D-glucose	15758	2.8029828e-10	5825	73.20598215407817	False
Carboprost tromethamine	16218	2.8014008e-10	5826	73.21854970466256	False
Farletuzumab	19564	2.7936745e-10	5827	73.23111725524694	False
(2R)-2-(4-chlorophenyl)-2-[4-(1H-pyrazol-4-yl)phenyl]ethanamine	19807	2.7920924e-10	5828	73.24368480583135	False
5-[(1S)-1-(3-chlorophenyl)ethoxy]quinazoline-2,4-diamine	18826	2.7911712e-10	5829	73.25625235641573	False
Canertinib	17714	2.7878405e-10	5830	73.26881990700012	False
Bevasiranib	16516	2.783664e-10	5831	73.28138745758451	False
(3Z)-1-[(6-fluoro-4H-1,3-benzodioxin-8-yl)methyl]-4-[(E)-2-phenylethenyl]-1H-indole-2,3-dione 3-oxime	18600	2.77995e-10	5832	73.29395500816891	False
Mocetinostat	19283	2.7732136e-10	5833	73.3065225587533	False
D-Cysteine	19759	2.7701844e-10	5834	73.3190901093377	False
Egaptivon pegol	18380	2.767581e-10	5835	73.33165765992207	False
Nialamide	19172	2.7621808e-10	5836	73.34422521050648	False
3-(HYDROXYMETHYL)-1-METHYL-5-(2-METHYLAZIRIDIN-1-YL)-2-PHENYL-1H-INDOLE-4,7-DIONE	18753	2.7595792e-10	5837	73.35679276109086	False
Fludiazepam	16421	2.751564e-10	5838	73.36936031167525	False
KD3010	18290	2.7511654e-10	5839	73.38192786225964	False
Methyldopa	14809	2.7511496e-10	5840	73.39449541284404	False
2,6-Diamino-Hexanoic Acid Amide	19446	2.7450903e-10	5841	73.40706296342843	False
Captodiame	16508	2.741417e-10	5842	73.41963051401282	False
Cyclothiazide	16705	2.7394884e-10	5843	73.43219806459722	False
3-nitro-L-tyrosine	17529	2.7390235e-10	5844	73.44476561518161	False
Doxapram	19712	2.738872e-10	5845	73.45733316576599	False
Ribose-1-Phosphate	16732	2.7334912e-10	5846	73.46990071635038	False
2-Benzyl-3-Iodopropanoic Acid	19760	2.733262e-10	5847	73.48246826693477	False
N-{[2-({[1-(4-CARBOXYBUTANOYL)AMINO]-2-PHENYLETHYL}-HYDROXYPHOSPHINYL)OXY]ACETYL}-2-PHENYLETHYLAMINE	19408	2.7320318e-10	5848	73.49503581751917	False
V24343	16205	2.73024e-10	5849	73.50760336810356	False
CPI-1205	20187	2.728137e-10	5850	73.52017091868794	False
Seocalcitol	17741	2.7261912e-10	5851	73.53273846927235	False
Danazol	14528	2.7237018e-10	5852	73.54530601985672	False
Mito-4509	19554	2.722284e-10	5853	73.55787357044112	False
Florbetaben (18F)	15883	2.721723e-10	5854	73.57044112102551	False
Enalkiren	16807	2.7215571e-10	5855	73.5830086716099	False
Pargyline	19223	2.7184496e-10	5856	73.5955762221943	False
CRA_1144	19071	2.718185e-10	5857	73.60814377277869	False
5-[(3R)-3-(5-methoxy-4'-methylbiphenyl-3-yl)but-1-yn-1-yl]-6-methylpyrimidine-2,4-diamine	17005	2.7169567e-10	5858	73.62071132336308	False
Tolazoline	16337	2.7128036e-10	5859	73.63327887394748	False
DL-Methylephedrine	16537	2.7099903e-10	5860	73.64584642453185	False
(2R)-N~4~-hydroxy-2-(3-hydroxybenzyl)-N~1~-[(1S,2R)-2-hydroxy-2,3-dihydro-1H-inden-1-yl]butanediamide	19734	2.7096028e-10	5861	73.65841397511626	False
4-Iodopyrazole	16701	2.709277e-10	5862	73.67098152570064	False
1-[4-(4-chlorophenyl)-1-(7H-pyrrolo[2,3-d]pyrimidin-4-yl)piperidin-4-yl]methanamine	19816	2.7092514e-10	5863	73.68354907628503	False
2',3'-Dideoxythymidine-5'-Monophosphate	18827	2.7065242e-10	5864	73.69611662686943	False
(2S)-6-(2,4-DIAMINO-6-ETHYLPYRIMIDIN-5-YL)-2-(3,5-DIFLUOROPHENYL)-4-(3-METHOXYPROPYL)-2H-1,4-BENZOXAZIN-3(4H)-ONE	16815	2.7040062e-10	5865	73.7086841774538	False
PF-00356231	18775	2.7030986e-10	5866	73.72125172803821	False
Sotalol	15102	2.7023717e-10	5867	73.73381927862259	False
Benidipine	15039	2.6978603e-10	5868	73.74638682920698	False
Guanosine	16731	2.6907326e-10	5869	73.75895437979138	False
Indigotindisulfonic acid	19730	2.689501e-10	5870	73.77152193037577	False
5,7-Dichlorokynurenic acid	17033	2.688855e-10	5871	73.78408948096016	False
Deoxycytidylyl-3',5'-guanosine	19470	2.6883318e-10	5872	73.79665703154456	False
Delta-Amino Valeric Acid	16184	2.6879063e-10	5873	73.80922458212893	False
Nandrolone phenpropionate	16433	2.6771665e-10	5874	73.82179213271334	False
Propanoic acid	14566	2.6751965e-10	5875	73.83435968329772	False
Porfiromycin	14916	2.671036e-10	5876	73.84692723388213	False
RU90395	17841	2.6695995e-10	5877	73.8594947844665	False
Varespladib methyl	16249	2.6661548e-10	5878	73.8720623350509	False
Dopamine	14641	2.6658953e-10	5879	73.88462988563529	False
Carmustine	17524	2.650902e-10	5880	73.89719743621968	False
Seractide acetate	17887	2.6501892e-10	5881	73.90976498680408	False
Ranirestat	17677	2.6476782e-10	5882	73.92233253738846	False
Necitumumab	17718	2.6442865e-10	5883	73.93490008797285	False
(2R,6S)-6-{[methyl(3,4,5-trimethoxyphenyl)amino]methyl}-1,2,5,6,7,8-hexahydroquinazoline-2,4-diamine	17011	2.6442412e-10	5884	73.94746763855724	False
Azacitidine	15414	2.6415845e-10	5885	73.96003518914164	False
Thionicotinamide-Adenine-Dinucleotide	17386	2.6396202e-10	5886	73.97260273972603	False
UNDECYLAMINE-N,N-DIMETHYL-N-OXIDE	17084	2.638835e-10	5887	73.98517029031042	False
Fenretinide	14056	2.6366767e-10	5888	73.9977378408948	False
Estazolam	15495	2.6352034e-10	5889	74.0103053914792	False
Tetraferric tricitrate decahydrate	14120	2.6334449e-10	5890	74.02287294206359	False
D-Proline	20222	2.6303928e-10	5891	74.03544049264798	False
acetylleucyl-leucyl-norleucinal	19930	2.6295252e-10	5892	74.04800804323237	False
N-[2-(METHYLAMINO)ETHYL]-5-ISOQUINOLINESULFONAMIDE	19812	2.6277502e-10	5893	74.06057559381676	False
(1R)-2-[(Diaminomethylene)amino]-1-{4-[(4R)-4-(hydroxymethyl)-1,3,2-dioxaborolan-2-yl]phenyl}ethyl nicotinate	18365	2.606893e-10	5894	74.07314314440116	False
Pseudoephedrine	14249	2.6041647e-10	5895	74.08571069498555	False
AUROVERTIN B	19899	2.6015784e-10	5896	74.09827824556994	False
N-Acetylglucosamine	16330	2.5946206e-10	5897	74.11084579615434	False
Rolofylline	15962	2.592642e-10	5898	74.12341334673872	False
O2-Sulfo-Glucuronic Acid	17554	2.5891728e-10	5899	74.13598089732312	False
Uridylyl-2'-5'-phospho-guanosine	19476	2.5868677e-10	5900	74.1485484479075	False
5beta-dihydrotestosterone	19714	2.5865468e-10	5901	74.1611159984919	False
1,1,1-TRIFLUORO-3-ACETAMIDO-4-PHENYL BUTAN-2-ONE(N-ACETYL-L-PHENYLALANYL TRIFLUOROMETHYL KETONE)	19679	2.5781735e-10	5902	74.17368354907629	False
S-(4-BROMOBENZYL)CYSTEINE	17803	2.5774213e-10	5903	74.18625109966067	False
N-({(2S,3S)-3-[(BENZYLAMINO)CARBONYL]OXIRAN-2-YL}CARBONYL)-L-ISOLEUCYL-L-PROLINE	18152	2.5771463e-10	5904	74.19881865024507	False
Istaroxime	17632	2.5757257e-10	5905	74.21138620082945	False
KH064	18975	2.575289e-10	5906	74.22395375141384	False
S-(2,4-dinitrophenyl)glutathione	17787	2.574665e-10	5907	74.23652130199824	False
Acepromazine	14348	2.5738303e-10	5908	74.24908885258263	False
alpha-maltotriose	20045	2.5725738e-10	5909	74.26165640316702	False
LM-609	18696	2.5710628e-10	5910	74.27422395375142	False
2-[4-({[(3,5-DICHLOROPHENYL)AMINO]CARBONYL}AMINO)PHENOXY]-2-METHYLPROPANOIC ACID	16426	2.570205e-10	5911	74.28679150433581	False
1,2-dihexadecanoyl-sn-glycero-3-phosphoethanolamine	18791	2.5701508e-10	5912	74.2993590549202	False
Protein S human	16047	2.5680733e-10	5913	74.31192660550458	False
Brequinar	17076	2.5672994e-10	5914	74.32449415608899	False
Pyrazole	16369	2.5645636e-10	5915	74.33706170667337	False
2'-deoxy-N-(naphthalen-1-ylmethyl)guanosine 5'-(dihydrogen phosphate)	19913	2.56361e-10	5916	74.34962925725776	False
Pergolide	15490	2.563429e-10	5917	74.36219680784215	False
2(S)-Amino-6-Boronohexanoic Acid	16832	2.5634045e-10	5918	74.37476435842653	False
Frovatriptan	15320	2.557071e-10	5919	74.38733190901094	False
CoA-s-acetyl tryptamine	20113	2.552778e-10	5920	74.39989945959532	False
Ligandrol	16462	2.5503397e-10	5921	74.41246701017971	False
4-(2-amino-1-methyl-1H-imidazo[4,5-b]pyridin-6-yl)phenol	16386	2.5494593e-10	5922	74.4250345607641	False
{4-[(2R)-pyrrolidin-2-ylmethoxy]phenyl}(4-thiophen-3-ylphenyl)methanone	19000	2.5478647e-10	5923	74.4376021113485	False
(5S)-2-{[(1S)-1-(2-fluorophenyl)ethyl]amino}-5-methyl-5-(trifluoromethyl)-1,3-thiazol-4(5H)-one	16983	2.5459412e-10	5924	74.45016966193289	False
N-[2-Chloro-5-(trifluoromethyl)phenyl]imidodicarbonimidic diamide	16969	2.5440092e-10	5925	74.46273721251728	False
CP-271485	18774	2.5387595e-10	5926	74.47530476310166	False
Mercaptoethanol	16549	2.5381688e-10	5927	74.48787231368607	False
HZT-501	16338	2.532854e-10	5928	74.50043986427045	False
Potassium	17636	2.53269e-10	5929	74.51300741485485	False
Methyl (2S)-2-[[2-[(3R)-1-carbamimidoylpiperidin-3-yl]acetyl]amino]-3-[4-(2-phenylethynyl)phenyl]propanoate	18386	2.5300534e-10	5930	74.52557496543923	False
RU79072	17842	2.5265043e-10	5931	74.53814251602363	False
Zidovudine monophosphate	18831	2.5224597e-10	5932	74.55071006660802	False
Ridogrel	17709	2.5214109e-10	5933	74.56327761719241	False
PRX-08066	17110	2.519046e-10	5934	74.5758451677768	False
3-({4-[(5-CHLORO-1,3-BENZODIOXOL-4-YL)AMINO]PYRIMIDIN-2-YL}AMINO)BENZAMIDE	19372	2.5076272e-10	5935	74.5884127183612	False
Acamprosate	18756	2.5071586e-10	5936	74.60098026894558	False
QR-333	17678	2.5060395e-10	5937	74.61354781952997	False
4-METHYL-PENTANOIC ACID {1-[4-GUANIDINO-1-(THIAZOLE-2-CARBONYL)-BUTYLCARBAMOYL]-2-METHYL-PROPYL}-AMIDE	18370	2.505366e-10	5938	74.62611537011436	False
CT-011	19602	2.5049884e-10	5939	74.63868292069876	False
PD150606	19988	2.5006922e-10	5940	74.65125047128315	False
6-Chloro-2-(2-Hydroxy-Biphenyl-3-Yl)-1h-Indole-5-Carboxamidine	16096	2.495998e-10	5941	74.66381802186753	False
5-benzyl-1,3-thiazol-2-amine	19815	2.4865993e-10	5942	74.67638557245193	False
(3E)-5-fluoro-1-[(6-fluoro-4H-1,3-benzodioxin-8-yl)methyl]-1H-indole-2,3-dione 3-oxime	18601	2.4853808e-10	5943	74.68895312303631	False
Troxacitabine	15807	2.4843855e-10	5944	74.70152067362072	False
2-deoxy-2-fluoro-alpha-D-mannosyl fluoride	19653	2.4834945e-10	5945	74.7140882242051	False
Apraclonidine	16847	2.4823202e-10	5946	74.72665577478949	False
Prilocaine	16570	2.478526e-10	5947	74.73922332537389	False
Metipranolol	15156	2.47461e-10	5948	74.75179087595828	False
S-(Dimethylarsenic)Cysteine	16772	2.4724114e-10	5949	74.76435842654267	False
(R)-1-(4-(4-(Hydroxymethyl)-1,3,2-dioxaborolan-2-YL)phenethyl)guanidine	18366	2.471327e-10	5950	74.77692597712706	False
3-(2-Aminoethyl)-4-(Aminomethyl)Heptanedioic Acid	16188	2.4712657e-10	5951	74.78949352771144	False
Physostigmine	17173	2.4711527e-10	5952	74.80206107829585	False
1-[4-(4-chlorobenzyl)-1-(7H-pyrrolo[2,3-d]pyrimidin-4-yl)piperidin-4-yl]methanamine	19817	2.4635993e-10	5953	74.81462862888023	False
Diamino-N-[3-(1,3,2-dioxaborolan-2-yloxy)propyl]methaniminium	18952	2.4620161e-10	5954	74.82719617946462	False
octyl 3-deoxy-2-O-(6-deoxy-alpha-L-galactopyranosyl)-beta-D-xylo-hexopyranoside	16607	2.4616173e-10	5955	74.83976373004901	False
scyllo-inositol	18225	2.4582109e-10	5956	74.8523312806334	False
N-[amino(imino)methyl]-2-[2-(2-chlorophenyl)-4-(4-propoxyphenyl)-3-thienyl]acetamide	18240	2.4574467e-10	5957	74.8648988312178	False
Isoamyl alcohol	16804	2.4535454e-10	5958	74.87746638180218	False
Gaboxadol	20223	2.4526797e-10	5959	74.89003393238659	False
2-Amino-3-Hydroxy-3-Phosphonooxy-Propionic Acid	19445	2.4499214e-10	5960	74.90260148297097	False
Pyridoxamine-5'-Phosphate	16819	2.448744e-10	5961	74.91516903355536	False
7,8-dihydroxy-4-phenyl-2H-chromen-2-one	19174	2.447222e-10	5962	74.92773658413975	False
Glyoxylic acid	20219	2.4411612e-10	5963	74.94030413472414	False
CTA018	17745	2.4397648e-10	5964	74.95287168530854	False
(5S)-5-Iododihydro-2,4(1H,3H)-pyrimidinedione	18190	2.4326044e-10	5965	74.96543923589293	False
Filanesib	19124	2.4248079e-10	5966	74.97800678647731	False
Guaifenesin	20157	2.4247432e-10	5967	74.99057433706172	False
Oxamic Acid	16248	2.4175345e-10	5968	75.0031418876461	False
(2S)-4-(2,5-DIFLUOROPHENYL)-N,N-DIMETHYL-2-PHENYL-2,5-DIHYDRO-1H-PYRROLE-1-CARBOXAMIDE	19132	2.416599e-10	5969	75.01570943823049	False
Domoic Acid	17808	2.415046e-10	5970	75.02827698881488	False
Diglyme	18715	2.413844e-10	5971	75.04084453939927	False
2'-deoxycytidine-2'-deoxyadenosine-3',5'-monophosphate	19464	2.41112e-10	5972	75.05341208998367	False
Eptinezumab	19286	2.4090147e-10	5973	75.06597964056805	False
O-(((1R)-((N-PHENYLMETHOXYCARBONYL-L-ALANYL)AMINO)ETHYL)HYDROXYPHOSPHONO)-L-BENZYLACETIC ACID	19768	2.40884e-10	5974	75.07854719115244	False
Descarboxy-nor-N(Omega)-Hydroxy-L-Arginine	16838	2.4085275e-10	5975	75.09111474173683	False
N-Cyclohexyl-N'-(4-Iodophenyl)Urea	18166	2.4084082e-10	5976	75.10368229232122	False
2-({[2,3,5,6-TETRAFLUORO-3'-(TRIFLUOROMETHOXY)BIPHENYL-4-YL]AMINO}CARBONYL)CYCLOPENTA-1,3-DIENE-1-CARBOXYLIC ACID	17088	2.4075308e-10	5977	75.11624984290562	False
(3AS,4R,9BR)-2,2-DIFLUORO-4-(4-HYDROXYPHENYL)-1,2,3,3A,4,9B-HEXAHYDROCYCLOPENTA[C]CHROMEN-8-OL	16392	2.406608e-10	5978	75.12881739349001	False
Norepinephrine	16352	2.4064706e-10	5979	75.1413849440744	False
N,N'-DIMETHYL-N-(ACETYL)-N'-(7-NITROBENZ-2-OXA-1,3-DIAZOL-4-YL)ETHYLENEDIAMINE	18575	2.4036997e-10	5980	75.1539524946588	False
Arabinouridine 3'-phosphate	19466	2.4017519e-10	5981	75.16652004524317	False
Glyceraldehyde-3-Phosphate	20283	2.4016558e-10	5982	75.17908759582758	False
Dobutamine	14808	2.4009367e-10	5983	75.19165514641196	False
Dotarizine	15567	2.3931324e-10	5984	75.20422269699635	False
(R)-minalrestat	17685	2.3861313e-10	5985	75.21679024758075	False
Mephentermine	20151	2.3758046e-10	5986	75.22935779816514	False
Aminolevulinic acid	16183	2.373558e-10	5987	75.24192534874953	False
Metiamide	16339	2.3695593e-10	5988	75.25449289933393	False
Benazepril	14835	2.3672644e-10	5989	75.2670604499183	False
(2S)-4-(2,5-DIFLUOROPHENYL)-N-METHYL-2-PHENYL-N-PIPERIDIN-4-YL-2,5-DIHYDRO-1H-PYRROLE-1-CARBOXAMIDE	19130	2.361744e-10	5990	75.27962800050271	False
Undecyl-Phosphinic Acid Butyl Ester	19716	2.360258e-10	5991	75.29219555108709	False
2-AMINO-4-FLUORO-5-[(1-METHYL-1H-IMIDAZOL-2-YL)SULFANYL]-N-(1,3-THIAZOL-2-YL)BENZAMIDE	18422	2.3601007e-10	5992	75.30476310167148	False
Camphor	18372	2.359817e-10	5993	75.31733065225588	False
Hg9a-9, Nonanoyl-N-Hydroxyethylglucamide	18834	2.354979e-10	5994	75.32989820284027	False
Flunitrazepam	15515	2.3498953e-10	5995	75.34246575342466	False
6-ETHYL-5-[9-(3-METHOXYPROPYL)-9H-CARBAZOL-2-YL]PYRIMIDINE-2,4-DIAMINE	16813	2.3477045e-10	5996	75.35503330400904	False
{4-[3-(4-acetyl-3-hydroxy-2-propylphenoxy)propoxy]phenoxy}acetic acid	18293	2.3474447e-10	5997	75.36760085459345	False
Urokinase	14801	2.3450863e-10	5998	75.38016840517783	False
Mibolerone	16460	2.3446348e-10	5999	75.39273595576222	False
Remikiren	16803	2.3360108e-10	6000	75.40530350634661	False
Diprenorphine	17158	2.3319152e-10	6001	75.417871056931	False
Alprazolam	14164	2.331368e-10	6002	75.4304386075154	False
2-{4-[(4-imidazo[1,2-a]pyridin-3-ylpyrimidin-2-yl)amino]piperidin-1-yl}-N-methylacetamide	18606	2.3289903e-10	6003	75.44300615809979	False
Osanetant	19289	2.3282662e-10	6004	75.45557370868417	False
N~4~-(3-methyl-1H-indazol-6-yl)-N~2~-(3,4,5-trimethoxyphenyl)pyrimidine-2,4-diamine	17055	2.3166473e-10	6005	75.46814125926858	False
Lasofoxifene	16321	2.3161921e-10	6006	75.48070880985296	False
Enoxaparin	14774	2.314536e-10	6007	75.49327636043735	False
PP-121	17866	2.310694e-10	6008	75.50584391102174	False
3,5,6,8-Tetramethyl-N-Methyl Phenanthrolinium	18932	2.3053102e-10	6009	75.51841146160612	False
1-TERT-BUTYL-3-(2,5-DIMETHYLBENZYL)-1H-PYRAZOLO[3,4-D]PYRIMIDIN-4-AMINE	16454	2.3033545e-10	6010	75.53097901219053	False
1-(5-CHLORO-2,4-DIMETHOXYPHENYL)-3-(5-CYANOPYRAZIN-2-YL)UREA	19525	2.3020676e-10	6011	75.5435465627749	False
Tedizolid	14896	2.3001055e-10	6012	75.55611411335931	False
Yohimbine	15164	2.2968745e-10	6013	75.56868166394369	False
Dihydralazine	15395	2.2960732e-10	6014	75.58124921452809	False
IDD594	17689	2.2958235e-10	6015	75.59381676511248	False
Canfosfamide	17800	2.2948515e-10	6016	75.60638431569687	False
rNAPc2	16641	2.294707e-10	6017	75.61895186628126	False
CP-122721	17097	2.2914223e-10	6018	75.63151941686566	False
Ritodrine	15874	2.2891465e-10	6019	75.64408696745004	False
Eptifibatide	18695	2.2862448e-10	6020	75.65665451803444	False
Laevulinic Acid	16185	2.2859352e-10	6021	75.66922206861882	False
Threonine	16713	2.2801394e-10	6022	75.68178961920322	False
Coagulation Factor IX Human	15979	2.2763937e-10	6023	75.69435716978761	False
Calusterone	16437	2.2755253e-10	6024	75.706924720372	False
2,6,8-Trimethyl-3-Amino-9-Benzyl-9-Methoxynonanoic Acid	19276	2.2733998e-10	6025	75.7194922709564	False
Isosorbide	16719	2.2731048e-10	6026	75.73205982154079	False
5-Aminouracil	19475	2.2730266e-10	6027	75.74462737212517	False
Progabide	16673	2.2723158e-10	6028	75.75719492270956	False
Taurine	14922	2.2624598e-10	6029	75.76976247329395	False
Rilonacept	18417	2.2603162e-10	6030	75.78233002387834	False
1-hydroxy-2-isopropylguanidine	16237	2.2599195e-10	6031	75.79489757446274	False
5-N-Allyl-arginine	16242	2.2596953e-10	6032	75.80746512504713	False
Pentobarbital	15430	2.257408e-10	6033	75.82003267563152	False
Bisphenol Z	19168	2.2568268e-10	6034	75.8326002262159	False
5-Methoxy-1,2-Dimethyl-3-(Phenoxymethyl)Indole-4,7-Dione	18750	2.2556047e-10	6035	75.84516777680031	False
Quinalizarin	18818	2.2532481e-10	6036	75.85773532738469	False
Brolucizumab	16519	2.252058e-10	6037	75.87030287796908	False
Valrubicin	17654	2.2502591e-10	6038	75.88287042855347	False
Nitrosoethane	20059	2.2448918e-10	6039	75.89543797913787	False
3-Methylphenylalanine	18141	2.24105e-10	6040	75.90800552972226	False
Aldoxorubicin	17662	2.2368352e-10	6041	75.92057308030665	False
UNDECA-3,7-DIENE-1,3,7,11-TETRACARBALDEHYDE	19755	2.2325557e-10	6042	75.93314063089103	False
Roxatidine acetate	16340	2.2321768e-10	6043	75.94570818147544	False
Midomafetamine	15168	2.228361e-10	6044	75.95827573205982	False
Imidacloprid	19936	2.2273329e-10	6045	75.97084328264422	False
6-(4-{[2-(3-iodobenzyl)-3-oxocyclohex-1-en-1-yl]amino}phenyl)-5-methyl-4,5-dihydropyridazin-3(2H)-one	18833	2.2263176e-10	6046	75.9834108332286	False
Tryptophanamide	16704	2.2244584e-10	6047	75.995978383813	False
4-[3-Methylsulfanylanilino]-6,7-Dimethoxyquinazoline	18324	2.214316e-10	6048	76.00854593439739	False
Furafylline	15407	2.2119437e-10	6049	76.02111348498177	False
Etamiphylline	15400	2.2099067e-10	6050	76.03368103556618	False
(4R,2S)-5'-(4-(4-CHLOROBENZYLOXY)PYRROLIDIN-2-YLMETHANESULFONYL)ISOQUINOLINE	19803	2.2054222e-10	6051	76.04624858615055	False
(S)-Hmg-Coa	17408	2.204926e-10	6052	76.05881613673495	False
Freselestat	17114	2.2043542e-10	6053	76.07138368731934	False
Nonacog beta pegol	15980	2.2017152e-10	6054	76.08395123790373	False
3'-deoxyguanosine	16734	2.1956344e-10	6055	76.09651878848813	False
Clorazepic acid	15454	2.1924038e-10	6056	76.10908633907252	False
DAS-431 IV	17543	2.1916219e-10	6057	76.1216538896569	False
Diclofenamide	16795	2.1840564e-10	6058	76.1342214402413	False
6-(2,4-DIAMINO-6-ETHYLPYRIMIDIN-5-YL)-4-(3-METHOXYPROPYL)-2,2-DIMETHYL-2H-1,4-BENZOXAZIN-3(4H)-ONE	16816	2.183948e-10	6059	76.14678899082568	False
9-Hydroxy-8-Methoxy-6-Nitro-Phenanthrol[3,4-D][1,3]Dioxole-5-Carboxylic Acid	19833	2.1785063e-10	6060	76.15935654141009	False
AR-9281	18169	2.1758817e-10	6061	76.17192409199447	False
(2-CARBAMOYLMETHYL-5-PROPYL-OCTAHYDRO-INDOL-7-YL)ACETIC ACID	19837	2.1756245e-10	6062	76.18449164257886	False
5-aminonaphthalene-2-sulfonic acid	17557	2.1736336e-10	6063	76.19705919316326	False
N-Carbamoylphenylalanine	19761	2.1726222e-10	6064	76.20962674374763	False
Indolepropionic acid	19834	2.1712551e-10	6065	76.22219429433204	False
N-Ethylmaleimide	19141	2.1701704e-10	6066	76.23476184491642	False
3-[(2,2-DIMETHYLPROPANOYL)AMINO]-N-1,3-THIAZOL-2-YLPYRIDINE-2-CARBOXAMIDE	19977	2.1687345e-10	6067	76.24732939550081	False
Tedizolid phosphate	14895	2.1646226e-10	6068	76.2598969460852	False
Cyclohexylformamide	17031	2.1589984e-10	6069	76.2724644966696	False
2-[3-(2-Hydroxy-1,1-Dihydroxymethyl-Ethylamino)-Propylamino]-2-Hydroxymethyl-Propane-1,3-Diol	18863	2.1588378e-10	6070	76.28503204725399	False
Succinylcholine	14838	2.1549708e-10	6071	76.29759959783838	False
Aflibercept	16517	2.1519271e-10	6072	76.31016714842276	False
Camrelizumab	19606	2.147511e-10	6073	76.32273469900717	False
Phenazopyridine	16476	2.1464833e-10	6074	76.33530224959155	False
Albutrepenonacog alfa	14594	2.1458323e-10	6075	76.34786980017594	False
Pentanal	19791	2.144159e-10	6076	76.36043735076034	False
SC12267	17079	2.1432187e-10	6077	76.37300490134473	False
3-({1-[3-CARBAMIMIDOYL-1-(4-CARBAMIMIDOYL-BENZYLCARBAMOYL)-PROPYLCARBAMOYL]-2-METHYL-BUTYLSULFAMOYL}-METHYL)-BENZOIC ACID	17016	2.1368185e-10	6078	76.38557245192912	False
1-(3-bromophenyl)-7-chloro-6-methoxy-3,4-dihydroisoquinoline	18607	2.1325473e-10	6079	76.39814000251351	False
RH-1	18751	2.1315877e-10	6080	76.41070755309791	False
6-METHYL-2(PROPANE-1-SULFONYL)-2H-THIENO[3,2-D][1,2,3]DIAZABORININ-1-OL	19442	2.1248493e-10	6081	76.4232751036823	False
N-{[(2S,3S)-3-(ETHOXYCARBONYL)OXIRAN-2-YL]CARBONYL}-L-ISOLEUCYL-L-ISOLEUCINE	18151	2.1231923e-10	6082	76.43584265426668	False
Cryptenamine	17395	2.1225768e-10	6083	76.44841020485107	False
N-[(benzyloxy)carbonyl]-L-leucyl-N-[(1S)-3-fluoro-1-(4-hydroxybenzyl)-2-oxopropyl]-L-leucinamide	19497	2.1152738e-10	6084	76.46097775543547	False
Pheniramine	16490	2.1135116e-10	6085	76.47354530601986	False
4-[1-allyl-7-(trifluoromethyl)-1H-indazol-3-yl]benzene-1,3-diol	16402	2.1126167e-10	6086	76.48611285660425	False
Uridine-2',3'-vanadate	19472	2.1068784e-10	6087	76.49868040718863	False
3-(4-DIETHYLAMINO-2-HYDROXY-PHENYL)-2-METHYL-PROPIONIC ACID	19681	2.1059665e-10	6088	76.51124795777304	False
Calcifediol	14704	2.103678e-10	6089	76.52381550835742	False
2'-Monophosphoadenosine-5'-Diphosphate	19463	2.0924135e-10	6090	76.53638305894181	False
Dodecyltrimethylammonium	18443	2.0922737e-10	6091	76.5489506095262	False
Umeclidinium	15229	2.0885257e-10	6092	76.5615181601106	False
sn-glycero-3-phosphoethanolamine	19993	2.0878049e-10	6093	76.57408571069499	False
5-(2-PHENYLPYRAZOLO[1,5-A]PYRIDIN-3-YL)-1H-PYRAZOLO[3,4-C]PYRIDAZIN-3-AMINE	18115	2.0876577e-10	6094	76.58665326127938	False
Kelatorphan	19005	2.0795463e-10	6095	76.59922081186377	False
3,5-Dimethyl-1h-Pyrazole-4-Carboxylic Acid Ethyl Ester	18866	2.0727552e-10	6096	76.61178836244817	False
N6-Benzyl Adenosine-5'-Diphosphate	17836	2.0650798e-10	6097	76.62435591303255	False
Encenicline	19278	2.0628281e-10	6098	76.63692346361695	False
PT2977	20190	2.0623049e-10	6099	76.64949101420133	False
(2S)-2-(1H-indol-3-yl)pentanoic acid	19831	2.0605197e-10	6100	76.66205856478572	False
5-[(3R)-3-(5-methoxybiphenyl-3-yl)but-1-yn-1-yl]-6-methylpyrimidine-2,4-diamine	17004	2.0564206e-10	6101	76.67462611537012	False
N-BENZYL-4-[4-(3-CHLOROPHENYL)-1H-PYRAZOL-3-YL]-1H-PYRROLE-2-CARBOXAMIDE	18112	2.0554444e-10	6102	76.6871936659545	False
Quazepam	15518	2.0543978e-10	6103	76.6997612165389	False
4-{2-[(7-amino-2-furan-2-yl[1,2,4]triazolo[1,5-a][1,3,5]triazin-5-yl)amino]ethyl}phenol	18124	2.0522713e-10	6104	76.71232876712328	False
(2Z)-N-(3-chloro-2'-methoxybiphenyl-4-yl)-2-cyano-3-hydroxybut-2-enamide	17092	2.0505887e-10	6105	76.72489631770767	False
Benzodiazepine	15692	2.0438062e-10	6106	76.73746386829207	False
N-{[(2S,3S)-3-(ETHOXYCARBONYL)OXIRAN-2-YL]CARBONYL}-L-ISOLEUCYL-L-ALANINE	18150	2.0395693e-10	6107	76.75003141887646	False
(5-CHLORO-2-{[(3-NITROBENZYL)AMINO]CARBONYL}PHENOXY)ACETIC ACID	17680	2.038803e-10	6108	76.76259896946085	False
Phenylephrine	14881	2.037225e-10	6109	76.77516652004525	False
2-(CARBOXYMETHYL)-1-OXO-1,2-DIHYDRONAPHTHO[1,2-D]ISOTHIAZOLE-4-CARBOXYLIC ACID 3,3-DIOXIDE	17688	2.0355587e-10	6110	76.78773407062963	False
(2Z)-2-cyano-N-(2,2'-dichlorobiphenyl-4-yl)-3-hydroxybut-2-enamide	17082	2.0344292e-10	6111	76.80030162121403	False
Arundic acid	18731	2.0329474e-10	6112	76.81286917179841	False
S-Ethyl-N-Phenyl-Isothiourea	16240	2.0319743e-10	6113	76.82543672238282	False
N-{2-[6-(2,4-DIAMINO-6-ETHYLPYRIMIDIN-5-YL)-2,2-DIMETHYL-3-OXO-2,3-DIHYDRO-4H-1,4-BENZOTHIAZIN-4-YL]ETHYL}ACETAMIDE	16812	2.031893e-10	6114	76.8380042729672	False
Prazepam	15517	2.0304053e-10	6115	76.85057182355159	False
Deramciclane	15204	2.0295846e-10	6116	76.86313937413598	False
1-(4-Aminophenyl)-3,5-Dimethyl-1h-Pyrazole-4-Carboxylic Acid Ethyl Ester	18865	2.0249753e-10	6117	76.87570692472038	False
Cariprazine	15194	2.0235777e-10	6118	76.88827447530477	False
MK-0731	19128	2.0170036e-10	6119	76.90084202588915	False
Isopentyl Pyrophosphate	17732	2.0157422e-10	6120	76.91340957647354	False
(9R,10R)-9-(S-glutathionyl)-10-hydroxy-9,10-dihydrophenanthrene	17785	2.0140936e-10	6121	76.92597712705793	False
4-Methylthio-Alpha-D-Mannose	20044	2.0121699e-10	6122	76.93854467764233	False
PX-12	19159	2.0102288e-10	6123	76.95111222822672	False
PRX-07034	18162	2.0094468e-10	6124	76.96367977881111	False
CP-744809	17684	2.0060845e-10	6125	76.97624732939549	False
Etheno-NAD	17169	2.0042448e-10	6126	76.9888148799799	False
Insulin tregopil	15386	2.0020938e-10	6127	77.00138243056428	False
L-Eflornithine	17126	2.0015058e-10	6128	77.01394998114867	False
Amifostine	15870	1.9974557e-10	6129	77.02651753173306	False
8-(2-Chloro-3,4,5-Trimethoxy-Benzyl)-9-Pent-4-Ylnyl-9h-Purin-6-Ylamine	18646	1.9915286e-10	6130	77.03908508231746	False
[N-(2,4-DIAMINOPTERIDIN-6-YL)-METHYL]-DIBENZ[B,F]AZEPINE	17009	1.9891788e-10	6131	77.05165263290185	False
Levamisole	18028	1.9887501e-10	6132	77.06422018348624	False
Atiprimod	17591	1.9878096e-10	6133	77.07678773407063	False
[4-amino-2-(tert-butylamino)-1,3-thiazol-5-yl](phenyl)methanone	19540	1.9866497e-10	6134	77.08935528465503	False
CHIR-124	19512	1.9859149e-10	6135	77.1019228352394	False
1-{(1R,2S)-2-HYDROXY-1-[2-(2-NAPHTHYLOXY)ETHYL]PROPYL}-1H-IMIDAZONE-4-CARBOXAMIDE	19263	1.9807815e-10	6136	77.11449038582381	False
Cemiplimab	19605	1.9798446e-10	6137	77.12705793640819	False
Emricasan	17262	1.9794934e-10	6138	77.13962548699259	False
Cabergoline	15424	1.9710053e-10	6139	77.15219303757698	False
3,5-DIMETHYL-1-PHENYL-1H-PYRAZOLE-4-CARBOXYLIC ACID ETHYL ESTER	18869	1.9709413e-10	6140	77.16476058816136	False
2-Methoxy-3-Isopropylpyrazine	20011	1.9679662e-10	6141	77.17732813874576	False
4-(2-{[4-{[3-(4-Chlorophenyl)Propyl]Sulfanyl}-6-(1-Piperazinyl)-1,3,5-Triazin-2-Yl]Amino}Ethyl)Phenol	17757	1.9623327e-10	6142	77.18989568933014	False
Insulin peglispro	15385	1.9622505e-10	6143	77.20246323991454	False
(R)-1-(4-(4-(hydroxymethyl)-1,3,2-dioxaborolan-2-yl)benzyl)guanidine	18371	1.9599312e-10	6144	77.21503079049893	False
3-Mercapto-1-(1,3,4,9-Tetrahydro-B-Carbolin-2-Yl)-Propan-1-One	18385	1.9584626e-10	6145	77.22759834108332	False
Interferon alfacon-1	15286	1.9583693e-10	6146	77.24016589166771	False
Salmon calcitonin	17215	1.9542164e-10	6147	77.25273344225211	False
(2Z)-N-biphenyl-4-yl-2-cyano-3-cyclopropyl-3-hydroxyprop-2-enamide	17091	1.9533296e-10	6148	77.2653009928365	False
Plecanatide	19711	1.9529568e-10	6149	77.2778685434209	False
Interferon alfa-2c	15410	1.948927e-10	6150	77.29043609400527	False
2-[2-ETHANESULFONYLAMINO-3-(5-PROPOXY-1H-INDOL-3-YL)-PROPIONYLAMINO]-PENTANEDIOIC ACID 5-AMIDE 1-(4-CARBAMIMIDOYL-BENZYLAMIDE)	17017	1.9477228e-10	6151	77.30300364458968	False
Emicizumab	16671	1.9425177e-10	6152	77.31557119517406	False
Quisqualic acid	17809	1.9407921e-10	6153	77.32813874575845	False
Sapropterin	14664	1.9397704e-10	6154	77.34070629634284	False
Heptabarbital	17068	1.9369274e-10	6155	77.35327384692722	False
Pimagedine	15932	1.9364657e-10	6156	77.36584139751163	False
3,6,9,12,15-PENTAOXATRICOSAN-1-OL	17093	1.9324993e-10	6157	77.37840894809601	False
Pipamperone	16016	1.93139e-10	6158	77.3909764986804	False
Cisatracurium	17646	1.9292473e-10	6159	77.4035440492648	False
L-Saccharopine	16270	1.9290043e-10	6160	77.41611159984919	False
MMDA	16356	1.9289051e-10	6161	77.42867915043358	False
Binodenoson	18120	1.9285262e-10	6162	77.44124670101797	False
Triazolopyridine	18329	1.9249982e-10	6163	77.45381425160235	False
2-Aminoethanimidic Acid	18139	1.9241356e-10	6164	77.46638180218676	False
(1R)-N,6-DIHYDROXY-7-METHOXY-2-[(4-METHOXYPHENYL)SULFONYL]-1,2,3,4-TETRAHYDROISOQUINOLINE-1-CARBOXAMIDE	19725	1.9239557e-10	6165	77.47894935277114	False
(3AALPHA,4ALPHA,7ALPHA,7AALPHA)- 3A,4,7,7A-TETRAHYDRO-2-(4-NITRO-1-NAPHTHALENYL)-4,7-ETHANO-1H-ISOINDOLE-1,3(2H)-DIONE	16440	1.921037e-10	6166	77.49151690335555	False
Halothane	14312	1.9200734e-10	6167	77.50408445393992	False
Methyl Methylsulfinylmethyl Sulfide	17572	1.9166305e-10	6168	77.51665200452432	False
Sitafloxacin	15397	1.9144163e-10	6169	77.52921955510871	False
(5S)-5-(3-AMINOPROPYL)-3-(2,5-DIFLUOROPHENYL)-N-ETHYL-5-PHENYL-4,5-DIHYDRO-1H-PYRAZOLE-1-CARBOXAMIDE	19133	1.9131752e-10	6170	77.5417871056931	False
Lorazepam	15416	1.9129745e-10	6171	77.5543546562775	False
(4R)-4-(3-HYDROXYPHENYL)-N,N,7,8-TETRAMETHYL-3,4-DIHYDROISOQUINOLINE-2(1H)-CARBOXAMIDE	19125	1.912854e-10	6172	77.56692220686189	False
Isatuximab	20159	1.9095224e-10	6173	77.57948975744627	False
Canakinumab	18416	1.909271e-10	6174	77.59205730803066	False
Hydroxyfasudil	18307	1.9073457e-10	6175	77.60462485861505	False
(1-HYDROXYNONANE-1,1-DIYL)BIS(PHOSPHONIC ACID)	19706	1.9060109e-10	6176	77.61719240919945	False
1,3-Propanediol	19880	1.9060073e-10	6177	77.62975995978384	False
Suramin	14722	1.9052004e-10	6178	77.64232751036822	False
[(4R)-4-(3-HYDROXYPHENYL)-1,6-DIMETHYL-2-THIOXO-1,2,3,4-TETRAHYDROPYRIMIDIN-5-YL](PHENYL)METHANONE	19129	1.9039217e-10	6179	77.65489506095263	False
Methyclothiazide	16788	1.9033553e-10	6180	77.667462611537	False
4-[(1S,2S,5S)-5-(HYDROXYMETHYL)-8-METHYL-3-OXABICYCLO[3.3.1]NON-7-EN-2-YL]PHENOL	16388	1.9014974e-10	6181	77.68003016212141	False
Orotic acid	17073	1.897599e-10	6182	77.69259771270579	False
Interferon beta-1a	15284	1.895031e-10	6183	77.70516526329018	False
Inhibitor Idd 384	17667	1.8949659e-10	6184	77.71773281387458	False
Apadenoson	18121	1.8939722e-10	6185	77.73030036445897	False
N-(CYCLOPROPYLMETHYL)-4-(METHYLOXY)-3-({5-[3-(3-PYRIDINYL)PHENYL]-1,3-OXAZOL-2-YL}AMINO)BENZENESULFONAMIDE	17049	1.8932751e-10	6186	77.74286791504336	False
Cibacron Blue	17796	1.89129e-10	6187	77.75543546562776	False
Talbutal	17063	1.8894729e-10	6188	77.76800301621213	False
Nitroglycerin	14635	1.8887161e-10	6189	77.78057056679654	False
ING-1	19358	1.884549e-10	6190	77.79313811738092	False
Sarafloxacin	15383	1.880879e-10	6191	77.80570566796531	False
Diphenoxylate	17153	1.877732e-10	6192	77.8182732185497	False
2-[2-(2-Cyclohexyl-2-guanidino-acetylamino)-acetylamino]-N-(3-mercapto-propyl)-propionamide	18389	1.8764931e-10	6193	77.83084076913408	False
Zardaverine	18864	1.8763464e-10	6194	77.84340831971849	False
(2S,3R,4S,5S)-3,4-Dihydroxy-2-[(methylsulfanyl)methyl]-5-(4-oxo-4,5-dihydro-1H-pyrrolo[3,2-d]pyrimidin-7-yl)pyrrolidinium	16735	1.8757561e-10	6195	77.85597587030287	False
Indoleacetic acid	16822	1.874011e-10	6196	77.86854342088728	False
3,5-Dinitrocatechol	19169	1.870579e-10	6197	77.88111097147166	False
Nitroarginine	16243	1.8704113e-10	6198	77.89367852205605	False
(5R)-N,N-DIETHYL-5-METHYL-2-[(THIOPHEN-2-YLCARBONYL)AMINO]-4,5,6,7-TETRAHYDRO-1-BENZOTHIOPHENE-3-CARBOXAMIDE	19127	1.8662422e-10	6199	77.90624607264044	False
4-({4-[(4-AMINOBUT-2-YNYL)OXY]PHENYL}SULFONYL)-N-HYDROXY-2,2-DIMETHYLTHIOMORPHOLINE-3-CARBOXAMIDE	19771	1.8641538e-10	6200	77.91881362322484	False
1-Methyl-2-Oxy-5,5-Dimethyl Pyrrolidine	16809	1.8632472e-10	6201	77.93138117380923	False
Azidocillin	20210	1.8616665e-10	6202	77.94394872439362	False
[2(Formyl-Hydroxy-Amino)-Ethyl]-Phosphonic Acid	19905	1.8605056e-10	6203	77.956516274978	False
Ranibizumab	16511	1.858601e-10	6204	77.96908382556241	False
Methyl N-{[(1R)-1-({1-[(benzyloxy)carbonyl]-L-prolyl-6-ammonio-L-norleucyl}amino)-2-phenylethyl](hydroxy)phosphoryl}-L-alanyl-L-prolinate	20067	1.8577256e-10	6205	77.98165137614679	False
Turoctocog alfa pegol	14557	1.8569851e-10	6206	77.99421892673118	False
13-deoxydoxorubicin	17660	1.851606e-10	6207	78.00678647731557	False
S-Hydroxymethyl Glutathione	15953	1.8515917e-10	6208	78.01935402789996	False
LLL-3348	19383	1.851302e-10	6209	78.03192157848436	False
BMS-564929	16446	1.8511678e-10	6210	78.04448912906874	False
Etiprednol dicloacetate	18415	1.8506807e-10	6211	78.05705667965313	False
2-fluoro-4-[4-(4-fluorophenyl)-1H-pyrazol-3-yl]pyridine	18345	1.8493469e-10	6212	78.06962423023752	False
Carboxin	16540	1.8470273e-10	6213	78.08219178082192	False
(1H-indol-3-yl)-(2-mercapto-ethoxyimino)-acetic acid	18387	1.8459498e-10	6214	78.09475933140631	False
Didesmethylrocaglamide	20174	1.8453372e-10	6215	78.1073268819907	False
N-{[(2S,3S)-3-(Ethoxycarbonyl)-2-oxiranyl]carbonyl}-L-threonyl-L-isoleucine	18146	1.8424391e-10	6216	78.1198944325751	False
Adinazolam	15445	1.8333529e-10	6217	78.13246198315949	False
1-METHYL-3-TRIFLUOROMETHYL-1H-THIENO[2,3-C]PYRAZOLE-5-CARBOXYLIC ACID (2-MERCAPTO-ETHYL)-AMIDE	17264	1.8278921e-10	6218	78.14502953374387	False
Ghavamiol	19654	1.8271322e-10	6219	78.15759708432827	False
Cytidine 3'-monophosphate	19462	1.8267418e-10	6220	78.17016463491265	False
6-MORPHOLIN-4-YL-9H-PURINE	19542	1.826087e-10	6221	78.18273218549704	False
L-N(omega)-Nitroarginine-2,4-L-diaminobutyric amide	16233	1.8254077e-10	6222	78.19529973608144	False
Betahistine	15898	1.8230871e-10	6223	78.20786728666583	False
5-{[1-(2,3-dichlorobenzyl)piperidin-4-yl]methoxy}quinazoline-2,4-diamine	18825	1.8224404e-10	6224	78.22043483725022	False
(2R)-3-{[(4Z)-5,6-DIPHENYL-6,7-DIHYDRO-4H-PYRROLO[2,3-D]PYRIMIDIN-4-YLIDENE]AMINO}PROPANE-1,2-DIOL	19529	1.8214048e-10	6225	78.23300238783462	False
Plozalizumab	19548	1.8192141e-10	6226	78.245569938419	False
Guselkumab	19571	1.8178822e-10	6227	78.2581374890034	False
KB002	17496	1.8141932e-10	6228	78.27070503958778	False
S-23	16447	1.8089617e-10	6229	78.28327259017217	False
4-[4-(4-methoxyphenyl)-5-methyl-1H-pyrazol-3-yl]benzene-1,3-diol	20005	1.8088238e-10	6230	78.29584014075657	False
Duroquinone	18747	1.8062932e-10	6231	78.30840769134096	False
5-hydroxyvaleric acid	16190	1.8060796e-10	6232	78.32097524192535	False
SP4160	18383	1.803006e-10	6233	78.33354279250973	False
Oxybenzone	16364	1.8027171e-10	6234	78.34611034309414	False
Mexazolam	15751	1.7957234e-10	6235	78.35867789367852	False
Dimethylthiambutene	17155	1.7935395e-10	6236	78.37124544426291	False
Rosoxacin	15313	1.7935087e-10	6237	78.3838129948473	False
Mianserin	15197	1.792787e-10	6238	78.3963805454317	False
Aminocaproic acid	15850	1.7881051e-10	6239	78.40894809601609	False
N-(tert-butyl)-4-[5-(pyridin-2-ylamino)quinolin-3-yl]benzenesulfonamide	18597	1.7876549e-10	6240	78.42151564660048	False
3'-Fluoro-3'-deoxythymidine 5'-monophosphate	18828	1.7866186e-10	6241	78.43408319718486	False
CA4P	16479	1.784473e-10	6242	78.44665074776927	False
[(1S)-4-(1-Aminobutylideneamino)-1-carboxybutyl]azanium	16241	1.7836496e-10	6243	78.45921829835365	False
D-[(N-Hydroxyamino)Carbonyl]Phenylalanine	19762	1.7795142e-10	6244	78.47178584893804	False
2-[4-(4-Chlorophenyl)Cyclohexylidene]-3,4-Dihydroxy-1(2h)-Naphthalenone	17077	1.7775433e-10	6245	78.48435339952243	False
REL-(9R,12S)-9,10,11,12-TETRAHYDRO-9,12-EPOXY-1H-DIINDOLO[1,2,3-FG:3',2',1'-KL]PYRROLO[3,4-I][1,6]BENZODIAZOCINE-1,3(2H)-DIONE	19536	1.7763772e-10	6246	78.49692095010681	False
Benzonatate	14847	1.774386e-10	6247	78.50948850069122	False
Pembrolizumab	19604	1.7733509e-10	6248	78.5220560512756	False
S-{2-[Amino(Dihydroxy)-Lambda~4~-Sulfanyl]Ethyl}-D-Cysteine	16835	1.7703633e-10	6249	78.53462360186	False
Methylumbelliferyl chitotriose	19754	1.7687837e-10	6250	78.54719115244438	False
SGS-742	16675	1.767927e-10	6251	78.55975870302878	False
Ethinamate	16794	1.7677652e-10	6252	78.57232625361317	False
2-Nonyl-4-quinolinol 1-oxide	18137	1.7657029e-10	6253	78.58489380419756	False
N-(3,5-dimethoxyphenyl)imidodicarbonimidic diamide	16970	1.7634748e-10	6254	78.59746135478196	False
Aspartate Beryllium Trifluoride	20103	1.7620493e-10	6255	78.61002890536635	False
2-({[3,5-DIFLUORO-3'-(TRIFLUOROMETHOXY)BIPHENYL-4-YL]AMINO}CARBONYL)CYCLOPENT-1-ENE-1-CARBOXYLIC ACID	17085	1.7582355e-10	6256	78.62259645595073	False
Calcipotriol	14775	1.7531789e-10	6257	78.63516400653513	False
1-(2-DEOXY-5-O-PHOSPHONO-BETA-D-ERYTHRO-PENTOFURANOSYL)-4-METHYL-1H-INDOLE	19844	1.752878e-10	6258	78.64773155711951	False
Carbimazole	14815	1.7491307e-10	6259	78.6602991077039	False
Regadenoson	18123	1.7480767e-10	6260	78.6728666582883	False
Decamethonium	14858	1.7455046e-10	6261	78.68543420887269	False
3-Methylthiofentanyl	17154	1.7448289e-10	6262	78.69800175945709	False
N-Acetyl-Serine	15909	1.7425573e-10	6263	78.71056931004148	False
4-[(1S,2S,5S,9R)-5-(HYDROXYMETHYL)-8,9-DIMETHYL-3-OXABICYCLO[3.3.1]NON-7-EN-2-YL]PHENOL	16389	1.727533e-10	6264	78.72313686062586	False
(1S)-2-(1H-INDOL-3-YL)-1-[({5-[(E)-2-PYRIDIN-4-YLVINYL]PYRIDIN-3-YL}OXY)METHYL]ETHYLAMINE	19798	1.7270983e-10	6265	78.73570441121025	False
4-{[(1R,2S)-1,2-dihydroxy-2-methyl-3-(4-nitrophenoxy)propyl]amino}-2-(trifluoromethyl)benzonitrile	16448	1.7265252e-10	6266	78.74827196179464	False
8-(2-CHLOROPHENYLAMINO)-2-(2,6-DIFLUOROPHENYLAMINO)-9-ETHYL-9H-PURINE-1,7-DIIUM	18353	1.725544e-10	6267	78.76083951237904	False
Doxylamine	17230	1.7249978e-10	6268	78.77340706296343	False
3-Bromo-7-Nitroindazole	15917	1.7225352e-10	6269	78.78597461354782	False
2-Deoxy-D-Glucitol 6-(E)-Vinylhomophosphonate	20080	1.7210967e-10	6270	78.79854216413221	False
5,8-Di-Amino-1,4-Dihydroxy-Anthraquinone	18803	1.7206109e-10	6271	78.8111097147166	False
3,4-Dihydro-2h-Pyrrolium-5-Carboxylate	19982	1.7196891e-10	6272	78.823677265301	False
Oxazepam acetate	20142	1.7195842e-10	6273	78.83624481588538	False
2-(4-HYDROXY-5-PHENYL-1H-PYRAZOL-3-YL)-1H-BENZOIMIDAZOLE-5-CARBOXAMIDINE	17020	1.7193316e-10	6274	78.84881236646977	False
N-{(3R,4S)-4-[(6-amino-4-methylpyridin-2-yl)methyl]pyrrolidin-3-yl}-N'-(3-chlorobenzyl)ethane-1,2-diamine	16246	1.7133997e-10	6275	78.86137991705417	False
[2'-HYDROXY-3'-(1H-PYRROLO[3,2-C]PYRIDIN-2-YL)-BIPHENYL-3-YLMETHYL]-UREA	17021	1.7112538e-10	6276	78.87394746763856	False
3-[(4-AMINO-1-TERT-BUTYL-1H-PYRAZOLO[3,4-D]PYRIMIDIN-3-YL)METHYL]PHENOL	16458	1.7110123e-10	6277	78.88651501822295	False
Linezolid	14882	1.7105033e-10	6278	78.89908256880734	False
Methoxy polyethylene glycol-epoetin beta	17540	1.7086707e-10	6279	78.91165011939172	False
Phenothiazine	16461	1.7083122e-10	6280	78.92421766997613	False
SGS518	18161	1.7062152e-10	6281	78.93678522056051	False
Cinitapride	16291	1.7036918e-10	6282	78.9493527711449	False
(R)-3-hydroxydecanoyl-CoA	17131	1.6962859e-10	6283	78.9619203217293	False
1-(5-CHLORO-2-METHOXYPHENYL)-3-{6-[2-(DIMETHYLAMINO)-1-METHYLETHOXY]PYRAZIN-2-YL}UREA	19522	1.69539e-10	6284	78.97448787231369	False
(S,R)-fidarestat	17671	1.6923112e-10	6285	78.98705542289808	False
1-(4-thiophen-2-ylphenyl)methanamine	19002	1.6911043e-10	6286	78.99962297348246	False
Argininosuccinate	17367	1.6896824e-10	6287	79.01219052406687	False
7-Nitroindazole	15919	1.6878239e-10	6288	79.02475807465125	False
N'-(5-CHLOROBENZOFURAN-2-CARBONYL)-2-(TRIFLUOROMETHYL)BENZENESULFONOHYDRAZIDE	17366	1.686466e-10	6289	79.03732562523564	False
Naphazoline	16852	1.6842125e-10	6290	79.04989317582003	False
2,2'-{[9-(HYDROXYIMINO)-9H-FLUORENE-2,7-DIYL]BIS(OXY)}DIACETIC ACID	19515	1.6812693e-10	6291	79.06246072640442	False
NPS-2143	17349	1.67598e-10	6292	79.07502827698882	False
Clotiazepam	15516	1.6749382e-10	6293	79.08759582757321	False
Bromodiphenhydramine	17242	1.6731087e-10	6294	79.10016337815759	False
L-2-amino-3-butynoic acid	17754	1.6714725e-10	6295	79.112730928742	False
(2S,3S)-3-FORMYL-2-({[(4-METHYLPHENYL)SULFONYL]AMINO}METHYL)PENTANOIC ACID	19789	1.6702487e-10	6296	79.12529847932637	False
Peginesatide	17539	1.669048e-10	6297	79.13786602991078	False
3-OXO-N-[(3S)-2-OXOPYRROLIDIN-3-YL]DODECANAMIDE	19875	1.6661918e-10	6298	79.15043358049516	False
5-[2-(4-hydroxyphenyl)ethyl]benzene-1,3-diol	19006	1.6627599e-10	6299	79.16300113107955	False
Bretylium	17627	1.6616503e-10	6300	79.17556868166395	False
5-Bromo-N-[(2S)-2,3-dihydroxypropoxy]-3,4-difluoro-2-[(2-fluoro-4-iodophenyl)amino]benzamide	17974	1.6563816e-10	6301	79.18813623224833	False
Etoperidone	17275	1.6552226e-10	6302	79.20070378283273	False
{4-[(CARBOXYMETHOXY)CARBONYL]-3,3-DIOXIDO-1-OXONAPHTHO[1,2-D]ISOTHIAZOL-2(1H)-YL}ACETIC ACID	17687	1.6544492e-10	6303	79.21327133341711	False
S-propylamine-L-cysteine	16841	1.6541873e-10	6304	79.2258388840015	False
1-(2,2'-bithiophen-5-yl)methanamine	18995	1.6531812e-10	6305	79.2384064345859	False
3-({[3,5-DIFLUORO-3'-(TRIFLUOROMETHOXY)BIPHENYL-4-YL]AMINO}CARBONYL)THIOPHENE-2-CARBOXYLIC ACID	17087	1.6504813e-10	6306	79.25097398517029	False
Butorphanol	17149	1.6473864e-10	6307	79.26354153575468	False
1,4-Butanediol	18892	1.6467612e-10	6308	79.27610908633908	False
alpha-D-Fucopyranose	18280	1.6463372e-10	6309	79.28867663692346	False
Pefloxacin	15301	1.6461364e-10	6310	79.30124418750786	False
Tenocyclidine	17117	1.6449499e-10	6311	79.31381173809224	False
Metergoline	19160	1.6395059e-10	6312	79.32637928867663	False
3,3',5,5'-tetrachlorobiphenyl-4,4'-diol	14075	1.6381244e-10	6313	79.33894683926103	False
Oportuzumab monatox	19357	1.633463e-10	6314	79.35151438984542	False
Heptane-1,2,3-Triol	18794	1.632893e-10	6315	79.36408194042981	False
Fenoterol	16531	1.6319682e-10	6316	79.3766494910142	False
BMS-181156	16482	1.6268403e-10	6317	79.3892170415986	False
(S)-famoxadone	18135	1.6257981e-10	6318	79.40178459218299	False
KB-141	16881	1.6235638e-10	6319	79.41435214276737	False
Tezampanel	16676	1.6198057e-10	6320	79.42691969335176	False
3,4-Dichloroisocoumarin	19121	1.6184468e-10	6321	79.43948724393616	False
Aprotinin	14871	1.616645e-10	6322	79.45205479452055	False
N-(pyridin-3-ylmethyl)aniline	18993	1.6144296e-10	6323	79.46462234510494	False
Alclofenac	16758	1.612414e-10	6324	79.47718989568932	False
Tiratricol	16883	1.612174e-10	6325	79.48975744627373	False
Adipiplon	20167	1.6116727e-10	6326	79.5023249968581	False
N-Methyl-N-(Methylbenzyl)Formamide	15824	1.6113869e-10	6327	79.5148925474425	False
Sevoflurane	14322	1.6109414e-10	6328	79.52746009802689	False
Brequinar Analog	17075	1.610926e-10	6329	79.54002764861129	False
D-Serine	17034	1.6099921e-10	6330	79.55259519919568	False
(1R)-1-{[(4'-methoxy-1,1'-biphenyl-4-yl)sulfonyl]amino}-2-methylpropylphosphonic acid	18743	1.607979e-10	6331	79.56516274978007	False
3-AMINO-3-BENZYL-[4.3.0]BICYCLO-1,6-DIAZANONAN-2-ONE	19532	1.6077582e-10	6332	79.57773030036446	False
2-(2f-Benzothiazolyl)-5-Styryl-3-(4f-Phthalhydrazidyl)Tetrazolium Chloride	18719	1.6073719e-10	6333	79.59029785094886	False
Dezocine	17503	1.6063147e-10	6334	79.60286540153324	False
2-chloro-4-{[(1R,3Z,7S,7aS)-7-hydroxy-1-(trifluoromethyl)tetrahydro-1H-pyrrolo[1,2-c][1,3]oxazol-3-ylidene]amino}-3-methylbenzonitrile	16456	1.605564e-10	6335	79.61543295211764	False
4-(2-HYDROXYBENZYLAMINO)-N-(3-(4-FLUOROPHENOXY)PHENYL)PIPERIDINE-1-SULFONAMIDE	18328	1.6023548e-10	6336	79.62800050270202	False
Enzacamene	16413	1.601704e-10	6337	79.64056805328642	False
Crizanlizumab	18700	1.6000734e-10	6338	79.65313560387081	False
(2S)-2-hydroxy-2-methyl-N-[4-nitro-3-(trifluoromethyl)phenyl]-3-(pentafluorophenoxy)propanamide	16449	1.5983287e-10	6339	79.66570315445519	False
1-Phenylsulfonamide-3-Trifluoromethyl-5-Parabromophenylpyrazole	16755	1.5964033e-10	6340	79.6782707050396	False
Rivanicline	17892	1.5961231e-10	6341	79.69083825562397	False
Gpi-1046	17571	1.5948268e-10	6342	79.70340580620837	False
Methyprylon	17782	1.5927991e-10	6343	79.71597335679276	False
3-(1-NAPHTHYLMETHOXY)PYRIDIN-2-AMINE	18351	1.5915205e-10	6344	79.72854090737715	False
SUVN-502	18163	1.5904462e-10	6345	79.74110845796154	False
Magnesium lactate	17638	1.5893697e-10	6346	79.75367600854594	False
N-{2-[4-(AMINOSULFONYL)PHENYL]ETHYL}ACETAMIDE	16797	1.5890819e-10	6347	79.76624355913032	False
(2S) N-acetyl-L-alanyl-αL-phenylalanyl-chloroethylketone	19683	1.5877186e-10	6348	79.77881110971472	False
Sodium phosphate, dibasic	20291	1.5871947e-10	6349	79.7913786602991	False
Camostat	18988	1.5857574e-10	6350	79.80394621088351	False
Butalbital	17062	1.5793129e-10	6351	79.81651376146789	False
L-1-naphthyl-2-acetamido-ethane boronic acid	19686	1.5762826e-10	6352	79.82908131205228	False
Flumazenil	17301	1.5744014e-10	6353	79.84164886263667	False
5-iodotubercidin	18429	1.5744014e-10	6354	79.85421641322107	False
Gevokizumab	18418	1.5706643e-10	6355	79.86678396380546	False
3-{[(3-FLUORO-3'-METHOXYBIPHENYL-4-YL)AMINO]CARBONYL}THIOPHENE-2-CARBOXYLIC ACID	17086	1.5670645e-10	6356	79.87935151438984	False
Atl146e	18122	1.5668643e-10	6357	79.89191906497423	False
Phenylethane Boronic Acid	19678	1.5667537e-10	6358	79.90448661555862	False
4-methyl-7,8-dihydro-5H-thiopyrano[4,3-d]pyrimidin-2-amine	18665	1.5655797e-10	6359	79.91705416614302	False
N-[(3Z)-5-Tert-butyl-2-phenyl-1,2-dihydro-3H-pyrazol-3-ylidene]-N'-(4-chlorophenyl)urea	18316	1.5647467e-10	6360	79.92962171672741	False
1-(adamantan-1-yl)-2-(1H-imidazol-1-yl)ethanone	17644	1.5644573e-10	6361	79.9421892673118	False
N-(5,6-DIPHENYLFURO[2,3-D]PYRIMIDIN-4-YL)GLYCINE	19530	1.5615119e-10	6362	79.95475681789618	False
AICA ribonucleotide	18835	1.5602825e-10	6363	79.96732436848059	False
4-hydroxybutan-2-one	17577	1.5582928e-10	6364	79.97989191906497	False
4-{4-[(5-hydroxy-2-methylphenyl)amino]quinolin-7-yl}-1,3-thiazole-2-carbaldehyde	18340	1.55665e-10	6365	79.99245946964936	False
(5,6-DIPHENYL-FURO[2,3-D]PYRIMIDIN-4-YLAMINO)-ACETIC	19531	1.556558e-10	6366	80.00502702023375	False
N-[3-(aminomethyl)benzyl]acetamidine	15918	1.5531948e-10	6367	80.01759457081815	False
(2,2-DIPHOSPHONOETHYL)(DODECYL)DIMETHYLPHOSPHONIUM	19707	1.5524662e-10	6368	80.03016212140254	False
N-benzyl-4-[(2R)-pyrrolidin-2-ylmethoxy]aniline	19003	1.5519362e-10	6369	80.04272967198693	False
Magnesium cation	17630	1.5500251e-10	6370	80.05529722257133	False
[3,5-Dibromo-4-(4-Hydroxy-3-Phenethylcarbamoyl-Phenoxy)-Phenyl]-Acetic Acid	16880	1.5470981e-10	6371	80.06786477315572	False
Sufugolix	16577	1.5457001e-10	6372	80.0804323237401	False
N-(1-benzylpiperidin-4-yl)-4-sulfanylbutanamide	18254	1.5423929e-10	6373	80.09299987432449	False
Dichlorobenzene	15831	1.5384997e-10	6374	80.10556742490888	False
Elinogrel	16333	1.5382944e-10	6375	80.11813497549328	False
6-phenyl-4(R)-(7-phenyl-heptanoylamino)-hexanoic acid	18972	1.5354686e-10	6376	80.13070252607767	False
Adenylate-3'-phosphate-[[2'-deoxy-uridine-5'-phosphate]-3'-phosphate]	19469	1.5335895e-10	6377	80.14327007666205	False
N-{[(2S,3S)-3-(ETHOXYCARBONYL)OXIRAN-2-YL]CARBONYL}-L-ISOLEUCINE	18147	1.5335251e-10	6378	80.15583762724646	False
Magnesium acetate tetrahydrate	20145	1.5318062e-10	6379	80.16840517783083	False
7-methyl-5'-guanylic acid	18822	1.5299811e-10	6380	80.18097272841523	False
Arbutamine	16530	1.5281468e-10	6381	80.19354027899962	False
(2S)-N-(4-cyano-3-iodophenyl)-3-(4-cyanophenoxy)-2-hydroxy-2-methylpropanamide	16445	1.5280856e-10	6382	80.20610782958401	False
(4-fluorophenyl)(pyridin-4-yl)methanone	18994	1.5280069e-10	6383	80.2186753801684	False
METHYL N-({(2S,3S)-3-[(PROPYLAMINO)CARBONYL]OXIRAN-2-YL}CARBONYL)-L-ISOLEUCYL-L-PROLINATE	18149	1.5277096e-10	6384	80.2312429307528	False
Methoxyflurane	15136	1.5241589e-10	6385	80.24381048133719	False
SP1049C	17657	1.5240745e-10	6386	80.25637803192159	False
(3,3-dimethylpiperidin-1-yl)(6-(3-fluoro-4-methylphenyl)pyridin-2-yl)methanone	16979	1.5213415e-10	6387	80.26894558250596	False
(9BETA,11ALPHA,13ALPHA,14BETA,17ALPHA)-11-(METHOXYMETHYL)ESTRA-1(10),2,4-TRIENE-3,17-DIOL	16394	1.5202944e-10	6388	80.28151313309037	False
Acetophenazine	16434	1.5193291e-10	6389	80.29408068367475	False
2s,4r-4-Methylglutamate	17810	1.5185757e-10	6390	80.30664823425914	False
Elotuzumab	19641	1.5176782e-10	6391	80.31921578484354	False
(S)-Rolipram	17326	1.5170762e-10	6392	80.33178333542791	False
GTS-21	15350	1.5153873e-10	6393	80.34435088601232	False
Balanol Analog 1	19794	1.5127853e-10	6394	80.3569184365967	False
(3R)-3-(aminomethyl)-9-methoxy-1,2,3,4-tetrahydro-5H-[1]benzothieno[3,2-e][1,4]diazepin-5-one	18491	1.5127478e-10	6395	80.3694859871811	False
Rauwolfia serpentina root	15899	1.5112193e-10	6396	80.38205353776549	False
Neflamapimod	18334	1.5105737e-10	6397	80.39462108834988	False
Sodium phosphate, monobasic	20290	1.5082878e-10	6398	80.40718863893427	False
Decyl(dimethyl)phosphine oxide	19236	1.5053277e-10	6399	80.41975618951867	False
N-{(3S,4S)-4-[(6-AMINO-4-METHYLPYRIDIN-2-YL)METHYL]PYRROLIDIN-3-YL}-N'-(4-CHLOROBENZYL)ETHANE-1,2-DIAMINE	16245	1.5022127e-10	6400	80.43232374010304	False
5-HYDROXY-2-(4-HYDROXYPHENYL)-1-BENZOFURAN-7-CARBONITRILE	17767	1.5010271e-10	6401	80.44489129068745	False
1-(2,6-Dichlorophenyl)-5-(2,4-Difluorophenyl)-7-Piperazin-1-Yl-3,4-Dihydroquinazolin-2(1h)-One	18323	1.5001655e-10	6402	80.45745884127183	False
Eugenol	16409	1.4995447e-10	6403	80.47002639185624	False
Xylometazoline	16851	1.4992844e-10	6404	80.48259394244062	False
N-methyl-1-(2-thiophen-2-ylphenyl)methanamine	18999	1.4979411e-10	6405	80.49516149302501	False
ADL 10-0101	17507	1.4953719e-10	6406	80.5077290436094	False
Periciazine	16015	1.494123e-10	6407	80.5202965941938	False
Dihydrolipoic Acid	16225	1.4924456e-10	6408	80.53286414477819	False
5-ACETAMIDO-5,6-DIHYDRO-4-HYDROXY-6-ISOBUTOXY-4H-PYRAN-2-CARBOXYLIC ACID	19449	1.4914922e-10	6409	80.54543169536258	False
Omacetaxine mepesuccinate	19886	1.4914552e-10	6410	80.55799924594696	False
Brexanolone	14735	1.4905537e-10	6411	80.57056679653135	False
Erteberel	16399	1.4899824e-10	6412	80.58313434711575	False
Fluspirilene	15538	1.4886814e-10	6413	80.59570189770014	False
1-[(4S)-4-amino-5-(1,3-benzothiazol-2-yl)-5-oxopentyl]guanidine	16178	1.4844283e-10	6414	80.60826944828453	False
LGD-2226	16457	1.4795326e-10	6415	80.62083699886891	False
(2R,3R,4R,5S)-2-(HYDROXYMETHYL)-1-NONYLPIPERIDINE-3,4,5-TRIOL	18227	1.4725393e-10	6416	80.63340454945332	False
Susoctocog alfa	18412	1.4720394e-10	6417	80.6459721000377	False
AZD3409	19292	1.4712367e-10	6418	80.6585396506221	False
Thioridazine	15114	1.4691841e-10	6419	80.67110720120648	False
Benzoylformic Acid	19822	1.4681839e-10	6420	80.68367475179087	False
2-(2-hydroxy-phenyl)-3H-benzoimidazole-5-carboxamidine	16091	1.4661243e-10	6421	80.69624230237527	False
4-(Fluorophenyl)-1-Cyclopropylmethyl-5-(2-Amino-4-Pyrimidinyl)Imidazole	18327	1.4631464e-10	6422	80.70880985295966	False
Pyrithiamine Pyrophosphate	16509	1.4627279e-10	6423	80.72137740354405	False
[5-AMINO-1-(4-FLUOROPHENYL)-1H-PYRAZOL-4-YL][3-(PIPERIDIN-4-YLOXY)PHENYL]METHANONE	18360	1.457948e-10	6424	80.73394495412845	False
Cephaloglycin	20205	1.4579148e-10	6425	80.74651250471283	False
N-(4-OXO-5,6,7,8-TETRAHYDRO-4H-[1,3]THIAZOLO[5,4-C]AZEPIN-2-YL)ACETAMIDE	19538	1.455714e-10	6426	80.75908005529723	False
5'-deoxy-5'-piperidin-1-ylthymidine	19477	1.4555947e-10	6427	80.77164760588161	False
5-[4-(2-Hydroxyethyl)-1-piperidinyl]-5-phenyl-2,4,6(1H,3H,5H)-pyrimidinetrione	18737	1.4555114e-10	6428	80.784215156466	False
Amantadine	14830	1.4526604e-10	6429	80.7967827070504	False
Carbamoylcholine	14718	1.4506944e-10	6430	80.80935025763478	False
Chlorotrianisene	14814	1.4468368e-10	6431	80.82191780821918	False
4-(6-{[(4-METHYLCYCLOHEXYL)AMINO]METHYL}-1,4-DIHYDROINDENO[1,2-C]PYRAZOL-3-YL)BENZOIC ACID	19526	1.4445922e-10	6432	80.83448535880356	False
3-(5-{[4-(AMINOMETHYL)PIPERIDIN-1-YL]METHYL}-1H-INDOL-2-YL)-1H-INDAZOLE-6-CARBONITRILE	19518	1.4440303e-10	6433	80.84705290938797	False
PHENYL-5-(1H-PYRAZOL-3-YL)-1,3-THIAZOLE	18721	1.4422245e-10	6434	80.85962045997235	False
3-Phenylpropylamine	19084	1.4422163e-10	6435	80.87218801055674	False
Adenosine Phosphonoacetic Acid	19435	1.4415728e-10	6436	80.88475556114113	False
Telapristone acetate	17393	1.4402399e-10	6437	80.89732311172553	False
Amibegron	18300	1.4357336e-10	6438	80.90989066230992	False
Ginseng	16754	1.4355145e-10	6439	80.92245821289431	False
Nipecotic acid	20225	1.433684e-10	6440	80.93502576347869	False
Sodium phosphate, monobasic, unspecified form	20292	1.433632e-10	6441	80.9475933140631	False
Cyclohexyl-{4-[5-(3,4-Dichlorophenyl)-2-Piperidin-4-Yl-3-Propyl-3h-Imidazol-4-Yl]-Pyrimidin-2-Yl}Amine	18594	1.432697e-10	6442	80.96016086464748	False
(R)-pyridin-4-yl[4-(2-pyrrolidin-1-ylethoxy)phenyl]methanol	19001	1.4303599e-10	6443	80.97272841523187	False
Tetrathiomolybdate	19552	1.4299152e-10	6444	80.98529596581626	False
Contulakin-G	19268	1.4251693e-10	6445	80.99786351640066	False
5,7,2′-trihydroxy-6,8-dimethoxyflavone	20168	1.4224184e-10	6446	81.01043106698505	False
5-Hydroxymethyl-Chonduritol	15757	1.4218109e-10	6447	81.02299861756943	False
N,N-DIETHYL-2-[(2-THIENYLCARBONYL)AMINO]-4,5,6,7-TETRAHYDRO-1-BENZOTHIOPHENE-3-CARBOXAMIDE	19126	1.4215668e-10	6448	81.03556616815382	False
D-1-(4-chlorophenyl)-2-(acetamido)ethane boronic acid	19688	1.4150742e-10	6449	81.04813371873821	False
2-[(5,6-DIPHENYLFURO[2,3-D]PYRIMIDIN-4-YL)AMINO]ETHANOL	19535	1.4136634e-10	6450	81.0607012693226	False
4-[5-(3-IODO-PHENYL)-2-(4-METHANESULFINYL-PHENYL)-1H-IMIDAZOL-4-YL]-PYRIDINE	18337	1.4106546e-10	6451	81.073268819907	False
(1S,3R,6S)-4-oxo-6-{4-[(2-phenylquinolin-4-yl)methoxy]phenyl}-5-azaspiro[2.4]heptane-1-carboxylic acid	19774	1.4088934e-10	6452	81.08583637049139	False
3'-Phosphate-Adenosine-5'-Diphosphate	19461	1.4081143e-10	6453	81.09840392107579	False
CRx-139	17592	1.4080526e-10	6454	81.11097147166018	False
S-Ethyl-N-[4-(Trifluoromethyl)Phenyl]Isothiourea	16239	1.406646e-10	6455	81.12353902224456	False
3'-Uridinemonophosphate	19465	1.4043887e-10	6456	81.13610657282896	False
Sucrosofate	17553	1.4039228e-10	6457	81.14867412341334	False
Stavudine triphosphate	19436	1.3983427e-10	6458	81.16124167399774	False
Eldelumab	18128	1.3981932e-10	6459	81.17380922458213	False
Alpha-1-proteinase inhibitor	17111	1.3928644e-10	6460	81.18637677516652	False
Delorazepam	20132	1.3919191e-10	6461	81.19894432575092	False
6-chloro-N-pyrimidin-5-yl-3-{[3-(trifluoromethyl)phenyl]amino}-1,2-benzisoxazole-7-carboxamide	17048	1.3851127e-10	6462	81.21151187633531	False
Cloxazolam	20134	1.3828663e-10	6463	81.22407942691969	False
Almitrine	17631	1.3797495e-10	6464	81.23664697750408	False
3h-Indole-5,6-Diol	18278	1.3784633e-10	6465	81.24921452808847	False
Capromab pendetide	17403	1.3724058e-10	6466	81.26178207867287	False
N-{5-[4-(4-METHYLPIPERAZIN-1-YL)PHENYL]-1H-PYRROLO[2,3-B]PYRIDIN-3-YL}NICOTINAMIDE	19513	1.3720812e-10	6467	81.27434962925726	False
(3Z)-6-(4-HYDROXY-3-METHOXYPHENYL)-3-(1H-PYRROL-2-YLMETHYLENE)-1,3-DIHYDRO-2H-INDOL-2-ONE	19519	1.3714793e-10	6468	81.28691717984165	False
Tromethamine	19551	1.3707628e-10	6469	81.29948473042604	False
Remifentanil	17152	1.3699474e-10	6470	81.31205228101042	False
7-(5-DEOXY-BETA-D-RIBOFURANOSYL)-5-IODO-7H-PYRROLO[2,3-D]PYRIMIDIN-4-AMINE	19690	1.3680151e-10	6471	81.32461983159483	False
Coenzyme M	14715	1.3652443e-10	6472	81.33718738217921	False
Besifloxacin	15364	1.3642629e-10	6473	81.3497549327636	False
Scopolamine	16063	1.3635242e-10	6474	81.362322483348	False
Doxefazepam	20139	1.363199e-10	6475	81.37489003393239	False
nor-NOHA	16833	1.3626816e-10	6476	81.38745758451678	False
Dimethylcurcumin	16442	1.3624737e-10	6477	81.40002513510117	False
N-(cyclopropylmethyl)-2'-methyl-5'-(5-methyl-1,3,4-oxadiazol-2-yl)biphenyl-4-carboxamide	18342	1.3615697e-10	6478	81.41259268568555	False
N(2)-carbamimidoyl-N-{2-[4-(3-{4-[(5-carboxyfuran-2-yl)methoxy]-2,3-dichlorophenyl}-1-methyl-1H-pyrazol-5-yl)piperidin-1-yl]-2-oxoethyl}-D-leucinamide	18384	1.3600773e-10	6479	81.42516023626996	False
(9aS)-4-bromo-9a-butyl-7-hydroxy-1,2,9,9a-tetrahydro-3H-fluoren-3-one	17771	1.3589727e-10	6480	81.43772778685434	False
PD-0325901	17977	1.3564166e-10	6481	81.45029533743873	False
Kifunensine	18894	1.356171e-10	6482	81.46286288802312	False
Abarelix	16573	1.3558657e-10	6483	81.4754304386075	False
N-[(E)-3-[(2R,3S,4R,5R)-5-(6-Aminopurin-9-yl)-3,4-dihydroxyoxolan-2-yl]prop-2-enyl]-2,3-dihydroxy-5-nitrobenzamide	19171	1.3541367e-10	6484	81.48799798919191	False
6-ethyl-5-[(2S)-1-(3-methoxypropyl)-2-phenyl-1,2,3,4-tetrahydroquinolin-7-yl]pyrimidine-2,4-diamine	16817	1.3538656e-10	6485	81.50056553977629	False
Pralnacasan	17260	1.3508399e-10	6486	81.5131330903607	False
Cefepime	20208	1.3501188e-10	6487	81.52570064094508	False
16,17-Androstene-3-Ol	19909	1.3447166e-10	6488	81.53826819152947	False
Sparfosic acid	19269	1.3445114e-10	6489	81.55083574211386	False
Zinc trihydroxide	17786	1.3425305e-10	6490	81.56340329269825	False
Tubocurarine	14857	1.3414733e-10	6491	81.57597084328265	False
N-[1-(4-CARBAMIMIDOYL-BENZYLCARBAMOYL)-3-METHYLSULFANYL-PROPYL]-3-HYDROXY-2-PROPOXYAMINO-BUTYRAMID	17019	1.3404657e-10	6492	81.58853839386704	False
Bromotheophylline	15406	1.3399033e-10	6493	81.60110594445142	False
3-AMINO-AZACYCLOTRIDECAN-2-ONE	18746	1.3389734e-10	6494	81.61367349503583	False
2,4-Diamino-5-Methyl-6-[(3,4,5-Trimethoxy-N-Methylanilino)Methyl]Pyrido[2,3-D]Pyrimidine	16992	1.335232e-10	6495	81.6262410456202	False
Bevantolol	15161	1.3341578e-10	6496	81.6388085962046	False
Cinazepam	20143	1.3289742e-10	6497	81.65137614678899	False
{3-[3-(3,4-Dimethoxy-Phenyl)-1-(1-{1-[2-(3,4,5-Trimethoxy-Phenyl)-Butyryl]-Piperidin-2yl}-Vinyloxy)-Propyl]-Phenoxy}-Acetic Acid	17570	1.3278188e-10	6498	81.66394369737338	False
MPI-674	19176	1.3275503e-10	6499	81.67651124795778	False
2,4-Dihydroxy-Trans Cinnamic Acid	19677	1.3273072e-10	6500	81.68907879854217	False
Dipivefrin	16843	1.3252785e-10	6501	81.70164634912655	False
3-BROMO-6-HYDROXY-2-(4-HYDROXYPHENYL)-1H-INDEN-1-ONE	17768	1.3231644e-10	6502	81.71421389971094	False
3-[(5s)-1-Acetyl-3-(2-Chlorophenyl)-4,5-Dihydro-1h-Pyrazol-5-Yl]Phenol	19122	1.3166214e-10	6503	81.72678145029533	False
N,N-dimethylformamide	15823	1.3119762e-10	6504	81.73934900087973	False
(2R)-2-Acetamido-3-(octadecyloxy)propyl 2-(methylsulfanyl)ethyl hydrogen phosphate	18974	1.3095612e-10	6505	81.75191655146412	False
1-Hydroxyamine-2-Isobutylmalonic Acid	18734	1.3077665e-10	6506	81.76448410204851	False
Rasagiline	15333	1.3076393e-10	6507	81.7770516526329	False
3-(5-{[4-(AMINOMETHYL)PIPERIDIN-1-YL]METHYL}-1H-INDOL-2-YL)QUINOLIN-2(1H)-ONE	19514	1.3076318e-10	6508	81.78961920321728	False
4-(1,3-Benzodioxol-5-Yl)-5-(5-Ethyl-2,4-Dihydroxyphenyl)-2h-Pyrazole-3-Carboxylic Acid	18637	1.3071928e-10	6509	81.80218675380169	False
Erythropoietin	17537	1.3058349e-10	6510	81.81475430438607	False
VP025	18414	1.3024146e-10	6511	81.82732185497046	False
Eribulin	16028	1.3017987e-10	6512	81.83988940555486	False
Pyruvaldehyde	19945	1.3006024e-10	6513	81.85245695613925	False
Aminophosphonic acid-guanylate ester	20120	1.300032e-10	6514	81.86502450672364	False
ANZ-100	19626	1.299918e-10	6515	81.87759205730804	False
Viloxazine	15372	1.2978964e-10	6516	81.89015960789241	False
Etafedrine	17567	1.2968916e-10	6517	81.90272715847682	False
(9ALPHA,13BETA,17BETA)-2-[(1Z)-BUT-1-EN-1-YL]ESTRA-1,3,5(10)-TRIENE-3,17-DIOL	16393	1.2961968e-10	6518	81.9152947090612	False
Acetylcholine	16072	1.2941093e-10	6519	81.9278622596456	False
4-[3-(1H-BENZIMIDAZOL-2-YL)-1H-INDAZOL-6-YL]-2-METHOXYPHENOL	19527	1.2939909e-10	6520	81.94042981022999	False
alpha-Ketoisovalerate	17618	1.2937094e-10	6521	81.95299736081438	False
[(3R)-7-NITRO-1,2,3,4-TETRAHYDROISOQUINOLIN-3-YL]METHANOL	17966	1.2919908e-10	6522	81.96556491139877	False
Brivudine	20122	1.2916261e-10	6523	81.97813246198315	False
Nisoxetine	17697	1.2903556e-10	6524	81.99070001256756	False
Doramapimod	18325	1.2883217e-10	6525	82.00326756315194	False
N-[4-(benzyloxy)phenyl]glycinamide	18996	1.2869292e-10	6526	82.01583511373633	False
(2R)-N-HYDROXY-2-[(3S)-3-METHYL-3-{4-[(2-METHYLQUINOLIN-4-YL)METHOXY]PHENYL}-2-OXOPYRROLIDIN-1-YL]PROPANAMIDE	19772	1.2855726e-10	6527	82.02840266432072	False
SGN-30	18586	1.284744e-10	6528	82.04097021490512	False
(3S,5E)-3-propyl-3,4-dihydrothieno[2,3-f][1,4]oxazepin-5(2H)-imine	16776	1.2843887e-10	6529	82.05353776548951	False
Sodium carbonate	16800	1.284259e-10	6530	82.0661053160739	False
(2Z)-2-cyano-N-(3'-ethoxybiphenyl-4-yl)-3-hydroxybut-2-enamide	17083	1.2842565e-10	6531	82.07867286665828	False
N-cyclopropyl-4-methyl-3-{2-[(2-morpholin-4-ylethyl)amino]quinazolin-6-yl}benzamide	18357	1.2832452e-10	6532	82.09124041724269	False
Amineptine	17310	1.2815868e-10	6533	82.10380796782707	False
3-(1H-BENZIMIDAZOL-2-YL)-1H-INDAZOLE	19533	1.2811811e-10	6534	82.11637551841147	False
2-(5-HYDROXY-NAPHTHALEN-1-YL)-1,3-BENZOOXAZOL-6-OL	17762	1.273735e-10	6535	82.12894306899585	False
R-1487	18331	1.2728316e-10	6536	82.14151061958025	False
3-Hydroxypropyl 3-[(7-carbamimidoyl-1-naphthyl)carbamoyl]benzenesulfonate	18364	1.271332e-10	6537	82.15407817016464	False
Camazepam	20131	1.270777e-10	6538	82.16664572074902	False
Sarpogrelate	17276	1.2691975e-10	6539	82.17921327133342	False
Medazepam	20137	1.2619462e-10	6540	82.1917808219178	False
R411	17421	1.2607891e-10	6541	82.2043483725022	False
Demeclocycline	16867	1.260563e-10	6542	82.21691592308659	False
BENZYL N-({(2S,3S)-3-[(PROPYLAMINO)CARBONYL]OXIRAN-2-YL}CARBONYL)-L-ISOLEUCYL-L-PROLINATE	18148	1.2600342e-10	6543	82.22948347367098	False
[N-(3-dibenzylcarbamoyl-oxiranecarbonyl)-hydrazino]-acetic acid	18707	1.2598324e-10	6544	82.24205102425537	False
Turpentine	18118	1.2585041e-10	6545	82.25461857483977	False
N~3~-cyclopropyl-N~4~'-(cyclopropylmethyl)-6-methylbiphenyl-3,4'-dicarboxamide	18343	1.253385e-10	6546	82.26718612542415	False
2-Amino-3-Oxo-4-Sulfo-Butyric Acid	18772	1.2526155e-10	6547	82.27975367600855	False
Halazepam	20130	1.2503334e-10	6548	82.29232122659293	False
Lurasidone	15590	1.2501332e-10	6549	82.30488877717733	False
2-{2-hydroxy-[1,1'-biphenyl]-3-yl}-1H-1,3-benzodiazole-5-carboximidamide	16088	1.249356e-10	6550	82.31745632776172	False
S-[(1-Hydroxy-2,2,5,5-tetramethyl-2,5-dihydro-1H-pyrrol-3-yl)methyl] methanesulfonothioate	18188	1.2487247e-10	6551	82.33002387834611	False
Milnacipran	15542	1.2474487e-10	6552	82.3425914289305	False
(TERT-BUTYLOXYCARBONYL)-ALANYL-AMINO ETHYL-FORMAMIDE	19783	1.246476e-10	6553	82.3551589795149	False
Moxifloxacin	15289	1.246457e-10	6554	82.36772653009929	False
N-Dodecyl-N,N-Dimethyl-3-Ammonio-1-Propanesulfonate	19224	1.243356e-10	6555	82.38029408068367	False
6-[4-(2-fluorophenyl)-1,3-oxazol-5-yl]-N-(1-methylethyl)-1,3-benzothiazol-2-amine	18358	1.2409251e-10	6556	82.39286163126806	False
5-ETHYL-3-METHYL-1,5-DIHYDRO-4H-PYRAZOLO[4,3-C]QUINOLIN-4-ONE	19520	1.240038e-10	6557	82.40542918185245	False
SP2456	18388	1.2369504e-10	6558	82.41799673243685	False
Andarine	16450	1.2357855e-10	6559	82.43056428302124	False
EVT-101	17137	1.2348783e-10	6560	82.44313183360563	False
6-[2-(3'-METHOXYBIPHENYL-3-YL)ETHYL]PYRIDIN-2-AMINE	18244	1.2308198e-10	6561	82.45569938419001	False
D-1-naphthyl-2-acetamido-ethane boronic acid	19687	1.2307282e-10	6562	82.46826693477442	False
D-Malic acid	16497	1.2300054e-10	6563	82.4808344853588	False
LGD2941	16441	1.2285752e-10	6564	82.49340203594319	False
Ethchlorvynol	20128	1.2226048e-10	6565	82.50596958652758	False
(3R,4R)-3-Hydroxy-4-(hydroxymethyl)-1-[(4-oxo-4,4a,5,7a-tetrahydro-3H-pyrrolo[3,2-d]pyrimidin-7-yl)methyl]pyrrolidinium	16733	1.2218122e-10	6566	82.51853713711198	False
2'-O-Acetyl Adenosine-5-Diphosphoribose	19501	1.2213298e-10	6567	82.53110468769637	False
Pramipexole	16842	1.2205428e-10	6568	82.54367223828076	False
N-omega-propyl-L-arginine	15922	1.220345e-10	6569	82.55623978886516	False
Boldenone undecylenate	16463	1.2163805e-10	6570	82.56880733944955	False
NGX267	16319	1.2140743e-10	6571	82.58137489003393	False
Dasotraline	17316	1.2138635e-10	6572	82.59394244061833	False
Arzoxifene	16383	1.2121837e-10	6573	82.60650999120271	False
Eprotirome	16885	1.2101416e-10	6574	82.6190775417871	False
Thonzylamine	16079	1.2095025e-10	6575	82.6316450923715	False
Naphthalene Trisulfonate	17556	1.2084717e-10	6576	82.64421264295588	False
FKB-001	17573	1.2034435e-10	6577	82.65678019354029	False
Trimethyllysine	17144	1.2014803e-10	6578	82.66934774412466	False
2-[4-(4-Hydroxy-3-Isopropyl-Phenoxy)-3,5-Dimethyl-Phenyl]-2h-[1,2,4]Triazine-3,5-Dione	16882	1.1995706e-10	6579	82.68191529470906	False
5-{4-[(3,5-DIFLUOROBENZYL)AMINO]PHENYL}-6-ETHYLPYRIMIDINE-2,4-DIAMINE	16777	1.1977666e-10	6580	82.69448284529345	False
5'-O-(N-(Alanyl)sulfamoyl)adenosine	16564	1.1957396e-10	6581	82.70705039587784	False
Diphenidol	16070	1.1932108e-10	6582	82.71961794646224	False
Fenoldopam	16012	1.1931972e-10	6583	82.73218549704663	False
Carbocisteine	17799	1.1907804e-10	6584	82.74475304763101	False
ACP-104	16320	1.1904375e-10	6585	82.75732059821541	False
Lormetazepam	20140	1.1884048e-10	6586	82.7698881487998	False
Isosorbide dinitrate	15821	1.1850164e-10	6587	82.7824556993842	False
2-[5,6-BIS-(4-METHOXY-PHENYL)-FURO[2,3-D]PYRIMIDIN-4-YLAMINO]-ETHANOL	19534	1.1849892e-10	6588	82.79502324996858	False
Benzquinamide	16064	1.1836473e-10	6589	82.80759080055297	False
Dihydroquinidine barbiturate	17783	1.1813739e-10	6590	82.82015835113737	False
Acetyldigitoxin	17624	1.1798225e-10	6591	82.83272590172176	False
3-FLUORO-4-HYDROXYBENZALDEHYDE O-(CYCLOHEXYLCARBONYL)OXIME	19139	1.1778371e-10	6592	82.84529345230615	False
Candoxatrilat	16787	1.1767098e-10	6593	82.85786100289053	False
4-(Hydroxymethyl)Benzamidine	18951	1.1763059e-10	6594	82.87042855347492	False
Cysteine-S-acetamide	19467	1.1739054e-10	6595	82.88299610405932	False
Setmelanotide	20191	1.1736367e-10	6596	82.89556365464371	False
3-Methylfentanyl	17160	1.1733413e-10	6597	82.9081312052281	False
Epicriptine	20185	1.1732765e-10	6598	82.9206987558125	False
2-(2,6-DIFLUOROPHENOXY)-N-(2-FLUOROPHENYL)-9-ISOPROPYL-9H-PURIN-8-AMINE	18354	1.1706745e-10	6599	82.93326630639687	False
Niraxostat	19244	1.1689162e-10	6600	82.94583385698128	False
Solabegron	18301	1.1653345e-10	6601	82.95840140756566	False
(9S,10S)-9-(S-glutathionyl)-10-hydroxy-9,10-dihydrophenanthrene	17789	1.1652034e-10	6602	82.97096895815005	False
4-[3-(4-FLUOROPHENYL)-1H-PYRAZOL-4-YL]PYRIDINE	18339	1.16287424e-10	6603	82.98353650873445	False
Phenethylamine	19081	1.16203845e-10	6604	82.99610405931884	False
PH-797804	18344	1.15882026e-10	6605	83.00867160990323	False
Andrographolide	17594	1.1582015e-10	6606	83.02123916048762	False
(3AS,4R,9BR)-4-(4-HYDROXYPHENYL)-6-(METHOXYMETHYL)-1,2,3,3A,4,9B-HEXAHYDROCYCLOPENTA[C]CHROMEN-8-OL	16401	1.15314494e-10	6607	83.03380671107202	False
Isoetharine	16529	1.150377e-10	6608	83.04637426165641	False
Metharbital	17065	1.14859885e-10	6609	83.05894181224079	False
PHOSPHONIC ACID 2-DODECANOYLAMINO-HEXYL ESTER PROPYL ESTER	19946	1.1474186e-10	6610	83.07150936282518	False
4'-Deoxy-4'-Acetylyamino-Pyridoxal-5'-Phosphate	17094	1.14725444e-10	6611	83.08407691340958	False
(S)-(+)-2-[4-(FLUOROBENZYLOXY-BENZYLAMINO)PROPIONAMIDE]	19231	1.1466988e-10	6612	83.09664446399397	False
D-erythrose 4-phosphate	18789	1.1464823e-10	6613	83.10921201457836	False
Zopolrestat	17692	1.1426052e-10	6614	83.12177956516274	False
Corifollitropin alfa	17106	1.1408326e-10	6615	83.13434711574715	False
gamma-carboxy-L-glutamic acid	16095	1.1399952e-10	6616	83.14691466633153	False
Calcium levulinate	17147	1.13049604e-10	6617	83.15948221691592	False
Rolicyclidine	17518	1.1286195e-10	6618	83.17204976750031	False
YSIL6	17587	1.1284408e-10	6619	83.1846173180847	False
3-(4-HYDROXYPHENYL)-4,5-DIHYDRO-5-ISOXAZOLE-ACETIC ACID METHYL ESTER	19137	1.1282385e-10	6620	83.1971848686691	False
[5-AMINO-1-(4-FLUOROPHENYL)-1H-PYRAZOL-4-YL](3-{[(2R)-2,3-DIHYDROXYPROPYL]OXY}PHENYL)METHANONE	18361	1.1228501e-10	6621	83.20975241925349	False
D-Phenylalanine	16820	1.1213326e-10	6622	83.22231996983788	False
TG4010	18392	1.1179372e-10	6623	83.23488752042228	False
4-(6-HYDROXY-BENZO[D]ISOXAZOL-3-YL)BENZENE-1,3-DIOL	17761	1.1172359e-10	6624	83.24745507100666	False
Levorphanol	17151	1.1166564e-10	6625	83.26002262159106	False
SD-0006	18346	1.11621344e-10	6626	83.27259017217544	False
Octocrylene	16411	1.11403546e-10	6627	83.28515772275983	False
(21S)-1AZA-4,4-DIMETHYL-6,19-DIOXA-2,3,7,20-TETRAOXOBICYCLO[19.4.0] PENTACOSANE	17578	1.10956945e-10	6628	83.29772527334423	False
2'-cytidylic acid	19474	1.10919295e-10	6629	83.3102928239286	False
5-bromo-N-(3-chloro-2-(4-(prop-2-ynyl)piperazin-1-yl)phenyl)furan-2-carboxamide	18603	1.10735386e-10	6630	83.32286037451301	False
6((S)-3-Benzylpiperazin-1-Yl)-3-(Naphthalen-2-Yl)-4-(Pyridin-4-Yl)Pyrazine	18319	1.1054208e-10	6631	83.33542792509739	False
4-PHENOXY-N-(PYRIDIN-2-YLMETHYL)BENZAMIDE	18336	1.1034196e-10	6632	83.34799547568178	False
Gimeracil	18195	1.1028053e-10	6633	83.36056302626618	False
Podofilox	16478	1.1022501e-10	6634	83.37313057685057	False
Cyclopropyl-{4-[5-(3,4-Dichlorophenyl)-2-[(1-Methyl)-Piperidin]-4-Yl-3-Propyl-3h-Imidazol-4-Yl]-Pyrimidin-2-Yl}Amine	18595	1.1014682e-10	6635	83.38569812743496	False
OPC-14523	17696	1.10122876e-10	6636	83.39826567801936	False
N-cyclopropyl-2',6-dimethyl-4'-(5-methyl-1,3,4-oxadiazol-2-yl)biphenyl-3-carboxamide	18338	1.0968979e-10	6637	83.41083322860374	False
ETHYL 4-[(4-METHYLPYRIDIN-2-YL)AMINO]PIPERIDINE-1-CARBOXYLATE	15943	1.09523786e-10	6638	83.42340077918814	False
Inecalcitol	17743	1.0905436e-10	6639	83.43596832977252	False
2-[2-(2-FLUOROPHENYL)PYRIDIN-4-YL]-1,5,6,7-TETRAHYDRO-4H-PYRROLO[3,2-C]PYRIDIN-4-ONE	18889	1.08922565e-10	6640	83.44853588035693	False
4-{[4-(4-fluoro-3-methylphenyl)-1,3-thiazol-2-yl]amino}-2-hydroxybenzoic acid	18722	1.08913836e-10	6641	83.46110343094131	False
N~3~-(3-PYRIDIN-3-YLBENZYL)PYRIDINE-2,3-DIAMINE	18246	1.08674375e-10	6642	83.4736709815257	False
Procaterol	17562	1.08609725e-10	6643	83.4862385321101	False
Filgrastim	17112	1.08409795e-10	6644	83.49880608269449	False
Sar9, Met (O2)11-Substance P	14673	1.0809307e-10	6645	83.51137363327888	False
N-ISOBUTYL-N-[4-METHOXYPHENYLSULFONYL]GLYCYL HYDROXAMIC ACID	18630	1.0765646e-10	6646	83.52394118386327	False
Sulfathiazole	14822	1.0763654e-10	6647	83.53650873444765	False
(5S)-5-(2-amino-2-oxoethyl)-4-oxo-N-[(3-oxo-3,4-dihydro-2H-1,4-benzoxazin-6-yl)methyl]-3,4,5,6,7,8-hexahydro[1]benzothieno[2,3-d]pyrimidine-2-carboxamide	18741	1.0757373e-10	6648	83.54907628503204	False
(1R,2R,3R,4S,5R)-4-(BENZYLAMINO)-5-(METHYLTHIO)CYCLOPENTANE-1,2,3-TRIOL	19658	1.0745254e-10	6649	83.56164383561644	False
2-Amino-1-methyl-6-phenylimidazo(4,5-b)pyridine	16405	1.0736854e-10	6650	83.57421138620083	False
Cinolazepam	20135	1.0712879e-10	6651	83.58677893678522	False
3-{3-[(DIMETHYLAMINO)METHYL]-1H-INDOL-7-YL}PROPAN-1-OL	19838	1.0704975e-10	6652	83.5993464873696	False
ISOQUINOLINE-5-SULFONIC ACID (2-(2-(4-CHLOROBENZYLOXY)ETHYLAMINO)ETHYL)AMIDE	18440	1.06932824e-10	6653	83.61191403795401	False
4-(2-amino-1,3-thiazol-4-yl)phenol	19004	1.0629674e-10	6654	83.62448158853839	False
(Rp)-cAMPS	19593	1.0627748e-10	6655	83.6370491391228	False
(1S)-1-{[(4'-methoxy-1,1'-biphenyl-4-yl)sulfonyl]amino}-2-methylpropylphosphonic acid	18742	1.0583165e-10	6656	83.64961668970717	False
(3R)-3-ethyl-N-[(4-methylphenyl)sulfonyl]-L-aspartic acid	19782	1.0558465e-10	6657	83.66218424029157	False
(3S)-1-{[4-(but-2-yn-1-yloxy)phenyl]sulfonyl}pyrrolidine-3-thiol	19769	1.0548763e-10	6658	83.67475179087596	False
(3aS,4R,9bR)-2,2-difluoro-4-(4-hydroxyphenyl)-6-(methoxymethyl)-1,2,3,3a,4,9b-hexahydrocyclopenta[c]chromen-8-ol	17764	1.05366584e-10	6659	83.68731934146035	False
Sodium sulfate	16801	1.05009466e-10	6660	83.69988689204474	False
5-Hydroxy-N-Propargyl-1(R)-Aminoindan	14892	1.0494459e-10	6661	83.71245444262914	False
PR-104	17597	1.0488216e-10	6662	83.72502199321352	False
N,4-dimethyl-3-[(1-phenyl-1H-pyrazolo[3,4-d]pyrimidin-4-yl)amino]benzamide	18355	1.0476459e-10	6663	83.73758954379792	False
Sodium stibogluconate	18216	1.0466313e-10	6664	83.7501570943823	False
N-acetyl-D-glucosamine-6-phosphate	18948	1.0465036e-10	6665	83.7627246449667	False
Neramexane	17519	1.0463678e-10	6666	83.77529219555109	False
Dibromotyrosine	17538	1.0461383e-10	6667	83.78785974613547	False
3-(2-CHLOROPHENYL)-1-(2-{[(1S)-2-HYDROXY-1,2-DIMETHYLPROPYL]AMINO}PYRIMIDIN-4-YL)-1-(4-METHOXYPHENYL)UREA	18352	1.039061e-10	6668	83.80042729671987	False
5-[3-(2,5-dimethoxyphenyl)prop-1-yn-1-yl]-6-ethylpyrimidine-2,4-diamine	17008	1.0390055e-10	6669	83.81299484730425	False
2,6-dibromo-4-phenoxyphenol	14100	1.0384507e-10	6670	83.82556239788866	False
AZD-7325	17072	1.0373501e-10	6671	83.83812994847304	False
Amobarbital	17066	1.0339327e-10	6672	83.85069749905743	False
CYT997	16026	1.02970146e-10	6673	83.86326504964183	False
Dibenzyl (carbonylbis{2,1-hydrazinediyl[(2S)-4-methyl-1-oxo-1,2-pentanediyl]})biscarbamate	19576	1.02917515e-10	6674	83.87583260022622	False
Potassium cation	17629	1.0282452e-10	6675	83.88840015081061	False
5-(dodecylthio)-1H-1,2,3-triazole-4-carboxylic acid	19826	1.0263406e-10	6676	83.900967701395	False
Phosphorylisopropane	14866	1.0255325e-10	6677	83.91353525197938	False
Nordazepam	20141	1.02279185e-10	6678	83.92610280256379	False
Polyestradiol phosphate	16410	1.02232764e-10	6679	83.93867035314817	False
4-(4-HYDROXYPHENYL)-1-NAPHTHALDEHYDE OXIME	17766	1.02112714e-10	6680	83.95123790373256	False
N(G)-Iminoethylornithine	16768	1.0206598e-10	6681	83.96380545431695	False
N-[5-(ETHYLSULFONYL)-2-METHOXYPHENYL]-5-[3-(2-PYRIDINYL)PHENYL]-1,3-OXAZOL-2-AMINE	17050	1.0200915e-10	6682	83.97637300490135	False
Papain	19355	1.0183206e-10	6683	83.98894055548574	False
N~3~-[5-(1H-INDOL-6-YL)-2-(PYRIDIN-2-YLMETHOXY)BENZYL]PYRIDINE-2,3-DIAMINE	18261	1.0144685e-10	6684	84.00150810607012	False
Neomycin	17347	1.0138457e-10	6685	84.01407565665451	False
cis-Vaccenic acid	18289	1.01211456e-10	6686	84.0266432072389	False
N-(4-{2-[(3-chlorobenzyl)amino]ethyl}phenyl)thiophene-2-carboximidamide	15926	1.0106466e-10	6687	84.0392107578233	False
DCFBC	17405	1.0092384e-10	6688	84.05177830840769	False
3-[(3-sec-butyl-4-hydroxybenzoyl)amino]azepan-4-yl 4-(2-hydroxy-5-methoxybenzoyl)benzoate	19793	1.0091575e-10	6689	84.06434585899208	False
(2R)-1-[(5,6-DIPHENYL-7H-PYRROLO[2,3-D]PYRIMIDIN-4-YL)AMINO]PROPAN-2-OL	19528	1.0057659e-10	6690	84.07691340957648	False
2-Methoxy-6-{(E)-[(4-methylphenyl)imino]methyl}phenol	16417	1.00497784e-10	6691	84.08948096016087	False
Bamifylline	15396	1.00305125e-10	6692	84.10204851074525	False
Pirenzepine	16311	1.00243924e-10	6693	84.11461606132966	False
Cixutumumab	17958	9.985464e-11	6694	84.12718361191403	False
Florbetapir (18F)	19557	9.975432e-11	6695	84.13975116249843	False
1D09C3	20127	9.9715125e-11	6696	84.15231871308282	False
Triazolam	14976	9.967748e-11	6697	84.16488626366721	False
N-{(4S)-4-Amino-5-[(2-aminoethyl)amino]pentyl}-N'-nitroguanidine	16235	9.9646305e-11	6698	84.1774538142516	False
5'-Deoxy-5'-(Methylthio)-Tubercidin	18679	9.9628056e-11	6699	84.190021364836	False
Chloroprocaine	14856	9.946269e-11	6700	84.20258891542038	False
Potassium sulfate	17635	9.9322016e-11	6701	84.21515646600477	False
2-({[3-(3,4-dihydroisoquinolin-2(1H)-ylsulfonyl)phenyl]carbonyl}amino)benzoic acid	18292	9.930479e-11	6702	84.22772401658916	False
Levallorphan	17722	9.913465e-11	6703	84.24029156717356	False
Cilomilast	17328	9.9127845e-11	6704	84.25285911775795	False
Magnesium acetate	17633	9.907908e-11	6705	84.26542666834234	False
Finafloxacin	17666	9.895254e-11	6706	84.27799421892674	False
Pipecuronium	14860	9.881542e-11	6707	84.29056176951111	False
Mivacurium	16069	9.8808454e-11	6708	84.30312932009552	False
[4-(1,3,2-Dioxaborolan-2-Yloxy)Methyl]Benzamidine	18954	9.872557e-11	6709	84.3156968706799	False
methyl (3S)-3-[(tert-butoxycarbonyl)amino]-4-oxopentanoate	18705	9.857992e-11	6710	84.3282644212643	False
2,3-Difluorobenzyl Alcohol	17298	9.843638e-11	6711	84.34083197184869	False
Pagoclone	17070	9.829041e-11	6712	84.35339952243308	False
Brompheniramine	16066	9.8154776e-11	6713	84.36596707301747	False
3-Fluoro-L-tyrosine	20041	9.807936e-11	6714	84.37853462360187	False
CHF 4227	16381	9.790796e-11	6715	84.39110217418624	False
Adenylosuccinic acid	19273	9.769903e-11	6716	84.40366972477065	False
Quinonoid 7,8-Tetrahydrobiopterin	17699	9.766066e-11	6717	84.41623727535503	False
Paraldehyde	14639	9.752365e-11	6718	84.42880482593942	False
1-(2,6-Dichlorophenyl)-5-(2,4-Difluorophenyl)-7-Piperidin-4-Yl-3,4-Dihydroquinolin-2(1h)-One	18317	9.7262656e-11	6719	84.44137237652382	False
Dostarlimab	19610	9.716827e-11	6720	84.4539399271082	False
Meprobamate	17064	9.688937e-11	6721	84.4665074776926	False
3,20-Pregnanedione	17138	9.670161e-11	6722	84.47907502827698	False
Afelimomab	17586	9.598129e-11	6723	84.49164257886139	False
N,N-dimethylarginine	15915	9.592218e-11	6724	84.50421012944577	False
Sulpiride	14839	9.5729716e-11	6725	84.51677768003016	False
Balanol	19795	9.5692114e-11	6726	84.52934523061455	False
N-(3-Phenyl-2-Sulfanylpropanoyl)Phenylalanylalanine	16781	9.561567e-11	6727	84.54191278119895	False
Fluorodopa (18F)	14832	9.5130154e-11	6728	84.55448033178334	False
N-{[4-(but-2-yn-1-yloxy)phenyl]sulfonyl}-5-methyl-D-tryptophan	19775	9.509205e-11	6729	84.56704788236773	False
Isopropamide	16071	9.506739e-11	6730	84.57961543295211	False
Glycopyrronium	16067	9.502207e-11	6731	84.59218298353652	False
S-3-(4-FLUOROPHENOXY)-2-HYDROXY-2-METHYL-N-[4-NITRO-3-(TRIFLUOROMETHYL)PHENYL]PROPANAMIDE	16453	9.465306e-11	6732	84.6047505341209	False
(6S)-2-amino-6-(3'-methoxybiphenyl-3-yl)-3,6-dimethyl-5,6-dihydropyrimidin-4(3H)-one	18259	9.4488195e-11	6733	84.61731808470529	False
Hexocyclium	16077	9.430742e-11	6734	84.62988563528968	False
3-(4-Fluorophenyl)-1-Hydroxy-2-(Pyridin-4-Yl)-1h-Pyrrolo[3,2-B]Pyridine	18320	9.411084e-11	6735	84.64245318587407	False
Pancuronium	14859	9.3972725e-11	6736	84.65502073645847	False
Tesamorelin	17494	9.389067e-11	6737	84.66758828704286	False
Propiverine	15684	9.3876705e-11	6738	84.68015583762724	False
Mazindol	16353	9.3841254e-11	6739	84.69272338821163	False
Ketodarolutamide	16464	9.362922e-11	6740	84.70529093879603	False
Spirapril	16694	9.338827e-11	6741	84.71785848938042	False
Pirbuterol	16532	9.314828e-11	6742	84.73042603996481	False
1-[4-(Octahydro-Pyrido[1,2-a]Pyrazin-2-Yl)-Phenyl]-2-Phenyl-1,2,3,4-Tetrahydro-Isoquinolin-6-Ol	16372	9.311382e-11	6743	84.7429935905492	False
N-ethyl-4-{[5-(methoxycarbamoyl)-2-methylphenyl]amino}-5-methylpyrrolo[2,1-f][1,2,4]triazine-6-carboxamide	18332	9.309464e-11	6744	84.7555611411336	False
Compound 4-D	16371	9.293426e-11	6745	84.76812869171798	False
Eplivanserin	17277	9.2930726e-11	6746	84.78069624230238	False
(2Z)-N-biphenyl-4-yl-2-cyano-3-hydroxybut-2-enamide	17081	9.246678e-11	6747	84.79326379288676	False
N-Acetylmethionine	18790	9.24197e-11	6748	84.80583134347116	False
Profenamine	14840	9.236383e-11	6749	84.81839889405555	False
BUT-3-ENYL-[5-(4-CHLORO-PHENYL)-3,6-DIHYDRO-[1,3,4]THIADIAZIN-2-YLIDENE]-AMINE	18745	9.211471e-11	6750	84.83096644463994	False
Turoctocog alfa	16179	9.210119e-11	6751	84.84353399522433	False
INCB-9471	18043	9.181511e-11	6752	84.85610154580873	False
(2-BROMOETHYL)(2-'FORMYL-4'-AMINOPHENYL) ACETATE	19784	9.1734946e-11	6753	84.8686690963931	False
Nα-[(2S)-2-{[(S)-[(1S)-1-{[(Benzyloxy)carbonyl]amino}-2-phenylethyl](hydroxy)phosphoryl]methyl}-5-phenylpentanoyl]-L-tryptophanamide	19728	9.172532e-11	6754	84.88123664697751	False
Potassium acetate	17634	9.170345e-11	6755	84.89380419756189	False
6-{4-[4-(4-CHLOROPHENYL)PIPERIDIN-4-YL]PHENYL}-9H-PURINE	19806	9.168247e-11	6756	84.90637174814628	False
Quinestrol	16376	9.153884e-11	6757	84.91893929873068	False
Procyclidine	16056	9.126844e-11	6758	84.93150684931507	False
N2-[(benzyloxy)carbonyl]-n1-[(3S)-1-cyanopyrrolidin-3-yl]-l-leucinamide	19574	9.093291e-11	6759	84.94407439989946	False
1,2-dichlorobenzene	15830	9.07979e-11	6760	84.95664195048384	False
Deacetoxyvinzolidine	17142	9.070512e-11	6761	84.96920950106825	False
Dexanabinol	17599	9.05112e-11	6762	84.98177705165263	False
N,N-DIMETHYL-4-(4-PHENYL-1H-PYRAZOL-3-YL)-1H-PYRROLE-2-CARBOXAMIDE	18111	9.041148e-11	6763	84.99434460223702	False
Tropisetron	16878	8.9769005e-11	6764	85.00691215282141	False
4-HYDROXY-N-PROPARGYL-1(R)-AMINOINDAN	19230	8.958905e-11	6765	85.0194797034058	False
(20S)-19,20,22,23-TETRAHYDRO-19-OXO-5H,21H-18,20-ETHANO-12,14-ETHENO-6,10-METHENOBENZ[D]IMIDAZO[4,3-L][1,6,9,13]OXATRIAZACYCLONOADECOSINE-9-CARBONITRILE	19299	8.957539e-11	6766	85.0320472539902	False
Phenmetrazine	17306	8.9460134e-11	6767	85.04461480457459	False
1-DECYL-3-TRIFLUORO ETHYL-SN-GLYCERO-2-PHOSPHOMETHANOL	19947	8.9429596e-11	6768	85.05718235515897	False
Framycetin	18101	8.9352185e-11	6769	85.06974990574338	False
Coagulation Factor IX (Recombinant)	15975	8.9177846e-11	6770	85.08231745632776	False
3-[(9H-fluoren-9-ylideneamino)oxy]propanoic acid	14088	8.912446e-11	6771	85.09488500691216	False
Edetic acid	14816	8.895921e-11	6772	85.10745255749654	False
N-[(1R)-3-(4-HYDROXYPHENYL)-1-METHYLPROPYL]-2-(2-PHENYL-1H-INDOL-3-YL)ACETAMIDE	16400	8.848217e-11	6773	85.12002010808094	False
Acetohydroxamic acid	18773	8.835197e-11	6774	85.13258765866533	False
Aripiprazole lauroxil	14485	8.8321316e-11	6775	85.14515520924971	False
Metixene	20153	8.824285e-11	6776	85.15772275983412	False
Tonapofylline	15961	8.821911e-11	6777	85.1702903104185	False
SR12813	18182	8.7906196e-11	6778	85.18285786100289	False
(3,4-DIHYDROXY-2-NITROPHENYL)(PHENYL)METHANONE	19173	8.7765975e-11	6779	85.19542541158728	False
Coagulation factor VII human	16670	8.767093e-11	6780	85.20799296217167	False
Magnesium levulinate	17637	8.763967e-11	6781	85.22056051275607	False
Ubenimex	18990	8.740913e-11	6782	85.23312806334046	False
5-Nitroindazole	15929	8.73858e-11	6783	85.24569561392484	False
(2S)-1-(3H-Indol-3-yl)-3-{[5-(6-isoquinolinyl)-3-pyridinyl]oxy}-2-propanamine	19796	8.73553e-11	6784	85.25826316450924	False
Pavinetant	19291	8.722376e-11	6785	85.27083071509362	False
MIV-701	19580	8.7116696e-11	6786	85.28339826567802	False
2-[3-(5-Mercapto-[1,3,4]thiadiazol-2-yl)-ureido]-N-methyl-3-phenyl-propionamide	18624	8.710324e-11	6787	85.29596581626241	False
Metenkefalin	15905	8.709875e-11	6788	85.3085333668468	False
1,2,4-Triazole-Carboxamidine	16760	8.7069844e-11	6789	85.3211009174312	False
Rociverine	16080	8.701971e-11	6790	85.33366846801559	False
Lamotrigine	14192	8.701772e-11	6791	85.34623601859998	False
O6-CYCLOHEXYLMETHOXY-2-(4'-SULPHAMOYLANILINO) PURINE	18483	8.6992656e-11	6792	85.35880356918436	False
1-(PHENYLMETHYL)CYCLOPENTYL[(1S)-1-FORMYLPENTYL]CARBAMATE	19584	8.687874e-11	6793	85.37137111976875	False
(3AS,4R,9BR)-4-(4-HYDROXYPHENYL)-1,2,3,3A,4,9B-HEXAHYDROCYCLOPENTA[C]CHROMEN-9-OL	16407	8.6754555e-11	6794	85.38393867035315	False
Tesofensine	17313	8.650703e-11	6795	85.39650622093754	False
4-Hydroxyphenylpyruvic acid	16163	8.6416e-11	6796	85.40907377152193	False
Cimicoxib	14671	8.6244255e-11	6797	85.42164132210632	False
3-({[(1Z)-(2-methoxyphenyl)methylidene]amino}oxy)propanoic acid	14089	8.597015e-11	6798	85.4342088726907	False
Elocalcitol	17747	8.577654e-11	6799	85.44677642327511	False
Gossypol	19665	8.5643145e-11	6800	85.45934397385949	False
1-Hexadecanosulfonic Acid	14564	8.562567e-11	6801	85.47191152444388	False
4'-FLUORO-1,1'-BIPHENYL-4-CARBOXYLIC ACID	19664	8.551257e-11	6802	85.48447907502828	False
Orciprenaline	17560	8.518129e-11	6803	85.49704662561267	False
3-FORMYL-2-HYDROXY-5-METHYL-HEXANOIC ACID HYDROXYAMIDE	18744	8.493194e-11	6804	85.50961417619706	False
Clidinium	16312	8.483658e-11	6805	85.52218172678145	False
Serotonin	16359	8.4707234e-11	6806	85.53474927736585	False
3-{[4-(but-2-yn-1-yloxy)phenyl]sulfonyl}propane-1-thiol	19770	8.4358326e-11	6807	85.54731682795024	False
Girentuximab	18391	8.4259585e-11	6808	85.55988437853462	False
Talnetant	19290	8.424946e-11	6809	85.57245192911903	False
beta-Alanine	20281	8.42289e-11	6810	85.5850194797034	False
Mepenzolate	16074	8.412646e-11	6811	85.5975870302878	False
D-Tryptophan	19984	8.41064e-11	6812	85.61015458087219	False
Adalimumab	17584	8.406391e-11	6813	85.62272213145657	False
Anileridine	17723	8.380472e-11	6814	85.63528968204098	False
Molindone	16317	8.3679653e-11	6815	85.64785723262536	False
4-Methylimidazole	16918	8.340621e-11	6816	85.66042478320975	False
Protokylol	17565	8.3235856e-11	6817	85.67299233379414	False
Ioflupane I-123	20226	8.322252e-11	6818	85.68555988437853	False
Ethyl loflazepate	20133	8.313621e-11	6819	85.69812743496293	False
5,6,7,8-TETRAHYDRO[1]BENZOTHIENO[2,3-D]PYRIMIDIN-4(3H)-ONE	19539	8.312305e-11	6820	85.71069498554732	False
Amisulpride	17273	8.292827e-11	6821	85.7232625361317	False
Nonoxynol-9	14676	8.2850796e-11	6822	85.7358300867161	False
OBE101	17249	8.279377e-11	6823	85.74839763730049	False
Relacatib	19581	8.2764566e-11	6824	85.76096518788489	False
2-Thiomethyl-3-Phenylpropanoic Acid	18735	8.2425546e-11	6825	85.77353273846927	False
(2S,3S)-3-FORMYL-2-({[(4-NITROPHENYL)SULFONYL]AMINO}METHYL)PENTANOIC ACID	19790	8.226079e-11	6826	85.78610028905366	False
Dexmethylphenidate	17315	8.2120956e-11	6827	85.79866783963806	False
(2R,3R,4S)-3-(4-HYDROXYPHENYL)-4-METHYL-2-[4-(2-PYRROLIDIN-1-YLETHOXY)PHENYL]CHROMAN-6-OL	16391	8.1958836e-11	6828	85.81123539022245	False
Hyoscyamine	16057	8.1916175e-11	6829	85.82380294080684	False
Elacestrant	16384	8.184059e-11	6830	85.83637049139122	False
2',4'-DICHLORO-4-HYDROXY-1,1'-BIPHENYL-3-CARBOXYLIC ACID	14085	8.169337e-11	6831	85.84893804197561	False
2-Hexyloxy-6-Hydroxymethyl-Tetrahydro-Pyran-3,4,5-Triol	16539	8.167358e-11	6832	85.86150559256001	False
dimethyl (1R,4S)-5,6-bis(4-hydroxyphenyl)-7-oxabicyclo[2.2.1]hepta-2,5-diene-2,3-dicarboxylate	16398	8.153723e-11	6833	85.8740731431444	False
Phenylalanylmethylchloride	19685	8.151406e-11	6834	85.8866406937288	False
Nicotinamide 8-bromo-adenine dinucleotide phosphate	19697	8.146619e-11	6835	85.89920824431319	False
2,6-dimethyl-4-[(E)-2-phenylethenyl]phenol	14097	8.145454e-11	6836	85.91177579489757	False
Darbepoetin alfa	17536	8.125777e-11	6837	85.92434334548197	False
AP1081	16378	8.12305e-11	6838	85.93691089606635	False
Clonazepam	14294	8.114316e-11	6839	85.94947844665074	False
Asoprisnil	17394	8.102547e-11	6840	85.96204599723514	False
Avelumab	19616	8.0974026e-11	6841	85.97461354781953	False
ALKS 27	16075	8.0833146e-11	6842	85.98718109840392	False
CRA_8696	16094	8.045706e-11	6843	85.99974864898832	False
3-(BUTYLSULPHONYL)-PROPANOIC ACID	19908	8.036595e-11	6844	86.01231619957271	False
Benzophenone	16366	8.019277e-11	6845	86.0248837501571	False
N-Propargyl-1(S)-Aminoindan	14890	7.987845e-11	6846	86.03745130074148	False
4-{[(2S)-3-(tert-butylamino)-2-hydroxypropyl]oxy}-3H-indole-2-carbonitrile	16534	7.927649e-11	6847	86.05001885132587	False
Cumidine	19777	7.9240364e-11	6848	86.06258640191027	False
Methadyl acetate	17724	7.9003575e-11	6849	86.07515395249466	False
Se-Ethyl-Isoselenourea	16763	7.878974e-11	6850	86.08772150307905	False
N-{2-[6-(2,4-DIAMINO-6-ETHYLPYRIMIDIN-5-YL)-2,2-DIMETHYL-3-OXO-2,3-DIHYDRO-4H-1,4-BENZOXAZIN-4-YL]ETHYL}ACETAMIDE	16814	7.858427e-11	6851	86.10028905366343	False
Otamixaban	16642	7.846834e-11	6852	86.11285660424784	False
MIV-711	19590	7.8394e-11	6853	86.12542415483222	False
2,4-Diamino-6-[N-(2',5'-Dimethoxybenzyl)-N-Methylamino]Quinazoline	16993	7.838294e-11	6854	86.13799170541661	False
Theobromine	15335	7.803745e-11	6855	86.150559256001	False
N-{[(2-Methyl-2-propanyl)oxy]carbonyl}-L-alanyl-L-alaninamide	19780	7.7968416e-11	6856	86.1631268065854	False
2-CHLORO-5-(3-CHLORO-PHENYL)-6-[(4-CYANO-PHENYL)-(3-METHYL-3H-IMIDAZOL-4-YL)- METHOXYMETHYL]-NICOTINONITRILE	19294	7.7913856e-11	6857	86.17569435716979	False
A Disubstituted Succinyl Caprolactam Hydroxymate Mmp3inhibitor	18616	7.783097e-11	6858	86.18826190775418	False
Cordycepin Triphosphate	20090	7.7542035e-11	6859	86.20082945833857	False
Carbazole Butanoic Acid	14567	7.75339e-11	6860	86.21339700892297	False
N-[4-CHLORO-3-(PYRIDIN-3-YLOXYMETHYL)-PHENYL]-3-FLUORO-	18348	7.733791e-11	6861	86.22596455950735	False
4-[5-[2-(1-phenyl-ethylamino)-pyrimidin-4-yl]-1-methyl-4-(3-trifluoromethylphenyl)-1H-imidazol-2-yl]-piperidine	18315	7.7136963e-11	6862	86.23853211009175	False
6,4'-Dihydroxy-3-Methyl-3',5'-Dibromoflavone	14067	7.703493e-11	6863	86.25109966067613	False
Propylhexedrine	16358	7.694975e-11	6864	86.26366721126053	False
SB-269970	17532	7.6875666e-11	6865	86.27623476184492	False
Oxyphenonium	16308	7.678188e-11	6866	86.2888023124293	False
Homatropine methylbromide	16062	7.662461e-11	6867	86.3013698630137	False
Anisindione	17125	7.654325e-11	6868	86.31393741359808	False
3-amino-5-phenylpentane	19149	7.651304e-11	6869	86.32650496418248	False
5-CHLORO-N-{(3S)-1-[(1S)-1-METHYL-2-MORPHOLIN-4-YL-2-OXOETHYL]-2-OXOPYRROLIDIN-3-YL}-1-BENZOTHIOPHENE-2-SULFONAMIDE	16650	7.6503255e-11	6870	86.33907251476687	False
(3S)-4-{[4-(BUT-2-YNYLOXY)PHENYL]SULFONYL}-N-HYDROXY-2,2-DIMETHYLTHIOMORPHOLINE-3-CARBOXAMIDE	19776	7.643631e-11	6871	86.35164006535126	False
DDP733	16876	7.643427e-11	6872	86.36420761593565	False
Nitrofural	14909	7.63301e-11	6873	86.37677516652005	False
(2-{[(4-BROMO-2-FLUOROBENZYL)AMINO]CARBONYL}-5-CHLOROPHENOXY)ACETIC ACID	17679	7.631176e-11	6874	86.38934271710443	False
Boldenone	16436	7.623262e-11	6875	86.40191026768883	False
Methylphenidate	16855	7.583468e-11	6876	86.41447781827321	False
2-[(3,5-Dichloro-4-trioxidanylphenyl)amino]benzoic acid	14079	7.5711826e-11	6877	86.42704536885762	False
D-Tyrosine	20282	7.5587016e-11	6878	86.439612919442	False
Amyl Nitrite	14636	7.5557616e-11	6879	86.45218047002639	False
Methylnaltrexone	17508	7.534736e-11	6880	86.46474802061078	False
Pirlindole	14905	7.523262e-11	6881	86.47731557119518	False
Ganaxolone	17071	7.489645e-11	6882	86.48988312177957	False
Guanosine-3'-monophosphate-5'-diphosphate	19881	7.472165e-11	6883	86.50245067236395	False
4-{[(E)-2-(5-CHLOROTHIEN-2-YL)VINYL]SULFONYL}-1-(1H-PYRROLO[3,2-C]PYRIDIN-2-YLMETHYL)PIPERAZIN-2-ONE	16663	7.4703695e-11	6884	86.51501822294834	False
ICI-164384	17756	7.457599e-11	6885	86.52758577353273	False
2-Phenyl-1-[4-(2-Piperidin-1-Yl-Ethoxy)-Phenyl]-1,2,3,4-Tetrahydro-Isoquinolin-6-Ol	16374	7.436195e-11	6886	86.54015332411713	False
2-Methyl-3-(2-Aminothiazolo)Propanal	16806	7.4341096e-11	6887	86.55272087470152	False
Firocoxib	16757	7.431176e-11	6888	86.56528842528591	False
4-[(5-CHLOROINDOL-2-YL)SULFONYL]-2-(2-METHYLPROPYL)-1-[[5-(PYRIDIN-4-YL)PYRIMIDIN-2-YL]CARBONYL]PIPERAZINE	16636	7.428299e-11	6889	86.57785597587029	False
3',5'-Dinitro-N-Acetyl-L-Thyronine	14074	7.402642e-11	6890	86.5904235264547	False
Ferumoxytol	20200	7.400566e-11	6891	86.60299107703908	False
Dicyclomine	16314	7.392201e-11	6892	86.61555862762349	False
Lexacalcitol	17740	7.374203e-11	6893	86.62812617820786	False
Glatiramer	19324	7.3658815e-11	6894	86.64069372879226	False
m-Chlorophenylpiperazine	17381	7.3633384e-11	6895	86.65326127937665	False
Diphenylacetic acid	18144	7.332702e-11	6896	86.66582882996104	False
4-Deoxy-Alpha-D-Glucose	20111	7.329765e-11	6897	86.67839638054544	False
Dihydro-alpha-ergocryptine	15641	7.325195e-11	6898	86.69096393112983	False
Famciclovir	15848	7.2958854e-11	6899	86.70353148171421	False
N-[(2',4'-DIFLUORO-4-HYDROXY-5-IODOBIPHENYL-3-YL)CARBONYL]-BETA-ALANINE	14096	7.267372e-11	6900	86.71609903229862	False
Polymyxin B	20273	7.262204e-11	6901	86.728666582883	False
Phenylalanine-N-Sulfonamide	19758	7.255586e-11	6902	86.74123413346739	False
N-(2-AMINOETHYL)-N~2~-{(1S)-1-[4'-(AMINOSULFONYL)BIPHENYL-4-YL]-2,2,2-TRIFLUOROETHYL}-L-LEUCINAMIDE	19587	7.2474665e-11	6903	86.75380168405178	False
2-(3,5-DIMETHYLPHENYL)-1,3-BENZOXAZOLE	14104	7.247107e-11	6904	86.76636923463616	False
N-(2-(((5-CHLORO-2-PYRIDINYL)AMINO)SULFONYL)PHENYL)-4-(2-OXO-1(2H)-PYRIDINYL)BENZAMIDE	16648	7.245863e-11	6905	86.77893678522057	False
Mecobalamin	17639	7.21683e-11	6906	86.79150433580494	False
Zinc Substituted Heme C	18297	7.214353e-11	6907	86.80407188638935	False
Tanaproget	17392	7.200633e-11	6908	86.81663943697373	False
4-[(1S,2S,5S)-5-(HYDROXYMETHYL)-6,8,9-TRIMETHYL-3-OXABICYCLO[3.3.1]NON-7-EN-2-YL]PHENOL	16390	7.1842254e-11	6909	86.82920698755812	False
Flavoxate	16316	7.179568e-11	6910	86.84177453814252	False
Metocurine	17396	7.155234e-11	6911	86.85434208872691	False
Temazepam	15421	7.1438334e-11	6912	86.8669096393113	False
4-{[4-AMINO-6-(CYCLOHEXYLMETHOXY)-5-NITROSOPYRIMIDIN-2-YL]AMINO}BENZAMIDE	18565	7.1408914e-11	6913	86.8794771898957	False
Idraparinux	16640	7.138263e-11	6914	86.89204474048007	False
N-METHYL-N-[(1R)-1-METHYL-2-PHENYLETHYL]PROP-2-EN-1-AMINE	19225	7.132452e-11	6915	86.90461229106448	False
Naxifylline	15960	7.1302485e-11	6916	86.91717984164886	False
Evolocumab	15901	7.1295816e-11	6917	86.92974739223325	False
ETHYL 3-[4-(AMINOSULFONYL)PHENYL]PROPANOATE	16799	7.126537e-11	6918	86.94231494281765	False
4-Hydroxybutan-1-Aminium	18950	7.124661e-11	6919	86.95488249340204	False
Ketazolam	14345	7.117096e-11	6920	86.96745004398643	False
NCX 950	17564	7.092433e-11	6921	86.98001759457081	False
Drotaverine	17214	7.090268e-11	6922	86.9925851451552	False
5-chloro-N-[(3R)-1-(2-{[2-fluoro-4-(2-oxopyridin-1(2H)-yl)phenyl]amino}-2-oxoethyl)pyrrolidin-3-yl]thiophene-2-carboxamide	16654	7.07167e-11	6923	87.0051526957396	False
2,4,6-Tribromophenol	14070	7.065914e-11	6924	87.01772024632399	False
Pentabromophenol	14073	7.04073e-11	6925	87.03028779690838	False
Eribaxaban	16643	7.0380445e-11	6926	87.04285534749278	False
Arecoline	16073	7.034555e-11	6927	87.05542289807717	False
2-[3-(5-Mercapto-[1,3,4]thiadiazol-2yl)-ureido]-N-methyl-3-pentafluorophenyl-propionamide	18627	7.012451e-11	6928	87.06799044866156	False
Tridolgosir	19652	7.0030544e-11	6929	87.08055799924594	False
2-[2-ETHANESULFONYLAMINO-3-(1H-INDOL-3-YL)-PROPIONYLAMINO]-PENTANEDIOIC ACID 5-AMIDE 1-(4-CARBAMIM IDOYL-BENZYLAMIDE)	17018	7.002934e-11	6930	87.09312554983035	False
D-Alanine	20280	6.9812496e-11	6931	87.10569310041473	False
HYDROXY(OXO)(3-{[(2Z)-4-[3-(1H-1,2,4-TRIAZOL-1-YLMETHYL)PHENYL]PYRIMIDIN-2(5H)-YLIDENE]AMINO}PHENYL)AMMONIUM	18543	6.967069e-11	6932	87.11826065099912	False
2-aminoisobutyric acid	18382	6.95849e-11	6933	87.13082820158351	False
NP-50301	16380	6.953078e-11	6934	87.1433957521679	False
4-(BENZHYDRYLOXY)-1-[3-(1H-TETRAAZOL-5-YL)PROPYL]PIPERIDINE	18723	6.940225e-11	6935	87.1559633027523	False
Zanamivir	19447	6.932327e-11	6936	87.16853085333669	False
AB192	14777	6.861083e-11	6937	87.18109840392107	False
Spaglumic Acid	17406	6.856295e-11	6938	87.19366595450546	False
(6E,11E)-HEPTADECA-6,11-DIENE-9,9-DIYLBIS(PHOSPHONIC ACID)	19710	6.845541e-11	6939	87.20623350508986	False
1-Hydroxy-2-Amino-3-Cyclohexylpropane	16810	6.83552e-11	6940	87.21880105567425	False
Plinabulin	17598	6.828419e-11	6941	87.23136860625864	False
Flucytosine	17999	6.820075e-11	6942	87.24393615684303	False
2,6-Diamino-(S)-9-[2-(Phosphonomethoxy)Propyl]Purine	16725	6.813821e-11	6943	87.25650370742743	False
GW 468816	17217	6.796026e-11	6944	87.2690712580118	False
Pegaptanib	16512	6.789509e-11	6945	87.28163880859621	False
LI-301	16860	6.785691e-11	6946	87.29420635918059	False
2,4-Diamino-6-Phenyl-5,6,7,8,-Tetrahydropteridine	16764	6.778291e-11	6947	87.30677390976498	False
Dibenzofuran-4,6-Dicarboxylic Acid	14076	6.69936e-11	6948	87.31934146034938	False
Oxymetazoline	16846	6.656512e-11	6949	87.33190901093377	False
2-Chlorophenol	18326	6.612362e-11	6950	87.34447656151816	False
6-CHLORO-N-{(3S)-1-[(1S)-1-METHYL-2-(4-MORPHOLINYL)-2-OXO ETHYL]-2-OXO-3-PYRROLIDINYL}-2-NAPHTHALENESULFONAMIDE	16652	6.5988055e-11	6951	87.35704411210256	False
Purine Riboside-5'-Monophosphate	19473	6.5920124e-11	6952	87.36961166268694	False
Benserazide	19208	6.588845e-11	6953	87.38217921327134	False
N2-({[(4-Bromophenyl)Methyl]Oxy}Carbonyl)-N1-[(1s)-1-Formylpentyl]-L-Leucinamide	19577	6.571249e-11	6954	87.39474676385572	False
Cyclopentolate	14851	6.571199e-11	6955	87.40731431444011	False
Anthranilic acid	19986	6.567177e-11	6956	87.41988186502451	False
(1-Benzyl-5-methoxy-2-methyl-1H-indol-3-yl)acetic acid	18971	6.563683e-11	6957	87.43244941560889	False
Ephedrine	14336	6.541025e-11	6958	87.4450169661933	False
Aclidinium	14873	6.5124545e-11	6959	87.45758451677767	False
Ractopamine	16415	6.4995245e-11	6960	87.47015206736208	False
2-ANILINO-6-CYCLOHEXYLMETHOXYPURINE	18477	6.498942e-11	6961	87.48271961794646	False
THIENO[3,2-B]PYRIDINE-2-SULFONIC ACID [1-(1-AMINO-ISOQUINOLIN-7-YLMETHYL)-2-OXO-PYRROLDIN-3-YL]-AMIDE	16644	6.496327e-11	6962	87.49528716853085	False
5-(5-CHLORO-2-THIENYL)-N-{(3S)-1-[(1S)-1-METHYL-2-MORPHOLIN-4-YL-2-OXOETHYL]-2-OXOPYRROLIDIN-3-YL}-1H-1,2,4-TRIAZOLE-3-SULFONAMIDE	16649	6.480733e-11	6963	87.50785471911524	False
2-(4-hydroxyphenyl)benzo[b]thiophen-6-ol	16408	6.478533e-11	6964	87.52042226969964	False
Deferoxamine	14912	6.466176e-11	6965	87.53298982028403	False
9-(5,5-Difluoro-5-Phosphonopentyl)Guanine	16736	6.4635984e-11	6966	87.54555737086842	False
2-(Biphenyl-4-Sulfonyl)-1,2,3,4-Tetrahydro-Isoquinoline-3-Carboxylic Acid	18736	6.457893e-11	6967	87.5581249214528	False
6-(cyclohexylamino)-9-[2-(4-methylpiperazin-1-yl)-ethyl]-9H-purine-2-carbonitrile	19585	6.431674e-11	6968	87.57069247203721	False
Compound 19	16367	6.3995524e-11	6969	87.58326002262159	False
VIR201	18158	6.3958304e-11	6970	87.59582757320598	False
N-{2'-[(4-FLUOROPHENYL)AMINO]-4,4'-BIPYRIDIN-2-YL}-4-METHOXYCYCLOHEXANECARBOXAMIDE	18605	6.386944e-11	6971	87.60839512379037	False
4-{5-[(Z)-(2-IMINO-4-OXO-1,3-THIAZOLIDIN-5-YLIDENE)METHYL]FURAN-2-YL}BENZENESULFONAMIDE	18499	6.381305e-11	6972	87.62096267437477	False
[2-(3-DIBENZOFURAN-4-YL-PHENYL)-1-HYDROXY-1-PHOSPHONO-ETHYL]-PHOSPHONIC ACID	19708	6.380028e-11	6973	87.63353022495916	False
Trihexyphenidyl	16054	6.340565e-11	6974	87.64609777554354	False
Fleroxacin	17655	6.338787e-11	6975	87.65866532612793	False
N-(3,5-dibromo-4-hydroxyphenyl)-4-hydroxy-3,5-dimethylbenzamide	14092	6.334907e-11	6976	87.67123287671232	False
6-CYCLOHEXYLMETHOXY-2-(3'-CHLOROANILINO) PURINE	18488	6.3113174e-11	6977	87.68380042729672	False
[3-(1-Benzyl-3-Carbamoylmethyl-2-Methyl-1h-Indol-5-Yloxy)-Propyl-]-Phosphonic Acid	18969	6.3028964e-11	6978	87.69636797788111	False
5-CHLORO-N-((1R,2S)-2-(4-(2-OXOPYRIDIN-1(2H)-YL)BENZAMIDO) CYCLOPENTYL)THIOPHENE-2-CARBOXAMIDE	16660	6.277462e-11	6979	87.7089355284655	False
N-(3-TERT-BUTYL-1H-PYRAZOL-5-YL)-N'-{4-CHLORO-3-[(PYRIDIN-3-YLOXY)METHYL]PHENYL}UREA	18347	6.271848e-11	6980	87.7215030790499	False
N-{4-[(Carboxymethyl)carbamoyl]benzoyl}-L-valyl-N-[(3S)-1,1,1-trifluoro-4-methyl-2-oxo-3-pentanyl]-L-prolinamide	19779	6.249209e-11	6981	87.73407062963429	False
S-(4-nitrobenzyl)glutathione	17798	6.247409e-11	6982	87.74663818021867	False
Ramipril	14836	6.2196706e-11	6983	87.75920573080307	False
5-Phosphoarabinonic Acid	18787	6.211337e-11	6984	87.77177328138745	False
Adenosine-5-Diphosphoribose	17385	6.210306e-11	6985	87.78434083197185	False
3-FLUORO-5-MORPHOLIN-4-YL-N-[1-(2-PYRIDIN-4-YLETHYL)-1H-INDOL-6-YL]BENZAMIDE	18363	6.2023275e-11	6986	87.79690838255624	False
3-[({(1E)-[2-(trifluoromethyl)phenyl]methylidene}amino)oxy]propanoic acid	14082	6.189127e-11	6987	87.80947593314063	False
HY10275	17248	6.1787714e-11	6988	87.82204348372503	False
Diphenylpyraline	17241	6.170539e-11	6989	87.83461103430942	False
(1R,2R)-N-(2-Aminoethyl)-2-{[(4-methoxyphenyl)sulfonyl]methyl}cyclohexanecarboxamide	19588	6.166833e-11	6990	87.8471785848938	False
Elaidamide	18973	6.1482645e-11	6991	87.8597461354782	False
1-Testosterone	16435	6.138972e-11	6992	87.87231368606258	False
Loracarbef	20248	6.112287e-11	6993	87.88488123664698	False
Lithium cation	17828	6.108673e-11	6994	87.89744878723137	False
N~2~-(biphenyl-4-ylsulfonyl)-N-hydroxy-N~2~-(2-hydroxyethyl)glycinamide	18628	6.081969e-11	6995	87.91001633781576	False
N-(M-Trifluoromethylphenyl) Phenoxazine-4,6-Dicarboxylic Acid	14071	6.07878e-11	6996	87.92258388840015	False
5-[5,6-BIS(METHYLOXY)-1H-BENZIMIDAZOL-1-YL]-3-{[1-(2-CHLOROPHENYL)ETHYL]OXY}-2-THIOPHENECARBOXAMIDE	18492	6.0730546e-11	6997	87.93515143898453	False
(R)-N-methyl-N-2-propynyl-1-indanamine	14887	6.057206e-11	6998	87.94771898956894	False
2-(2-{2-[(BIPHENYL-4-YLMETHYL)-AMINO]-3-MERCAPTO-PENTANOYLAMINO}-ACETYLAMINO)-3-METHYL-BUTYRIC ACID METHYL ESTER	18632	6.0285305e-11	6999	87.96028654015332	False
Asimadoline	17505	6.020177e-11	7000	87.97285409073771	False
Cambinol	19378	6.006287e-11	7001	87.9854216413221	False
Certolizumab pegol	15887	5.989813e-11	7002	87.9979891919065	False
N-(1-BENZYL-3,3,3-TRIFLUORO-2,2-DIHYDROXY-PROPYL)-ACETAMIDE	19680	5.983955e-11	7003	88.01055674249089	False
Pipradrol	20152	5.9750475e-11	7004	88.02312429307528	False
(1aR,8S,13S,14S,15aR)-5,13,14-trihydroxy-3-methoxy-8-methyl-8,9,13,14,15,15a-hexahydro-6H-oxireno[k][2]benzoxacyclotetradecine-6,12(1aH)-dione	18116	5.974569e-11	7005	88.03569184365966	False
R-2-{[4'-Methoxy-(1,1'-Biphenyl)-4-Yl]-Sulfonyl}-Amino-6-Methoxy-Hex-4-Ynoic Acid	18623	5.972176e-11	7006	88.04825939424407	False
4-Iodo-L-phenylalanine	17899	5.966119e-11	7007	88.06082694482845	False
Clofedanol	17246	5.942497e-11	7008	88.07339449541286	False
N-(Chlorophenyl)-N'-hydroxyguanidine	16775	5.940095e-11	7009	88.08596204599723	False
N2-[(Benzyloxy)carbonyl]-N-[(3R)-1-{N-[(benzyloxy)carbonyl]-L-leucyl}-4-oxo-3-pyrrolidinyl]-L-leucinamide	19573	5.9379876e-11	7010	88.09852959658163	False
Dilmapimod	17602	5.934636e-11	7011	88.11109714716602	False
Ganirelix	16579	5.931411e-11	7012	88.1236646977504	False
4-{5-[(Z)-(2-IMINO-4-OXO-1,3-THIAZOLIDIN-5-YLIDENE)METHYL]FURAN-2-YL}-2-(TRIFLUOROMETHYL)BENZENESULFONAMIDE	18500	5.923994e-11	7013	88.1362322483348	False
Cefuroxime	20249	5.921204e-11	7014	88.14879979891919	False
D-glucitol 6-phosphate	18786	5.9197695e-11	7015	88.16136734950358	False
S-Isopropyl-Isothiourea	16774	5.906292e-11	7016	88.17393490008797	False
Willardiine	17820	5.883008e-11	7017	88.18650245067236	False
Maltose	20046	5.8710585e-11	7018	88.19907000125676	False
N-((1R,2S)-2-(5-CHLORO-1H-INDOLE-2-CARBOXAMIDO)CYCLOHEXYL)-5-METHYL-4,5,6,7-TETRAHYDROTHIAZOLO[5,4-C]PYRIDINE-2-CARBOXAMIDE	16646	5.862543e-11	7019	88.21163755184115	False
5-CHLORO-N-(2-(4-(2-OXOPYRIDIN-1(2H)-YL)BENZAMIDO)ETHYL)THIOPHENE-2-CARBOXAMIDE	16659	5.858239e-11	7020	88.22420510242553	False
Propantheline	16313	5.843241e-11	7021	88.23677265300994	False
Aripiprazole	14323	5.837226e-11	7022	88.24934020359431	False
S-Ethylisothiourea	15920	5.836324e-11	7023	88.26190775417871	False
(2R)-2-(3-Biphenylyl)-N-{(2R)-2-hydroxy-3-[(2-pyridinylsulfonyl)amino]propyl}-4-methylpentanamide	19578	5.795657e-11	7024	88.2744753047631	False
Dinor-N(Omega)-Hydroxy-L-Arginine	16834	5.7939768e-11	7025	88.2870428553475	False
Xamoterol	16538	5.7626105e-11	7026	88.29961040593189	False
Manitimus	17080	5.7611377e-11	7027	88.31217795651628	False
Calcium chloride	17987	5.7506867e-11	7028	88.32474550710067	False
(3R)-3-cyclopentyl-6-methyl-7-[(4-methylpiperazin-1-yl)sulfonyl]-3,4-dihydro-2H-1,2-benzothiazine 1,1-dioxide	17827	5.7401223e-11	7029	88.33731305768505	False
Carisoprodol	15832	5.7233298e-11	7030	88.34988060826944	False
Doxacurium	14855	5.7078283e-11	7031	88.36244815885384	False
Tetrahydrogestrinone	16444	5.6735505e-11	7032	88.37501570943823	False
THIENO[3,2-B]PYRIDINE-2-SULFONIC ACID [2-OXO-1-(1H-PYRROLO[2,3-C]PYRIDIN-2-YLMETHYL)-PYRROLIDIN-3-YL]-AMIDE	16661	5.6720253e-11	7033	88.38758326002262	False
Morphine glucuronide	17163	5.6644137e-11	7034	88.40015081060702	False
Trichlormethiazide	14763	5.6583887e-11	7035	88.4127183611914	False
(2S)-2-amino-5-oxo-5-[(4-phenylmethoxyphenyl)amino]pentanoic acid	18997	5.6523806e-11	7036	88.4252859117758	False
4-{5-[(Z)-(2-IMINO-4-OXO-1,3-THIAZOLIDIN-5-YLIDENE)METHYL]FURAN-2-YL}BENZOIC ACID	18501	5.651885e-11	7037	88.43785346236018	False
(3-ENDO)-8-METHYL-8-AZABICYCLO[3.2.1]OCT-3-YL 1H-PYRROLO[2,3-B]PYRIDINE-3-CARBOXYLATE	19523	5.6481556e-11	7038	88.45042101294457	False
(5-{3-[5-(PIPERIDIN-1-YLMETHYL)-1H-INDOL-2-YL]-1H-INDAZOL-6-YL}-2H-1,2,3-TRIAZOL-4-YL)METHANOL	19521	5.6458397e-11	7039	88.46298856352897	False
Hexamethonium	17651	5.6240543e-11	7040	88.47555611411336	False
alpha-D-glucose 6-phosphate	17668	5.623207e-11	7041	88.48812366469775	False
Pinazepam	20136	5.6227138e-11	7042	88.50069121528215	False
Nocodazole	18724	5.6226704e-11	7043	88.51325876586654	False
P1-(5'-Adenosyl)P5-(5'-(3'azido-3'-Deoxythymidyl))Pentaphosphate	18832	5.622574e-11	7044	88.52582631645093	False
5-{[1-(2-fluorobenzyl)piperidin-4-yl]methoxy}quinazoline-2,4-diamine	18824	5.6184574e-11	7045	88.53839386703531	False
Bifeprunox	16857	5.607976e-11	7046	88.55096141761972	False
Nitrilotriacetic acid	18279	5.6041585e-11	7047	88.5635289682041	False
6-CHLORO-N-{(3S)-1-[(1S)-1-METHYL-2-MORPHOLIN-4-YL-2-OXOETHYL]-2-OXOPYRROLIDIN-3-YL}-1-BENZOTHIOPHENE-2-SULFONAMIDE	16651	5.582012e-11	7048	88.57609651878849	False
2-(2,6-DICHLOROPHENYL)-1,3-BENZOXAZOLE-6-CARBOXYLIC ACID	14083	5.574543e-11	7049	88.58866406937288	False
Amitifadine	17312	5.569325e-11	7050	88.60123161995726	False
Bambuterol	14862	5.566128e-11	7051	88.61379917054167	False
2-(methylsulfanyl)-5-(thiophen-2-ylmethyl)-1H-imidazol-4-ol	19541	5.5628384e-11	7052	88.62636672112605	False
(R)-1-(4-(4-(Hydroxymethyl)-1,3,2-dioxaborolan-2-YL)phenyl)guanidine	18368	5.5445336e-11	7053	88.63893427171044	False
D-Leucine	20213	5.5407914e-11	7054	88.65150182229483	False
Levocabastine	17240	5.533451e-11	7055	88.66406937287923	False
ES-936	18749	5.520137e-11	7056	88.67663692346362	False
Magnesium carbonate	20146	5.5077064e-11	7057	88.68920447404801	False
4-Hydroxy-1,2,5-oxadiazole-3-carboxylic acid	16247	5.4790186e-11	7058	88.70177202463239	False
5-(2-methylpiperazine-1-sulfonyl)isoquinoline	19811	5.4647824e-11	7059	88.7143395752168	False
4-(1,3-BENZODIOXOL-5-YLOXY)-2-[4-(1H-IMIDAZOL-1-YL)PHENOXY]-6-METHYLPYRIMIDINE	15940	5.4528923e-11	7060	88.72690712580118	False
N-cyclopropyl-3-{[1-(2,4-difluorophenyl)-7-methyl-6-oxo-6,7-dihydro-1H-pyrazolo[3,4-b]pyridin-4-yl]amino}-4-methylbenzamide	18356	5.4508124e-11	7061	88.73947467638558	False
[4-(4-PHENYL-PIPERIDIN-1-YL)-BENZENESULFONYLAMINO]-ACETIC ACID	18625	5.4503655e-11	7062	88.75204222696996	False
N-(7-CARBAMIMIDOYL-NAPHTHALEN-1-YL)-3-HYDROXY-2-METHYL-BENZAMIDE	18369	5.450064e-11	7063	88.76460977755436	False
Pregabalin	17558	5.4458344e-11	7064	88.77717732813875	False
Oxyphencyclimine	16055	5.4426883e-11	7065	88.78974487872313	False
N-(3-cyano-4,5,6,7-tetrahydro-1-benzothien-2-yl)-2-fluorobenzamide	18598	5.4367535e-11	7066	88.80231242930753	False
Bivalirudin	14770	5.4342236e-11	7067	88.81487997989191	False
Phenserine	17196	5.4276562e-11	7068	88.8274475304763	False
Bromazepam	15337	5.4178512e-11	7069	88.8400150810607	False
Methoxamine	17339	5.414783e-11	7070	88.85258263164509	False
S-{3-[(4-ANILINOQUINAZOLIN-6-YL)AMINO]-3-OXOPROPYL}-L-CYSTEINE	17716	5.395144e-11	7071	88.86515018222948	False
N-cyclopropyl-4-pyrazolo[1,5-b]pyridazin-3-ylpyrimidin-2-amine	18486	5.3916673e-11	7072	88.87771773281388	False
L-homoarginine	16773	5.371026e-11	7073	88.89028528339826	False
Tetrodotoxin	16477	5.3403094e-11	7074	88.90285283398266	False
N-[(2S)-4-Methyl-1-oxo-1-{[(4S)-3-oxo-1-(2-pyridinylsulfonyl)-4-azepanyl]amino}-2-pentanyl]-1-benzofuran-2-carboxamide	19575	5.3322072e-11	7075	88.91542038456704	False
1-(3,5-DICHLOROPHENYL)-5-METHYL-1H-1,2,4-TRIAZOLE-3-CARBOXYLIC ACID	18520	5.3127766e-11	7076	88.92798793515144	False
4-(6-CYCLOHEXYLMETHOXY-9H-PURIN-2-YLAMINO)--BENZAMIDE	18546	5.311439e-11	7077	88.94055548573583	False
6-CYCLOHEXYLMETHYLOXY-2-(4'-HYDROXYANILINO)PURINE	18545	5.308877e-11	7078	88.95312303632022	False
Thiocoumarin	15921	5.3076318e-11	7079	88.96569058690461	False
N-(1-ISOPROPYLPIPERIDIN-4-YL)-1-(3-METHOXYBENZYL)-1H-INDOLE-2-CARBOXAMIDE	16656	5.3072977e-11	7080	88.97825813748901	False
Synephrine	20148	5.294932e-11	7081	88.9908256880734	False
7-[(3-CHLOROBENZYL)OXY]-4-[(METHYLAMINO)METHYL]-2H-CHROMEN-2-ONE	19227	5.2857798e-11	7082	89.0033932386578	False
Diphthamide	20004	5.2833203e-11	7083	89.01596078924217	False
Altropane	17523	5.2656546e-11	7084	89.02852833982656	False
Risedronic acid	14667	5.261117e-11	7085	89.04109589041096	False
Fluoro-Willardiine	17815	5.2505708e-11	7086	89.05366344099535	False
Quinethazone	16796	5.2472266e-11	7087	89.06623099157974	False
5-(DIMETHYLAMINO)-1-NAPHTHALENESULFONIC ACID(DANSYL ACID)	16146	5.20535e-11	7088	89.07879854216412	False
5-Chloro-N-{(3S)-1-[(2S)-1-(4-morpholinyl)-1-oxo-2-propanyl]-2-oxo-3-pyrrolidinyl}-1H-indole-2-sulfonamide	16653	5.2017873e-11	7089	89.09136609274853	False
3',5'-DIBROMO-2',4,4',6'-TETRAHYDROXY AURONE	14094	5.1838103e-11	7090	89.10393364333291	False
[1-(3-CHLORO-2-FORMYL-PHENYLCARBAMOYL)-2-METHYL-PROPYL]-CARBAMIC ACID TERT-BUTYL ESTER	19785	5.1690596e-11	7091	89.1165011939173	False
Pimavanserin	17270	5.1657675e-11	7092	89.1290687445017	False
Sarizotan	16863	5.1518442e-11	7093	89.14163629508609	False
5-Chloro-thiophene-2-carboxylic acid ((3S,4S)-1-{[2-fluoro-4-(2-oxo-2H-pyridin-1-yl)-phenylcarbamoyl]-methyl}-4-hydroxy-pyrrolidin-3-yl)-amide	16655	5.1307122e-11	7094	89.15420384567048	False
L-1-(4-chlorophenyl)-2-(acetamido)ethane boronic acid	19689	5.1154685e-11	7095	89.16677139625487	False
Uridylyl-2'-5'-phospho-adenosine	19471	5.11422e-11	7096	89.17933894683927	False
Amylmetacresol	19161	5.111304e-11	7097	89.19190649742366	False
2,6-dibromo-4-[(E)-2-phenylethenyl]phenol	14098	5.107611e-11	7098	89.20447404800804	False
DDP-225	16877	5.1069968e-11	7099	89.21704159859244	False
Buclizine	16309	5.0992006e-11	7100	89.22960914917682	False
4-[(7R,7AS)-7-HYDROXY-1,3-DIOXOTETRAHYDRO-1H-PYRROLO[1,2-C]IMIDAZOL-2(3H)-YL]-1-NAPHTHONITRILE	16455	5.089969e-11	7101	89.24217669976122	False
2',6'-DIFLUOROBIPHENYL-4-CARBOXYLIC ACID	14084	5.0544062e-11	7102	89.25474425034561	False
Isometheptene	16357	5.0487982e-11	7103	89.26731180092999	False
4-{5-[(Z)-(2-IMINO-4-OXO-1,3-THIAZOLIDIN-5-YLIDENE)METHYL]-2-FURYL}-N-METHYLBENZENESULFONAMIDE	18498	5.0424467e-11	7104	89.2798793515144	False
A-674563	19819	5.0124908e-11	7105	89.29244690209877	False
N-[2-(6-AMINO-4-METHYLPYRIDIN-2-YL)ETHYL]-4-CYANOBENZAMIDE	15944	4.9910825e-11	7106	89.30501445268317	False
Phenoxymethylpenicillin	18312	4.9863058e-11	7107	89.31758200326756	False
N-(3,5-dibromo-4-hydroxyphenyl)benzamide	14101	4.9745836e-11	7108	89.33014955385195	False
Methacholine	16076	4.971065e-11	7109	89.34271710443635	False
Diethylpropion	17307	4.9628697e-11	7110	89.35528465502074	False
(5S,8R,9S,10S,13R,14S,17S)-13-{2-[(3,5-DIFLUOROBENZYL)OXY]ETHYL}-17-HYDROXY-10-METHYLHEXADECAHYDRO-3H-CYCLOPENTA[A]PHENANTHREN-3-ONE	16452	4.9580444e-11	7111	89.36785220560512	False
1-{2-[(4-CHLOROPHENYL)AMINO]-2-OXOETHYL}-N-(1-ISOPROPYLPIPERIDIN-4-YL)-1H-INDOLE-2-CARBOXAMIDE	16657	4.95125e-11	7112	89.38041975618953	False
N-(3-cyclopropyl-1H-pyrazol-5-yl)-2-(2-naphthyl)acetamide	18476	4.94553e-11	7113	89.3929873067739	False
N-(2-hydroxybenzyl)-2,5-dimethoxy-4-cyanophenylethylamine	17281	4.9184476e-11	7114	89.40555485735831	False
1-[(2S)-4-(5-BROMO-1H-PYRAZOLO[3,4-B]PYRIDIN-4-YL)MORPHOLIN-2-YL]METHANAMINE	19543	4.8882672e-11	7115	89.41812240794269	False
5-Methyl-5-(4-Phenoxy-Phenyl)-Pyrimidine-2,4,6-Trione	18620	4.8770266e-11	7116	89.43068995852708	False
6-HYDROXY-1,3-BENZOTHIAZOLE-2-SULFONAMIDE	16960	4.8707607e-11	7117	89.44325750911148	False
S,S'-(1,4-Phenylene-Bis(1,2-Ethanediyl))Bis-Isothiourea	16761	4.8630655e-11	7118	89.45582505969587	False
7-methyl-guanosine-5'-triphosphate-5'-guanosine	18823	4.8521142e-11	7119	89.46839261028026	False
SSR-126517E	16637	4.8148045e-11	7120	89.48096016086464	False
DG051	18991	4.7898716e-11	7121	89.49352771144903	False
2-[METHYL-(5-GERANYL-4-METHYL-PENT-3-ENYL)-AMINO]-ETHYL-DIPHOSPHATE	18685	4.787132e-11	7122	89.50609526203343	False
Fencamfamin	17522	4.7810908e-11	7123	89.51866281261782	False
Butylscopolamine	16078	4.76535e-11	7124	89.53123036320221	False
Palifosfamide	18000	4.7633324e-11	7125	89.5437979137866	False
Remimazolam	14464	4.729772e-11	7126	89.55636546437098	False
2-Pyridinethiol	18143	4.7260928e-11	7127	89.56893301495539	False
(S)-carazolol	17566	4.7101375e-11	7128	89.58150056553977	False
Phenoxybenzamine	16845	4.6758812e-11	7129	89.59406811612418	False
4-[4-(4-Fluorophenyl)-2-[4-[(R)-methylsulfinyl]phenyl]-1H-imidazol-5-yl]pyridine	18117	4.6719944e-11	7130	89.60663566670856	False
Drostanolone	14526	4.6700876e-11	7131	89.61920321729295	False
Bromo-Willardiine	17819	4.669429e-11	7132	89.63177076787734	False
Mdl 101,146	17113	4.6386082e-11	7133	89.64433831846173	False
Trovafloxacin	15305	4.6350885e-11	7134	89.65690586904613	False
18-CHLORO-11,12,13,14-TETRAHYDRO-1H,10H-8,4-(AZENO)-9,15,1,3,6-BENZODIOXATRIAZACYCLOHEPTADECIN-2-ONE	19524	4.6345847e-11	7135	89.66947341963052	False
methyl (1R,2S)-2-(hydroxycarbamoyl)-1-{4-[(2-methylquinolin-4-yl)methoxy]benzyl}cyclopropanecarboxylate	19773	4.624527e-11	7136	89.6820409702149	False
Triptorelin	16581	4.6168507e-11	7137	89.6946085207993	False
Tizanidine	15306	4.5974394e-11	7138	89.70717607138369	False
N(6)-dimethylallyladenine	18569	4.5910598e-11	7139	89.71974362196808	False
(R)-Bicalutamide	16438	4.5726638e-11	7140	89.73231117255247	False
5-(2-fluorophenyl)-N-(pyridin-4-ylmethyl)pyrazolo[1,5-a]pyrimidin-7-amine	18559	4.5716264e-11	7141	89.74487872313685	False
N-(4-CHLOROPHENYL)-1,2,3,4-TETRAHYDROISOQUINOLINE-7-SULFONAMIDE	17970	4.569377e-11	7142	89.75744627372126	False
Nalpha-(2-Naphthylsulfonylglycyl)-3-Amidino-D,L-Phenylalanine-Isopropylester	19034	4.5589307e-11	7143	89.77001382430564	False
2-Amino-3-(5-Tert-Butyl-3-(Phosphonomethoxy)-4-Isoxazolyl)Propionic Acid	17813	4.558539e-11	7144	89.78258137489004	False
(3R)-3-[(1,2,3,4-tetrahydroisoquinolin-7-yloxy)methyl]-2,3-dihydrothieno[2,3-f][1,4]oxazepin-5-amine	15937	4.5418065e-11	7145	89.79514892547442	False
(R)-Atenolol	18281	4.5301873e-11	7146	89.80771647605881	False
(S)-2-Amino-3-(1,3,5,7-Pentahydro-2,4-Dioxo-Cyclopenta[E]Pyrimidin-1-Yl) Proionic Acid	17816	4.5191233e-11	7147	89.82028402664321	False
Eszopiclone	15441	4.51454e-11	7148	89.8328515772276	False
Ketotifen	17236	4.5102196e-11	7149	89.845419127812	False
1-(4-Methoxyphenyl)-3,5-Dimethyl-1h-Pyrazole-4-Carboxylic Acid Ethyl Ester	18867	4.5087063e-11	7150	89.85798667839639	False
4-({4-[(4-methoxypyridin-2-yl)amino]piperidin-1-yl}carbonyl)benzonitrile	15935	4.497257e-11	7151	89.87055422898077	False
(2S)-N-[(3E)-5-Cyclopropyl-3H-pyrazol-3-ylidene]-2-[4-(2-oxo-1-imidazolidinyl)phenyl]propanamide	18484	4.486676e-11	7152	89.88312177956517	False
Stanozolol	16443	4.4709916e-11	7153	89.89568933014955	False
4-(4-methoxy-1H-pyrrolo[2,3-b]pyridin-3-yl)pyrimidin-2-amine	18541	4.4685873e-11	7154	89.90825688073394	False
AS-8112	17413	4.4590855e-11	7155	89.92082443131834	False
AME-527	17596	4.4100116e-11	7156	89.93339198190272	False
PSN9301	17904	4.400685e-11	7157	89.94595953248712	False
Loxapine	16011	4.3945365e-11	7158	89.9585270830715	False
4-(2,4-Dimethyl-1,3-thiazol-5-yl)-N-[4-(trifluoromethyl)phenyl]-2-pyrimidinamine	18454	4.392492e-11	7159	89.9710946336559	False
3-phenyl-5-(1H-pyrazol-3-yl)isoxazole	18720	4.3885305e-11	7160	89.98366218424029	False
(2R)-2-({9-(1-methylethyl)-6-[(4-pyridin-2-ylbenzyl)amino]-9H-purin-2-yl}amino)butan-1-ol	18554	4.3674547e-11	7161	89.99622973482468	False
5-methyl-N-[4-(trifluoromethyl)phenyl][1,2,4]triazolo[1,5-a]pyrimidin-7-amine	17090	4.3650063e-11	7162	90.00879728540907	False
N-[[2-METHYL-4-HYDROXYCARBAMOYL]BUT-4-YL-N]-BENZYL-P-[PHENYL]-P-[METHYL]PHOSPHINAMID	18631	4.362276e-11	7163	90.02136483599347	False
[4-(2-Amino-4-Methyl-Thiazol-5-Yl)-Pyrimidin-2-Yl]-(3-Nitro-Phenyl)-Amine	18452	4.3607788e-11	7164	90.03393238657786	False
7-(aminomethyl)-6-(2-chlorophenyl)-1-methyl-1H-benzimidazole-5-carbonitrile	17921	4.350809e-11	7165	90.04649993716225	False
2'-fluoro-2'-deoxyuridine 3'-monophosphate	19468	4.3366997e-11	7166	90.05906748774663	False
1-(6-CYANO-3-PYRIDYLCARBONYL)-5',8'-DIFLUOROSPIRO[PIPERIDINE-4,2'(1'H)-QUINAZOLINE]-4'-AMINE	15945	4.330839e-11	7167	90.07163503833104	False
2-(4-HYDROXY-PHENYL)BENZOFURAN-5-OL	17763	4.3128112e-11	7168	90.08420258891542	False
KD7040	15930	4.306153e-11	7169	90.09677013949981	False
(2S)-2-Ammonio-3-[5-(2-methyl-2-propanyl)-3-oxido-1,2-oxazol-4-yl]propanoate	17817	4.2803754e-11	7170	90.1093376900842	False
Trans-O-Hydroxy-Alpha-Methyl Cinnamate	19676	4.2776657e-11	7171	90.1219052406686	False
6-(2-fluorophenyl)-N-(pyridin-3-ylmethyl)imidazo[1,2-a]pyrazin-8-amine	18557	4.268334e-11	7172	90.13447279125299	False
Bitolterol	17561	4.2668848e-11	7173	90.14704034183738	False
{[2-(1h-1,2,3-Benzotriazol-1-Yl)-2-(3,4-Difluorophenyl)Propane-1,3-Diyl]Bis[4,1-Phenylene(Difluoromethylene)]}Bis(Phosphonic Acid)	17450	4.259144e-11	7174	90.15960789242176	False
5,6-Cyclic-Tetrahydropteridine	16769	4.2525528e-11	7175	90.17217544300615	False
(13R,15S)-13-METHYL-16-OXA-8,9,12,22,24-PENTAAZAHEXACYCLO[15.6.2.16,9.1,12,15.0,2,7.0,21,25]HEPTACOSA-1(24),2,4,6,17(25),18,20-HEPTAENE-23,26-DIONE	18475	4.2524314e-11	7176	90.18474299359055	False
4-[(7-OXO-7H-THIAZOLO[5,4-E]INDOL-8-YLMETHYL)-AMINO]-N-PYRIDIN-2-YL-BENZENESULFONAMIDE	18474	4.2470083e-11	7177	90.19731054417494	False
Canavanine	16759	4.244773e-11	7178	90.20987809475933	False
3-(3,5-Dibromo-4-Hydroxy-Benzoyl)-2-Ethyl-Benzofuran-6-Sulfonic Acid Dimethylamide	17466	4.2353433e-11	7179	90.22244564534373	False
3-Phenyl-1,2-Propandiol	16805	4.2211252e-11	7180	90.23501319592812	False
4-{[5-(CYCLOHEXYLOXY)[1,2,4]TRIAZOLO[1,5-A]PYRIMIDIN-7-YL]AMINO}BENZENESULFONAMIDE	18512	4.209925e-11	7181	90.2475807465125	False
2-(3,4-DIHYDROXYPHENYL)-8-(1,1-DIOXIDOISOTHIAZOLIDIN-2-YL)-3-HYDROXY-6-METHYL-4H-CHROMEN-4-ONE	18480	4.2088572e-11	7182	90.2601482970969	False
Tetomilast	18868	4.206233e-11	7183	90.27271584768128	False
2,5-Dimethoxy-4-ethylthioamphetamine	17280	4.2049336e-11	7184	90.28528339826568	False
Thiocitrulline	15927	4.2046606e-11	7185	90.29785094885007	False
5-[2-(1H-pyrrol-1-yl)ethoxy]-1H-indole	18992	4.17745e-11	7186	90.31041849943446	False
APD791	17269	4.1558097e-11	7187	90.32298605001886	False
(3R)-4-(p-toluenesulfonyl)-1,4-thiazane-3-carboxylicacid-L-phenylalanine ethyl ester	17569	4.148199e-11	7188	90.33555360060325	False
N-cyclopropyl-4-methyl-3-[1-(2-methylphenyl)phthalazin-6-yl]benzamide	18335	4.1284896e-11	7189	90.34812115118763	False
4-[(3-CHLORO-4-{[(2R)-3,3,3-TRIFLUORO-2-HYDROXY-2-METHYLPROPANOYL]AMINO}PHENYL)SULFONYL]-N,N-DIMETHYLBENZAMIDE	19910	4.1246017e-11	7190	90.36068870177203	False
Dapiprazole	17336	4.1199863e-11	7191	90.37325625235641	False
Dextroamphetamine	15173	4.0958847e-11	7192	90.3858238029408	False
DIETHYL (1R,2S,3R,4S)-5,6-BIS(4-HYDROXYPHENYL)-7-OXABICYCLO[2.2.1]HEPT-5-ENE-2,3-DICARBOXYLATE	16404	4.093058e-11	7193	90.3983913535252	False
4-(1,3-BENZODIOXOL-5-YLOXY)-2-[4-(1H-IMIDAZOL-1-YL)PHENOXY]PYRIMIDINE	15938	4.0920118e-11	7194	90.41095890410958	False
N-[5-(1,1-DIOXIDOISOTHIAZOLIDIN-2-YL)-1H-INDAZOL-3-YL]-2-(4-PIPERIDIN-1-YLPHENYL)ACETAMIDE	18490	4.088127e-11	7195	90.42352645469398	False
Bisegliptin	17906	4.0783137e-11	7196	90.43609400527836	False
CRA_10762	19049	4.0680435e-11	7197	90.44866155586277	False
Aeruginosin 98-B	19083	4.061314e-11	7198	90.46122910644715	False
3-[5-(3-nitrophenyl)thiophen-2-yl]propanoic acid	17683	4.0364316e-11	7199	90.47379665703154	False
4-{[(2-Oxo-1,2-dihydro-3H-indol-3-ylidene)methyl]amino}-N-(1,3-thiazol-2-yl)benzenesulfonamide	18528	4.0319612e-11	7200	90.48636420761594	False
1-[2-(S)-AMINO-3-BIPHENYL-4-YL-PROPIONYL]-PYRROLIDINE-2-(S)-CARBONITRILE	17932	4.0167016e-11	7201	90.49893175820033	False
Histrelin	16580	4.0109676e-11	7202	90.51149930878472	False
(3S)-1-(1,3-BENZODIOXOL-5-YLMETHYL)-3-[4-(1H-IMIDAZOL-1-YL)PHENOXY]PIPERIDINE	15939	4.0035995e-11	7203	90.52406685936911	False
2-[5-Methanesulfonylamino-2-(4-Aminophenyl)-6-Oxo-1,6-Dihydro-1-Pyrimidinyl]-N-(3,3,3-Trifluoro-1-Isopropyl-2-Oxopropyl)Acetamide	19778	3.9845693e-11	7204	90.53663440995349	False
N-[2-(1,3-BENZODIOXOL-5-YL)ETHYL]-1-[2-(1H-IMIDAZOL-1-YL)-6-METHYLPYRIMIDIN-4-YL]-D-PROLINAMIDE	15934	3.9828824e-11	7205	90.5492019605379	False
Antazoline	17252	3.9669008e-11	7206	90.56176951112228	False
1-(2-Amidinophenyl)-3-(Phenoxyphenyl)Urea	19064	3.9370587e-11	7207	90.57433706170667	False
4-(2,4-Dimethyl-Thiazol-5-Yl)-Pyrimidin-2-Ylamine	18445	3.9290543e-11	7208	90.58690461229106	False
[(3R)-3-(Methylcarbamoyl)-2-{[(2-methyl-2-propanyl)oxy]carbonyl}-1,2,3,4-tetrahydro-7-isoquinolinyl]sulfamic acid	17483	3.926777e-11	7209	90.59947216287546	False
keyhole limpet hemocyanin	18390	3.925025e-11	7210	90.61203971345985	False
4-[(1S,2R,5S)-4,4,8-TRIMETHYL-3-OXABICYCLO[3.3.1]NON-7-EN-2-YL]PHENOL	16406	3.922839e-11	7211	90.62460726404423	False
Quinagolide	17706	3.9160064e-11	7212	90.63717481462862	False
Deslanoside	17625	3.9091855e-11	7213	90.64974236521302	False
4R-Fluoro-N6-ethanimidoyl-L-lysine	15916	3.901774e-11	7214	90.66230991579741	False
Iodo-Willardiine	17814	3.901171e-11	7215	90.6748774663818	False
5-[(4-AMINOCYCLOHEXYL)AMINO]-7-(PROPAN-2-YLAMINO)PYRAZOLO[1,5-A]PYRIMIDINE-3-CARBONITRILE	18538	3.8857247e-11	7216	90.6874450169662	False
3-(Prop-2-Ene-1-Sulfinyl)-Propene-1-Thiol	17527	3.8790377e-11	7217	90.70001256755059	False
[5-HYDROXY-2-(4-HYDROXYPHENYL)-1-BENZOFURAN-7-YL]ACETONITRILE	16387	3.8607693e-11	7218	90.71258011813498	False
3-(6-CYCLOHEXYLMETHOXY-9H-PURIN-2-YLAMINO)-BENZENESULFONAMIDE	18548	3.849776e-11	7219	90.72514766871936	False
N-anthracen-2-yl-5-methyl[1,2,4]triazolo[1,5-a]pyrimidin-7-amine	17089	3.8451898e-11	7220	90.73771521930377	False
4-[(6-Amino-4-Pyrimidinyl)Amino]Benzenesulfonamide	18458	3.843906e-11	7221	90.75028276988814	False
N-Hydroxy 1n(4-Methoxyphenyl)Sulfonyl-4-(Z,E-N-Methoxyimino)Pyrrolidine-2r-Carboxamide	18615	3.837811e-11	7222	90.76285032047254	False
CRA_10433	19060	3.83495e-11	7223	90.77541787105693	False
N-Methyl-4-{[(2-oxo-1,2-dihydro-3H-indol-3-ylidene)methyl]amino}benzenesulfonamide	18525	3.826343e-11	7224	90.78798542164132	False
3-(Oxalyl-Amino)-Naphthalene-2-Carboxylic Acid	17441	3.8098122e-11	7225	90.80055297222572	False
[4-({[5-Benzyloxy-1-(3-Carbamimidoyl-Benzyl)-1h-Indole-2-Carbonyl]-Amino}-Methyl)-Phenyl]-Trimethyl-Ammonium	19046	3.8094635e-11	7226	90.81312052281011	False
L-709,587	17575	3.8068704e-11	7227	90.82568807339449	False
GW-813893	16142	3.800747e-11	7228	90.8382556239789	False
(1S)-2-[(2S,5R)-2-(AMINOMETHYL)-5-PROP-1-YN-1-YLPYRROLIDIN-1-YL]-1-CYCLOPENTYL-2-OXOETHANAMINE	17907	3.7989854e-11	7229	90.85082317456327	False
4-[(5-ISOPROPYL-1,3-THIAZOL-2-YL)AMINO]BENZENESULFONAMIDE	18566	3.7778287e-11	7230	90.86339072514767	False
Dihydro-2-thioxo-5-((5-(2-(trifluoromethyl)phenyl)-2-furanyl)methyl)-4,6(1H,5H)-pyrimidinedione	17069	3.7768053e-11	7231	90.87595827573206	False
1,2,5-THIADIAZOLIDIN-3-ONE-1,1-DIOXIDE	17491	3.7659865e-11	7232	90.88852582631645	False
(2R)-1-(DIMETHYLAMINO)-3-{4-[(6-{[2-FLUORO-5-(TRIFLUOROMETHYL)PHENYL]AMINO}PYRIMIDIN-4-YL)AMINO]PHENOXY}PROPAN-2-OL	18481	3.765326e-11	7233	90.90109337690085	False
5-(4'-AMINO-1'-ETHYL-5',8'-DIFLUORO-1'H-SPIRO[PIPERIDINE-4,2'-QUINAZOLINE]-1-YLCARBONYL)PICOLINONITRILE	15933	3.7642847e-11	7234	90.91366092748522	False
L-N(omega)-nitroarginine-(4R)-amino-L-proline amide	16236	3.7551417e-11	7235	90.92622847806963	False
THIO-ATPA	17822	3.7540242e-11	7236	90.93879602865401	False
3-(4-nitrophenyl)-1H-pyrazole	18725	3.7508753e-11	7237	90.9513635792384	False
Benzo[B]Thiophene-2-Carboxamidine	19088	3.7507608e-11	7238	90.9639311298228	False
N-{2-[(4'-CYANO-1,1'-BIPHENYL-4-YL)OXY]ETHYL}-N'-HYDROXY-N-METHYLUREA	18740	3.749309e-11	7239	90.97649868040719	False
OPC-28326	17024	3.746092e-11	7240	90.98906623099158	False
[{2-bromo-4-[(2R)-3-oxo-2,3-diphenylpropyl]phenyl}(difluoro)methyl]phosphonic acid	17477	3.7375703e-11	7241	91.00163378157598	False
Nimodipine	15440	3.7321635e-11	7242	91.01420133216035	False
[(4-{4-[4-(Difluoro-Phosphono-Methyl)-Phenyl]-Butyl}-Phenyl)-Difluoro-Methyl]-Phosphonic Acid	17467	3.7308115e-11	7243	91.02676888274476	False
(R)-3-BROMO-2-HYDROXY-2-METHYL-N-[4-NITRO-3-(TRIFLUOROMETHYL)PHENYL]PROPANAMIDE	16451	3.7249523e-11	7244	91.03933643332914	False
Piribedil	17414	3.7216077e-11	7245	91.05190398391355	False
(3,4,5-Trihydroxy-6-Hydroxymethyl-Tetrahydro-Pyran-2-Yl)-Phosphoramidic Acid Dimethyl Ester	18074	3.7193654e-11	7246	91.06447153449793	False
Alvimopan	17162	3.713574e-11	7247	91.0770390850823	False
2,3,6A,7,8,9-HEXAHYDRO-11H-[1,4]DIOXINO[2,3-G]PYRROLO[2,1-B][1,3]BENZOXAZIN-11-ONE	17824	3.7109257e-11	7248	91.08960663566671	False
Bopindolol	15220	3.7103383e-11	7249	91.10217418625109	False
Alverine	16856	3.7068227e-11	7250	91.1147417368355	False
Imino[2-(2-oxo-1,2-dihydro-3-pyridinyl)-1H-benzimidazol-5-yl]methanaminium	19087	3.6978826e-11	7251	91.12730928741988	False
ADL5859	17161	3.6956896e-11	7252	91.13987683800427	False
Butobarbital	17067	3.6950765e-11	7253	91.15244438858866	False
Atracurium besylate	17648	3.6870156e-11	7254	91.16501193917306	False
R450	17340	3.685602e-11	7255	91.17757948975745	False
Cyanamide	16907	3.6828197e-11	7256	91.19014704034184	False
2-ACETYLAMINO-4-METHYL-PENTANOIC ACID (1-FORMYL-2-PHENYL-ETHYL)-AMIDE	19682	3.6739792e-11	7257	91.20271459092622	False
BIA	19170	3.6732086e-11	7258	91.21528214151063	False
(1-HYDROXYHEPTANE-1,1-DIYL)BIS(PHOSPHONIC ACID)	19705	3.6694276e-11	7259	91.227849692095	False
ETHYL 4-[(4-CHLOROPYRIDIN-2-YL)AMINO]PIPERIDINE-1-CARBOXYLATE	15941	3.6690772e-11	7260	91.2404172426794	False
1-PHENYL-1H-PYRAZOLE-4-CARBOXYLIC ACID	18726	3.6671183e-11	7261	91.25298479326379	False
5-Amidino-Benzimidazole	19040	3.666405e-11	7262	91.26555234384819	False
3-(CARBOXYMETHOXY)THIENO[2,3-B]PYRIDINE-2-CARBOXYLIC ACID	17480	3.6505233e-11	7263	91.27811989443258	False
ISIS 113715	17471	3.6443317e-11	7264	91.29068744501697	False
1,4:3,6-Dianhydro-2-O-(3-carbamimidoylphenyl)-5-O-(4-carbamimidoylphenyl)-D-glucitol	19094	3.6415662e-11	7265	91.30325499560136	False
TAS-108	16382	3.6391775e-11	7266	91.31582254618574	False
Compound 5, 2-(Naphthalen-1-Yl-Oxalyl-Amino)-Benzoicacid	17463	3.638345e-11	7267	91.32839009677014	False
(3r)-4-(P-Toluenesulfonyl)-1,4-Thiazane-3-Carboxylicacid-L-Leucine	17576	3.636909e-11	7268	91.34095764735453	False
(R)-3-hydroxytetradecanoic acid	19352	3.618862e-11	7269	91.35352519793892	False
9-(4-Hydroxyphenyl)-2,7-Phenanthroline	18596	3.6106645e-11	7270	91.36609274852331	False
3-[[(METHYLAMINO)SULFONYL]AMINO]-2-OXO-6-PHENYL-N-[3,3,3-TRIFLUORO-1-(1-METHYLETHYL)-2-OXOPHENYL]-1(2H)-PYRIDINE ACETAMIDE	19788	3.5884747e-11	7271	91.37866029910771	False
(S)-AMPA	17812	3.577479e-11	7272	91.39122784969209	False
2-(5-CHLORO-2-THIENYL)-N-{(3S)-1-[(1S)-1-METHYL-2-MORPHOLIN-4-YL-2-OXOETHYL]-2-OXOPYRROLIDIN-3-YL}ETHANESULFONAMIDE	16141	3.5774175e-11	7273	91.4037954002765	False
5-(Aminomethyl)-6-(2,4-Dichlorophenyl)-2-(3,5-Dimethoxyphenyl)Pyrimidin-4-Amine	17897	3.5675508e-11	7274	91.41636295086087	False
3-Amino-4-Oxybenzyl-2-Butanone	18140	3.5548557e-11	7275	91.42893050144527	False
N-(4-sulfamoylphenyl)-1H-indazole-3-carboxamide	18531	3.543909e-11	7276	91.44149805202966	False
2,3-Dicarboxy-4-(2-Chloro-Phenyl)-1-Ethyl-5-Isopropoxycarbonyl-6-Methyl-Pyridinium	18080	3.5397813e-11	7277	91.45406560261405	False
2-(Oxalyl-Amino)-4,7-Dihydro-5h-Thieno[2,3-C]Pyran-3-Carboxylic Acid	17455	3.534445e-11	7278	91.46663315319844	False
Nandrolone decanoate	14825	3.5205106e-11	7279	91.47920070378284	False
N-(5-Isopropyl-thiazol-2-YL)-2-pyridin-3-YL-acetamide	18567	3.5190205e-11	7280	91.49176825436723	False
Guanethidine	17308	3.509067e-11	7281	91.50433580495162	False
2-(4-(AMINOMETHYL)PIPERIDIN-1-YL)-N-(3_CYCLOHEXYL-4-OXO-2,4-DIHYDROINDENO[1,2-C]PYRAZOL-5-YL)ACETAMIDE	18507	3.4925077e-11	7282	91.516903355536	False
Mifamurtide	19356	3.4736998e-11	7283	91.52947090612041	False
Bis(5-Amidino-2-Benzimidazolyl)Methanone	19039	3.4622964e-11	7284	91.54203845670479	False
2-{[4-(2-Acetylamino-2-pentylcarbamoyl-ethyl)-naphthalen-1-YL]-oxalyl-amino}-benzoic acid	17442	3.449897e-11	7285	91.55460600728918	False
4-Phenylbutylamine	19080	3.446792e-11	7286	91.56717355787357	False
4-[3-(dibenzylamino)phenyl]-2,4-dioxobutanoic acid	17487	3.443546e-11	7287	91.57974110845795	False
Chloropyramine	17253	3.4419967e-11	7288	91.59230865904236	False
N-[4-(2-Methylimidazo[1,2-a]Pyridin-3-Yl)-2-Pyrimidinyl]Acetamide	18449	3.43705e-11	7289	91.60487620962674	False
METHYL 4-{[({[(2R,5S)-5-{[(2S)-2-(AMINOMETHYL)PYRROLIDIN-1-YL]CARBONYL}PYRROLIDIN-2-YL]METHYL}AMINO)CARBONYL]AMINO}BENZOATE	17923	3.4261847e-11	7290	91.61744376021113	False
Novo Nordisk a/S Compound	17451	3.4232582e-11	7291	91.63001131079552	False
Elsamitrucin	17659	3.4079618e-11	7292	91.64257886137992	False
CRA_23653	19077	3.4078126e-11	7293	91.65514641196431	False
Moexipril	16689	3.4070257e-11	7294	91.6677139625487	False
(2S)-1-AMINO-3-[(5-NITROQUINOLIN-8-YL)AMINO]PROPAN-2-OL	19516	3.3968255e-11	7295	91.68028151313308	False
(3R)-4-[(3R)-3-AMINO-4-(2,4,5-TRIFLUOROPHENYL)BUTANOYL]-3-METHYL-1,4-DIAZEPAN-2-ONE	17918	3.3861847e-11	7296	91.69284906371749	False
Pralidoxime	17171	3.3749073e-11	7297	91.70541661430187	False
Cyclacillin	20206	3.351685e-11	7298	91.71798416488627	False
PHENYLAMINOIMIDAZO(1,2-ALPHA)PYRIDINE	18471	3.349832e-11	7299	91.73055171547065	False
Methdilazine	17235	3.3461983e-11	7300	91.74311926605505	False
4-[3-Hydroxyanilino]-6,7-Dimethoxyquinazoline	18459	3.3424156e-11	7301	91.75568681663944	False
4-[(3R)-3-{[2-(4-FLUOROPHENYL)-2-OXOETHYL]AMINO}BUTYL]BENZAMIDE	17942	3.3409307e-11	7302	91.76825436722382	False
(3R,4S)-1-(3,4-DIMETHOXYPHENYL)-3-(3-METHYLPHENYL)PIPERIDIN-4-AMINE	17931	3.3398347e-11	7303	91.78082191780823	False
Metaraminol	17338	3.3368037e-11	7304	91.7933894683926	False
ZK-805623	19086	3.3252404e-11	7305	91.805957018977	False
Oxazepam	14246	3.320848e-11	7306	91.81852456956139	False
(2R)-4-(2-BENZOYL-1,2-DIAZEPAN-1-YL)-4-OXO-1-(2,4,5-TRIFLUOROPHENYL)BUTAN-2-AMINE	17934	3.3186447e-11	7307	91.83109212014578	False
Iobenguane	20220	3.3131865e-11	7308	91.84365967073018	False
Teverelix	16576	3.3098326e-11	7309	91.85622722131457	False
(2S)-2-methyl-2,3-dihydrothieno[2,3-f][1,4]oxazepin-5-amine	15936	3.298866e-11	7310	91.86879477189895	False
Monastrol	19123	3.2985642e-11	7311	91.88136232248335	False
4-[[(2S)-1-[[6-[(1-Amino-1-oxo-3-sulfanylpropan-2-yl)amino]-6-oxohexyl]amino]-3-[4-[difluoro(phosphono)methyl]phenyl]-1-oxopropan-2-yl]amino]-3-[[2-[4-[difluoro(phosphono)methyl]phenyl]acetyl]amino]-4-oxobutanoic acid	17459	3.2973815e-11	7312	91.89392987306773	False
O-Trifluoromethylphenyl Anthranilic Acid	14068	3.2918265e-11	7313	91.90649742365213	False
N-({(2S)-1-[(3R)-3-amino-4-(3-chlorophenyl)butanoyl]pyrrolidin-2-yl}methyl)-3-(methylsulfonyl)benzamide	17937	3.2837934e-11	7314	91.91906497423652	False
(1S)-2-[(2S,5R)-2-(AMINOMETHYL)-5-ETHYNYLPYRROLIDIN-1-YL]-1-CYCLOPENTYL-2-OXOETHANAMINE	17924	3.279656e-11	7315	91.93163252482091	False
3-{5-[AMINO(IMINIO)METHYL]-1H-INDOL-2-YL}-5-METHOXY-1,1'-BIPHENYL-2-OLATE	19098	3.2777673e-11	7316	91.9442000754053	False
6-(3-AMINOPHENYL)-N-(TERT-BUTYL)-2-(TRIFLUOROMETHYL)QUINAZOLIN-4-AMINE	18506	3.2660725e-11	7317	91.9567676259897	False
ZK-806711	19065	3.26398e-11	7318	91.96933517657409	False
8,9,10-trihydroxy-7-hydroxymethyl-3-methyl-6-oxa-1,3-diaza-spiro[4.5]decane-2,4-dione	18075	3.2602716e-11	7319	91.98190272715848	False
2-(Oxalyl-Amino)-4,5,6,7-Tetrahydro-Thieno[2,3-C]Pyridine-3-Carboxylic Acid	17461	3.2537736e-11	7320	91.99447027774286	False
RPR131247	19054	3.2374922e-11	7321	92.00703782832726	False
Deserpidine	16354	3.2369246e-11	7322	92.01960537891165	False
[2-Amino-6-(2,6-Difluoro-Benzoyl)-Imidazo[1,2-a]Pyridin-3-Yl]-Phenyl-Methanone	18465	3.2329753e-11	7323	92.03217292949604	False
N'-(Pyrrolidino[2,1-B]Isoindolin-4-On-8-Yl)-N-(Pyridin-2-Yl)Urea	18467	3.2311508e-11	7324	92.04474048008043	False
E5531	19354	3.2249814e-11	7325	92.05730803066481	False
(2R)-N-[(2R)-2-(DIHYDROXYBORYL)-1-L-PROLYLPYRROLIDIN-2-YL]-N-[(5R)-5-(DIHYDROXYBORYL)-1-L-PROLYLPYRROLIDIN-2-YL]-L-PROLINAMIDE	17927	3.2238864e-11	7326	92.06987558124922	False
(2R,3R)-7-(methylsulfonyl)-3-(2,4,5-trifluorophenyl)-1,2,3,4-tetrahydropyrido[1,2-a]benzimidazol-2-amine	17920	3.2237327e-11	7327	92.0824431318336	False
6-CARBAMIMIDOYL-4-(3-HYDROXY-2-METHYL-BENZOYLAMINO)-NAPHTHALENE-2-CARBOXYLIC ACID METHYL ESTER	18367	3.2212927e-11	7328	92.09501068241799	False
N-(3-cyanophenyl)-2'-methyl-5'-(5-methyl-1,3,4-oxadiazol-2-yl)-4-biphenylcarboxamide	18341	3.2180075e-11	7329	92.10757823300239	False
3-bromo-6-phenyl-N-(pyrimidin-5-ylmethyl)imidazo[1,2-a]pyridin-8-amine	18562	3.21513e-11	7330	92.12014578358678	False
5-(2,3-dichlorophenyl)-N-(pyridin-4-ylmethyl)pyrazolo[1,5-a]pyrimidin-7-amine	18556	3.2096645e-11	7331	92.13271333417117	False
Droxidopa	14831	3.209224e-11	7332	92.14528088475556	False
(3R)-3-cyclopentyl-7-[(4-methylpiperazin-1-yl)sulfonyl]-3,4-dihydro-2H-1,2-benzothiazine 1,1-dioxide	17826	3.2077795e-11	7333	92.15784843533996	False
Homosalate	16412	3.2037928e-11	7334	92.17041598592435	False
Flurazepam	15457	3.2033164e-11	7335	92.18298353650873	False
4-(1,3-BENZOXAZOL-2-YL)-2,6-DIBROMOPHENOL	14103	3.2027297e-11	7336	92.19555108709314	False
OLOMOUCINE II	18472	3.1862908e-11	7337	92.20811863767752	False
SEP-363856	16866	3.1852576e-11	7338	92.22068618826191	False
Gosogliptin	17936	3.1808077e-11	7339	92.2332537388463	False
Zinc;[amino-[2-[[5-[amino(azaniumylidene)methyl]benzimidazol-1-id-2-yl]methyl]benzimidazol-1-id-5-yl]methylidene]azanium	19072	3.1802557e-11	7340	92.24582128943068	False
5-(3-carbamoylbenzyl)-5,6,7,8,9,10-hexahydrocyclohepta[b]indole-4-carboxylic acid	14570	3.1798432e-11	7341	92.25838884001509	False
3-(3,5-Dibromo-4-Hydroxy-Benzoyl)-2-Ethyl-Benzofuran-6-Sulfonic Acid (4-Sulfamoyl-Phenyl)-Amide	17445	3.1650245e-11	7342	92.27095639059947	False
[[4-(Aminomethyl)Phenyl]Amino]Oxo-Acetic Acid,	17446	3.1631597e-11	7343	92.28352394118386	False
2-(Oxalyl-Amino)-Benzoic Acid	17449	3.1571322e-11	7344	92.29609149176825	False
5-(2-Fluoro-5-{(1E)-3-[3-hydroxy-2-(methoxycarbonyl)phenoxy]-1-propen-1-yl}phenyl)-1,2-oxazole-3-carboxylic acid	17443	3.1458794e-11	7345	92.30865904235264	False
2-({2-[(3R)-3-AMINOPIPERIDIN-1-YL]-4-OXOQUINAZOLIN-3(4H)-YL}METHYL)BENZONITRILE	17941	3.14028e-11	7346	92.32122659293704	False
2-(2-METHYLPHENYL)-1H-INDOLE-6-CARBOXIMIDAMIDE	19096	3.1395855e-11	7347	92.33379414352143	False
1-[(2S)-4-(5-phenyl-1H-pyrazolo[3,4-b]pyridin-4-yl)morpholin-2-yl]methanamine	19537	3.1327364e-11	7348	92.34636169410581	False
4-(METHYLSULFONYL)BENZENECARBOXIMIDAMIDE	19099	3.1289086e-11	7349	92.35892924469022	False
4-[5-(Trans-4-Aminocyclohexylamino)-3-Isopropylpyrazolo[1,5-a]Pyrimidin-7-Ylamino]-N,N-Dimethylbenzenesulfonamide	18444	3.1251987e-11	7350	92.3714967952746	False
6-O-Cyclohexylmethyl Guanine	18448	3.1199755e-11	7351	92.384064345859	False
Hydroxy(oxo)(2-{(1S)-2,2,2-trifluoro-1-[2-(trimethylarsonio)ethoxy]ethyl}phenyl)ammonium	17199	3.1172273e-11	7352	92.39663189644338	False
S-2-(Boronoethyl)-L-Cysteine	16836	3.1170667e-11	7353	92.40919944702777	False
Phendimetrazine	17309	3.1133117e-11	7354	92.42176699761217	False
CRA_10972	19057	3.1128843e-11	7355	92.43433454819656	False
Benzylamine	19052	3.1097628e-11	7356	92.44690209878095	False
4-(acetylamino)-N-(4-fluorophenyl)-1H-pyrazole-3-carboxamide	18534	3.1090273e-11	7357	92.45946964936533	False
[N-[N-(4-Methoxy-2,3,6-trimethylphenylsulfonyl)-L-aspartyl]-D-(4-amidino-phenylalanyl)]-piperidine	19059	3.1083868e-11	7358	92.47203719994972	False
3-ETHYL-2-(4-HYDROXYPHENYL)-2H-INDAZOL-5-OL	16396	3.1028305e-11	7359	92.48460475053412	False
4-{3-CHLORO-4-[3-(2,4-DICHLORO-BENZOYL)-UREIDO]-PHENOXY}-BUTYRIC ACID	18085	3.096865e-11	7360	92.49717230111851	False
1-(4-Amidinophenyl)-3-(4-Chlorophenyl)Urea	19082	3.0906513e-11	7361	92.5097398517029	False
Glycinamide	18738	3.0798943e-11	7362	92.5223074022873	False
({[(3E)-2'-Oxo-2',7'-dihydro-2,3'-biindol-3(7H)-ylidene]amino}oxy)acetic acid	18093	3.0790367e-11	7363	92.53487495287168	False
Edrophonium	17175	3.078884e-11	7364	92.54744250345608	False
Alimemazine	17243	3.076031e-11	7365	92.56001005404046	False
1-{[1-(2-AMINO-3-PHENYL-PROPIONYL)-PYRROLIDINE-2-CARBONYL]-AMINO}-2-(3-CYANO-PHENYL)-ETHANEBORONIC ACID	19103	3.068776e-11	7366	92.57257760462487	False
2,5-O,O-BIS-{4',4''-AMIDINOPHENYL}-1,4:3,6-DIANHYDRO-D-SORBITOL	19093	3.066705e-11	7367	92.58514515520925	False
(2R)-4-[(8R)-8-METHYL-2-(TRIFLUOROMETHYL)-5,6-DIHYDRO[1,2,4]TRIAZOLO[1,5-A]PYRAZIN-7(8H)-YL]-4-OXO-1-(2,4,5-TRIFLUOROPHENYL)BUTAN-2-AMINE	17915	3.065886e-11	7368	92.59771270579364	False
4-((3r,4s,5r)-4-Amino-3,5-Dihydroxy-Hex-1-Ynyl)-5-Fluoro-3-[1-(3-Methoxy-1h-Pyrrol-2-Yl)-Meth-(Z)-Ylidene]-1,3-Dihydro-Indol-2-One	18463	3.046562e-11	7369	92.61028025637803	False
(3R,4S)-1-[6-(6-METHOXYPYRIDIN-3-YL)PYRIMIDIN-4-YL]-4-(2,4,5-TRIFLUOROPHENYL)PYRROLIDIN-3-AMINE	17938	3.0459694e-11	7370	92.62284780696243	False
5-[3-(BENZYLAMINO)PHENYL]-4-BROMO-3-(CARBOXYMETHOXY)THIOPHENE-2-CARBOXYLIC ACID	17478	3.0458244e-11	7371	92.63541535754682	False
7-BENZYL-1,3-DIMETHYL-8-PIPERAZIN-1-YL-3,7-DIHYDRO-PURINE-2,6-DIONE	17940	3.044221e-11	7372	92.64798290813121	False
6-CYCLOHEXYLMETHYLOXY-5-NITROSO-PYRIMIDINE-2,4-DIAMINE	18551	3.0436115e-11	7373	92.66055045871559	False
Amylamine	19041	3.0405366e-11	7374	92.6731180093	False
(1R,2S)-2-Phenylcyclopropanaminium	19053	3.0282606e-11	7375	92.68568555988438	False
2-[(7-HYDROXY-NAPHTHALEN-1-YL)-OXALYL-AMINO]-BENZOIC ACID	17479	3.0263552e-11	7376	92.69825311046877	False
RO-4584820	18524	3.023886e-11	7377	92.71082066105316	False
Cirazoline	17343	3.0220406e-11	7378	92.72338821163754	False
Prinaberel	17759	3.0211823e-11	7379	92.73595576222195	False
(2S)-1-(Dimethylamino)-3-(4-{[4-(2-methylimidazo[1,2-a]pyridin-3-yl)-2-pyrimidinyl]amino}phenoxy)-2-propanol	18521	3.0166848e-11	7380	92.74852331280633	False
bis(5-amidino-benzimidazolyl)methanone zinc	19068	3.0153963e-11	7381	92.76109086339073	False
1-METHYL-3-PHENYL-1H-PYRAZOL-5-YLSULFAMIC ACID	17470	3.012614e-11	7382	92.77365841397511	False
Irosustat	16901	3.0114248e-11	7383	92.7862259645595	False
3,8,9,10-tetrahydroxy-7-hydroxymethyl-6-oxa-1,3-diaza-spiro[4.5]decane-2,4-dione	18059	3.0037608e-11	7384	92.7987935151439	False
Itopride	17197	3.0008517e-11	7385	92.81136106572829	False
Indoramin	17342	2.9994267e-11	7386	92.82392861631268	False
(R)-tacrine(10)-hupyridone	17190	2.9967164e-11	7387	92.83649616689708	False
V1003	17504	2.9926894e-11	7388	92.84906371748146	False
Thiocolchicoside	17218	2.9908007e-11	7389	92.86163126806586	False
Tetryzoline	17341	2.988628e-11	7390	92.87419881865024	False
2-({8-[(3R)-3-AMINOPIPERIDIN-1-YL]-1,3-DIMETHYL-2,6-DIOXO-1,2,3,6-TETRAHYDRO-7H-PURIN-7-YL}METHYL)BENZONITRILE	17943	2.9880636e-11	7391	92.88676636923464	False
ERB-196	17760	2.981659e-11	7392	92.89933391981903	False
(S)-N-(4-carbamimidoylbenzyl)-1-(2-(cyclohexylamino)ethanoyl)pyrrolidine-2-carboxamide	16108	2.9618658e-11	7393	92.91190147040341	False
3-Pyridin-4-Yl-2,4-Dihydro-Indeno[1,2-.C.]Pyrazole	18460	2.950617e-11	7394	92.92446902098781	False
CRA_16847	19042	2.9441966e-11	7395	92.9370365715722	False
3-bromo-5-phenyl-N-(pyridin-4-ylmethyl)pyrazolo[1,5-a]pyrimidin-7-amine	18489	2.943113e-11	7396	92.94960412215659	False
CRA_9785	19070	2.9377067e-11	7397	92.96217167274098	False
Buformin	20278	2.9371856e-11	7398	92.97473922332537	False
Bepotastine	17247	2.9320473e-11	7399	92.98730677390976	False
AMG-222	17905	2.925411e-11	7400	92.99987432449416	False
Carfentanil	17157	2.9242896e-11	7401	93.01244187507855	False
(4S)-5-[[(2S)-1-[[(2S)-1-Amino-3-[4-[difluoro(phosphono)methyl]phenyl]-1-oxopropan-2-yl]amino]-3-[4-[difluoro(phosphono)methyl]phenyl]-1-oxopropan-2-yl]amino]-4-benzamido-5-oxopentanoic acid	17458	2.9145783e-11	7402	93.02500942566294	False
N(5)-[(hydroxyamino)(imino)methyl]-L-ornithine	15924	2.9088525e-11	7403	93.03757697624732	False
3-(3,5-Dibromo-4-Hydroxy-Benzoyl)-2-Ethyl-Benzofuran-6-Sulfonic Acid [4-(Thiazol-2-Ylsulfamoyl)-Phenyl]-Amide	17457	2.9070277e-11	7404	93.05014452683173	False
Zk-806450	19045	2.9061129e-11	7405	93.06271207741611	False
Spartalizumab	19607	2.9059635e-11	7406	93.0752796280005	False
Ciclopirox	17628	2.902684e-11	7407	93.0878471785849	False
Allylestrenol	16365	2.9016711e-11	7408	93.10041472916929	False
5-(3-HYDROXYPHENYL)ISOTHIAZOL-3(2H)-ONE 1,1-DIOXIDE	17484	2.9016045e-11	7409	93.11298227975368	False
7-(1,1-Dioxo-1h-Benzo[D]Isothiazol-3-Yloxymethyl)-2-(Oxalyl-Amino)-4,7-Dihydro-5h-Thieno[2,3-C]Pyran-3-Carboxylic Acid	17453	2.8937342e-11	7410	93.12554983033807	False
Bis(5-Amidino-2-Benzimidazolyl)Methane Ketone Hydrate	19079	2.8872836e-11	7411	93.13811738092245	False
Gentian violet cation	20277	2.8840146e-11	7412	93.15068493150685	False
4-Methyl-5-[(2Z)-2-{[4-(4-morpholinyl)phenyl]imino}-2,5-dihydro-4-pyrimidinyl]-1,3-thiazol-2-amine	18544	2.8758135e-11	7413	93.16325248209124	False
ABT-341	17933	2.8621275e-11	7414	93.17582003267563	False
(2S)-1-(1H-INDOL-3-YL)-3-{[5-(3-METHYL-1H-INDAZOL-5-YL)PYRIDIN-3-YL]OXY}PROPAN-2-AMINE	18441	2.8580907e-11	7415	93.18838758326002	False
Ularitide	17391	2.8564887e-11	7416	93.20095513384442	False
7-Nitroindazole-2-Carboxamidine	16767	2.8517253e-11	7417	93.21352268442881	False
Obatoclax	16720	2.8423092e-11	7418	93.22609023501319	False
4-Carbamoyl-4-{[6-(Difluoro-Phosphono-Methyl)-Naphthalene-2-Carbonyl]-Amino}-Butyric Acid	17462	2.8368877e-11	7419	93.2386577855976	False
Acetylcarnitine	20211	2.8358598e-11	7420	93.25122533618197	False
Bromopride	17705	2.8312498e-11	7421	93.26379288676637	False
(2S)-1-[4-({6-[(2,6-Difluorophenyl)amino]-4-pyrimidinyl}amino)phenoxy]-3-(dimethylamino)-2-propanol	18515	2.830305e-11	7422	93.27636043735076	False
N-methyl-{4-[2-(7-oxo-6,7-dihydro-8H-[1,3]thiazolo[5,4-e]indol-8-ylidene)hydrazino]phenyl}methanesulfonamide	18526	2.8298081e-11	7423	93.28892798793515	False
(7R,8R)-8-(2,4,5-trifluorophenyl)-6,7,8,9-tetrahydroimidazo[1,2-a:4,5-c']dipyridin-7-amine	17912	2.8293064e-11	7424	93.30149553851955	False
CYT007-TNFQb	17593	2.8291175e-11	7425	93.31406308910394	False
Methantheline	14703	2.8101493e-11	7426	93.32663063968832	False
5-amino-2,4,6-tribromobenzene-1,3-dicarboxylic acid	19100	2.8026338e-11	7427	93.33919819027273	False
MN-305	16859	2.8024041e-11	7428	93.3517657408571	False
Phentolamine	16844	2.7957624e-11	7429	93.3643332914415	False
LY-517717	16638	2.793055e-11	7430	93.37690084202589	False
4-{[4-(1-CYCLOPROPYL-2-METHYL-1H-IMIDAZOL-5-YL)PYRIMIDIN-2-YL]AMINO}-N-METHYLBENZENESULFONAMIDE	18519	2.7866855e-11	7431	93.38946839261027	False
Mafenide	19720	2.7864568e-11	7432	93.40203594319468	False
(2S,3R)-2-[[4-(Tert-butylcarbamoyl)piperazine-1-carbonyl]amino]-6-(diaminomethylideneamino)-3-formylhexanoic acid	19067	2.7786868e-11	7433	93.41460349377905	False
6-Nitroindazole	15923	2.7771396e-11	7434	93.42717104436346	False
Brasofensine	17704	2.7760594e-11	7435	93.43973859494784	False
N-(5-Cyclopropyl-1h-Pyrazol-3-Yl)Benzamide	18451	2.7747677e-11	7436	93.45230614553223	False
Muscimol	17784	2.7740164e-11	7437	93.46487369611663	False
[N-(BENZYLOXYCARBONYL)AMINO](4-AMIDINOPHENYL)METHANE-PHOSPHONATE	19104	2.7731381e-11	7438	93.47744124670102	False
Tulobuterol	17568	2.7705158e-11	7439	93.49000879728541	False
5-hydroxynaphthalene-1-sulfonamide	18530	2.76994e-11	7440	93.5025763478698	False
4-{[5-(CYCLOHEXYLMETHOXY)[1,2,4]TRIAZOLO[1,5-A]PYRIMIDIN-7-YL]AMINO}BENZENESULFONAMIDE	18509	2.7687937e-11	7441	93.51514389845418	False
Acrivastine	17258	2.765247e-11	7442	93.52771144903859	False
(2S)-2-{[HYDROXY(4-IODOBENZYL)PHOSPHORYL]METHYL}PENTANEDIOIC ACID	17404	2.7625902e-11	7443	93.54027899962297	False
1-(1-phenylcyclopentyl)methylamine	17901	2.7609257e-11	7444	93.55284655020736	False
(2R)-3-{[(BENZYLAMINO)CARBONYL]AMINO}-2-HYDROXYPROPANOIC ACID	19787	2.757831e-11	7445	93.56541410079176	False
Hemi-Babim	16090	2.7520562e-11	7446	93.57798165137615	False
3-methyl-N-(pyridin-4-ylmethyl)imidazo[1,2-a]pyrazin-8-amine	18558	2.7454814e-11	7447	93.59054920196054	False
N-[2-(1-Formyl-2-Methyl-Propyl)-1-(4-Piperidin-1-Yl-but-2-Enoyl)-Pyrrolidin-3-Yl]-Methanesulfonamide	19781	2.7394401e-11	7448	93.60311675254492	False
TRIAZOLOPYRIMIDINE	18473	2.7281562e-11	7449	93.61568430312931	False
3-(1h-Indol-3-Yl)-2-[4-(4-Phenyl-Piperidin-1-Yl)-Benzenesulfonylamino]-Propionic Acid	18619	2.7219397e-11	7450	93.6282518537137	False
(2S,3S)-4-cyclopropyl-3-{(3R,5R)-3-[2-fluoro-4-(methylsulfonyl)phenyl]-1,2,4-oxadiazolidin-5-yl}-1-[(3S)-3-fluoropyrrolidin-1-yl]-1-oxobutan-2-amine	17909	2.7163749e-11	7451	93.6408194042981	False
(5E)-2-Amino-5-(2-pyridinylmethylene)-1,3-thiazol-4(5H)-one	18496	2.7126263e-11	7452	93.65338695488249	False
Antithrombin Alfa	16181	2.7061926e-11	7453	93.66595450546689	False
(2S,3S)-3-AMINO-4-[(3S)-3-FLUOROPYRROLIDIN-1-YL]-N,N-DIMETHYL-4-OXO-2-(TRANS-4-[1,2,4]TRIAZOLO[1,5-A]PYRIDIN-5-YLCYCLOHEXYL)BUTANAMIDE	17917	2.7029736e-11	7454	93.67852205605128	False
Nalbuphine	17150	2.7025507e-11	7455	93.69108960663567	False
Guanadrel	17304	2.698075e-11	7456	93.70365715722005	False
N-(4-{[(3S)-3-(dimethylamino)pyrrolidin-1-yl]carbonyl}phenyl)-5-fluoro-4-[2-methyl-1-(1-methylethyl)-1H-imidazol-5-yl]pyrimidin-2-amine	18522	2.6977198e-11	7457	93.71622470780446	False
5-CHLORO-THIOPHENE-2-CARBOXYLIC ACID ((3S,4S)-4-FLUORO- 1-{[2-FLUORO-4-(2-OXO-2H-PYRIDIN-1-YL)-PHENYLCARBAMOYL]-METHYL}-PYRROLIDIN-3-YL)-AMIDE	16658	2.696866e-11	7458	93.72879225838884	False
(2R)-1-[4-({4-[(2,5-Dichlorophenyl)amino]-2-pyrimidinyl}amino)phenoxy]-3-(dimethylamino)-2-propanol	18514	2.6883305e-11	7459	93.74135980897323	False
Inhibitor of P38 Kinase	18318	2.687018e-11	7460	93.75392735955762	False
[4-(6-Chloro-Naphthalene-2-Sulfonyl)-Piperazin-1-Yl]-(3,4,5,6-Tetrahydro-2h-[1,4']Bipyridinyl-4-Yl)-Methanone	19038	2.685691e-11	7461	93.76649491014201	False
Thiethylperazine	17702	2.6851943e-11	7462	93.77906246072641	False
Ambenonium	14854	2.6792547e-11	7463	93.7916300113108	False
2-{[2-Oxo-2-(1-piperidinyl)ethyl]sulfanyl}-6-(trifluoromethyl)-4(1H)-pyrimidinone	14565	2.666901e-11	7464	93.80419756189518	False
Droperidol	17337	2.6577402e-11	7465	93.81676511247959	False
1-deoxy-1-methoxycarbamido-beta-D-glucopyranose	18076	2.6381041e-11	7466	93.82933266306397	False
4-{5-[(1Z)-1-(2-IMINO-4-OXO-1,3-THIAZOLIDIN-5-YLIDENE)ETHYL]-2-FURYL}BENZENESULFONAMIDE	18502	2.6351065e-11	7467	93.84190021364836	False
4-PHOSPHONOOXY-PHENYL-METHYL-[4-PHOSPHONOOXY]BENZEN	17481	2.6310489e-11	7468	93.85446776423275	False
C-(1-hydrogyl-beta-D-glucopyranosyl) formamide	18063	2.6280294e-11	7469	93.86703531481714	False
(5Z)-5-(3-BROMOCYCLOHEXA-2,5-DIEN-1-YLIDENE)-N-(PYRIDIN-4-YLMETHYL)-1,5-DIHYDROPYRAZOLO[1,5-A]PYRIMIDIN-7-AMINE	18504	2.6242227e-11	7470	93.87960286540154	False
4-[(3-BROMO-4-O-SULFAMOYLBENZYL)(4-CYANOPHENYL)AMINO]-4H-[1,2,4]-TRIAZOLE	16936	2.6239825e-11	7471	93.89217041598592	False
Pholcodine	17164	2.6181632e-11	7472	93.90473796657032	False
1-Deoxy-1-methoxycarbamido-beta-D-gluco-2-heptulopyranosonamide	18078	2.5982941e-11	7473	93.9173055171547	False
RWJ-51084	19063	2.5978383e-11	7474	93.9298730677391	False
N-((2-aminopyrimidin-5-yl)methyl)-5-(2,6-difluorophenyl)-3-ethylpyrazolo[1,5-a]pyrimidin-7-amine	18563	2.5935507e-11	7475	93.94244061832349	False
3-bromo-5-phenyl-N-(pyridin-3-ylmethyl)pyrazolo[1,5-a]pyrimidin-7-amine	18560	2.5905446e-11	7476	93.95500816890788	False
Golimumab	17601	2.5877496e-11	7477	93.96757571949227	False
6-(Oxalyl-Amino)-1h-Indole-5-Carboxylic Acid	17464	2.5860522e-11	7478	93.98014327007667	False
9-(3-IODOBENZYLAMINO)-1,2,3,4-TETRAHYDROACRIDINE	19213	2.5849132e-11	7479	93.99271082066105	False
Phenindamine	17245	2.5830747e-11	7480	94.00527837124545	False
ETHYL HYDROGEN DIETHYLAMIDOPHOSPHATE	19216	2.5791019e-11	7481	94.01784592182983	False
2-(ETHOXYMETHYL)-4-(4-FLUOROPHENYL)-3-[2-(2-HYDROXYPHENOXY)PYRIMIDIN-4-YL]ISOXAZOL-5(2H)-ONE	18359	2.5672933e-11	7482	94.03041347241424	False
(2R)-1-{4-[(4-Anilino-5-bromo-2-pyrimidinyl)amino]phenoxy}-3-(dimethylamino)-2-propanol	18495	2.5665931e-11	7483	94.04298102299862	False
CR665	17506	2.5614141e-11	7484	94.055548573583	False
(1R)-menthyl hexyl phosphonate group	19214	2.5594705e-11	7485	94.0681161241674	False
CRA-9334	19047	2.5586162e-11	7486	94.08068367475178	False
Eritoran	19353	2.5566065e-11	7487	94.09325122533619	False
1-(3-(2,4-DIMETHYLTHIAZOL-5-YL)-4-OXO-2,4-DIHYDROINDENO[1,2-C]PYRAZOL-5-YL)-3-(4-METHYLPIPERAZIN-1-YL)UREA	18508	2.5511704e-11	7488	94.10581877592057	False
9-N-Phenylmethylamino-Tacrine	19211	2.5487674e-11	7489	94.11838632650496	False
Degarelix	16578	2.5452796e-11	7490	94.13095387708935	False
(1Z)-4-(4-FLUOROPHENYL)-2-METHYLIDENEBUTAN-1-IMINE	19229	2.5361399e-11	7491	94.14352142767375	False
Isatin	14886	2.5232282e-11	7492	94.15608897825814	False
[2-(5-Mercapto-[1,3,4]thiadiazol-2-ylcarbamoyl)-1-phenyl-ethyl]-carbamic acid benzyl ester	18626	2.5216263e-11	7493	94.16865652884253	False
2-(3-METHYLPHENYL)-1H-INDOLE-5-CARBOXIMIDAMIDE	19097	2.5071906e-11	7494	94.18122407942691	False
dATP	16342	2.5065405e-11	7495	94.19379163001132	False
3-[4-(2,4-Dimethyl-Thiazol-5-Yl)-Pyrimidin-2-Ylamino]-Phenol	18470	2.505293e-11	7496	94.2063591805957	False
Heptulose-2-Phosphate	18081	2.5050732e-11	7497	94.21892673118009	False
SO-101	17250	2.5030958e-11	7498	94.23149428176448	False
N-ACETYL-L-PHENYLALANYL-4-[DIFLUORO(PHOSPHONO)METHYL]-L-PHENYLALANINAMIDE	17482	2.5016449e-11	7499	94.24406183234888	False
(S)-N-(4-carbamimidoylbenzyl)-1-(2-(cyclohexyloxy)ethanoyl)pyrrolidine-2-carboxamide	16130	2.5007526e-11	7500	94.25662938293327	False
4-(5-Bromo-2-Oxo-2h-Indol-3-Ylazo)-Benzenesulfonamide	18456	2.496792e-11	7501	94.26919693351766	False
(2S)-1-{4-[(4-Anilino-5-bromo-2-pyrimidinyl)amino]phenoxy}-3-(dimethylamino)-2-propanol	18494	2.4951829e-11	7502	94.28176448410206	False
Bis(5-Amidino-Benzimidazolyl)Methane	19033	2.4888898e-11	7503	94.29433203468643	False
Loprazolam	20138	2.4881874e-11	7504	94.30689958527083	False
CRA_10656	19089	2.4856261e-11	7505	94.31946713585522	False
N-Alpha-(2-Naphthylsulfonyl)-N(3-Amidino-L-Phenylalaninyl)Isopipecolinic Acid Methyl Ester	19036	2.4830672e-11	7506	94.33203468643961	False
{4-[(2s,4e)-2-(1,3-Benzothiazol-2-Yl)-2-(1h-1,2,3-Benzotriazol-1-Yl)-5-Phenylpent-4-Enyl]Phenyl}(Difluoro)Methylphosphonic Acid	17468	2.4814479e-11	7507	94.344602237024	False
Bis-Benzamidine	19043	2.4797069e-11	7508	94.3571697876084	False
(3R,4R)-1-{6-[3-(METHYLSULFONYL)PHENYL]PYRIMIDIN-4-YL}-4-(2,4,5-TRIFLUOROPHENYL)PIPERIDIN-3-AMINE	17935	2.4727073e-11	7509	94.36973733819278	False
(1S,3S,5S)-2-{(2S)-2-amino-2-[(1R,3S,5R,7S)-3-hydroxytricyclo[3.3.1.1~3,7~]dec-1-yl]acetyl}-2-azabicyclo[3.1.0]hexane-3-carbonitrile	17926	2.4722075e-11	7510	94.38230488877718	False
1-Amino-6-Cyclohex-3-Enylmethyloxypurine	18450	2.4720566e-11	7511	94.39487243936156	False
Indirubin-5-sulphonate	18061	2.4717454e-11	7512	94.40743998994596	False
3-(6-HYDROXY-NAPHTHALEN-2-YL)-BENZO[D]ISOOXAZOL-6-OL	17769	2.465944e-11	7513	94.42000754053035	False
Raclopride	17707	2.4416537e-11	7514	94.43257509111474	False
(3,4,8b-Trimethyl-3-oxido-2,3a-dihydro-1H-pyrrolo[2,3-b]indol-3-ium-7-yl) N-(2-ethylphenyl)carbamate	17202	2.4326123e-11	7515	94.44514264169914	False
S,S'-(1,3-Phenylene-Bis(1,2-Ethanediyl))Bis-Isothiourea	16770	2.432311e-11	7516	94.45771019228353	False
Terbutaline	14848	2.4276947e-11	7517	94.47027774286792	False
(3R,4R)-4-(pyrrolidin-1-ylcarbonyl)-1-(quinoxalin-2-ylcarbonyl)pyrrolidin-3-amine	17911	2.424215e-11	7518	94.48284529345231	False
5-Bromoindirubin	18493	2.4225878e-11	7519	94.4954128440367	False
(S)-N-(4-carbamimidoylbenzyl)-1-(3-cyclopentylpropanoyl)pyrrolidine-2-carboxamide	16131	2.4190603e-11	7520	94.5079803946211	False
Carbidopa	19207	2.412853e-11	7521	94.52054794520548	False
(3S,5R,7R,8S,9S,10R)-7-(hydroxymethyl)-3-(4-methylphenyl)-1,6-dioxa-2-azaspiro[4.5]decane-8,9,10-triol	18097	2.4111095e-11	7522	94.53311549578987	False
(5-phenyl-7-(pyridin-3-ylmethylamino)pyrazolo[1,5-a]pyrimidin-3-yl)methanol	18479	2.4089859e-11	7523	94.54568304637426	False
3-bromo-5-phenyl-N-(pyrimidin-5-ylmethyl)pyrazolo[1,5-a]pyridin-7-amine	18561	2.4077365e-11	7524	94.55825059695864	False
(2E,3S)-3-hydroxy-5'-[(4-hydroxypiperidin-1-yl)sulfonyl]-3-methyl-1,3-dihydro-2,3'-biindol-2'(1'H)-one	18461	2.4026808e-11	7525	94.57081814754305	False
RWJ-56423	19055	2.396438e-11	7526	94.58338569812743	False
N-phenyl-1H-pyrazole-3-carboxamide	18533	2.3880653e-11	7527	94.59595324871182	False
Triprolidine	17232	2.3872274e-11	7528	94.60852079929622	False
4-{2,4-Bis[(3-Nitrobenzoyl)Amino]Phenoxy}Phthalic Acid	18067	2.3861302e-11	7529	94.62108834988061	False
N-[2-methyl-5-(methylcarbamoyl)phenyl]-2-{[(1R)-1-methylpropyl]amino}-1,3-thiazole-5-carboxamide	18333	2.3817334e-11	7530	94.633655900465	False
N-[(5S,7R,8S,9S,10R)-8,9,10-Trihydroxy-7-(hydroxymethyl)-2,4-dioxo-6-oxa-1,3-diazaspiro[4.5]dec-3-yl]acetamide	18077	2.3656382e-11	7531	94.6462234510494	False
[(3S)-3-(Methylcarbamoyl)-2-{[(2-methyl-2-propanyl)oxy]carbonyl}-1,2,3,4-tetrahydro-7-isoquinolinyl]sulfamic acid	17473	2.3614728e-11	7532	94.65879100163377	False
+/-METHYL 4-(AMINOIMINOMETHYL)-BETA-[3- INH (AMINOIMINO)PHENYL]BENZENE PENTANOATE	19101	2.3610988e-11	7533	94.67135855221818	False
Butyric Acid	14864	2.360014e-11	7534	94.68392610280256	False
5-fluorotryptophan	17788	2.3576294e-11	7535	94.69649365338697	False
4-BROMO-3-(CARBOXYMETHOXY)-5-(4-HYDROXYPHENYL)THIOPHENE-2-CARBOXYLIC ACID	17476	2.3545466e-11	7536	94.70906120397134	False
(5S,7R,8S,9S,10R)-3-Amino-8,9,10-trihydroxy-7-(hydroxymethyl)-6-oxa-1,3-diazaspiro[4.5]decane-2,4-dione	18056	2.3403444e-11	7537	94.72162875455574	False
4-{5-[(Z)-(2,4-DIOXO-1,3-THIAZOLIDIN-5-YLIDENE)METHYL]FURAN-2-YL}BENZENESULFONAMIDE	18497	2.334032e-11	7538	94.73419630514013	False
Emedastine	17239	2.3310201e-11	7539	94.74676385572451	False
6-(DIFLUORO-PHOSPHONO-METHYL)-NAPHTHALENE-2-CARBOXYLIC ACID	17488	2.3280653e-11	7540	94.75933140630892	False
4'-[(1R)-1-amino-2-(2,5-difluorophenyl)ethyl]biphenyl-3-carboxamide	17919	2.3240456e-11	7541	94.7718989568933	False
RPR128515	19085	2.3218791e-11	7542	94.78446650747769	False
(2S,3S)-3-AMINO-4-(3,3-DIFLUOROPYRROLIDIN-1-YL)-N,N-DIMETHYL-4-OXO-2-(TRANS-4-[1,2,4]TRIAZOLO[1,5-A]PYRIDIN-6-YLCYCLOHEXYL)BUTANAMIDE	17916	2.3017062e-11	7543	94.79703405806208	False
(5-Chloropyrazolo[1,5-a]Pyrimidin-7-Yl)-(4-Methanesulfonylphenyl)Amine	18455	2.2991569e-11	7544	94.80960160864647	False
6-BROMO-13-THIA-2,4,8,12,19-PENTAAZATRICYCLO[12.3.1.1~3,7~]NONADECA-1(18),3(19),4,6,14,16-HEXAENE 13,13-DIOXIDE	18553	2.295113e-11	7545	94.82216915923087	False
Oxacillin	18313	2.2855462e-11	7546	94.83473670981526	False
Glutethimide	15841	2.2831322e-11	7547	94.84730426039964	False
1-[(2-Amino-6,9-Dihydro-1h-Purin-6-Yl)Oxy]-3-Methyl-2-Butanol	18462	2.280112e-11	7548	94.85987181098405	False
Metocurine iodide	17645	2.2756805e-11	7549	94.87243936156842	False
4-[[(1E)-2-(4-CHLOROPHENYL)ETHENYL]SULFONYL]-1-[[1-(4-PYRIDINYL)-4-PIPERIDINYL]METHYL]PIPERAZINONE	16665	2.265987e-11	7550	94.88500691215282	False
Prostaglandin G2	16756	2.2647816e-11	7551	94.89757446273721	False
PN0621	17588	2.2540251e-11	7552	94.9101420133216	False
1-(5-Tert-Butyl-2-Methyl-2h-Pyrazol-3-Yl)-3-(4-Chloro-Phenyl)-Urea	18321	2.2534792e-11	7553	94.922709563906	False
4-Iodobenzo[B]Thiophene-2-Carboxamidine	16093	2.2483274e-11	7554	94.93527711449039	False
Cefixime	20204	2.240365e-11	7555	94.94784466507478	False
(3R,4R,5R)-5-(HYDROXYMETHYL)-1-(3-PHENYLPROPYL)PIPERIDINE-3,4-DIOL	18092	2.2396815e-11	7556	94.96041221565918	False
Rapacuronium	17397	2.2358402e-11	7557	94.97297976624355	False
1-CHLORO-6-(4-HYDROXYPHENYL)-2-NAPHTHOL	17765	2.2355374e-11	7558	94.98554731682795	False
2-Aminothiazoline	16762	2.234527e-11	7559	94.99811486741234	False
N-(Benzoylcarbamoyl)-beta-D-glucopyranosylamine	18082	2.2321459e-11	7560	95.01068241799673	False
Carbinoxamine	17233	2.2277055e-11	7561	95.02324996858113	False
Tropicamide	16065	2.227064e-11	7562	95.0358175191655	False
2-Naphthalenesulfonic acid	16175	2.2247372e-11	7563	95.04838506974991	False
(2s)-Pyrrolidin-2-Ylmethylamine	17898	2.2120016e-11	7564	95.06095262033429	False
AL-4623	16925	2.206111e-11	7565	95.07352017091868	False
MF101	17758	2.2059344e-11	7566	95.08608772150308	False
[(1S)-1-(5-CHLORO-1-BENZOTHIEN-3-YL)-2-(2-NAPHTHYLAMINO)-2-OXOETHYL]PHOSPHONIC ACID	18408	2.195784e-11	7567	95.09865527208747	False
Isothipendyl	17255	2.1935195e-11	7568	95.11122282267186	False
4-(Aminosulfonyl)-N-[(2,4,6-Trifluorophenyl)Methyl]-Benzamide	16900	2.192298e-11	7569	95.12379037325626	False
Neostigmine	14861	2.1864144e-11	7570	95.13635792384065	False
2-(cyclohexylamino)benzoic acid	19517	2.1822273e-11	7571	95.14892547442504	False
Dimenhydrinate	17238	2.1805963e-11	7572	95.16149302500942	False
2-(Beta-D-Glucopyranosyl)-5-Methyl-1,2,3-Benzimidazole	18068	2.1800057e-11	7573	95.17406057559383	False
Tirapazamine	15825	2.1728657e-11	7574	95.1866281261782	False
2-Amino-6-Chloropyrazine	18447	2.171838e-11	7575	95.1991956767626	False
Lesopitron	16858	2.1700246e-11	7576	95.21176322734699	False
3-fluoro-N-1H-indol-5-yl-5-morpholin-4-ylbenzamide	18350	2.169147e-11	7577	95.22433077793137	False
6-(3,4-DIHYDROXYBENZYL)-3-ETHYL-1-(2,4,6-TRICHLOROPHENYL)-1H-PYRAZOLO[3,4-D]PYRIMIDIN-4(5H)-ONE	18505	2.1553684e-11	7578	95.23689832851578	False
4-{2-[(3-Nitrobenzoyl)Amino]Phenoxy}Phthalic Acid	18079	2.1524268e-11	7579	95.24946587910016	False
(9S)-9-[(8-AMMONIOOCTYL)AMINO]-1,2,3,4,9,10-HEXAHYDROACRIDINIUM	17193	2.151487e-11	7580	95.26203342968455	False
Dihydrexidine	16017	2.148186e-11	7581	95.27460098026894	False
CP-320626	18073	2.138073e-11	7582	95.28716853085334	False
5-(3-{3-[3-HYDROXY-2-(METHOXYCARBONYL)PHENOXY]PROPENYL}PHENYL)-4-(HYDROXYMETHYL)ISOXAZOLE-3-CARBOXYLIC ACID	17485	2.1352897e-11	7583	95.29973608143773	False
Thrombomodulin Alfa	16046	2.1342308e-11	7584	95.31230363202212	False
N-cycloheptylglycyl-N-(4-carbamimidoylbenzyl)-L-prolinamide	16109	2.1240622e-11	7585	95.3248711826065	False
CRA_11092	19069	2.1069257e-11	7586	95.33743873319091	False
(1S)-menthyl hexyl phosphonate group	19215	2.1048692e-11	7587	95.35000628377529	False
Tiopronin	14779	2.1043072e-11	7588	95.3625738343597	False
5-(4-METHOXYBIPHENYL-3-YL)-1,2,5-THIADIAZOLIDIN-3-ONE 1,1-DIOXIDE	17490	2.1032558e-11	7589	95.37514138494407	False
Monofluorophosphate ion	18058	2.097071e-11	7590	95.38770893552847	False
(2S)-3-[(9H-fluoren-9-ylideneamino)oxy]-2-methylpropanoic acid	14087	2.096515e-11	7591	95.40027648611286	False
6S-5,6,7,8-Tetrahydrobiopterin	16771	2.0929631e-11	7592	95.41284403669725	False
Fx-1006A	14081	2.0848632e-11	7593	95.42541158728164	False
N-Hydroxy-1-(4-Methoxyphenyl)Sulfonyl-4-Benzyloxycarbonyl-Piperazine-2-Carboxamide	18622	2.0777968e-11	7594	95.43797913786602	False
N-(3-Carboxypropanoyl)-L-phenylalanyl-3-carboxy-O-(carboxymethyl)-N-pentyl-L-tyrosinamide	17469	2.0773648e-11	7595	95.45054668845042	False
Cysteine-Methylene-Carbamoyl-1,10-Phenanthroline	14568	2.068039e-11	7596	95.46311423903481	False
N-Hydroxy-4-[(4-Methoxylphenyl)Sulfonyl]-2,2-Dimethyl-Hexahydro-1,4-Thiazepine-3(S)-Carboxamide	18617	2.0677548e-11	7597	95.4756817896192	False
4-Fluorobenzylamine	19062	2.0613677e-11	7598	95.4882493402036	False
N'-[4-(2,4-Dimethyl-1,3-thiazol-5-yl)-2-pyrimidinyl]-N-hydroxyimidoformamide	18466	2.0605226e-11	7599	95.50081689078799	False
CRA_9076	19075	2.0460088e-11	7600	95.51338444137237	False
(2R)-1-[4-({6-[(2,6-Difluorophenyl)amino]-4-pyrimidinyl}amino)phenoxy]-3-(dimethylamino)-2-propanol	18517	2.035282e-11	7601	95.52595199195677	False
(3S,5R,7R,8S,9S,10R)-7-(hydroxymethyl)-3-(2-naphthyl)-1,6-dioxa-2-azaspiro[4.5]decane-8,9,10-triol	18096	2.0335707e-11	7602	95.53851954254115	False
2-[4-(DIMETHYLAMINO)PHENYL]-6-HYDROXY-3-METHYL-1,3-BENZOTHIAZOL-3-IUM	17205	2.0303035e-11	7603	95.55108709312556	False
N-(2,3,4,5,6-Pentaflouro-Benzyl)-4-Sulfamoyl-Benzamide	16906	2.0234068e-11	7604	95.56365464370994	False
[(1-{2[(4-Carbamimidoyl-Phenylamino)-Methyl]-1-Methyl-1h-Benzoimidazol-5-Yl}-Cyclopropyl)-Pyridin-2-Yl-Methyleneaminooxy]-Acetic Acid Ethyl Ester	19073	2.0131516e-11	7605	95.57622219429433	False
Hexafluronium	19209	2.0118119e-11	7606	95.58878974487872	False
4-(4-FLUOROPHENYL)-1-CYCLOROPROPYLMETHYL-5-(4-PYRIDYL)-IMIDAZOLE	18362	1.9959047e-11	7607	95.60135729546312	False
Infliximab	17585	1.9952843e-11	7608	95.61392484604751	False
Onercept	17600	1.9934696e-11	7609	95.6264923966319	False
METHYL(2-ACETOXY-2-(2-CARBOXY-4-AMINO-PHENYL))ACETATE	19786	1.9876493e-11	7610	95.63905994721628	False
(4aS,6R,8aS)-11-[8-(1,3-Dioxo-1,3-dihydro-2H-isoindol-2-yl)octyl]-6-hydroxy-3-methoxy-5,6,9,10-tetrahydro-4aH-[1]benzofuro[3a,3,2-ef][2]benzazepin-11-ium	17181	1.9773981e-11	7611	95.65162749780069	False
Tetraiodothyroacetic acid	14066	1.9690768e-11	7612	95.66419504838507	False
Zanapezil	17194	1.9633314e-11	7613	95.67676259896946	False
2,5-dichloro-N-(3,5-dibromo-4-hydroxyphenyl)benzamide	14091	1.9596911e-11	7614	95.68933014955385	False
TERT-BUTYL 2-CYANO-2-METHYLHYDRAZINECARBOXYLATE	19589	1.9524793e-11	7615	95.70189770013823	False
N-acetyl-N'-beta-D-glucopyranosyl urea	18069	1.945765e-11	7616	95.71446525072264	False
5-chloro-7-[(1-methylethyl)amino]pyrazolo[1,5-a]pyrimidine-3-carbonitrile	18537	1.9416685e-11	7617	95.72703280130702	False
1-Naphthylamine-5-sulfonic acid	14086	1.937891e-11	7618	95.73960035189143	False
1-[3-({[(4-AMINO-5-FLUORO-2-METHYLQUINOLIN-3-YL)METHYL]THIO}METHYL)PHENYL]-2,2,2-TRIFLUOROETHANE-1,1-DIOL	17201	1.9316727e-11	7619	95.7521679024758	False
Xaliproden	16862	1.9277604e-11	7620	95.7647354530602	False
Testolactone	19175	1.9276794e-11	7621	95.77730300364459	False
9-CYCLOPENTYL-6-[2-(3-IMIDAZOL-1-YL-PROPOXY)-PHENYLAMINO]-9H-PURINE-2-CARBONITRILE	19586	1.9265986e-11	7622	95.78987055422898	False
NXN-188	16244	1.9225316e-11	7623	95.80243810481338	False
(2R)-3-Methyl-1-phenyl-2-butanyl [(2S)-1-oxo-2-hexanyl]carbamate	19583	1.9198271e-11	7624	95.81500565539777	False
3-({4-[(6-CHLORO-1-BENZOTHIEN-2-YL)SULFONYL]-2-OXOPIPERAZIN-1-YL}METHYL)BENZENECARBOXIMIDAMIDE	16662	1.9175142e-11	7625	95.82757320598215	False
4-(Aminosulfonyl)-N-[(2,4-Difluorophenyl)Methyl]-Benzamide	16931	1.9065954e-11	7626	95.84014075656656	False
Methylphosphinate	17182	1.8952397e-11	7627	95.85270830715093	False
Cilansetron	16875	1.8918773e-11	7628	95.86527585773533	False
(S)-N-(4-carbamimidoylbenzyl)-1-(2-(cyclopentyloxy)ethanoyl)pyrrolidine-2-carboxamide	16129	1.8767177e-11	7629	95.87784340831972	False
M-(N,N,N-Trimethylammonio)-2,2,2-Trifluoro-1,1-Dihydroxyethylbenzene	17186	1.8752793e-11	7630	95.8904109589041	False
4-[(6-chloropyrazin-2-yl)amino]benzenesulfonamide	18532	1.859242e-11	7631	95.9029785094885	False
N-(2-Flouro-Benzyl)-4-Sulfamoyl-Benzamide	16897	1.859015e-11	7632	95.91554606007288	False
alpha-D-glucopyranosyl-2-carboxylic acid amide	18064	1.8589547e-11	7633	95.92811361065728	False
(5R,7R,8S,9S,10R)-7-(hydroxymethyl)-3-phenyl-1,6-dioxa-2-azaspiro[4.5]dec-2-ene-8,9,10-triol	18094	1.8514319e-11	7634	95.94068116124167	False
(1n)-4-N-Butoxyphenylsulfonyl-(2r)-N-Hydroxycarboxamido-(4s)-Methanesulfonylamino-Pyrrolidine	18618	1.8362601e-11	7635	95.95324871182606	False
N-(3,5-dibromo-4-hydroxyphenyl)-2,6-dimethylbenzamide	14090	1.8336492e-11	7636	95.96581626241046	False
Methylthioninium	17203	1.832506e-11	7637	95.97838381299485	False
Leuprolide	16572	1.8288256e-11	7638	95.99095136357924	False
TACRINE(8)-4-AMINOQUINOLINE	17192	1.8273612e-11	7639	96.00351891416364	False
2-Deoxy-Glucose-6-Phosphate	18062	1.8180025e-11	7640	96.01608646474801	False
Regramostim	14870	1.8148047e-11	7641	96.02865401533242	False
Alcaftadine	17251	1.8012624e-11	7642	96.0412215659168	False
5-(4-CHLORO-5-PHENYL-3-THIENYL)-1,2,5-THIADIAZOLIDIN-3-ONE 1,1-DIOXIDE	17475	1.794613e-11	7643	96.05378911650119	False
Diphemanil	16081	1.7932374e-11	7644	96.06635666708559	False
Bentazepam	20144	1.7859636e-11	7645	96.07892421766998	False
Cyclotheonamide A	19078	1.7836555e-11	7646	96.09149176825437	False
Mercuribenzoic Acid	16927	1.7828732e-11	7647	96.10405931883876	False
8,9,10-Trihydroxy-7-hydroxymethyl-2-thioxo-6-oxa-1,3-diaza-spiro[4.5]decan-4-one	18066	1.7801106e-11	7648	96.11662686942314	False
1-BENZYL-4-[(5,6-DIMETHOXY-1-INDANON-2-YL)METHYL]PIPERIDINE	17200	1.7796693e-11	7649	96.12919442000754	False
(2R)-2-{[4-(benzylamino)-8-(1-methylethyl)pyrazolo[1,5-a][1,3,5]triazin-2-yl]amino}butan-1-ol	18549	1.7733566e-11	7650	96.14176197059193	False
9-benzyl-2,3,4,9-tetrahydro-1H-carbazole-8-carboxylic acid	14569	1.7708182e-11	7651	96.15432952117632	False
N-((1R,2R)-2-(5-CHLORO-1H-INDOLE-2-CARBOXAMIDO)CYCLOHEXYL)-5-METHYL-4,5,6,7-TETRAHYDROTHIAZOLO[5,4-C]PYRIDINE-2-CARBOXAMIDE	16647	1.7706156e-11	7652	96.16689707176072	False
Gallamine triethiodide	16310	1.7648636e-11	7653	96.17946462234511	False
Butyrylthiocholine	14867	1.7569373e-11	7654	96.1920321729295	False
3-[(4'-cyanobiphenyl-4-yl)oxy]-N-hydroxypropanamide	18629	1.7298567e-11	7655	96.20459972351388	False
[1-(4-Fluorobenzyl)Cyclobutyl]Methyl (1s)-1-[Oxo(1h-Pyrazol-5-Ylamino)Acetyl]Pentylcarbamate	19572	1.7286662e-11	7656	96.21716727409829	False
3,8-Diamino-6-Phenyl-5-[6-[1-[2-[(1,2,3,4-Tetrahydro-9-Acridinyl)Amino]Ethyl]-1h-1,2,3-Triazol-4-Yl]Hexyl]-Phenanthridinium	17178	1.717872e-11	7657	96.22973482468267	False
Bethanechol	16068	1.7158679e-11	7658	96.24230237526706	False
4-TERT-BUTYLBENZENESULFONIC ACID	16148	1.7111616e-11	7659	96.25486992585145	False
(S)-2-CHLORO-N-(1-(2-(2-HYDROXYETHYLAMINO)-2-OXOETHYL)-2-OXO-1,2,3,4-TETRAHYDROQUINOLIN-3-YL)-6H-THIENO[2,3-B]PYRROLE-5-CARBOXAMIDE	18090	1.700999e-11	7660	96.26743747643584	False
3,8-Diamino-6-Phenyl-5-[6-[1-[2-[(1,2,3,4-Tetrahydro-9-Acridinyl)Amino]Ethyl]-1h-1,2,3-Triazol-5-Yl]Hexyl]-Phenanthridinium	17183	1.6928944e-11	7661	96.28000502702024	False
DODECANESULFONATE ION	19212	1.6826318e-11	7662	96.29257257760463	False
Naluzotan	16861	1.6725206e-11	7663	96.30514012818901	False
2-Amino-3-Methyl-1-Pyrrolidin-1-Yl-Butan-1-One	17896	1.6652568e-11	7664	96.31770767877342	False
AL6528	16933	1.6429077e-11	7665	96.3302752293578	False
(3R)-METHYLCARBAMOYL-7-SULFOAMINO-3,4-DIHYDRO-1H-ISOQUINOLINE-2-CARBOXYLIC ACID BENZYL ESTER	17489	1.6317525e-11	7666	96.34284277994219	False
3-Nitro-4-(2-Oxo-Pyrrolidin-1-Yl)-Benzenesulfonamide	16934	1.6267092e-11	7667	96.35541033052658	False
Cyproheptadine	15877	1.610452e-11	7668	96.36797788111096	False
Tyrothricin	17207	1.6042593e-11	7669	96.38054543169537	False
3-Chloro-9-Ethyl-6,7,8,9,10,11-Hexahydro-7,11-Methanocycloocta[B]Quinolin-12-Amine	17188	1.602938e-11	7670	96.39311298227975	False
1-N-(4-SULFAMOYLPHENYL-ETHYL)-2,4,6-TRIMETHYLPYRIDINIUM	16938	1.5979317e-11	7671	96.40568053286415	False
Diethylene glycol diethyl ether	17204	1.5914712e-11	7672	96.41824808344853	False
N-[(2R)-5-(aminosulfonyl)-2,3-dihydro-1H-inden-2-yl]-2-propylpentanamide	16941	1.5805326e-11	7673	96.43081563403292	False
4-(Aminosulfonyl)-N-[(4-Fluorophenyl)Methyl]-Benzamide	16902	1.5752719e-11	7674	96.44338318461732	False
2-DEOXY-3,4-BIS-O-[3-(4-HYDROXYPHENYL)PROPANOYL]-L-THREO-PENTARIC ACID	18095	1.565349e-11	7675	96.45595073520171	False
PHENYLALANYLAMINODI(ETHYLOXY)ETHYL BENZENESULFONAMIDEAMINOCARBONYLBENZENESULFONAMIDE	16948	1.5582473e-11	7676	96.4685182857861	False
2-(cycloheptylmethyl)-1,1-dioxido-1-benzothiophen-6-yl sulfamate	16940	1.5577362e-11	7677	96.4810858363705	False
Cycrimine	16315	1.5562395e-11	7678	96.49365338695488	False
Methylphosphinic Acid	14863	1.550051e-11	7679	96.50622093753928	False
6-(2-HYDROXY-CYCLOPENTYL)-7-OXO-HEPTANAMIDINE	16112	1.5483993e-11	7680	96.51878848812366	False
1,2,4-Triazole	16920	1.5473837e-11	7681	96.53135603870805	False
4-(Aminosulfonyl)-N-[(2,3,4-Trifluorophenyl)Methyl]-Benzamide	16935	1.5351222e-11	7682	96.54392358929245	False
Huperzine A	17195	1.531005e-11	7683	96.55649113987684	False
2-({4-[(5-CHLORO-1H-INDOL-2-YL)SULFONYL]PIPERAZIN-1-YL}CARBONYL)THIENO[3,2-B]PYRIDINE 4-OXIDE	16645	1.511256e-11	7684	96.56905869046123	False
Carphenazine	16013	1.5078902e-11	7685	96.58162624104561	False
1-{7-cyclohexyl-6-[4-(4-methylpiperazin-1-yl)benzyl]-7H-pyrrolo[2,3-d]pyrimidin-2-yl}methanamine	19582	1.5035908e-11	7686	96.59419379163	False
Butriptyline	17257	1.4957676e-11	7687	96.6067613422144	False
6-(4-{(1S,2S)-2-AMINO-1-[(DIMETHYLAMINO)CARBONYL]-3-[(3S)-3-FLUOROPYRROLIDIN-1-YL]-3-OXOPROPYL}PHENYL)-1H-[1,2,4]TRIAZOLO[1,5-A]PYRIDIN-4-IUM	17939	1.488621e-11	7688	96.61932889279879	False
N-(2-METHOXYETHYL)-4-({4-[2-METHYL-1-(1-METHYLETHYL)-1H-IMIDAZOL-5-YL]PYRIMIDIN-2-YL}AMINO)BENZENESULFONAMIDE	18518	1.4857362e-11	7689	96.63189644338318	False
3-Mercuri-4-Aminobenzenesulfonamide	16932	1.4855379e-11	7690	96.64446399396758	False
Fenoxaprop-ethyl	15931	1.4845633e-11	7691	96.65703154455197	False
1-Methyl-3-Oxo-1,3-Dihydro-Benzo[C]Isothiazole-5-Sulfonic Acid Amide	16916	1.4764055e-11	7692	96.66959909513636	False
Sulthiame	16955	1.4762871e-11	7693	96.68216664572074	False
N-[2-(4-AMINO-5,8-DIFLUORO-1,2-DIHYDROQUINAZOLIN-2-YL)ETHYL]-3-FURAMIDE	15942	1.4746296e-11	7694	96.69473419630515	False
3-[4-(AMINOSULFONYL)PHENYL]PROPANOIC ACID	16798	1.4727688e-11	7695	96.70730174688953	False
1-methyl-8-(phenylamino)-4,5-dihydro-1H-pyrazolo[4,3-h]quinazoline-3-carboxylic acid	18552	1.4552498e-11	7696	96.71986929747392	False
Propiomazine	17234	1.4534382e-11	7697	96.73243684805831	False
4-Sulfonamide-[1-(4-Aminobutane)]Benzamide	16923	1.445275e-11	7698	96.7450043986427	False
N-(2,6-Diflouro-Benzyl)-4-Sulfamoyl-Benzamide	16924	1.4447624e-11	7699	96.7575719492271	False
4-({[(4-METHYLPIPERAZIN-1-YL)AMINO]CARBONOTHIOYL}AMINO)BENZENESULFONAMIDE	16953	1.4421082e-11	7700	96.77013949981149	False
(4-sulfamoyl-phenyl)-thiocarbamic acid O-(2-thiophen-3-yl-ethyl) ester	16917	1.4359711e-11	7701	96.78270705039587	False
CRA_17693	19035	1.4332813e-11	7702	96.79527460098028	False
4-[(4-O-SULFAMOYLBENZYL)(4-CYANOPHENYL)AMINO]-4H-[1,2,4]-TRIAZOLE	16937	1.4231557e-11	7703	96.80784215156466	False
N-(2-Thienylmethyl)-2,5-Thiophenedisulfonamide	16911	1.4199835e-11	7704	96.82040970214905	False
N-[2-(1h-Indol-5-Yl)-Butyl]-4-Sulfamoyl-Benzamide	16921	1.4123824e-11	7705	96.83297725273344	False
N1,N14-Bis((S-Methyl)Isothioureido)Tetradecane	16765	1.4093039e-11	7706	96.84554480331784	False
1-[[(1E)-2-(4-CHLOROPHENYL)ETHENYL]SULFONYL]-4-[[1-(4-PYRIDINYL)-4-PIPERIDINYL]METHYL]PIPERAZINE	16666	1.4092153e-11	7707	96.85811235390223	False
3-FLUORO-5-MORPHOLIN-4-YL-N-[3-(2-PYRIDIN-4-YLETHYL)-1H-INDOL-5-YL]BENZAMIDE	18349	1.4026774e-11	7708	96.87067990448661	False
Compound 18	16368	1.4013162e-11	7709	96.88324745507101	False
N-[2-(carbamimidamidooxy)ethyl]-2-{6-cyano-3-[(2,2-difluoro-2-pyridin-2-ylethyl)amino]-2-fluorophenyl}acetamide	16162	1.3949268e-11	7710	96.8958150056554	False
(4s-Trans)-4-(Methylamino)-5,6-Dihydro-6-Methyl-4h-Thieno(2,3-B)Thiopyran-2-Sulfonamide-7,7-Dioxide	16929	1.3899657e-11	7711	96.90838255623979	False
Pardoprunox	16865	1.372104e-11	7712	96.92095010682418	False
THIOPHENE-2,5-DISULFONIC ACID 2-AMIDE-5-(4-METHYL-BENZYLAMIDE)	16943	1.3622861e-11	7713	96.93351765740857	False
Propidium	17177	1.3598043e-11	7714	96.94608520799297	False
{[7-(Difluoro-Phosphono-Methyl)-Naphthalen-2-Yl]-Difluoro-Methyl}-Phosphonic Acid	17456	1.3580883e-11	7715	96.95865275857736	False
4-BROMO-3-(CARBOXYMETHOXY)-5-PHENYLTHIOPHENE-2-CARBOXYLIC ACID	17474	1.3560589e-11	7716	96.97122030916174	False
AL5300	16930	1.353222e-11	7717	96.98378785974614	False
N-{3-METHYL-5-[2-(PYRIDIN-4-YLAMINO)-ETHOXY]-PHENYL}-BENZENESULFONAMIDE	16169	1.3483835e-11	7718	96.99635541033052	False
Sulfamic Acid 2,3-O-(1-Methylethylidene)-4,5-O-Sulfonyl-Beta-Fructopyranose Ester	16910	1.3449314e-11	7719	97.00892296091493	False
N-(Bromoacetyl)-beta-alanyl-N-(2-{4-[(carboxycarbonyl)amino]phenyl}ethyl)-L-serinamide	17452	1.3333863e-11	7720	97.02149051149931	False
Robalzotan	16864	1.33076935e-11	7721	97.03405806208369	False
(R)-N-(3-Indol-1-Yl-2-Methyl-Propyl)-4-Sulfamoyl-Benzamide	16903	1.3264663e-11	7722	97.0466256126681	False
PNU177836	17454	1.3220487e-11	7723	97.05919316325247	False
1-Benzyl-3-(4-Methoxy-Benzenesulfonyl)-6-Oxo-Hexahydro-Pyrimidine-4-Carboxylic Acid Hydroxyamide	18621	1.3130495e-11	7724	97.07176071383688	False
p-Hydroxymercuribenzoic acid	16893	1.312992e-11	7725	97.08432826442126	False
Methscopolamine bromide	16058	1.2989506e-11	7726	97.09689581500565	False
4-[(3R)-3-Amino-4-(2,4,5-trifluorophenyl)butanoyl]-3-(2,2,2-trifluoroethyl)-1,4-diazepan-2-one	17922	1.2973808e-11	7727	97.10946336559005	False
(3R,4S)-1-{6-[3-(METHYLSULFONYL)PHENYL]PYRIMIDIN-4-YL}-4-(2,4,5-TRIFLUOROPHENYL)PYRROLIDIN-3-AMINE	17928	1.2964755e-11	7728	97.12203091617444	False
2-chloro-5-[(1S)-1-hydroxy-3-oxo-2H-isoindol-1-yl]benzenesulfonamide	16950	1.2946864e-11	7729	97.13459846675883	False
Ketanserin	17278	1.28914214e-11	7730	97.14716601734322	False
N-[(2R,3S)-3-AMINO-2-HYDROXY-4-PHENYLBUTYL]-4-METHOXY-2,3,6-TRIMETHYLBENZENESULFONAMIDE	16154	1.2802034e-11	7731	97.1597335679276	False
Dansylamide	16909	1.2748038e-11	7732	97.17230111851201	False
4-({4-[(6-CHLORO-1-BENZOTHIEN-2-YL)SULFONYL]-2-OXOPIPERAZIN-1-YL}METHYL)BENZENECARBOXIMIDAMIDE	16664	1.2730494e-11	7733	97.18486866909639	False
(S)-2-[(R)-3-amino-4-(2-fluorophenyl)butyryl]-1,2,3,4-tetrahydroisoquinoline-3-carboxamide	17902	1.2664668e-11	7734	97.19743621968078	False
AL5424	16896	1.2651583e-11	7735	97.21000377026517	False
N-[4-(AMINOSULFONYL)PHENYL]-2-MERCAPTOBENZAMIDE	16945	1.2606682e-11	7736	97.22257132084957	False
2-(1,3-thiazol-4-yl)-1H-benzimidazole-5-sulfonamide	16951	1.2561989e-11	7737	97.23513887143396	False
AC-(D)PHE-PRO-BOROHOMOLYS-OH	16160	1.2515688e-11	7738	97.24770642201835	False
N-(2-AMINOETHYL)-P-CHLOROBENZAMIDE	19228	1.25032805e-11	7739	97.26027397260275	False
(3S)-3-cyclopentyl-6-methyl-7-[(4-methylpiperazin-1-yl)sulfonyl]-3,4-dihydro-2H-1,2,4-benzothiadiazine 1,1-dioxide	17825	1.2477099e-11	7740	97.27284152318713	False
Lysophosphotidylserine	16097	1.2452492e-11	7741	97.28540907377152	False
(S)-DES-ME-AMPA	17811	1.243711e-11	7742	97.29797662435591	False
Proflavine	16087	1.2347294e-11	7743	97.3105441749403	False
Dutogliptin	17944	1.22939965e-11	7744	97.3231117255247	False
methyl L-phenylalaninate	16105	1.2275954e-11	7745	97.33567927610909	False
7-[(3-CHLOROBENZYL)OXY]-2-OXO-2H-CHROMENE-4-CARBALDEHYDE	19226	1.2228933e-11	7746	97.34824682669347	False
(17beta)-17-(cyanomethyl)-2-methoxyestra-1(10),2,4-trien-3-yl sulfamate	16946	1.2132796e-11	7747	97.36081437727788	False
Aceprometazine	17244	1.2032548e-11	7748	97.37338192786225	False
N-(2,3-DIFLUORO-BENZYL)-4-SULFAMOYL-BENZAMIDE	16949	1.19661295e-11	7749	97.38594947844665	False
1-butanoyl-N-(4-carbamimidoylbenzyl)-L-prolinamide	16120	1.18931115e-11	7750	97.39851702903104	False
4-(1H-IMIDAZOL-1-YL)PHENOL	15946	1.1884903e-11	7751	97.41108457961543	False
Propyl Gallate	16416	1.1865945e-11	7752	97.42365213019983	False
(S)-N-(3-Indol-1-Yl-2-Methyl-Propyl)-4-Sulfamoyl-Benzamide	16926	1.1860785e-11	7753	97.43621968078422	False
4-BROMO-3-(CARBOXYMETHOXY)-5-[3-(CYCLOHEXYLAMINO)PHENYL]THIOPHENE-2-CARBOXYLIC ACID	17472	1.1835205e-11	7754	97.44878723136861	False
3-cyclohexyl-D-alanyl-N-(3-chlorobenzyl)-L-prolinamide	16139	1.1793943e-11	7755	97.461354781953	False
Trodusquemine	17314	1.1770863e-11	7756	97.47392233253738	False
2-Amino-3-(3-Hydroxy-7,8-Dihydro-6h-Cyclohepta[D]-4-Isoxazolyl)Propionic Acid	17821	1.1726629e-11	7757	97.48648988312178	False
indane-5-sulfonamide	16952	1.1674072e-11	7758	97.49905743370617	False
(9BETA,13ALPHA,14BETA,17ALPHA)-2-METHOXYESTRA-1,3,5(10)-TRIENE-3,17-DIYL DISULFAMATE	16956	1.1468514e-11	7759	97.51162498429056	False
METHYL N-[(2',4'-DIFLUORO-4-HYDROXY-5-IODOBIPHENYL-3-YL)CARBONYL]-BETA-ALANINATE	14095	1.146556e-11	7760	97.52419253487496	False
2-(Oxalyl-Amino)-4,7-Dihydro-5h-Thieno[2,3-C]Thiopyran-3-Carboxylic Acid	17444	1.1385104e-11	7761	97.53676008545933	False
N-(3-chlorobenzyl)-1-(4-methylpentanoyl)-L-prolinamide	16115	1.1383367e-11	7762	97.54932763604374	False
[[CYCLOHEXANESULFONYL-GLYCYL]-3[PYRIDIN-4-YL-AMINOMETHYL]ALANYL]PIPERIDINE	16168	1.1254997e-11	7763	97.56189518662812	False
BL-1020	17271	1.1170946e-11	7764	97.57446273721251	False
2,6-Difluorobenzenesulfonamide	16915	1.1134401e-11	7765	97.5870302877969	False
1-[4-(AMINOMETHYL)BENZOYL]-5'-FLUORO-1'H-SPIRO[PIPERIDINE-4,2'-QUINAZOLIN]-4'-AMINE	15947	1.1073574e-11	7766	97.5995978383813	False
N-Benzyl-4-Sulfamoyl-Benzamide	16894	1.1047163e-11	7767	97.61216538896569	False
5-{[(4-AMINO-3-CHLORO-5-FLUOROPHENYL)SULFONYL]AMINO}-1,3,4-THIADIAZOLE-2-SULFONAMIDE	16939	1.1022138e-11	7768	97.62473293955009	False
CRA_10991	19037	1.0956636e-11	7769	97.63730049013446	False
N-ETHYL-N-ISOPROPYL-3-METHYL-5-{[(2S)-2-(PYRIDIN-4-YLAMINO)PROPYL]OXY}BENZAMIDE	16143	1.0906346e-11	7770	97.64986804071887	False
Flovagatran	16103	1.0905846e-11	7771	97.66243559130325	False
4-(2,5-DIAMINO-5-HYDROXY-PENTYL)-PHENOL	16144	1.0893061e-11	7772	97.67500314188766	False
4-(5-BENZENESULFONYLAMINO-1-METHYL-1H-BENZOIMIDAZOL-2-YLMETHYL)-BENZAMIDINE	16150	1.0858606e-11	7773	97.68757069247204	False
2-[3-chloro-6-[2,2-difluoro-2-(1-oxidopyridin-1-ium-2-yl)ethyl]imino-1-hydroxypyridin-2-yl]-N-[(1R)-1-(3-chlorophenyl)ethyl]acetamide	16100	1.0833244e-11	7774	97.70013824305643	False
(3Z,6S)-6-Chloro-1-(2-{[(5-chloro-1-benzothiophen-3-yl)methyl]amino}ethyl)-3-({2-[(2R)-2-piperidinyl]ethyl}imino)-2-piperazinol	16152	1.0823516e-11	7775	97.71270579364082	False
N-Methylphenylalanyl-N-[(trans-4-aminocyclohexyl)methyl]-L-prolinamide	16174	1.0783437e-11	7776	97.7252733442252	False
Tert-Butyl(1s)-1-Cyclohexyl-2-Oxoethylcarbamate	19579	1.0775768e-11	7777	97.73784089480961	False
N-{2,2-DIFLUORO-2-[(2R)-PIPERIDIN-2-YL]ETHYL}-2-[2-(1H-1,2,4-TRIAZOL-1-YL)BENZYL][1,3]OXAZOLO[4,5-C]PYRIDIN-4-AMINE	16098	1.0637721e-11	7778	97.75040844539399	False
Nelotanserin	17279	1.0607086e-11	7779	97.76297599597838	False
[(2R)-1-[(2S)-2-[[(2S,3S)-1-Chloro-6-(diaminomethylideneamino)-2-hydroxyhexan-3-yl]carbamoyl]pyrrolidin-1-yl]-1-oxo-3-phenylpropan-2-yl]azanium	16106	1.0595338e-11	7780	97.77554354656277	False
Tridihexethyl	16059	1.0548758e-11	7781	97.78811109714717	False
2-(6-CHLORO-3-{[2,2-DIFLUORO-2-(2-PYRIDINYL)ETHYL]AMINO}-2-OXO-1(2H)-PYRAZINYL)-N-[(2-FLUORO-6-PYRIDINYL)METHYL]ACETAMIDE	16155	1.0501702e-11	7782	97.80067864773156	False
Al-6619, [2h-Thieno[3,2-E]-1,2-Thiazine-6-Sulfonamide,2-(3-Hydroxyphenyl)-3-(4-Morpholinyl)-, 1,1-Dioxide]	16914	1.048481e-11	7783	97.81324619831595	False
1-biphenyl-2-ylmethanamine	17925	1.047126e-11	7784	97.82581374890033	False
7-{2,6-DICHLORO-4-[3-(2-CHLORO-BENZOYL)-UREIDO]-PHENOXY}-HEPTANOIC ACID	18084	1.0443416e-11	7785	97.83838129948474	False
1-(2-{[(6-amino-2-methylpyridin-3-yl)methyl]amino}ethyl)-6-chloro-3-[(2,2-difluoro-2-pyridin-2-ylethyl)amino]-1,4-dihydropyrazin-2-ol	16151	1.0432346e-11	7786	97.85094885006912	False
6-CARBAMIMIDOYL-2-[2-HYDROXY-6-(4-HYDROXY-PHENYL)-INDAN-1-YL]-HEXANOIC ACID	16113	1.0361254e-11	7787	97.86351640065351	False
ISOTHIAZOLIDINONE ANALOG	17486	1.03451215e-11	7788	97.8760839512379	False
Iobenguane sulfate I-123	20221	1.02926495e-11	7789	97.8886515018223	False
1-GUANIDINO-4-(N-NITRO-BENZOYLAMINO-L-LEUCYL-L-PROLYLAMINO)BUTANE	16101	1.0289077e-11	7790	97.90121905240669	False
4-{[(2,6-difluorophenyl)carbonyl]amino}-N-[(3S)-piperidin-3-yl]-1H-pyrazole-3-carboxamide	18539	1.0194511e-11	7791	97.91378660299108	False
N-[2-({[amino(imino)methyl]amino}oxy)ethyl]-2-{6-chloro-3-[(2,2-difluoro-2-phenylethyl)amino]-2-fluorophenyl}acetamide	16170	1.0173591e-11	7792	97.92635415357547	False
6-CHLORO-3-(DICHLOROMETHYL)-3,4-DIHYDRO-2H-1,2,4-BENZOTHIADIAZINE-7-SULFONAMIDE 1,1-DIOXIDE	16958	1.0122318e-11	7793	97.93892170415987	False
N-ALLYL-5-AMIDINOAMINOOXY-PROPYLOXY-3-CHLORO-N-CYCLOPENTYLBENZAMIDE	16111	1.0060782e-11	7794	97.95148925474425	False
4-(2-AMINOETHYL)BENZENESULFONAMIDE	16961	1.004094e-11	7795	97.96405680532864	False
TRANS-4-(GUANIDINOMETHYL)-CYCLOHEXANE-L-YL-D-3-CYCLOHEXYLALANYL-L-AZETIDINE-2-YL-D-TYROSINYL-L-HOMOARGININAMIDE	16099	1.0013457e-11	7796	97.97662435591303	False
Lysine Nz-Carboxylic Acid	18464	9.8924185e-12	7797	97.98919190649742	False
YKP-1358	17272	9.846806e-12	7798	98.00175945708182	False
(2S,3S)-3-{3-[2-chloro-4-(methylsulfonyl)phenyl]-1,2,4-oxadiazol-5-yl}-1-cyclopentylidene-4-cyclopropyl-1-fluorobutan-2-amine	17910	9.804602e-12	7799	98.0143270076662	False
Monoisopropylphosphorylserine	17176	9.7896335e-12	7800	98.0268945582506	False
(1S,2R,5S)-5-[3-(TRIFLUOROMETHYL)-5,6-DIHYDRO[1,2,4]TRIAZOLO[4,3-A]PYRAZIN-7(8H)-YL]-2-(2,4,5-TRIFLUOROPHENYL)CYCLOHEXANAMINE	17914	9.7458335e-12	7801	98.03946210883498	False
3-(4-CHLOROPHENYL)-5-(METHYLTHIO)-4H-1,2,4-TRIAZOLE	16172	9.7103384e-12	7802	98.05202965941938	False
N-(4-carbamimidoylbenzyl)-1-(3-phenylpropanoyl)-L-prolinamide	16122	9.655615e-12	7803	98.06459721000377	False
3,5-Difluorobenzenesulfonamide	16898	9.578775e-12	7804	98.07716476058816	False
3-(7-DIAMINOMETHYL-NAPHTHALEN-2-YL)-PROPIONIC ACID ETHYL ESTER	16158	9.40367e-12	7805	98.08973231117255	False
4-Sulfonamide-[4-(Thiomethylaminobutane)]Benzamide	16928	9.376821e-12	7806	98.10229986175695	False
D-phenylalanyl-N-benzyl-L-prolinamide	16137	9.347892e-12	7807	98.11486741234134	False
D-phenylalanyl-N-(3-methylbenzyl)-L-prolinamide	16136	9.265492e-12	7808	98.12743496292573	False
(3R)-8-(dioxidosulfanyl)-3-methyl-1,2,3,4-tetrahydroquinoline	16126	9.253095e-12	7809	98.14000251351011	False
D-phenylalanyl-N-(3-fluorobenzyl)-L-prolinamide	16127	9.251294e-12	7810	98.15257006409452	False
Anisotropine methylbromide	16060	9.103177e-12	7811	98.1651376146789	False
3-({2-[(4-{[6-(CYCLOHEXYLMETHOXY)-9H-PURIN-2-YL]AMINO}PHENYL)SULFONYL]ETHYL}AMINO)PROPAN-1-OL	18550	9.040161e-12	7812	98.17770516526329	False
AL7099A	16913	8.967808e-12	7813	98.19027271584768	False
1-[4-(AMINOSULFONYL)PHENYL]-1,6-DIHYDROPYRAZOLO[3,4-E]INDAZOLE-3-CARBOXAMIDE	18555	8.948995e-12	7814	98.20284026643206	False
FG-9041	17818	8.931687e-12	7815	98.21540781701647	False
D-phenylalanyl-N-{4-[amino(iminio)methyl]benzyl}-L-prolinamide	16125	8.928332e-12	7816	98.22797536760085	False
Aminomethylcyclohexane	19050	8.921251e-12	7817	98.24054291818524	False
D-leucyl-N-(4-carbamimidoylbenzyl)-L-prolinamide	16124	8.909075e-12	7818	98.25311046876963	False
1-ETHOXYCARBONYL-D-PHE-PRO-2(4-AMINOBUTYL)HYDRAZINE	16147	8.906833e-12	7819	98.26567801935403	False
N,N'-[biphenyl-4,4'-diyldi(2R)propane-2,1-diyl]dimethanesulfonamide	17823	8.897664e-12	7820	98.27824556993842	False
2-[2-(4-Chloro-Phenylsulfanyl)-Acetylamino]-3-(4-Guanidino-Phenyl)-Propionamide	16132	8.8428475e-12	7821	98.29081312052281	False
2-O-(4'-AMIDINOPHENYL)-5-O-(3''-AMIDINOPHENYL)-1,4:3,6-DIANHYDRO-D-SORBITOL	19092	8.821503e-12	7822	98.30338067110719	False
2-CHLORO-N-[(3R)-2-OXO-1,2,3,4-TETRAHYDROQUINOLIN-3-YL]-6H-THIENO[2,3-B]PYRROLE-5-CARBOXAMIDE	18089	8.808389e-12	7823	98.3159482216916	False
4-(4-propoxy-1H-pyrrolo[2,3-b]pyridin-3-yl)pyrimidin-2-amine	18542	8.75287e-12	7824	98.32851577227598	False
1-(HYDROXYMETHYLENEAMINO)-8-HYDROXY-OCTANE	16167	8.710053e-12	7825	98.34108332286038	False
Chlordiazepoxide	20129	8.652497e-12	7826	98.35365087344476	False
Dimetindene	17254	8.570193e-12	7827	98.36621842402916	False
2-(2-METHYLPHENYL)-1H-INDOLE-5-CARBOXIMIDAMIDE	19102	8.562922e-12	7828	98.37878597461355	False
Bis(5-Amidino-2-Benzimidazolyl)Methane Ketone	19061	8.543427e-12	7829	98.39135352519794	False
Vildagliptin	17903	8.520157e-12	7830	98.40392107578234	False
3-Carbamimidamido-1,1-diphenylurea	16133	8.51551e-12	7831	98.41648862636671	False
CRA_1801	19058	8.467762e-12	7832	98.42905617695111	False
6-CARBAMIMIDOYL-2-[2-HYDROXY-5-(3-METHOXY-PHENYL)-INDAN-1-YL]-HEXANOIC ACID	16114	8.465631e-12	7833	98.4416237275355	False
(2S,3S)-3-{3-[4-(METHYLSULFONYL)PHENYL]-1,2,4-OXADIAZOL-5-YL}-1-OXO-1-PYRROLIDIN-1-YLBUTAN-2-AMINE	17913	8.419833e-12	7834	98.4541912781199	False
3-(4-{2-[2-(2-bromo-acetylamino)-ethyldisulfanyl]-ethylcarbamoyl}-cyclohexylcarbamoyl)-pyrazine-2-carboxylic acid	17448	8.416574e-12	7835	98.46675882870429	False
4-(1R,3AS,4R,8AS,8BR)-[1-DIFLUOROMETHYL-2-(4-FLUOROBENZYL)-3-OXODECAHYDROPYRROLO[3,4-A]PYRROLIZIN-4-YL]BENZAMIDINE	16164	8.320914e-12	7836	98.47932637928868	False
XEN2174	17311	8.231725e-12	7837	98.49189392987306	False
5-(2-chlorophenyl)-1,3,4-thiadiazole-2-sulfonamide	16947	8.1020485e-12	7838	98.50446148045746	False
Variolin B	18568	8.081259e-12	7839	98.51702903104184	False
2-(6-CHLORO-3-{[2,2-DIFLUORO-2-(2-PYRIDINYL)ETHYL]AMINO}-2-OXO-1(2H)-PYRAZINYL)-N-[(2-FLUORO-3-METHYL-6-PYRIDINYL)METHYL]ACETAMIDE	16156	8.07773e-12	7840	98.52959658162625	False
Amperozide	17274	8.056958e-12	7841	98.54216413221063	False
AC-(D)Phe-pro-borolys-OH	16159	8.011965e-12	7842	98.55473168279502	False
1-(5-OXO-2,3,5,9B-TETRAHYDRO-1H-PYRROLO[2,1-A]ISOINDOL-9-YL)-3-(5-PYRROLIDIN-2-YL-1H-PYRAZOL-3-YL)-UREA	18478	7.96098e-12	7843	98.56729923337942	False
4-(1,3-BENZOXAZOL-2-YL)-2,6-DIMETHYLPHENOL	14102	7.9546205e-12	7844	98.57986678396381	False
1-GUANIDINO-4-(N-PHENYLMETHANESULFONYL-L-LEUCYL-L-PROLYLAMINO)BUTANE	16102	7.932016e-12	7845	98.5924343345482	False
3',5'-DIFLUOROBIPHENYL-4-CARBOXYLIC ACID	14093	7.896497e-12	7846	98.6050018851326	False
2-[N'-(4-AMINO-BUTYL)-HYDRAZINOCARBONYL]-PYRROLIDINE-1-CARBOXYLIC ACID BENZYL ESTER	16145	7.866806e-12	7847	98.61756943571697	False
1-[(2R)-2-aminobutanoyl]-N-(4-carbamimidoylbenzyl)-L-prolinamide	16123	7.842297e-12	7848	98.63013698630137	False
5-[(2-AMINOETHYL)AMINO]-6-FLUORO-3-(1H-PYRROL-2-YL)BENZO[CD]INDOL-2(1H)-ONE	18485	7.7448725e-12	7849	98.64270453688576	False
CRA_1802	19056	7.727092e-12	7850	98.65527208747015	False
3-cyclopropyl-5-phenyl-N-(pyridin-3-ylmethyl)pyrazolo[1,5-a]pyrimidin-7-amine	18564	7.636953e-12	7851	98.66783963805455	False
N-beta-D-glucopyranosylacetamide	18057	7.573504e-12	7852	98.68040718863892	False
AL7182	16905	7.555253e-12	7853	98.69297473922333	False
1-[2-AMINO-2-CYCLOHEXYL-ACETYL]-PYRROLIDINE-3-CARBOXYLIC ACID 5-CHLORO-2-(2-ETHYLCARBAMOYL-ETHOXY)-BENZYLAMIDE	16116	7.472461e-12	7854	98.70554228980771	False
3,5-dibromobiphenyl-4-ol	14099	7.374481e-12	7855	98.71810984039212	False
Dexbrompheniramine	17231	7.353161e-12	7856	98.7306773909765	False
N-(TRANS-4-{(1S,2S)-2-AMINO-3-[(3S)-3-FLUOROPYRROLIDIN-1-YL]-1-METHYL-3-OXOPROPYL}CYCLOHEXYL)-N-METHYLACETAMIDE	17908	7.320052e-12	7857	98.74324494156089	False
2-(6-CHLORO-3-{[2,2-DIFLUORO-2-(1-OXIDO-2-PYRIDINYL)ETHYL]AMINO}-2-OXO-1(2H)-PYRAZINYL)-N-[(2-FLUOROPHENYL)METHYL]ACETAMIDE	16157	7.30067e-12	7858	98.75581249214528	False
Bedoradrine	17563	7.288983e-12	7859	98.76838004272967	False
2-[{4-[(2S)-2-{[(Allyloxy)carbonyl]amino}-3-({4-[3-hydroxy-2-(methoxycarbonyl)phenoxy]butyl}amino)-3-oxopropyl]phenyl}(carboxycarbonyl)amino]benzoic acid	17465	7.275773e-12	7860	98.78094759331407	False
2-(Beta-D-Glucopyranosyl)-5-Methyl-1,3,4-Benzothiazole	18070	7.2079946e-12	7861	98.79351514389846	False
{[(2,6-difluorophenyl)carbonyl]amino}-N-(4-fluorophenyl)-1H-pyrazole-3-carboxamide	18536	7.1440206e-12	7862	98.80608269448284	False
alpha-D-glucose-1-phosphate	18065	7.109928e-12	7863	98.81865024506725	False
Alizapride	17703	7.0836145e-12	7864	98.83121779565163	False
2-(2-Hydroxy-Phenyl)-1h-Indole-5-Carboxamidine	19051	7.045992e-12	7865	98.84378534623602	False
1-Deoxy-1-acetylamino-beta-D-gluco-2-heptulopyranosonamide	18083	7.0227275e-12	7866	98.85635289682041	False
Dimetacrine	17206	6.9991114e-12	7867	98.86892044740479	False
N-({(2S)-1-[(3R)-3-AMINO-4-(2-FLUOROPHENYL)BUTANOYL]PYRROLIDIN-2-YL}METHYL)BENZAMIDE	17929	6.9780774e-12	7868	98.8814879979892	False
Mechlorethamine	14849	6.9101717e-12	7869	98.89405554857358	False
(4R,5R)-5-AMINO-1-[2-(1,3-BENZODIOXOL-5-YL)ETHYL]-4-(2,4,5-TRIFLUOROPHENYL)PIPERIDIN-2-ONE	17930	6.895886e-12	7870	98.90662309915797	False
Rivastigmine	17174	6.884045e-12	7871	98.91919064974236	False
Dipyrithione	15948	6.8589075e-12	7872	98.93175820032675	False
5-{3-[3-(2,4-DICHLORO-BENZOYL)-UREIDO]-2-METHYL-PHENOXY}-PENTANOIC ACID	18087	6.716078e-12	7873	98.94432575091115	False
N-Alpha-(2-Naphthylsulfonyl)-N(3-Amidino-L-Phenylalaninyl)-4-Acetyl-Piperazine	19074	6.683441e-12	7874	98.95689330149554	False
Sumanirole	17107	6.6737982e-12	7875	98.96946085207993	False
4-{[1-Methyl-5-(2-Methyl-Benzoimidazol-1-Ylmethyl)-1h-Benzoimidazol-2-Ylmethyl]-Amino}-Benzamidine	19048	6.628926e-12	7876	98.98202840266433	False
JNJ-37822681	17708	6.515036e-12	7877	98.9945959532487	False
D-leucyl-N-(3-chlorobenzyl)-L-prolinamide	16118	6.3187337e-12	7878	99.00716350383311	False
Chlorcyclizine	17256	6.2381302e-12	7879	99.01973105441749	False
4-[3-(4-CHLOROPHENYL)-1H-PYRAZOL-5-YL]PIPERIDINE	16171	6.2219574e-12	7880	99.03229860500188	False
4-{4-[3-(2,4-DICHLORO-BENZOYL)-UREIDO]-2,3-DIMETHYL-PHENOXY}-BUTYRIC ACID	18086	6.134872e-12	7881	99.04486615558628	False
(5R)-5-{[(2-Amino-3H-purin-6-yl)oxy]methyl}-2-pyrrolidinone	18453	6.099287e-12	7882	99.05743370617067	False
(2S)-N-[(3S)-1-(2-AMINO-2-OXOETHYL)-2-OXO-1,2,3,4-TETRAHYDROQUINOLIN-3-YL]-2-CHLORO-2H-THIENO[2,3-B]PYRROLE-5-CARBOXAMIDE	18091	6.0876417e-12	7883	99.07000125675506	False
{(2S)-1-[N-(tert-butoxycarbonyl)glycyl]pyrrolidin-2-yl}methyl (3-chlorophenyl)acetate	16173	5.950865e-12	7884	99.08256880733946	False
Beta-D-Glucopyranose Spirohydantoin	18055	5.9297905e-12	7885	99.09513635792383	False
4-[(4-Imidazo[1,2-a]Pyridin-3-Ylpyrimidin-2-Yl)Amino]Benzenesulfonamide	18446	5.9042393e-12	7886	99.10770390850823	False
2,5-bis-O-{3-[amino(imino)methyl]phenyl}-1,4:3,6-dianhydro-D-glucitol	19091	5.7836284e-12	7887	99.12027145909262	False
CRA_9678	19090	5.7660816e-12	7888	99.13283900967701	False
4-Bromo-2,5-dimethoxyphenethylamine	17267	5.7101663e-12	7889	99.1454065602614	False
4-(2,5-Dichloro-Thiophen-3-Yl)-Pyrimidin-2-Ylamine	18457	5.6750633e-12	7890	99.1579741108458	False
(S)-N-(4-carbamimidoylbenzyl)-1-(3-cyclohexylpropanoyl)pyrrolidine-2-carboxamide	16135	5.6662804e-12	7891	99.17054166143019	False
2-(Beta-D-Glucopyranosyl)-5-Methyl-1,3,4-Oxadiazole	18072	5.630008e-12	7892	99.18310921201457	False
2-CHLORO-N-[(1R,2R)-1-HYDROXY-2,3-DIHYDRO-1H-INDEN-2-YL]-6H-THIENO[2,3-B]PYRROLE-5-CARBOXAMIDE	18088	5.595259e-12	7893	99.19567676259898	False
2-{4-[4-({4-[2-methyl-1-(1-methylethyl)-1H-imidazol-5-yl]pyrimidin-2-yl}amino)phenyl]piperazin-1-yl}-2-oxoethanol	18523	5.556685e-12	7894	99.20824431318336	False
2H-Benzimidazol-2-amine	19032	5.5335645e-12	7895	99.22081186376775	False
Ethyl dihydrogen phosphate	14865	5.4719974e-12	7896	99.23337941435214	False
N-Alpha-(2-Naphthylsulfonyl)-N-(3-Amidino-L-Phenylalaninyl)-D-Pipecolinic Acid	19076	5.337119e-12	7897	99.24594696493654	False
D-phenylalanyl-N-(3-chlorobenzyl)-L-prolinamide	16119	5.3280366e-12	7898	99.25851451552093	False
(4E)-N-(4-fluorophenyl)-4-[(phenylcarbonyl)imino]-4H-pyrazole-3-carboxamide	18535	5.2351183e-12	7899	99.27108206610532	False
Aniracetam	17268	5.1825423e-12	7900	99.2836496166897	False
NAP-226-90	17189	5.0424825e-12	7901	99.29621716727411	False
4-{[5-(CYCLOHEXYLAMINO)[1,2,4]TRIAZOLO[1,5-A]PYRIMIDIN-7-YL]AMINO}BENZENESULFONAMIDE	18510	5.000943e-12	7902	99.30878471785849	False
Diethyl phosphonate	19210	4.975264e-12	7903	99.32135226844288	False
(2R)-2-(5-CHLORO-2-THIENYL)-N-{(3S)-1-[(1S)-1-METHYL-2-MORPHOLIN-4-YL-2-OXOETHYL]-2-OXOPYRROLIDIN-3-YL}PROPENE-1-SULFONAMIDE	16140	4.826461e-12	7904	99.33391981902727	False
Demecarium	17172	4.800479e-12	7905	99.34648736961165	False
6-(CYCLOHEXYLMETHOXY)-8-ISOPROPYL-9H-PURIN-2-AMINE	18547	4.5802646e-12	7906	99.35905492019606	False
(4-{(2S)-2-[(tert-butoxycarbonyl)amino]-3-methoxy-3-oxopropyl}phenyl)methaneseleninic acid	17492	4.567214e-12	7907	99.37162247078044	False
{4-[(2S)-2-({[(1S)-1-Carboxy-2-phenylethyl]carbamoyl}amino)-3-oxo-3-(pentylamino)propyl]phenoxy}malonic acid	17447	4.47006e-12	7908	99.38419002136484	False
5-(2,3-dichlorophenyl)-N-(pyridin-4-ylmethyl)-3-thiocyanatopyrazolo[1,5-a]pyrimidin-7-amine	18482	4.3187767e-12	7909	99.39675757194922	False
3,6,9,12,15-Pentaoxaheptadecane	17179	4.3041473e-12	7910	99.40932512253362	False
(S)-tacrine(10)-hupyridone	17191	4.277541e-12	7911	99.42189267311801	False
C-(1-Azido-Alpha-D-Glucopyranosyl) Formamide	18071	4.262986e-12	7912	99.4344602237024	False
N-(4-carbamimidoylbenzyl)-1-(4-methylpentanoyl)-L-prolinamide	16121	4.2254325e-12	7913	99.4470277742868	False
4-Flourobenzenesulfonamide	16895	4.2044822e-12	7914	99.45959532487119	False
Huperzine B	17185	4.1713646e-12	7915	99.47216287545557	False
N-[4-(2,4-DIMETHYL-THIAZOL-5-YL)-PYRIMIDIN-2-YL]-N',N'-DIMETHYL-BENZENE-1,4-DIAMINE	18503	4.050327e-12	7916	99.48473042603997	False
3-{[4-([amino(imino)methyl]aminosulfonyl)anilino]methylene}-2-oxo-2,3-dihydro-1H-indole	18529	4.0076085e-12	7917	99.49729797662435	False
3-((3-bromo-5-o-tolylpyrazolo[1,5-a]pyrimidin-7-ylamino)methyl)pyridine 1-oxide	18487	3.9063067e-12	7918	99.50986552720875	False
4-({5-[(4-AMINOCYCLOHEXYL)AMINO][1,2,4]TRIAZOLO[1,5-A]PYRIMIDIN-7-YL}AMINO)BENZENESULFONAMIDE	18511	3.8706915e-12	7919	99.52243307779314	False
(S)-N-(4-carbamimidoylbenzyl)-1-(2-(cyclopentylamino)ethanoyl)pyrrolidine-2-carboxamide	16107	3.8625648e-12	7920	99.53500062837753	False
CAN-508	18513	3.829276e-12	7921	99.54756817896192	False
Ganstigmine	17198	3.7594108e-12	7922	99.5601357295463	False
diethyl [(1R)-1,5-diaminopentyl]boronate	19095	3.5944598e-12	7923	99.5727032801307	False
N-cyclooctylglycyl-N-(4-carbamimidoylbenzyl)-L-prolinamide	16110	3.5918419e-12	7924	99.58527083071509	False
(2S)-1-[4-({4-[(2,5-Dichlorophenyl)amino]-2-pyrimidinyl}amino)phenoxy]-3-(dimethylamino)-2-propanol	18516	3.4935253e-12	7925	99.59783838129948	False
[PHENYLALANINYL-PROLINYL]-[2-(PYRIDIN-4-YLAMINO)-ETHYL]-AMINE	16176	3.3859697e-12	7926	99.61040593188388	False
beta-L-fucose	17184	3.3165866e-12	7927	99.62297348246827	False
AL5927	16919	3.2226491e-12	7928	99.63554103305266	False
AL7089A	16899	3.1326632e-12	7929	99.64810858363705	False
Tretamine	14875	3.1129775e-12	7930	99.66067613422143	False
1-Deoxy-1-Thio-Heptaethylene Glycol	17180	3.1101408e-12	7931	99.67324368480584	False
MF268	17187	3.0435114e-12	7932	99.68581123539022	False
4-[4-(4-Methyl-2-Methylamino-Thiazol-5-Yl)-Pyrimidin-2-Ylamino]-Phenol	18469	3.0320507e-12	7933	99.69837878597461	False
4-(Aminosulfonyl)-N-[(3,4,5-Trifluorophenyl)Methyl]-Benzamide	16908	2.9355541e-12	7934	99.710946336559	False
N-[(2R,3S)-3-AMINO-2-HYDROXY-4-PHENYLBUTYL]NAPHTHALENE-2-SULFONAMIDE	16153	2.7219802e-12	7935	99.7235138871434	False
CRA_17312	19044	2.6595037e-12	7936	99.73608143772779	False
N-({[4-(AMINOSULFONYL)PHENYL]AMINO}CARBONYL)-4-METHYLBENZENESULFONAMIDE	16954	2.6585908e-12	7937	99.74864898831218	False
N7-BUTYL-N2-(5-CHLORO-2-METHYLPHENYL)-5-METHYL[1,2,4]TRIAZOLO[1,5-A]PYRIMIDINE-2,7-DIAMINE	16134	2.507357e-12	7938	99.76121653889656	False
2-[Trans-(4-Aminocyclohexyl)Amino]-6-(Benzyl-Amino)-9-Cyclopentylpurine	18468	2.4478121e-12	7939	99.77378408948096	False
1-[(2R)-2-aminobutanoyl]-N-(3-chlorobenzyl)-L-prolinamide	16117	2.3696969e-12	7940	99.78635164006535	False
(S)-Indapamide	16944	2.258646e-12	7941	99.79891919064974	False
4-[(3AS,4R,7R,8AS,8BR)-2-(1,3-BENZODIOXOL-5-YLMETHYL)-7-HYDROXY-1,3-DIOXODECAHYDROPYRROLO[3,4-A]PYRROLIZIN-4-YL]BENZENECARBOXIMIDAMIDE	16177	2.2482662e-12	7942	99.81148674123413	False
Lepirudin	16086	2.2293578e-12	7943	99.82405429181853	False
4-({[4-(3-METHYLBENZOYL)PYRIDIN-2-YL]AMINO}METHYL)BENZENECARBOXIMIDAMIDE	16166	2.1878107e-12	7944	99.83662184240292	False
Aminodi(Ethyloxy)Ethylaminocarbonylbenzenesulfonamide	16904	2.1689599e-12	7945	99.8491893929873	False
3-{[(2,2-dioxido-1,3-dihydro-2-benzothien-5-yl)amino]methylene}-5-(1,3-oxazol-5-yl)-1,3-dihydro-2H-indol-2-one	18527	2.0210992e-12	7946	99.8617569435717	False
3-AMINO-3-BENZYL-9-CARBOXAMIDE[4.3.0]BICYCLO-1,6-DIAZANONAN-2-ONE	16149	1.998635e-12	7947	99.87432449415608	False
beta-phenyl-D-phenylalanyl-N-propyl-L-prolinamide	16128	1.7181856e-12	7948	99.88689204474048	False
AC-(D)PHE-PRO-BOROHOMOORNITHINE-OH	16161	1.523512e-12	7949	99.89945959532487	False
(4aS,4bR,10bS,12aS)-12a-methyl-1,3-dioxo-2-(pyridin-3-ylmethyl)-1,2,3,4,4a,4b,5,6,10b,11,12,12a-dodecahydronaphtho[2,1-f]isoquinolin-8-yl sulfamate	16957	1.489174e-12	7950	99.91202714590926	False
Al-6629, [2h-Thieno[3,2-E]-1,2-Thiazine-6-Sulfonamide,2-(3-Methoxyphenyl)-3-(4-Morpholinyl)-, 1,1-Dioxide]	16922	1.4327803e-12	7951	99.92459469649366	False
4-Oxo-2-Phenylmethanesulfonyl-Octahydro-Pyrrolo[1,2-a]Pyrazine-6-Carboxylic Acid [1-(N-Hydroxycarbamimidoyl)-Piperidin-4-Ylmethyl]-Amide	16092	1.3298552e-12	7952	99.93716224707805	False
5-[(phenylsulfonyl)amino]-1,3,4-thiadiazole-2-sulfonamide	16942	1.2987122e-12	7953	99.94972979766243	False
2-(hydrazinocarbonyl)-3-phenyl-1H-indole-5-sulfonamide	16959	1.2388522e-12	7954	99.96229734824684	False
4-(Aminosulfonyl)-N-[(2,5-Difluorophenyl)Methyl]-Benzamide	16912	1.0752337e-12	7955	99.97486489883121	False
N-(5-CHLORO-BENZO[B]THIOPHEN-3-YLMETHYL)-2-[6-CHLORO-OXO-3-(2-PYRIDIN-2-YL-ETHYLAMINO)-2H-PYRAZIN-1-YL]-ACETAMIDE	16138	8.7320727e-13	7956	99.98743244941562	False
(3ASR,4RS,8ASR,8BRS)-4-(2-(4-FLUOROBENZYL)-1,3-DIOXODEACAHYDROPYRROLO[3,4-A] PYRROLIZIN-4-YL)BENZAMIDINE	16165	8.54978e-13	7957	100.0	False
