drug	node_index	score	rank	percentile	is_known_positive
Ravulizumab	17946	0.999926	1	0.012567550584391103	True
Sparsentan	17373	0.9999138	2	0.025135101168782207	True
Losartan	14215	0.9999083	3	0.037702651753173305	True
Atrasentan	17371	0.9999038	4	0.050270202337564414	True
Empagliflozin	15847	0.9999014	5	0.06283775292195551	True
Prednisolone	14030	0.9999	6	0.07540530350634661	True
Budesonide	14034	0.99989855	7	0.08797285409073771	True
Candesartan	14618	0.99989533	8	0.10054040467512883	True
Telmisartan	15836	0.9998921	9	0.11310795525951992	True
Hydroxychloroquine	14347	0.9998915	10	0.12567550584391102	True
Methylprednisolone	14269	0.9998869	11	0.13824305642830212	True
Mycophenolate mofetil	14964	0.99988437	12	0.15081060701269322	True
Irbesartan	14282	0.9998833	13	0.16337815759708432	True
Dapagliflozin	15201	0.9998826	14	0.17594570818147542	True
Fostamatinib	15674	0.9998592	15	0.18851325876586653	True
Pilsicainide	20230	0.0053468556	16	0.20108080935025766	False
Angiotensin II	16216	0.004709492	17	0.2136483599346487	False
Isatoribine	16502	0.0032435115	18	0.22621591051903983	False
SPP 301	17369	0.0026636969	19	0.23878346110343093	False
Eculizumab	17945	0.002357928	20	0.25135101168782203	False
N-(2-Aminoethyl)-1-aziridineethanamine	18232	0.0014428846	21	0.2639185622722131	False
Saprisartan	16212	0.0014384886	22	0.27648611285660424	False
Dexrabeprazole	15839	0.0009766077	23	0.2890536634409953	False
SU-11652	19989	0.0009459178	24	0.30162121402538644	False
[4-({4-[(5-cyclopropyl-1H-pyrazol-3-yl)amino]-6-(methylamino)pyrimidin-2-yl}amino)phenyl]acetonitrile	19867	0.00094432256	25	0.3141887646097775	False
Forasartan	16211	0.00085483823	26	0.32675631519416865	False
[1-(6-{6-[(1-methylethyl)amino]-1H-indazol-1-yl}pyrazin-2-yl)-1H-pyrrol-3-yl]acetic acid	19942	0.0007657869	27	0.3393238657785598	False
Coumarin	15787	0.00063249544	28	0.35189141636295085	False
N~2~-1H-benzimidazol-5-yl-N~4~-(3-cyclopropyl-1H-pyrazol-5-yl)pyrimidine-2,4-diamine	19897	0.0005876242	29	0.364458966947342	False
Azilsartan medoxomil	16214	0.000493938	30	0.37702651753173305	False
(2Z,3E)-2,3'-biindole-2',3(1H,1'H)-dione 3-{O-[(3R)-3,4-dihydroxybutyl]oxime}	19967	0.00043349346	31	0.3895940681161242	False
Letermovir	15053	0.00042499177	32	0.4021616187005153	False
Acetyl sulfisoxazole	15803	0.00042344697	33	0.4147291692849064	False
Candesartan cilexetil	14605	0.00038070424	34	0.4272967198692974	False
Prednisolone phosphate	14048	0.0003806999	35	0.4398642704536886	False
Sulfamoxole	15795	0.00036393633	36	0.45243182103807966	False
N-METHYL(5-(PYRIDIN-3-YL)FURAN-2-YL)METHANAMINE	19493	0.00034262222	37	0.4649993716224708	False
Gimatecan	20240	0.0003252674	38	0.47756692220686187	False
Laniquidar	20258	0.00031924163	39	0.490134472791253	False
Desoximetasone	17776	0.00030870896	40	0.5027020233756441	False
Metahexamide	15802	0.00029635665	41	0.5152695739600353	False
Darusentan	17368	0.00028520127	42	0.5278371245444262	False
Actelion-1	17370	0.00027459706	43	0.5404046751288174	False
Sulfisoxazole	15771	0.00026788298	44	0.5529722257132085	False
Carbutamide	15801	0.00026362235	45	0.5655397762975997	False
Felbinac	19198	0.0002607109	46	0.5781073268819906	False
ANA971	16503	0.00025752644	47	0.5906748774663818	False
Lorlatinib	15054	0.00025672404	48	0.6032424280507729	False
Clazosentan	17372	0.00025659802	49	0.6158099786351641	False
ONT-093	18401	0.00024065732	50	0.628377529219555	False
Artesunate	14426	0.00022783598	51	0.6409450798039462	False
Zosuquidar	18396	0.00022314748	52	0.6535126303883373	False
Capravirine	15588	0.0002181634	53	0.6660801809727285	False
cis-Diamminechlorocholylglycinateplatinum(II)	20243	0.0002140183	54	0.6786477315571195	False
Ledipasvir	20253	0.00019832635	55	0.6912152821415106	False
Alectinib	17030	0.00019602633	56	0.7037828327259017	False
Diflorasone	17775	0.00019361151	57	0.7163503833102929	False
Rifapentine	15494	0.00019070531	58	0.728917933894684	False
Piclidenoson	17027	0.00018833789	59	0.741485484479075	False
Hycanthone	18398	0.00017419916	60	0.7540530350634661	False
Glycocholic acid	19155	0.00017200151	61	0.7666205856478573	False
Sulfadimethoxine	15792	0.00016550878	62	0.7791881362322484	False
Fostemsavir	14453	0.00016428897	63	0.7917556868166394	False
Valsartan	15769	0.0001623313	64	0.8043232374010306	False
Ulobetasol	14022	0.00014808509	65	0.8168907879854217	False
Triclocarban	14795	0.00014740281	66	0.8294583385698128	False
Reversin 121	18404	0.00014040124	67	0.8420258891542038	False
Naproxen	14238	0.00013457211	68	0.8545934397385948	False
Desmethylsertraline	18403	0.00013435543	69	0.8671609903229861	False
Gramicidin D	20252	0.0001331243	70	0.8797285409073772	False
Triclabendazole	14796	0.00012692958	71	0.8922960914917683	False
Tariquidar	18397	0.00012452458	72	0.9048636420761593	False
Prednisolone acetate	14050	0.00012020443	73	0.9174311926605505	False
Sincalide	20286	0.00011943903	74	0.9299987432449416	False
Valspodar	20246	0.000117464464	75	0.9425662938293327	False
Valinomycin	20231	0.00011685604	76	0.9551338444137237	False
Netoglitazone	15624	0.00011621174	77	0.9677013949981149	False
Eprosartan	16210	0.00011221206	78	0.980268945582506	False
Olmesartan	16209	0.00010935456	79	0.9928364961668971	False
Mirodenafil	15895	0.000109153596	80	1.0054040467512881	False
Polyethylene glycol	20254	0.0001081842	81	1.0179715973356793	False
2-({5-CHLORO-2-[(2-METHOXY-4-MORPHOLIN-4-YLPHENYL)AMINO]PYRIMIDIN-4-YL}AMINO)-N-METHYLBENZAMIDE	19429	0.000106512525	82	1.0305391479200705	False
FM-VP4	18395	0.000104626255	83	1.0431066985044615	False
Glibornuride	15796	0.00010261582	84	1.0556742490888524	False
Deferiprone	15891	9.651946e-05	85	1.0682417996732438	False
Canagliflozin	14551	9.5937234e-05	86	1.0808093502576348	False
VX-148	17622	9.204276e-05	87	1.0933769008420258	False
4-(quinolin-3-ylmethyl)piperidine-1-carboxylic acid	19220	9.193934e-05	88	1.105944451426417	False
Lonafarnib	15017	9.168107e-05	89	1.1185120020108081	False
HM-30181	18402	9.1638416e-05	90	1.1310795525951993	False
Acalabrutinib	14450	9.130966e-05	91	1.1436471031795903	False
Dabrafenib	15603	8.9839225e-05	92	1.1562146537639812	False
Concanamycin A	18399	8.751501e-05	93	1.1687822043483727	False
Elbasvir	15042	8.4038176e-05	94	1.1813497549327636	False
Betamethasone phosphate	14049	8.118837e-05	95	1.1939173055171548	False
Alclometasone	14015	7.979451e-05	96	1.2064848561015458	False
Voacamine	18393	7.927747e-05	97	1.219052406685937	False
Metronidazole	14980	7.871123e-05	98	1.2316199572703281	False
AZD-8330	19595	7.789948e-05	99	1.244187507854719	False
Medrysone	14016	7.71197e-05	100	1.25675505843911	False
Vismodegib	14401	7.6140874e-05	101	1.2693226090235012	False
Sulfapyridine	15780	7.412959e-05	102	1.2818901596078924	False
Daclatasvir	15038	7.342759e-05	103	1.2944577101922836	False
Omadacycline	14465	7.2115225e-05	104	1.3070252607766746	False
6-Chloropurine Riboside, 5'-Monophosphate	17620	6.5484994e-05	105	1.3195928113610655	False
(3-Chloro-4-Propoxy-Phenyl)-Acetic Acid	15995	6.495343e-05	106	1.332160361945457	False
Mycophenolic acid	15842	6.436317e-05	107	1.344727912529848	False
N,N-DIMETHYL(5-(PYRIDIN-3-YL)FURAN-2-YL)METHANAMINE	19492	6.181025e-05	108	1.357295463114239	False
Fluindione	15800	6.0772294e-05	109	1.36986301369863	False
Flurandrenolide	14029	6.044026e-05	110	1.3824305642830212	False
4,4'-DIPYRIDYL DISULFIDE	19495	5.9547667e-05	111	1.3949981148674124	False
2-[1-(4-chlorobenzoyl)-5-methoxy-2-methyl-1H-indol-3-yl]-n-[(1R)-1-(hydroxymethyl)propyl]acetamide	16000	5.8096033e-05	112	1.4075656654518034	False
Selenazole-4-carboxyamide-adenine dinucleotide	17619	5.7111676e-05	113	1.4201332160361946	False
2-[1-(4-chlorobenzoyl)-5-methoxy-2-methyl-1H-indol-3-yl]-n-[(1S)-1-(hydroxymethyl)propyl]acetamide	16002	5.6943416e-05	114	1.4327007666205858	False
Artemisinin	15873	5.6907207e-05	115	1.4452683172049767	False
Glecaprevir	15725	5.6556208e-05	116	1.457835867789368	False
Cenobamate	14377	5.5141045e-05	117	1.4704034183737589	False
Prednisone	14024	5.469234e-05	118	1.48297096895815	False
Flunisolide	14014	5.4539636e-05	119	1.4955385195425412	False
O-acetyl-L-serine	15990	5.4495184e-05	120	1.5081060701269322	False
Patisiran	14492	5.1939136e-05	121	1.5206736207113234	False
3-CARBOXY-4-METHYL-5-PROPYL-2-FURANPROPIONIC	14391	5.178202e-05	122	1.5332411712957146	False
Ivosidenib	15739	5.1253643e-05	123	1.5458087218801055	False
Amodiaquine	14788	5.1160616e-05	124	1.5583762724644967	False
Penicillamine	20239	5.1040835e-05	125	1.5709438230488877	False
Elagolix	15247	4.9752143e-05	126	1.5835113736332789	False
Talinolol	15245	4.8728147e-05	127	1.5960789242176698	False
Cyclohexyl-pentyl-maltoside	19694	4.8577407e-05	128	1.6086464748020612	False
Sulfamerazine	14343	4.832149e-05	129	1.6212140253864522	False
Elacridar	18394	4.7509217e-05	130	1.6337815759708434	False
Salinomycin	20256	4.717329e-05	131	1.6463491265552344	False
Larotrectinib	15745	4.615679e-05	132	1.6589166771396255	False
Seratrodast	14615	4.520976e-05	133	1.6714842277240165	False
Cefotetan	14335	4.469757e-05	134	1.6840517783084077	False
Seproxetine	15024	4.385486e-05	135	1.6966193288927987	False
2-Bromoacetyl Group	15994	4.246877e-05	136	1.7091868794771896	False
Fimasartan	16215	4.1982865e-05	137	1.7217544300615812	False
Azapropazone	14390	4.1906107e-05	138	1.7343219806459722	False
Gadobenic acid	14225	4.1706528e-05	139	1.7468895312303632	False
Cobicistat	15034	4.1053456e-05	140	1.7594570818147544	False
Bismuth subgallate	14474	4.090804e-05	141	1.7720246323991453	False
Relugolix	14457	3.91925e-05	142	1.7845921829835365	False
Potassium alum	14414	3.8169623e-05	143	1.7971597335679275	False
Flurbiprofen Methyl Ester	15998	3.8140515e-05	144	1.8097272841523186	False
Ritonavir	14184	3.769036e-05	145	1.82229483473671	False
Chloramphenicol succinate	14392	3.7455167e-05	146	1.834862385321101	False
Dexamethasone acetate	14493	3.743956e-05	147	1.847429935905492	False
Technetium Tc-99m mebrofenin	20245	3.7305093e-05	148	1.8599974864898832	False
1-Ter-Butyl-3-P-Tolyl-1h-Pyrazolo[3,4-D]Pyrimidin-4-Ylamine	18896	3.6391673e-05	149	1.8725650370742741	False
P-(2'-Iodo-5'-Thenoyl)Hydrotropic Acid	15997	3.6094298e-05	150	1.8851325876586653	False
Vancomycin	14185	3.559744e-05	151	1.8977001382430563	False
Lopinavir	14346	3.5482e-05	152	1.9102676888274475	False
Tetrandrine	15736	3.545971e-05	153	1.9228352394118389	False
Erythromycin	14936	3.5145007e-05	154	1.9354027899962298	False
Topiroxostat	14352	3.3565982e-05	155	1.9479703405806208	False
Betamethasone	14019	3.3071996e-05	156	1.960537891165012	False
Gadofosveset trisodium	14386	3.2074724e-05	157	1.973105441749403	False
Phenol	17377	3.0833264e-05	158	1.9856729923337941	False
Balaglitazone	15695	3.0682088e-05	159	1.998240542918185	False
Flucloxacillin	15427	3.0569467e-05	160	2.0108080935025763	False
Ginsenoside Rb1	19723	3.0437053e-05	161	2.0233756440869675	False
Hydrocortisone	14028	2.991145e-05	162	2.0359431946713586	False
Monensin	20255	2.9864595e-05	163	2.04851074525575	False
Tinidazole	15473	2.9733363e-05	164	2.061078295840141	False
BOS172722	19866	2.9607958e-05	165	2.0736458464245318	False
Ceritinib	15613	2.888173e-05	166	2.086213397008923	False
Rivoglitazone	15625	2.8587783e-05	167	2.098780947593314	False
4-Piperidino-Piperidine	19396	2.7980961e-05	168	2.111348498177705	False
Lumacaftor	14427	2.7831795e-05	169	2.123916048762096	False
ORG-34517	17779	2.7741067e-05	170	2.1364835993464877	False
Tienilic acid	15789	2.6761447e-05	171	2.1490511499308784	False
Ciclesonide	14036	2.6705715e-05	172	2.1616187005152696	False
Crizotinib	15027	2.6365711e-05	173	2.174186251099661	False
Benzbromarone	15838	2.6275398e-05	174	2.1867538016840515	False
5-[(Z)-(5-Chloro-2-oxo-1,2-dihydro-3H-indol-3-ylidene)methyl]-N,2,4-trimethyl-1H-pyrrole-3-carboxamide	19872	2.5583928e-05	175	2.1993213522684427	False
Nystatin	20238	2.5216257e-05	176	2.211888902852834	False
Velpatasvir	15655	2.4417155e-05	177	2.224456453437225	False
Nitrofurantoin	15273	2.4230034e-05	178	2.2370240040216163	False
Darunavir	14326	2.4105322e-05	179	2.2495915546060075	False
Pibrentasvir	15864	2.3946495e-05	180	2.2621591051903986	False
Phenylacetic acid	15765	2.3828448e-05	181	2.2747266557747894	False
Iodipamide	14365	2.3792796e-05	182	2.2872942063591806	False
Technetium Tc-99m oxidronate	14416	2.2989667e-05	183	2.2998617569435718	False
(1S,7S,8S,8AR)-1,2,3,7,8,8A-HEXAHYDRO-7-METHYL-8-[2-[(2R,4R)-TETRAHYDRO-4-HY DROXY-6-OXO-2H-PYRAN-2-YL]ETHYL]-1-NAPHTHALENOL	19397	2.283773e-05	184	2.3124293075279625	False
Phenprocoumon	14265	2.2450933e-05	185	2.3249968581123537	False
(1,10 Phenanthroline)-(Tri-Carbon Monoxide) Rhenium (I)	20271	2.1967144e-05	186	2.3375644086967453	False
Metamizole	15532	2.1368822e-05	187	2.350131959281136	False
Cenegermin	18409	2.1225494e-05	188	2.3626995098655272	False
Dexamethasone	14320	2.1140004e-05	189	2.3752670604499184	False
Fluorometholone	14017	2.1104794e-05	190	2.3878346110343096	False
Chlortetracycline	14415	2.109622e-05	191	2.4004021616187003	False
Artemether	15022	2.088609e-05	192	2.4129697122030915	False
Simvastatin	14961	2.074697e-05	193	2.4255372627874827	False
Sulfamethizole	14199	2.04078e-05	194	2.438104813371874	False
Beclomethasone dipropionate	14018	2.0349458e-05	195	2.450672363956265	False
Ketorolac	15774	1.947714e-05	196	2.4632399145406563	False
Oritavancin	14370	1.9100353e-05	197	2.475807465125047	False
Sarecycline	20257	1.8910085e-05	198	2.488375015709438	False
(5-(PYRIDIN-3-YL)FURAN-2-YL)METHANAMINE	19494	1.8591156e-05	199	2.5009425662938294	False
Dantron	14366	1.8288745e-05	200	2.51351011687822	False
Zaltoprofen	14613	1.827459e-05	201	2.5260776674626113	False
Luliconazole	15604	1.8207737e-05	202	2.5386452180470025	False
Lomerizine	15735	1.7861432e-05	203	2.5512127686313937	False
Elexacaftor	14499	1.7629909e-05	204	2.563780319215785	False
Repaglinide	14259	1.76107e-05	205	2.576347869800176	False
Alpelisib	15675	1.7035192e-05	206	2.5889154203845672	False
Flumethasone	14026	1.6853435e-05	207	2.601482970968958	False
Pitavastatin	14402	1.6834705e-05	208	2.614050521553349	False
Etodolac	14227	1.682644e-05	209	2.6266180721377403	False
Nitroaspirin	16008	1.6682352e-05	210	2.639185622722131	False
DADLE	20241	1.6625112e-05	211	2.6517531733065227	False
St. John's Wort	15163	1.6572701e-05	212	2.664320723890914	False
Zanubrutinib	15748	1.6441945e-05	213	2.6768882744753046	False
4-(4-Chlorophenyl)Imidazole	19693	1.6209966e-05	214	2.689455825059696	False
Levomenol	20247	1.5996324e-05	215	2.702023375644087	False
Hydrocortisone butyrate	14043	1.5707754e-05	216	2.714590926228478	False
Lovastatin	14135	1.5702033e-05	217	2.727158476812869	False
Gefitinib	14155	1.5277805e-05	218	2.73972602739726	False
Cyclophosphamide	14954	1.5200199e-05	219	2.7522935779816518	False
Ibrutinib	14411	1.5187448e-05	220	2.7648611285660425	False
Rifampicin	14286	1.5168068e-05	221	2.7774286791504337	False
Ambroxol acefyllinate	15897	1.5026984e-05	222	2.789996229734825	False
Difluprednate	15582	1.4948114e-05	223	2.8025637803192156	False
Deferasirox	15338	1.4782268e-05	224	2.815131330903607	False
Gemfibrozil	14324	1.4551108e-05	225	2.827698881487998	False
4-{[4-{[(1R,2R)-2-(dimethylamino)cyclopentyl]amino}-5-(trifluoromethyl)pyrimidin-2-yl]amino}-N-methylbenzenesulfonamide	17980	1.45116555e-05	226	2.840266432072389	False
Voxilaprevir	15392	1.4055476e-05	227	2.8528339826567803	False
Avibactam	20272	1.3928235e-05	228	2.8654015332411715	False
Ciglitazone	15626	1.3904093e-05	229	2.8779690838255623	False
Mitiglinide	15878	1.3856995e-05	230	2.8905366344099535	False
Fluconazole	14935	1.29517875e-05	231	2.9031041849943446	False
Ixazomib	15240	1.2881413e-05	232	2.915671735578736	False
Terbinafine	14250	1.2833262e-05	233	2.9282392861631266	False
Sulfaphenazole	15216	1.2691279e-05	234	2.9408068367475177	False
Grazoprevir	14443	1.2676907e-05	235	2.9533743873319094	False
Avatrombopag	15799	1.2577225e-05	236	2.9659419379163	False
Fosphenytoin	14330	1.2501243e-05	237	2.9785094885006913	False
Technetium Tc-99m tetrofosmin	14555	1.24538e-05	238	2.9910770390850825	False
Sulfamethazine	14344	1.2352726e-05	239	3.0036445896694732	False
Lobeglitazone	15373	1.23172e-05	240	3.0162121402538644	False
(S)-Warfarin	15732	1.2006339e-05	241	3.0287796908382556	False
Propiolactone	14431	1.1847285e-05	242	3.041347241422647	False
Eltrombopag	15354	1.1773714e-05	243	3.0539147920070375	False
Troleandomycin	15059	1.16007695e-05	244	3.066482342591429	False
Lynestrenol	15688	1.1367401e-05	245	3.0790498931758203	False
Ginsenoside Rg1	19724	1.1065357e-05	246	3.091617443760211	False
Teriflunomide	15366	1.1003461e-05	247	3.1041849943446023	False
Atazanavir	14296	1.0894347e-05	248	3.1167525449289935	False
Paritaprevir	15040	1.0652279e-05	249	3.1293200955133846	False
Dexverapamil	15733	1.0625078e-05	250	3.1418876460977754	False
Ifosfamide	14608	1.0402515e-05	251	3.154455196682167	False
Nifurtimox	14454	1.0289563e-05	252	3.1670227472665577	False
Avasimibe	15357	1.0252576e-05	253	3.179590297850949	False
Rimexolone	14031	1.0235548e-05	254	3.1921578484353397	False
Hydrocortisone aceponate	14041	1.0172636e-05	255	3.204725399019731	False
Emopamil	15734	1.0138699e-05	256	3.2172929496041225	False
Bamet-UD2	20242	1.0130407e-05	257	3.2298605001885132	False
Mefenamic acid	14236	1.0052185e-05	258	3.2424280507729044	False
Rilpivirine	14403	9.814479e-06	259	3.254995601357295	False
Hydrocortisone acetate	14042	9.749663e-06	260	3.267563151941687	False
Praziquantel	14986	9.731438e-06	261	3.2801307025260775	False
ISS-1018	18727	9.713784e-06	262	3.2926982531104687	False
Dofequidar	18400	9.6706735e-06	263	3.3052658036948594	False
Paramethasone	14035	9.650755e-06	264	3.317833354279251	False
Copanlisib	14467	9.617973e-06	265	3.3304009048636423	False
Letrozole	14277	9.509384e-06	266	3.342968455448033	False
Arformoterol	15160	9.337097e-06	267	3.3555360060324246	False
Selumetinib	14449	9.067296e-06	268	3.3681035566168154	False
Everolimus	15176	9.008333e-06	269	3.3806711072012066	False
Cefpiramide	14169	8.910595e-06	270	3.3932386577855973	False
Dolutegravir	15846	8.865451e-06	271	3.405806208369989	False
Isoniazid	14267	8.819089e-06	272	3.4183737589543792	False
Tofacitinib	14407	8.79943e-06	273	3.430941309538771	False
Diltiazem	14163	8.710859e-06	274	3.4435088601231625	False
Simeprevir	14382	8.562246e-06	275	3.456076410707553	False
Pioglitazone	14306	8.549142e-06	276	3.4686439612919444	False
N-{3-[5-(1H-1,2,4-triazol-3-yl)-1H-indazol-3-yl]phenyl}furan-2-carboxamide	19846	8.420591e-06	277	3.481211511876335	False
Ombitasvir	15811	8.409003e-06	278	3.4937790624607263	False
Vemurafenib	14405	8.365906e-06	279	3.506346613045117	False
Metacycline	14261	8.171589e-06	280	3.5189141636295087	False
Etravirine	15566	8.1001535e-06	281	3.5314817142139	False
(R)-warfarin	14395	8.090889e-06	282	3.5440492647982906	False
Selegiline	15138	7.700941e-06	283	3.5566168153826823	False
Olodaterol	15797	7.700067e-06	284	3.569184365967073	False
Hydrocortisone phosphate	14045	7.600422e-06	285	3.581751916551464	False
Hydrocortisone valerate	14047	7.552158e-06	286	3.594319467135855	False
Nilotinib	15187	7.5296552e-06	287	3.6068870177202466	False
DPDPE	20285	7.4961386e-06	288	3.6194545683046373	False
Deflazacort	15051	7.4405775e-06	289	3.6320221188890285	False
Chlorambucil	14740	7.31404e-06	290	3.64458966947342	False
Meprednisone	14432	7.29183e-06	291	3.657157220057811	False
1-(biphenyl-4-ylmethyl)-1H-imidazole	19695	7.2565617e-06	292	3.669724770642202	False
Clobetasone	15703	7.226968e-06	293	3.682292321226593	False
Proguanil	15145	7.1928707e-06	294	3.694859871810984	False
Entrectinib	15673	7.137965e-06	295	3.7074274223953747	False
Upadacitinib	15269	7.0656592e-06	296	3.7199949729797663	False
OSI-461	16553	7.0352007e-06	297	3.7325625235641575	False
Alfentanil	14239	6.896247e-06	298	3.7451300741485483	False
Hydrocortisone probutate	14046	6.7652754e-06	299	3.75769762473294	False
Nevirapine	14138	6.7150995e-06	300	3.7702651753173306	False
Sulfadiazine	15438	6.6398866e-06	301	3.782832725901722	False
Fluticasone furoate	14038	6.5017493e-06	302	3.7954002764861126	False
Azithromycin	15419	6.4549185e-06	303	3.807967827070504	False
Ambrisentan	15014	6.3727666e-06	304	3.820535377654895	False
Fusidic acid	15180	6.2950216e-06	305	3.833102928239286	False
Roxithromycin	15464	6.257815e-06	306	3.8456704788236777	False
MLN0415	18694	6.1216742e-06	307	3.8582380294080685	False
Prednicarbate	15486	6.0594325e-06	308	3.8708055799924597	False
Cefiderocol	14495	6.054823e-06	309	3.8833731305768504	False
5-ethoxy-4-(1-methyl-7-oxo-3-propyl-6,7-dihydro-1H-pyrazolo[4,3-d]pyrimidin-5-yl)thiophene-2-sulfonamide	16556	6.039183e-06	310	3.8959406811612416	False
Lemborexant	15052	6.029446e-06	311	3.9085082317456323	False
Troglitazone	14813	5.9976064e-06	312	3.921075782330024	False
Indinavir	14939	5.98398e-06	313	3.9336433329144147	False
Zileuton	14226	5.980768e-06	314	3.946210883498806	False
4-(3-{[5-(trifluoromethyl)pyridin-2-yl]oxy}benzyl)piperidine-1-carboxylic acid	19221	5.9699523e-06	315	3.9587784340831975	False
Nelfinavir	14134	5.9512217e-06	316	3.9713459846675883	False
Baloxavir marboxil	15730	5.9325957e-06	317	3.9839135352519794	False
Leucovorin	20274	5.9262397e-06	318	3.99648108583637	False
Fluvoxamine	15073	5.9259914e-06	319	4.009048636420761	False
Methoxy arachidonyl fluorophosphonate	19218	5.8501637e-06	320	4.0216161870051526	False
Rabeprazole	15144	5.847319e-06	321	4.034183737589544	False
(+)-2-(4-biphenyl)propionic acid	15992	5.7188327e-06	322	4.046751288173935	False
Sitagliptin	15501	5.71348e-06	323	4.059318838758326	False
Cortisone acetate	15003	5.70578e-06	324	4.071886389342717	False
Indoxyl sulfate	14393	5.6893e-06	325	4.0844539399271085	False
Duvelisib	15671	5.680918e-06	326	4.0970214905115	False
Clarithromycin	14995	5.6504873e-06	327	4.10958904109589	False
Darolutamide	14470	5.635817e-06	328	4.122156591680282	False
Sunitinib	15002	5.6078625e-06	329	4.134724142264672	False
Clocortolone	17777	5.4501884e-06	330	4.1472916928490635	False
Triheptanoin	14448	5.404738e-06	331	4.159859243433455	False
N-{4-METHYL-3-[(3-PYRIMIDIN-4-YLPYRIDIN-2-YL)AMINO]PHENYL}-3-(TRIFLUOROMETHYL)BENZAMIDE	19507	5.35025e-06	332	4.172426794017846	False
Lumiracoxib	15329	5.289865e-06	333	4.184994344602237	False
Piperaquine	15726	5.2575715e-06	334	4.197561895186628	False
Hydrocortamate	15463	5.244336e-06	335	4.210129445771019	False
Glycochenodeoxycholic Acid	20229	5.2416212e-06	336	4.22269699635541	False
Netupitant	15227	5.239747e-06	337	4.235264546939802	False
trans-2-hydroxycinnamic acid	20275	5.130699e-06	338	4.247832097524192	False
Posaconazole	15502	5.0882527e-06	339	4.260399648108583	False
Dexniguldipine	15737	5.0746207e-06	340	4.272967198692975	False
Auranofin	14274	5.040309e-06	341	4.285534749277366	False
Selexipag	15642	5.012645e-06	342	4.298102299861757	False
Phenacetin	15181	4.9872783e-06	343	4.310669850446148	False
Cerivastatin	14947	4.984102e-06	344	4.323237401030539	False
Gliclazide	14303	4.9526498e-06	345	4.33580495161493	False
Lutein	14129	4.896645e-06	346	4.348372502199322	False
Fidaxomicin	15595	4.8763686e-06	347	4.360940052783713	False
7-PYRIDIN-2-YL-N-(3,4,5-TRIMETHOXYPHENYL)-7H-PYRROLO[2,3-D]PYRIMIDIN-2-AMINE	19428	4.702264e-06	348	4.373507603368103	False
Safinamide	14904	4.6977952e-06	349	4.386075153952495	False
Ertugliflozin	14455	4.688915e-06	350	4.398642704536885	False
Clindamycin	14545	4.673232e-06	351	4.411210255121277	False
R,S-Warfarin alcohol	14396	4.558169e-06	352	4.423777805705668	False
Trametinib	15602	4.553438e-06	353	4.436345356290059	False
XL418	18862	4.55043e-06	354	4.44891290687445	False
Isavuconazonium	15573	4.531077e-06	355	4.461480457458841	False
Rifabutin	15452	4.438445e-06	356	4.4740480080432325	False
Ivacaftor	14400	4.298723e-06	357	4.486615558627624	False
Dasabuvir	15235	4.25668e-06	358	4.499183109212015	False
Azelastine	14983	4.2468428e-06	359	4.511750659796405	False
Abiraterone	14376	4.2419815e-06	360	4.524318210380797	False
Tipranavir	15130	4.222064e-06	361	4.536885760965188	False
Istradefylline	14452	4.188457e-06	362	4.549453311549579	False
1-(3-HYDROXYPROPYL)-2-[(3-NITROBENZOYL)AMINO]-1H-BENZIMIDAZOL-5-YL PIVALATE	20026	4.088647e-06	363	4.562020862133971	False
2-[4-[4-[(5-cyclopropyl-1H-pyrazol-3-yl)amino]quinazolin-2-yl]iminocyclohexa-2,5-dien-1-yl]acetonitrile	19958	4.084902e-06	364	4.574588412718361	False
Pradigastat	20276	4.0802915e-06	365	4.587155963302752	False
Mometasone furoate	15064	4.068305e-06	366	4.5997235138871435	False
Glasdegib	14461	4.063272e-06	367	4.612291064471535	False
1-Dodecanol	19219	4.0626637e-06	368	4.624858615055925	False
Gestodene	15023	4.060661e-06	369	4.637426165640317	False
Acetrizoic acid	14430	4.0458795e-06	370	4.649993716224707	False
Clomethiazole	15570	4.04301e-06	371	4.6625612668090985	False
Glipizide	14293	3.955196e-06	372	4.675128817393491	False
Tauroursodeoxycholic acid	20199	3.8599137e-06	373	4.687696367977881	False
Trabectedin	14612	3.8525363e-06	374	4.700263918562272	False
Rosuvastatin	14298	3.8345756e-06	375	4.712831469146663	False
1-(4-IODOBENZOYL)-5-METHOXY-2-METHYL INDOLE-3-ACETIC ACID	16001	3.8157013e-06	376	4.7253990197310545	False
Clopidogrel	14969	3.805809e-06	377	4.737966570315446	False
Boceprevir	15028	3.7227214e-06	378	4.750534120899837	False
Chlorhexidine	14253	3.7072564e-06	379	4.763101671484227	False
N-{2,4-difluoro-3-[(5-pyridin-3-yl-1H-pyrrolo[2,3-b]pyridin-3-yl)carbonyl]phenyl}ethanesulfonamide	17510	3.706129e-06	380	4.775669222068619	False
12-(2-hydroxyethyl)-2-(1-methylethoxy)-13,14-dihydronaphtho[2,1-a]pyrrolo[3,4-c]carbazol-5(12H)-one	20034	3.6513584e-06	381	4.78823677265301	False
Neratinib	14456	3.6313972e-06	382	4.800804323237401	False
Prasterone sulfate	14672	3.5986563e-06	383	4.813371873821792	False
Patent Blue	17380	3.585444e-06	384	4.825939424406183	False
Delamanid	14445	3.583372e-06	385	4.838506974990574	False
Ethinylestradiol	14270	3.5823539e-06	386	4.851074525574965	False
Rifamycin	14451	3.5806631e-06	387	4.863642076159357	False
Pretomanid	15547	3.5561e-06	388	4.876209626743748	False
Vinflunine	14446	3.5152134e-06	389	4.888777177328139	False
Lansoprazole	14786	3.5148478e-06	390	4.90134472791253	False
Omeprazole	14785	3.512499e-06	391	4.9139122784969205	False
Armodafinil	15015	3.512308e-06	392	4.9264798290813125	False
Ezetimibe	15477	3.500337e-06	393	4.939047379665703	False
Atorvastatin	14297	3.4879677e-06	394	4.951614930250094	False
Sodium lauryl sulfate	14243	3.469125e-06	395	4.964182480834485	False
Dovitinib	15351	3.4474826e-06	396	4.976750031418876	False
Erlotinib	14187	3.436834e-06	397	4.989317582003268	False
Uric acid	20267	3.4296438e-06	398	5.001885132587659	False
Ataluren	14769	3.4013838e-06	399	5.01445268317205	False
Odanacatib	15575	3.3958254e-06	400	5.02702023375644	False
PLX-4720	17509	3.3496406e-06	401	5.039587784340832	False
Ripretinib	14494	3.3210767e-06	402	5.052155334925223	False
Cefaloridine	20268	3.2845394e-06	403	5.064722885509614	False
Acetic Acid Salicyloyl-Amino-Ester	15996	3.2840635e-06	404	5.077290436094005	False
Apixaban	15019	3.196646e-06	405	5.089857986678396	False
Asunaprevir	15043	3.1813456e-06	406	5.102425537262787	False
K-00546	17219	3.1620748e-06	407	5.1149930878471785	False
Ivermectin	15450	3.120661e-06	408	5.12756063843157	False
Delavirdine	14967	3.098822e-06	409	5.140128189015961	False
Enzalutamide	14408	3.0971792e-06	410	5.152695739600352	False
Fexofenadine	14266	3.0899866e-06	411	5.165263290184742	False
Amcinonide	14941	3.058639e-06	412	5.1778308407691345	False
Colchicine	14338	3.0227886e-06	413	5.190398391353526	False
Beraprost	15810	2.9937787e-06	414	5.202965941937916	False
N-(5-{[(2S)-4-amino-2-(3-chlorophenyl)butanoyl]amino}-1H-indazol-3-yl)benzamide	19956	2.9899293e-06	415	5.215533492522308	False
Loxoprofen	15816	2.9881335e-06	416	5.228101043106698	False
Enalapril	14200	2.9708235e-06	417	5.2406685936910895	False
Loratadine	14950	2.9356806e-06	418	5.253236144275481	False
Remdesivir	15267	2.9101418e-06	419	5.265803694859872	False
Eslicarbazepine	15741	2.9040507e-06	420	5.278371245444262	False
Encorafenib	15243	2.8968452e-06	421	5.290938796028654	False
Aprepitant	15455	2.8562126e-06	422	5.303506346613045	False
Saquinavir	14319	2.8236584e-06	423	5.316073897197436	False
Caspofungin	15443	2.7786518e-06	424	5.328641447781828	False
Silibinin	15861	2.75686e-06	425	5.341208998366218	False
Hydroxy-Phenyl-Acetic Acid 8-Methyl-8-Aza-Bicyclo[3.2.1]Oct-3-Yl Ester	19395	2.7482447e-06	426	5.353776548950609	False
Vadimezan	15355	2.7392514e-06	427	5.3663440995350005	False
Trimethadione	15434	2.7310946e-06	428	5.378911650119392	False
(1E)-5-(1-piperidin-4-yl-3-pyridin-4-yl-1H-pyrazol-4-yl)-2,3-dihydro-1H-inden-1-one oxime	17511	2.724999e-06	429	5.391479200703783	False
Voriconazole	14602	2.6937323e-06	430	5.404046751288174	False
Clofazimine	14247	2.669351e-06	431	5.416614301872565	False
Sodium aurothiomalate	15860	2.662375e-06	432	5.429181852456956	False
Risdiplam	14498	2.6475577e-06	433	5.441749403041348	False
Prednylidene	15060	2.626353e-06	434	5.454316953625738	False
Idelalisib	15033	2.6051569e-06	435	5.46688450421013	False
Prasugrel	14379	2.6014502e-06	436	5.47945205479452	False
Piroxicam	14191	2.6008795e-06	437	5.492019605378911	False
Teniposide	14948	2.597905e-06	438	5.5045871559633035	False
Fentanyl	14241	2.5691106e-06	439	5.517154706547694	False
Mometasone	14970	2.5525258e-06	440	5.529722257132085	False
Cisapride	14958	2.5409165e-06	441	5.542289807716476	False
Sitaxentan	15562	2.5384509e-06	442	5.554857358300867	False
Pirfenidone	14371	2.5245618e-06	443	5.567424908885258	False
Esomeprazole	15462	2.523238e-06	444	5.57999245946965	False
Rucaparib	15057	2.5213521e-06	445	5.59256001005404	False
Prucalopride	14384	2.4951285e-06	446	5.605127560638431	False
Telithromycin	15478	2.492517e-06	447	5.617695111222823	False
Opicapone	15812	2.4840408e-06	448	5.630262661807214	False
Halometasone	15062	2.4635724e-06	449	5.642830212391605	False
Piperacillin	20262	2.4521432e-06	450	5.655397762975996	False
6-CHLORO-3-(3-METHYLISOXAZOL-5-YL)-4-PHENYLQUINOLIN-2(1H)-ONE	17895	2.4513247e-06	451	5.667965313560387	False
Gallopamil	15699	2.441796e-06	452	5.680532864144778	False
Edaravone	20270	2.4038272e-06	453	5.6931004147291695	False
Raltegravir	15859	2.390791e-06	454	5.705667965313561	False
Lifitegrast	15798	2.383654e-06	455	5.718235515897952	False
Mirabegron	14406	2.3731588e-06	456	5.730803066482343	False
Triamcinolone	14023	2.3643643e-06	457	5.743370617066733	False
Rimegepant	15687	2.350735e-06	458	5.7559381676511245	False
Lorcaserin	15188	2.3351547e-06	459	5.768505718235516	False
Halofantrine	14998	2.3312339e-06	460	5.781073268819907	False
Mebendazole	15867	2.328481e-06	461	5.793640819404298	False
Phenylbutazone	15465	2.3276552e-06	462	5.806208369988689	False
Novobiocin	20234	2.3212774e-06	463	5.8187759205730805	False
Desonide	15500	2.3160524e-06	464	5.831343471157472	False
Edoxudine	14473	2.2864383e-06	465	5.843911021741863	False
Guaiacol	17378	2.2710653e-06	466	5.856478572326253	False
Amprenavir	14966	2.256525e-06	467	5.869046122910645	False
Tolbutamide	14304	2.252846e-06	468	5.8816136734950355	False
Atovaquone	15485	2.250222e-06	469	5.894181224079427	False
Sulfamethoxazole	14279	2.217128e-06	470	5.906748774663819	False
Methsuximide	15837	2.2134138e-06	471	5.919316325248209	False
Fluticasone	14040	2.1784394e-06	472	5.9318838758326	False
Lurbinectedin	14468	2.1773783e-06	473	5.944451426416991	False
Mestranol	15507	2.1739338e-06	474	5.957018977001383	False
Tesmilifene	15190	2.1255444e-06	475	5.969586527585773	False
Telaprevir	14375	2.1214294e-06	476	5.982154078170165	False
Irinotecan	14231	2.100799e-06	477	5.994721628754555	False
Flurbiprofen	14219	2.0888742e-06	478	6.0072891793389465	False
Prednisone acetate	15068	2.0827754e-06	479	6.0198567299233385	False
Voxelotor	15747	2.0656805e-06	480	6.032424280507729	False
Imatinib	14207	2.024564e-06	481	6.04499183109212	False
(5R)-5-(4-{[(2R)-6-HYDROXY-2,5,7,8-TETRAMETHYL-3,4-DIHYDRO-2H-CHROMEN-2-YL]METHOXY}BENZYL)-1,3-THIAZOLIDINE-2,4-DIONE	14571	2.0192806e-06	482	6.057559381676511	False
Suprofen	14252	2.011834e-06	483	6.070126932260902	False
5-[(2-methyl-5-{[3-(trifluoromethyl)phenyl]carbamoyl}phenyl)amino]pyridine-3-carboxamide	19981	1.9638662e-06	484	6.082694482845294	False
Prednisolone hemisuccinate	15065	1.9349873e-06	485	6.095262033429685	False
ethyl 3-[(E)-2-amino-1-cyanoethenyl]-6,7-dichloro-1-methyl-1H-indole-2-carboxylate	19116	1.9289807e-06	486	6.107829584014075	False
Fluocortolone	15032	1.918527e-06	487	6.120397134598467	False
Lefamulin	15697	1.9050535e-06	488	6.132964685182858	False
Clascoterone	15249	1.8957724e-06	489	6.145532235767249	False
Debromohymenialdisine	17725	1.8940591e-06	490	6.158099786351641	False
Fluticasone propionate	14020	1.8849071e-06	491	6.170667336936031	False
Methimazole	15121	1.878834e-06	492	6.183234887520422	False
Morphine	14150	1.8668671e-06	493	6.195802438104813	False
Anastrozole	14997	1.8659025e-06	494	6.2083699886892045	False
Curcumin sulfate	14757	1.8612532e-06	495	6.220937539273596	False
Meloxicam	14242	1.8561074e-06	496	6.233505089857987	False
Gadoxetic acid	20244	1.8079464e-06	497	6.246072640442378	False
Cefonicid	14333	1.807574e-06	498	6.258640191026769	False
Buprenorphine	14981	1.8042156e-06	499	6.27120774161116	False
5-CYANO-FURAN-2-CARBOXYLIC ACID [5-HYDROXYMETHYL-2-(4-METHYL-PIPERIDIN-1-YL)-PHENYL]-AMIDE	17894	1.7810171e-06	500	6.283775292195551	False
Fosaprepitant	15578	1.7807879e-06	501	6.296342842779942	False
Efavirenz	14209	1.7790243e-06	502	6.308910393364334	False
Ketoconazole	14281	1.775062e-06	503	6.321477943948725	False
Testosterone	14208	1.7711372e-06	504	6.3340454945331155	False
Lidocaine	14940	1.7628126e-06	505	6.346613045117507	False
Avanafil	15561	1.7505095e-06	506	6.359180595701898	False
TG100-115	18873	1.7435237e-06	507	6.371748146286289	False
Cilostazol	14991	1.7423833e-06	508	6.384315696870679	False
Muraglitazar	15359	1.7394001e-06	509	6.3968832474550705	False
Vandetanib	14373	1.738095e-06	510	6.409450798039462	False
Daunorubicin	14789	1.7359382e-06	511	6.422018348623854	False
Bicalutamide	15143	1.7169906e-06	512	6.434585899208245	False
Doravirine	15056	1.6970891e-06	513	6.447153449792635	False
Rifaximin	15496	1.6939538e-06	514	6.4597210003770265	False
Chlorpropamide	14603	1.6669824e-06	515	6.472288550961418	False
Debrisoquine	15183	1.6567757e-06	516	6.484856101545809	False
S,R-Warfarin alcohol	14397	1.6527136e-06	517	6.497423652130199	False
Abemaciclib	14462	1.6277705e-06	518	6.50999120271459	False
Bosentan	15446	1.612779e-06	519	6.522558753298982	False
Cloprednol	15063	1.6013886e-06	520	6.535126303883374	False
Resiquimod	16505	1.6011656e-06	521	6.547693854467765	False
Vincristine	14955	1.5847013e-06	522	6.560261405052155	False
Delafloxacin	14459	1.5705017e-06	523	6.572828955636546	False
Riociguat	14409	1.5504503e-06	524	6.585396506220937	False
Avapritinib	15750	1.5498413e-06	525	6.5979640568053295	False
Zafirlukast	14601	1.548395e-06	526	6.610531607389719	False
Nitroprusside	15866	1.5418993e-06	527	6.62309915797411	False
Somapacitan	14497	1.5398392e-06	528	6.635666708558502	False
Aminoglutethimide	15437	1.5395484e-06	529	6.648234259142893	False
Cabozantinib	15596	1.5382248e-06	530	6.6608018097272845	False
Dexloxiglumide	15005	1.5341826e-06	531	6.673369360311675	False
Warfarin	14216	1.5324893e-06	532	6.685936910896066	False
Clocortolone acetate	15069	1.5283589e-06	533	6.698504461480457	False
Banoxantrone	15545	1.5250799e-06	534	6.711072012064849	False
Rosiglitazone	14165	1.5215295e-06	535	6.723639562649239	False
Lomitapide	15591	1.4855295e-06	536	6.736207113233631	False
Axitinib	15020	1.4822407e-06	537	6.748774663818022	False
Noscapine	15556	1.4366891e-06	538	6.761342214402413	False
Foretinib	15896	1.4272526e-06	539	6.773909764986804	False
Filgotinib	15768	1.4244596e-06	540	6.786477315571195	False
Apremilast	15349	1.4232429e-06	541	6.799044866155586	False
Fenofibrate	14284	1.4180687e-06	542	6.811612416739978	False
Cethromycin	15016	1.4094669e-06	543	6.824179967324369	False
Regorafenib	15599	1.3939085e-06	544	6.8367475179087585	False
Aceclofenac	15794	1.3854108e-06	545	6.8493150684931505	False
Chloramphenicol	14949	1.380377e-06	546	6.861882619077542	False
Fluocinonide	14033	1.3377477e-06	547	6.874450169661933	False
Torasemide	14133	1.3362076e-06	548	6.887017720246325	False
Dexamethasone isonicotinate	15041	1.3350713e-06	549	6.899585270830714	False
Dimethyl sulfoxide	14063	1.3281831e-06	550	6.912152821415106	False
Pazopanib	15205	1.3251669e-06	551	6.924720371999498	False
Acetohexamide	14166	1.3248017e-06	552	6.937287922583889	False
Dronabinol	14598	1.3097582e-06	553	6.94985547316828	False
Favipiravir	14466	1.2935847e-06	554	6.96242302375267	False
Estradiol	14235	1.2896442e-06	555	6.9749905743370615	False
1-tert-butyl-3-(3-methylbenzyl)-1H-pyrazolo[3,4-d]pyrimidin-4-amine	20033	1.2838583e-06	556	6.987558124921453	False
Mephenytoin	14505	1.2811612e-06	557	7.000125675505845	False
Afatinib	17356	1.2664852e-06	558	7.012693226090234	False
Tenofovir alafenamide	14428	1.2603441e-06	559	7.025260776674626	False
Vicriviroc	15021	1.2559669e-06	560	7.037828327259017	False
Cobimetinib	14765	1.2497849e-06	561	7.050395877843409	False
Rivaroxaban	15010	1.2434589e-06	562	7.0629634284278	False
Methoxsalen	15303	1.242737e-06	563	7.07553097901219	False
Valbenazine	15050	1.2269895e-06	564	7.088098529596581	False
Bosutinib	15572	1.2216652e-06	565	7.100666080180973	False
Montelukast	14599	1.2079023e-06	566	7.1132336307653645	False
Testosterone cypionate	14476	1.2035099e-06	567	7.125801181349754	False
Bortezomib	15077	1.1822145e-06	568	7.138368731934146	False
Arhalofenate	16631	1.1806203e-06	569	7.150936282518537	False
Binimetinib	15391	1.1751184e-06	570	7.163503833102928	False
Nifedipine	14301	1.1629342e-06	571	7.17607138368732	False
Hydromorphone	14157	1.1509278e-06	572	7.18863893427171	False
Sulfasalazine	15982	1.1442976e-06	573	7.201206484856101	False
Acenocoumarol	14341	1.1410567e-06	574	7.213774035440493	False
Megestrol acetate	15435	1.1373281e-06	575	7.226341586024884	False
Clinafloxacin	15266	1.1230663e-06	576	7.238909136609275	False
Sacubitril	16786	1.1186378e-06	577	7.251476687193666	False
Cortivazol	15058	1.1109312e-06	578	7.264044237778057	False
Ponatinib	15030	1.1090161e-06	579	7.276611788362448	False
Leflunomide	15324	1.1051394e-06	580	7.28917933894684	False
Rolapitant	15238	1.0999314e-06	581	7.30174688953123	False
Indomethacin	14158	1.0977769e-06	582	7.314314440115622	False
Camptothecin	14364	1.0786106e-06	583	7.326881990700013	False
Vortioxetine	15035	1.0745439e-06	584	7.339449541284404	False
Digitoxin	14339	1.0707579e-06	585	7.352017091868794	False
Carbamazepine	14956	1.0587486e-06	586	7.364584642453186	False
Terodiline	15718	1.0566928e-06	587	7.377152193037577	False
(S)-3-(4-(2-Carbazol-9-Yl-Ethoxy)-Phenyl)-2-Ethoxy-Propionic Acid	16608	1.0531796e-06	588	7.389719743621968	False
Cefacetrile	20264	1.0528372e-06	589	7.40228729420636	False
AMG-131	16610	1.052792e-06	590	7.414854844790749	False
Mesalazine	15876	1.045508e-06	591	7.4274223953751415	False
Temsirolimus	15012	1.0444058e-06	592	7.439989945959533	False
Dirithromycin	15476	1.0440036e-06	593	7.452557496543924	False
Hydrocortisone cypionate	14044	1.0393771e-06	594	7.465125047128315	False
Mifepristone	14973	1.0183944e-06	595	7.477692597712705	False
Adenosine phosphate	14632	1.0159422e-06	596	7.4902601482970965	False
Dorsomorphin	16778	1.0094291e-06	597	7.502827698881489	False
Diflunisal	14062	9.995812e-07	598	7.51539524946588	False
Amsacrine	16301	9.831648e-07	599	7.52796280005027	False
Lenvatinib	15230	9.823251e-07	600	7.540530350634661	False
Fludrocortisone	14027	9.726397e-07	601	7.5530979012190524	False
Domperidone	14994	9.713706e-07	602	7.565665451803444	False
Dabigatran etexilate	14650	9.646408e-07	603	7.578233002387835	False
Clobetasol propionate	14032	9.629109e-07	604	7.590800552972225	False
Pantoprazole	15420	9.599796e-07	605	7.603368103556616	False
Cabazitaxel	15025	9.563346e-07	606	7.615935654141008	False
Digoxin	15840	9.557156e-07	607	7.6285032047253996	False
Ticagrelor	14399	9.5337873e-07	608	7.64107075530979	False
Selpercatinib	15752	9.477348e-07	609	7.653638305894181	False
3-[3-chloro-5-(5-{[(1S)-1-phenylethyl]amino}isoxazolo[5,4-c]pyridin-3-yl)phenyl]propan-1-ol	19740	9.4005185e-07	610	7.666205856478572	False
Palbociclib	14412	9.26716e-07	611	7.678773407062963	False
Fedratinib	15250	9.232906e-07	612	7.6913409576473555	False
Paclitaxel	14792	9.171003e-07	613	7.703908508231745	False
Enfortumab vedotin	15701	9.107343e-07	614	7.716476058816137	False
Tadalafil	14971	9.103114e-07	615	7.729043609400528	False
Potassium perchlorate	14433	9.019783e-07	616	7.741611159984919	False
Bupivacaine	15088	8.993782e-07	617	7.75417871056931	False
Doramectin	15644	8.9585313e-07	618	7.766746261153701	False
XL281	16043	8.909897e-07	619	7.779313811738092	False
Enasidenib	15263	8.908444e-07	620	7.791881362322483	False
(2S)-2-(4-chlorophenoxy)-3-phenylpropanoic acid	16630	8.846481e-07	621	7.804448912906875	False
Fenoprofen	14197	8.7413315e-07	622	7.817016463491265	False
Pentamidine	14696	8.733241e-07	623	7.829584014075657	False
Lumefantrine	15213	8.5723246e-07	624	7.842151564660048	False
Midostaurin	15018	8.5419583e-07	625	7.854719115244439	False
Trifarotene	15696	8.5051516e-07	626	7.867286665828829	False
Trimethoprim	15299	8.4352547e-07	627	7.879854216413221	False
Fendiline	15606	8.42486e-07	628	7.892421766997612	False
CYT006-AngQb	16213	8.4092073e-07	629	7.904989317582004	False
Oxymetholone	14383	8.350764e-07	630	7.917556868166395	False
3-[3-(3-methyl-6-{[(1S)-1-phenylethyl]amino}-1H-pyrazolo[4,3-c]pyridin-1-yl)phenyl]propanamide	19741	8.299522e-07	631	7.930124418750785	False
Clobetasol	15047	8.290623e-07	632	7.9426919693351765	False
Itraconazole	14992	8.227054e-07	633	7.955259519919568	False
Ibuprofen	14287	8.218624e-07	634	7.967827070503959	False
Ethosuximide	15449	8.2006403e-07	635	7.980394621088351	False
2-{5-[3-(7-PROPYL-3-TRIFLUOROMETHYLBENZO[D]ISOXAZOL-6-YLOXY)PROPOXY]INDOL-1-YL}ETHANOIC ACID	16614	8.156463e-07	636	7.99296217167274	False
Pravastatin	17407	8.031778e-07	637	8.005529722257132	False
Udenafil	15011	7.9725044e-07	638	8.018097272841523	False
Black cohosh	15264	7.934035e-07	639	8.030664823425916	False
CPG 10101	18728	7.9133144e-07	640	8.043232374010305	False
Liotrix	14064	7.870385e-07	641	8.055799924594696	False
Phosphonotyrosine	17284	7.8634974e-07	642	8.068367475179087	False
Testosterone undecanoate	14478	7.832736e-07	643	8.080935025763479	False
Phenelzine	14884	7.815485e-07	644	8.09350257634787	False
Taurochenodeoxycholic acid	15592	7.775154e-07	645	8.106070126932261	False
Difluocortolone	15037	7.768343e-07	646	8.118637677516652	False
Vecuronium	17649	7.710536e-07	647	8.131205228101043	False
Quinidine	14258	7.6806805e-07	648	8.143772778685435	False
Nateglinide	14222	7.65378e-07	649	8.156340329269824	False
Tertatolol	15262	7.5710847e-07	650	8.168907879854217	False
Mepartricin	15716	7.495242e-07	651	8.181475430438608	False
Methylprednisone	15700	7.469703e-07	652	8.194042981023	False
Niclosamide	15365	7.4545727e-07	653	8.20661053160739	False
Iopodic acid	14429	7.442603e-07	654	8.21917808219178	False
(4S,5E,7Z,10Z,13Z,16Z,19Z)-4-hydroxydocosa-5,7,10,13,16,19-hexaenoic acid	16615	7.432453e-07	655	8.231745632776171	False
Etynodiol	15724	7.321245e-07	656	8.244313183360564	False
Cabotegravir	20269	7.284333e-07	657	8.256880733944955	False
Caroverine	15722	7.269676e-07	658	8.269448284529345	False
Lusutrombopag	14699	7.2532015e-07	659	8.282015835113736	False
Lercanidipine	14953	7.209403e-07	660	8.294583385698127	False
Saracatinib	15665	7.1908767e-07	661	8.307150936282518	False
Benzyl alcohol	14638	7.151969e-07	662	8.31971848686691	False
Mirvetuximab Soravtansine	15689	7.1107553e-07	663	8.3322860374513	False
Naloxegol	15228	7.0980786e-07	664	8.344853588035692	False
Diclofenac	14061	7.0963455e-07	665	8.357421138620083	False
(5E,14E)-11-oxoprosta-5,9,12,14-tetraen-1-oic acid	16628	7.020517e-07	666	8.369988689204474	False
Leukotriene C4	16324	6.9543796e-07	667	8.382556239788865	False
Levosalbutamol	15254	6.941558e-07	668	8.395123790373257	False
Quingestanol	15717	6.9169755e-07	669	8.407691340957648	False
SPP1148	16811	6.8787756e-07	670	8.420258891542039	False
Hydroxyprogesterone caproate	15026	6.875522e-07	671	8.43282644212643	False
Sertraline	14299	6.874447e-07	672	8.44539399271082	False
Hyperforin	15991	6.8653407e-07	673	8.457961543295212	False
Aldosterone	14688	6.8181856e-07	674	8.470529093879604	False
Dipyridamole	16550	6.773809e-07	675	8.483096644463995	False
3-FLUORO-N-[1-(4-FLUOROPHENYL)-3-(2-THIENYL)-1H-PYRAZOL-5-YL]BENZENESULFONAMIDE	16629	6.769495e-07	676	8.495664195048384	False
Tiagabine	15472	6.765158e-07	677	8.508231745632775	False
Docetaxel	14793	6.757324e-07	678	8.520799296217167	False
Saxagliptin	15013	6.7570727e-07	679	8.533366846801558	False
Fluoxetine	14176	6.7440226e-07	680	8.54593439738595	False
Thiabendazole	15307	6.720922e-07	681	8.55850194797034	False
Baricitinib	15666	6.71481e-07	682	8.571069498554731	False
Eslicarbazepine acetate	15620	6.710578e-07	683	8.583637049139123	False
Dihydroergocryptine	15708	6.6173357e-07	684	8.596204599723514	False
Gatifloxacin	14285	6.613235e-07	685	8.608772150307905	False
Fluprednidene	15031	6.6060363e-07	686	8.621339700892296	False
Sildenafil	14937	6.5975877e-07	687	8.633907251476687	False
Fluprednisolone	15639	6.551291e-07	688	8.646474802061078	False
(9Z,11E,13S)-13-hydroxyoctadeca-9,11-dienoic acid	16613	6.487513e-07	689	8.65904235264547	False
Tamoxifen	14213	6.413204e-07	690	8.67160990322986	False
Candicidin	15488	6.3919066e-07	691	8.684177453814252	False
Amoxicillin	14291	6.384724e-07	692	8.696745004398643	False
Aminohippuric acid	20202	6.366531e-07	693	8.709312554983034	False
Primaquine	14790	6.357898e-07	694	8.721880105567426	False
5-androstenedione	15512	6.330773e-07	695	8.734447656151815	False
Duloxetine	14177	6.302184e-07	696	8.747015206736206	False
Lesinurad	15653	6.299816e-07	697	8.759582757320599	False
Bedaquiline	15600	6.2984225e-07	698	8.77215030790499	False
Quinupristin	15508	6.2891974e-07	699	8.78471785848938	False
Lidoflazine	15720	6.2734426e-07	700	8.79728540907377	False
Quinine	14951	6.2502545e-07	701	8.809852959658162	False
Topiramate	14144	6.2418076e-07	702	8.822420510242553	False
Tacrolimus	14251	6.230817e-07	703	8.834988060826946	False
Darodipine	15631	6.1945923e-07	704	8.847555611411336	False
5,6-Dihydro-Benzo[H]Cinnolin-3-Ylamine	19108	6.1671295e-07	705	8.860123161995727	False
Grapiprant	14469	6.14161e-07	706	8.872690712580118	False
Albendazole	15302	6.1337437e-07	707	8.88525826316451	False
Ubrogepant	14908	6.106865e-07	708	8.8978258137489	False
Selamectin	15647	6.088135e-07	709	8.910393364333292	False
Retapamulin	15499	6.0650126e-07	710	8.922960914917683	False
Rhein	15255	6.043511e-07	711	8.935528465502074	False
(5R,6E,8Z,11Z,14Z,17Z)-5-hydroxyicosa-6,8,11,14,17-pentaenoic acid	16616	5.993559e-07	712	8.948096016086465	False
Methyltestosterone	14387	5.992787e-07	713	8.960663566670855	False
Cefoperazone	14334	5.9651325e-07	714	8.973231117255247	False
Penfluridol	15721	5.920789e-07	715	8.985798667839639	False
Fluprednisolone acetate	15743	5.861573e-07	716	8.99836621842403	False
Zomepirac	14367	5.852714e-07	717	9.01093376900842	False
Bencyclane	15712	5.8435506e-07	718	9.02350131959281	False
Suvorexant	15611	5.8375963e-07	719	9.036068870177202	False
Nafcillin	14205	5.829079e-07	720	9.048636420761595	False
Conjugated estrogens	14147	5.821074e-07	721	9.061203971345986	False
Tegafur	14516	5.814388e-07	722	9.073771521930375	False
Romidepsin	15009	5.810586e-07	723	9.086339072514766	False
Aminophenazone	14687	5.802916e-07	724	9.098906623099158	False
Nomegestrol acetate	15729	5.801732e-07	725	9.111474173683549	False
Miocamycin	15704	5.750338e-07	726	9.124041724267942	False
Difloxacin	15384	5.7257137e-07	727	9.136609274852331	False
6-O-benzylguanine	15669	5.725298e-07	728	9.149176825436722	False
(8E,10S,12Z)-10-hydroxy-6-oxooctadeca-8,12-dienoic acid	16617	5.724927e-07	729	9.161744376021113	False
Cefotiam	20261	5.671087e-07	730	9.174311926605505	False
Octreotide	14127	5.6407896e-07	731	9.186879477189896	False
Oxiconazole	15422	5.638972e-07	732	9.199447027774287	False
Clotrimazole	15084	5.597346e-07	733	9.212014578358678	False
Doripenem	14798	5.5911255e-07	734	9.22458212894307	False
Olaparib	15036	5.5848693e-07	735	9.23714967952746	False
SNS-314	18266	5.583442e-07	736	9.24971723011185	False
Pyridoxine	14132	5.578747e-07	737	9.262284780696243	False
Tranilast	15586	5.5785983e-07	738	9.274852331280634	False
Arsenic trioxide	14313	5.5657756e-07	739	9.287419881865025	False
Indapamide	14240	5.564242e-07	740	9.299987432449415	False
Tazobactam	20265	5.5423374e-07	741	9.312554983033806	False
Ticlopidine	14771	5.541661e-07	742	9.325122533618197	False
(2S)-2-(biphenyl-4-yloxy)-3-phenylpropanoic acid	16625	5.538264e-07	743	9.33769008420259	False
Dalfopristin	15522	5.5139475e-07	744	9.350257634786981	False
Bucindolol	15253	5.4953165e-07	745	9.36282518537137	False
Fluprednidene acetate	15066	5.4787444e-07	746	9.375392735955762	False
Temocapril	16697	5.475031e-07	747	9.387960286540153	False
Abametapir	15390	5.448165e-07	748	9.400527837124544	False
Glimepiride	15770	5.4069477e-07	749	9.413095387708935	False
Argatroban	14146	5.3968864e-07	750	9.425662938293327	False
Methylene blue	14424	5.3921326e-07	751	9.438230488877718	False
Hydrocodone	15132	5.387301e-07	752	9.450798039462109	False
Sorafenib	14945	5.203829e-07	753	9.4633655900465	False
Norgestimate	14268	5.1926304e-07	754	9.475933140630891	False
Reboxetine	15083	5.171607e-07	755	9.488500691215283	False
Dasatinib	14794	5.151508e-07	756	9.501068241799674	False
Naveglitazar	16632	5.1302794e-07	757	9.513635792384065	False
(2S)-2-(4-ethylphenoxy)-3-phenylpropanoic acid	16623	5.075358e-07	758	9.526203342968454	False
Kitasamycin	15637	5.071584e-07	759	9.538770893552845	False
Balsalazide	15985	5.026246e-07	760	9.551338444137238	False
Cupric oxide	14438	5.0174145e-07	761	9.56390599472163	False
Naftopidil	15677	4.9733006e-07	762	9.57647354530602	False
Remacemide	15568	4.9716556e-07	763	9.58904109589041	False
KX-01	15195	4.9318464e-07	764	9.601608646474801	False
Oxybutynin	14292	4.906934e-07	765	9.614176197059193	False
Natamycin	15469	4.891889e-07	766	9.626743747643584	False
Crisaborole	15791	4.8776013e-07	767	9.639311298227977	False
RAF-265	17044	4.8587896e-07	768	9.651878848812366	False
Eluxadoline	17165	4.84337e-07	769	9.664446399396757	False
Formestane	15601	4.8216265e-07	770	9.677013949981148	False
Cortisone	15071	4.8211115e-07	771	9.68958150056554	False
Sulconazole	15219	4.819172e-07	772	9.70214905114993	False
Enrasentan	16052	4.816378e-07	773	9.714716601734322	False
Ouabain	17626	4.800484e-07	774	9.727284152318713	False
Taurocholic acid	19111	4.7807475e-07	775	9.739851702903104	False
Sirolimus	14975	4.7455524e-07	776	9.752419253487496	False
Ajmaline	14548	4.7272584e-07	777	9.764986804071887	False
Nomegestrol	15658	4.6973105e-07	778	9.777554354656278	False
Tilmicosin	15649	4.687175e-07	779	9.79012190524067	False
Niludipine	15634	4.6270094e-07	780	9.80268945582506	False
Oxycodone	14182	4.5989418e-07	781	9.81525700640945	False
Loteprednol etabonate	14754	4.5902001e-07	782	9.827824556993841	False
Danoprevir	15663	4.585838e-07	783	9.840392107578232	False
Atenolol	14162	4.5779072e-07	784	9.852959658162625	False
Lacosamide	15559	4.5706352e-07	785	9.865527208747016	False
Celecoxib	15101	4.5705306e-07	786	9.878094759331406	False
Amphotericin B	15456	4.5665396e-07	787	9.890662309915797	False
Nalmefene	15879	4.5447123e-07	788	9.903229860500188	False
Indalpine	15605	4.5410127e-07	789	9.91579741108458	False
Eperisone	15607	4.5039297e-07	790	9.92836496166897	False
Licofelone	15788	4.4889902e-07	791	9.940932512253362	False
Staurosporine	16318	4.4746884e-07	792	9.953500062837753	False
Venetoclax	15654	4.4715915e-07	793	9.966067613422144	False
Melengestrol acetate	15070	4.4515338e-07	794	9.978635164006535	False
Tenapanor	15048	4.4331813e-07	795	9.991202714590926	False
Tildipirosin	15648	4.417587e-07	796	10.003770265175318	False
Ambroxol	15579	4.3941412e-07	797	10.016337815759709	False
Oxyphenbutazone	14356	4.3442859e-07	798	10.0289053663441	False
Diphenadione	15707	4.3217443e-07	799	10.04147291692849	False
Midecamycin	15711	4.317188e-07	800	10.05404046751288	False
Laquinimod	15576	4.313727e-07	801	10.066608018097273	False
Benzocaine	15763	4.2977499e-07	802	10.079175568681665	False
Flecainide	14316	4.261609e-07	803	10.091743119266056	False
Pinacidil	15580	4.2187457e-07	804	10.104310669850445	False
Enfuvirtide	15820	4.2170925e-07	805	10.116878220434836	False
Hyaluronidase (ovine)	14126	4.1698502e-07	806	10.129445771019228	False
Fluvastatin	14987	4.1643105e-07	807	10.14201332160362	False
XL999	16492	4.1597696e-07	808	10.15458087218801	False
Thiotepa	14868	4.1578977e-07	809	10.167148422772401	False
Azimilide	15007	4.1488272e-07	810	10.179715973356792	False
Ramelteon	15319	4.0789547e-07	811	10.192283523941184	False
Methylprednisolone hemisuccinate	15067	4.078725e-07	812	10.204851074525575	False
Glyphosate	14361	4.0640208e-07	813	10.217418625109966	False
Estradiol cypionate	14481	4.0434236e-07	814	10.229986175694357	False
CHGN111	19115	4.039311e-07	815	10.242553726278748	False
Oliceridine	15268	4.0234212e-07	816	10.25512127686314	False
Biricodar	17751	3.9881417e-07	817	10.26768882744753	False
Indisulam	15202	3.987267e-07	818	10.280256378031922	False
Vardenafil	14974	3.984557e-07	819	10.292823928616313	False
Perampanel	15029	3.9665557e-07	820	10.305391479200704	False
5-methyltetrahydrofolic acid	15955	3.9614974e-07	821	10.317959029785095	False
1-(2-Phenylethyl)-4-phenyl-4-acetoxypiperidine	15172	3.957344e-07	822	10.330526580369485	False
Tezacaftor	15045	3.9363482e-07	823	10.343094130953876	False
Osilodrostat	15049	3.9307324e-07	824	10.355661681538269	False
Chloroquine	14206	3.896853e-07	825	10.36822923212266	False
Chlormadinone	15714	3.8891528e-07	826	10.380796782707051	False
Pradefovir mesylate	19386	3.8809978e-07	827	10.39336433329144	False
Imiquimod	15461	3.8735618e-07	828	10.405931883875832	False
Imidafenacin	14425	3.804434e-07	829	10.418499434460223	False
Melengestrol	15651	3.7752883e-07	830	10.431066985044616	False
Purvalanol A	17861	3.7654505e-07	831	10.443634535629005	False
Naldemedine	15880	3.7567415e-07	832	10.456202086213397	False
N-[4-(2-CHLOROPHENYL)-1,3-DIOXO-1,2,3,6-TETRAHYDROPYRROLO[3,4-C]CARBAZOL-9-YL]FORMAMIDE	19487	3.7539587e-07	833	10.468769636797788	False
Tioconazole	14818	3.7531322e-07	834	10.481337187382179	False
Tazemetostat	15698	3.7449445e-07	835	10.49390473796657	False
Enclomiphene	15217	3.744866e-07	836	10.506472288550961	False
Norethindrone enanthate	15744	3.726746e-07	837	10.519039839135353	False
Promegestone	15715	3.724376e-07	838	10.531607389719744	False
Zaleplon	14982	3.7152768e-07	839	10.544174940304135	False
Etoposide	14604	3.7028045e-07	840	10.556742490888524	False
TM30339	19328	3.618775e-07	841	10.569310041472917	False
Capric acid	14357	3.6088804e-07	842	10.581877592057308	False
Modafinil	14968	3.5802051e-07	843	10.5944451426417	False
9(S)-HODE	16619	3.5703204e-07	844	10.60701269322609	False
Hexatantalum Dodecabromide	19966	3.5684585e-07	845	10.61958024381048	False
Trastuzumab emtansine	15008	3.5551568e-07	846	10.632147794394871	False
Dexibuprofen	14419	3.5358397e-07	847	10.644715344979264	False
Acetylsalicylic acid	15781	3.516014e-07	848	10.657282895563656	False
Protoporphyrin Ix Containing Co	15993	3.487797e-07	849	10.669850446148045	False
Estrone	14211	3.4860514e-07	850	10.682417996732436	False
Moclobemide	14885	3.4680954e-07	851	10.694985547316827	False
3,5-diiodothyropropionic acid	15694	3.455563e-07	852	10.707553097901219	False
Zidovudine	14181	3.4552497e-07	853	10.720120648485612	False
Carprofen	15983	3.452562e-07	854	10.732688199070001	False
Dacomitinib	14460	3.442071e-07	855	10.745255749654392	False
Methohexital	15833	3.440686e-07	856	10.757823300238783	False
Flavone	18612	3.4316878e-07	857	10.770390850823174	False
Citalopram	15082	3.429319e-07	858	10.782958401407566	False
Diacerein	16723	3.4208523e-07	859	10.795525951991957	False
Indenolol	15224	3.4100842e-07	860	10.808093502576348	False
Nabumetone	14175	3.4034107e-07	861	10.82066105316074	False
Liothyronine	14059	3.3946068e-07	862	10.83322860374513	False
Ketoprofen	14278	3.3693914e-07	863	10.84579615432952	False
Conivaptan	15470	3.356633e-07	864	10.858363704913913	False
Testosterone enanthate	14477	3.352164e-07	865	10.870931255498304	False
Ipecac	15256	3.3330596e-07	866	10.883498806082695	False
Fluorouracil	14190	3.3278954e-07	867	10.896066356667086	False
Valproic acid	14153	3.3217916e-07	868	10.908633907251476	False
Calanolide A	15540	3.319983e-07	869	10.921201457835867	False
Quinapril	14255	3.301418e-07	870	10.93376900842026	False
Equilenin	15527	3.2985855e-07	871	10.946336559004651	False
Daidzin	16466	3.292451e-07	872	10.95890410958904	False
1-[5-Methyl-2-(trifluoromethyl)furan-3-yl]-3-[5-[2-[[6-(1H-1,2,4-triazol-5-ylamino)pyrimidin-4-yl]amino]ethyl]-1,3-thiazol-2-yl]urea	19742	3.26567e-07	873	10.971471660173432	False
Sofosbuvir	14714	3.2625417e-07	874	10.984039210757823	False
Nabiximols	14661	3.253109e-07	875	10.996606761342214	False
Carboxyamidotriazole	15672	3.2495154e-07	876	11.009174311926607	False
Cimetidine	14729	3.234554e-07	877	11.021741862510996	False
6-(3-AMINOPROPYL)-4,9-DIMETHYLPYRROLO[3,4-C]CARBAZOLE-1,3(2H,6H)-DIONE	19109	3.2296316e-07	878	11.034309413095388	False
Hydrocortisone succinate	14732	3.2133883e-07	879	11.046876963679779	False
Levothyroxine	14060	3.2037312e-07	880	11.05944451426417	False
Epofolate	15682	3.1997035e-07	881	11.072012064848561	False
ORE-1001	19651	3.1970623e-07	882	11.084579615432952	False
Estradiol valerate	14483	3.1912228e-07	883	11.097147166017344	False
Paramethadione	15453	3.189376e-07	884	11.109714716601735	False
Sparfloxacin	15327	3.183244e-07	885	11.122282267186126	False
Landiolol	15248	3.1829646e-07	886	11.134849817770515	False
Tezosentan	16053	3.179997e-07	887	11.147417368354908	False
Amlodipine	14944	3.173251e-07	888	11.1599849189393	False
Prenylamine	15533	3.1708458e-07	889	11.17255246952369	False
Sulfanilamide	15085	3.140528e-07	890	11.18512002010808	False
Rifalazil	15544	3.1159547e-07	891	11.197687570692471	False
Stavudine	14210	3.109878e-07	892	11.210255121276862	False
Flunarizine	15184	3.1030876e-07	893	11.222822671861255	False
Indacaterol	15546	3.0933845e-07	894	11.235390222445647	False
Caffeine	14783	3.0891982e-07	895	11.247957773030036	False
Iodine	14374	3.0868776e-07	896	11.260525323614427	False
Iproniazid	14893	3.083629e-07	897	11.273092874198818	False
Arbutin	14440	3.079691e-07	898	11.28566042478321	False
Anisodamine	15246	3.0777738e-07	899	11.2982279753676	False
Obeticholic acid	15352	3.074409e-07	900	11.310795525951992	False
Tretinoin	14229	3.0687494e-07	901	11.323363076536383	False
Oxamniquine	15142	3.0664032e-07	902	11.335930627120774	False
Terguride	15709	3.0473896e-07	903	11.348498177705165	False
2-((9H-PURIN-6-YLTHIO)METHYL)-5-CHLORO-3-(2-METHOXYPHENYL)QUINAZOLIN-4(3H)-ONE	18874	3.0379303e-07	904	11.361065728289557	False
Aliskiren	15609	3.015387e-07	905	11.373633278873948	False
Astemizole	14960	3.0106258e-07	906	11.386200829458339	False
Formoterol	14272	3.0081318e-07	907	11.39876838004273	False
Cannabidiol	14656	3.0025373e-07	908	11.411335930627121	False
Darglitazone	16633	2.9892405e-07	909	11.42390348121151	False
Ursodeoxycholic acid	15822	2.9577046e-07	910	11.436471031795904	False
Epanolol	15261	2.952274e-07	911	11.449038582380295	False
Tucatinib	14708	2.9449686e-07	912	11.461606132964686	False
ATP	15852	2.929084e-07	913	11.474173683549076	False
Chlorzoxazone	15091	2.9285258e-07	914	11.486741234133467	False
Vigabatrin	15782	2.9157707e-07	915	11.499308784717858	False
6-Deoxyerythronolide B	15529	2.9070412e-07	916	11.511876335302249	False
KOS-1584	15554	2.899596e-07	917	11.524443885886642	False
Phenylbutyric acid	15218	2.8813858e-07	918	11.537011436471031	False
Sagopilone	15686	2.8780767e-07	919	11.549578987055423	False
Tacrine	15294	2.8724745e-07	920	11.562146537639814	False
Nebivolol	14369	2.8604518e-07	921	11.574714088224205	False
Tylvalosin	15652	2.8597262e-07	922	11.587281638808596	False
Oxytetracycline	14201	2.850493e-07	923	11.599849189392987	False
Tasosartan	15505	2.843282e-07	924	11.612416739977379	False
Methotrexate	14194	2.841921e-07	925	11.62498429056177	False
Tetracycline	14230	2.8305283e-07	926	11.637551841146161	False
Phenobarbital	14993	2.8069988e-07	927	11.650119391730552	False
Remoxipride	14580	2.7912864e-07	928	11.662686942314943	False
Almotriptan	14900	2.790634e-07	929	11.675254492899334	False
Tenoxicam	15775	2.7847537e-07	930	11.687822043483726	False
Grepafloxacin	15293	2.7731562e-07	931	11.700389594068115	False
Esterified estrogens	14519	2.7471756e-07	932	11.712957144652506	False
Tolcapone	15772	2.7371337e-07	933	11.725524695236897	False
Pyrazolanthrone	18593	2.7274507e-07	934	11.73809224582129	False
Lorvotuzumab mertansine	15676	2.7072193e-07	935	11.750659796405682	False
Nintedanib	14413	2.6932645e-07	936	11.763227346990071	False
AP-22408	17873	2.680399e-07	937	11.775794897574462	False
Etoricoxib	15178	2.6717044e-07	938	11.788362448158853	False
Desogestrel	14151	2.667488e-07	939	11.800929998743245	False
Propylthiouracil	14640	2.659482e-07	940	11.813497549327638	False
Exenatide	14328	2.6532095e-07	941	11.826065099912027	False
Choline magnesium trisalicylate	15987	2.6486865e-07	942	11.838632650496418	False
Flutamide	14787	2.648396e-07	943	11.85120020108081	False
Ceftriaxone	14318	2.6325068e-07	944	11.8637677516652	False
Pitolisant	14447	2.6293478e-07	945	11.876335302249592	False
Cloranolol	15258	2.5890822e-07	946	11.888902852833983	False
Ezogabine	15844	2.5357673e-07	947	11.901470403418374	False
Buspirone	14180	2.5318525e-07	948	11.914037954002765	False
Lapatinib	15000	2.518826e-07	949	11.926605504587156	False
Rhodamine 6G	20232	2.5150572e-07	950	11.939173055171546	False
Pipotiazine	14349	2.493168e-07	951	11.951740605755939	False
1-Tert-Butyl-3-(4-Chloro-Phenyl)-1h-Pyrazolo[3,4-D]Pyrimidin-4-Ylamine	17844	2.485526e-07	952	11.96430815634033	False
Chlorthalidone	14152	2.4851113e-07	953	11.976875706924721	False
Salsalate	15986	2.4779405e-07	954	11.98944325750911	False
Naloxone	14314	2.4730585e-07	955	12.002010808093502	False
4-(2-chlorophenyl)-8-(2-hydroxyethyl)-6-methylpyrrolo[3,4-e]indole-1,3(2H,6H)-dione	19488	2.468706e-07	956	12.014578358677893	False
3-[5-(2-nitropent-1-en-1-yl)furan-2-yl]benzoic acid	16626	2.4676586e-07	957	12.027145909262286	False
Ulipristal	14404	2.4608903e-07	958	12.039713459846677	False
4-(4-METHYLPIPERAZIN-1-YL)-N-[5-(2-THIENYLACETYL)-1,5-DIHYDROPYRROLO[3,4-C]PYRAZOL-3-YL]BENZAMIDE	18268	2.4577287e-07	959	12.052281010431066	False
Nabilone	15776	2.4575226e-07	960	12.064848561015458	False
Levofloxacin	14309	2.451731e-07	961	12.077416111599849	False
Dutasteride	14305	2.451537e-07	962	12.08998366218424	False
Glisoxepide	15785	2.4458134e-07	963	12.102551212768631	False
Doxycycline	15425	2.4445026e-07	964	12.115118763353022	False
Doxorubicin	14275	2.4420237e-07	965	12.127686313937414	False
Osimertinib	15377	2.4366264e-07	966	12.140253864521805	False
Vilazodone	15209	2.4033451e-07	967	12.152821415106196	False
Antipyrine	15167	2.4033017e-07	968	12.165388965690587	False
Umifenovir	15061	2.4030746e-07	969	12.177956516274978	False
XL844	19511	2.3856816e-07	970	12.19052406685937	False
Indirubin	19692	2.3586477e-07	971	12.20309161744376	False
KAI-1455	19596	2.3552022e-07	972	12.21565916802815	False
Estradiol benzoate	14480	2.3550807e-07	973	12.228226718612541	False
Carbomycin	15643	2.3547236e-07	974	12.240794269196934	False
Plitidepsin	14697	2.3519205e-07	975	12.253361819781325	False
Edoxaban	16667	2.3467807e-07	976	12.265929370365717	False
Glutaric Acid	20236	2.3435177e-07	977	12.278496920950106	False
Abivertinib	17721	2.3248833e-07	978	12.291064471534497	False
Otilonium	15713	2.3209624e-07	979	12.303632022118888	False
2,3-DIPHENYL-N-(2-PIPERAZIN-1-YLETHYL)FURO[2,3-B]PYRIDIN-4-AMINE	17876	2.2846675e-07	980	12.316199572703281	False
Gliquidone	15784	2.2829687e-07	981	12.32876712328767	False
Dihomo-gamma-linolenic acid	14573	2.2807751e-07	982	12.341334673872062	False
Becaplermin	16583	2.2785032e-07	983	12.353902224456453	False
Ropivacaine	15292	2.2601273e-07	984	12.366469775040844	False
Tenofovir	14484	2.2415617e-07	985	12.379037325625236	False
Norethisterone	14221	2.2315092e-07	986	12.391604876209627	False
Beta-D-Glucose	15755	2.1933037e-07	987	12.404172426794018	False
2-{5-[3-(6-BENZOYL-1-PROPYLNAPHTHALEN-2-YLOXY)PROPOXY]INDOL-1-YL}ETHANOIC ACID	16609	2.190181e-07	988	12.416739977378409	False
Bisindolylmaleimide I	18761	2.1745467e-07	989	12.4293075279628	False
Mizolastine	15251	2.1647472e-07	990	12.441875078547191	False
Myrrh	15894	2.1519341e-07	991	12.454442629131583	False
Myricetin	18870	2.1417769e-07	992	12.467010179715974	False
Arachidonic Acid	14362	2.1385807e-07	993	12.479577730300365	False
Silver	17379	2.134929e-07	994	12.492145280884756	False
Bempedoic acid	14690	2.1288763e-07	995	12.504712831469147	False
Erdafitinib	15680	2.1102376e-07	996	12.517280382053539	False
Alvocidib	15857	2.0922505e-07	997	12.529847932637928	False
Raloxifene	14179	2.0911136e-07	998	12.54241548322232	False
Echothiophate	14290	2.0907146e-07	999	12.55498303380671	False
Miconazole	14300	2.0787421e-07	1000	12.567550584391102	False
Vibegron	15746	2.0702744e-07	1001	12.580118134975493	False
Methadone	14160	2.0670272e-07	1002	12.592685685559884	False
Droxicam	16003	2.0441345e-07	1003	12.605253236144275	False
Eliglustat	15226	2.0162005e-07	1004	12.617820786728668	False
Azathioprine	14273	2.0077273e-07	1005	12.63038833731306	False
Fluocinolone acetonide	14021	1.9910073e-07	1006	12.64295588789745	False
Bilastine	17259	1.9825566e-07	1007	12.655523438481838	False
Selinexor	15670	1.9761404e-07	1008	12.668090989066231	False
Clomipramine	14325	1.9667175e-07	1009	12.680658539650622	False
Hydroxyprogesterone	15740	1.956022e-07	1010	12.693226090235013	False
Hydrochlorothiazide	14276	1.9534492e-07	1011	12.705793640819405	False
Levomilnacipran	15222	1.9119466e-07	1012	12.718361191403796	False
Diethylcarbamazine	14844	1.8940018e-07	1013	12.730928741988187	False
Pexidartinib	14471	1.890362e-07	1014	12.743496292572578	False
Cefazolin	14332	1.8901169e-07	1015	12.75606384315697	False
Tranylcypromine	15119	1.8880343e-07	1016	12.768631393741359	False
Bryostatin 1	15661	1.881741e-07	1017	12.78119894432575	False
Tenofovir disoproxil	15889	1.8731075e-07	1018	12.793766494910141	False
Theophylline	14784	1.8640158e-07	1019	12.806334045494532	False
Dihydrocodeine	15171	1.8636194e-07	1020	12.818901596078923	False
Tafamidis	17023	1.8576397e-07	1021	12.831469146663316	False
Quercetin	14359	1.8481417e-07	1022	12.844036697247708	False
Ertiprotafib	16257	1.8459151e-07	1023	12.856604247832099	False
Isavuconazole	15044	1.8187187e-07	1024	12.86917179841649	False
Flurithromycin	15705	1.8136127e-07	1025	12.88173934900088	False
1-methyl-3-naphthalen-2-yl-1H-pyrazolo[3,4-d]pyrimidin-4-amine	18878	1.805705e-07	1026	12.89430689958527	False
Technetium Tc-99m sestamibi	20233	1.8030067e-07	1027	12.906874450169662	False
4-{[(Z)-(5-oxo-2-phenyl-1,3-oxazol-4(5H)-ylidene)methyl]amino}butanoic acid	20009	1.7989345e-07	1028	12.919442000754053	False
Menthyl salicylate	16006	1.7912957e-07	1029	12.932009551338444	False
MK-1775	19491	1.7674506e-07	1030	12.944577101922835	False
Talazoparib	19030	1.7594003e-07	1031	12.957144652507226	False
Macitentan	14410	1.7527265e-07	1032	12.969712203091618	False
Perospirone	15223	1.7345764e-07	1033	12.98227975367601	False
CLX-0921	16611	1.732781e-07	1034	12.994847304260398	False
Eletriptan	14596	1.7197128e-07	1035	13.00741485484479	False
5-QUINOXALIN-6-YLMETHYLENE-THIAZOLIDINE-2,4-DIONE	18871	1.7103507e-07	1036	13.01998240542918	False
Timolol	15095	1.7075914e-07	1037	13.032549956013572	False
Medrogestone	14039	1.7071372e-07	1038	13.045117506597965	False
Methaqualone	15535	1.69221e-07	1039	13.057685057182356	False
Rufinamide	14378	1.6759759e-07	1040	13.070252607766747	False
Dexketoprofen	14616	1.6711384e-07	1041	13.082820158351138	False
Allopurinol	14911	1.6709758e-07	1042	13.09538770893553	False
Eplerenone	14965	1.6441649e-07	1043	13.107955259519919	False
Talniflumate	14617	1.6418349e-07	1044	13.12052281010431	False
Phencyclidine	15871	1.6362998e-07	1045	13.133090360688701	False
Ditiocarb	15004	1.6352686e-07	1046	13.145657911273092	False
5,5-dimethyl-2-morpholin-4-yl-5,6-dihydro-1,3-benzothiazol-7(4H)-one	18876	1.6300572e-07	1047	13.158225461857484	False
Dalfampridine	15826	1.6253956e-07	1048	13.170793012441875	False
3-(5-methoxy-1H-indol-3-yl)propanoic acid	16622	1.619289e-07	1049	13.183360563026266	False
Norfloxacin	15322	1.6121177e-07	1050	13.195928113610659	False
Tylosin	15650	1.61148e-07	1051	13.20849566419505	False
XL765	18872	1.611042e-07	1052	13.221063214779438	False
Phenyl salicylate	16004	1.6062448e-07	1053	13.233630765363829	False
Zonisamide	14979	1.6036856e-07	1054	13.24619831594822	False
Sulfinpyrazone	14574	1.6023189e-07	1055	13.258765866532613	False
Phenformin	15129	1.600242e-07	1056	13.271333417117004	False
Tapentadol	15199	1.5768215e-07	1057	13.283900967701396	False
Progesterone	14685	1.5767012e-07	1058	13.296468518285787	False
Clevidipine	14869	1.573155e-07	1059	13.309036068870178	False
Glutathione	14877	1.5710125e-07	1060	13.321603619454569	False
Fluorescein	19896	1.566865e-07	1061	13.334171170038958	False
Propranolol	14196	1.5666707e-07	1062	13.34673872062335	False
Amiodarone	14302	1.5477806e-07	1063	13.35930627120774	False
NADH	14586	1.541733e-07	1064	13.371873821792132	False
Lasmiditan	15244	1.5154775e-07	1065	13.384441372376523	False
Nisoldipine	14946	1.4936123e-07	1066	13.397008922960914	False
Aspartame	17115	1.4881498e-07	1067	13.409576473545307	False
Hydroxyzine	14193	1.4729753e-07	1068	13.422144024129699	False
N-(2-chlorophenyl)-5-phenylimidazo[1,5-a]pyrazin-8-amine	17878	1.4687839e-07	1069	13.43471157471409	False
Ethyl biscoumacetate	14925	1.4549985e-07	1070	13.447279125298477	False
Ranitidine	14702	1.4541732e-07	1071	13.459846675882869	False
Levocarnitine	16322	1.450457e-07	1072	13.472414226467261	False
Valdecoxib	15447	1.4494766e-07	1073	13.484981777051653	False
Elvitegravir	15619	1.4364409e-07	1074	13.497549327636044	False
Ofloxacin	15326	1.4345967e-07	1075	13.510116878220435	False
Brigatinib	15683	1.4314904e-07	1076	13.522684428804826	False
N-(2-chloro-6-methylphenyl)-8-[(3S)-3-methylpiperazin-1-yl]imidazo[1,5-a]quinoxalin-4-amine	17880	1.4259422e-07	1077	13.535251979389217	False
Rofecoxib	14600	1.4044993e-07	1078	13.547819529973609	False
Cyclosporine	14934	1.3990956e-07	1079	13.560387080557998	False
Ospemifene	15191	1.3973514e-07	1080	13.57295463114239	False
Trastuzumab deruxtecan	14746	1.3946142e-07	1081	13.58552218172678	False
Oleandomycin	15646	1.3895853e-07	1082	13.598089732311172	False
Venlafaxine	15087	1.3872364e-07	1083	13.610657282895563	False
Clofibrate	14507	1.3777016e-07	1084	13.623224833479956	False
Cholecystokinin	16045	1.3726367e-07	1085	13.635792384064347	False
Ixabepilone	15539	1.3679387e-07	1086	13.648359934648738	False
Felbamate	15475	1.359362e-07	1087	13.66092748523313	False
9-HYDROXY-4-PHENYL-6H-PYRROLO[3,4-C]CARBAZOLE-1,3-DIONE	19485	1.355618e-07	1088	13.673495035817517	False
Curcumin	14739	1.3516794e-07	1089	13.68606258640191	False
Taribavirin	16752	1.348282e-07	1090	13.698630136986301	False
Trolamine salicylate	16005	1.3477741e-07	1091	13.711197687570692	False
Tipifarnib	19293	1.345465e-07	1092	13.723765238155083	False
Macimorelin	15702	1.3425644e-07	1093	13.736332788739475	False
Propacetamol	14748	1.3375802e-07	1094	13.748900339323866	False
Mevastatin	15764	1.3347615e-07	1095	13.761467889908257	False
Onapristone	17781	1.3288404e-07	1096	13.77403544049265	False
Sphingosine	19134	1.3208526e-07	1097	13.786602991077041	False
Niguldipine	15633	1.3153394e-07	1098	13.799170541661429	False
2-mercaptobenzothiazole	17346	1.3118054e-07	1099	13.81173809224582	False
Piperine	15693	1.3035807e-07	1100	13.824305642830211	False
Dacarbazine	15315	1.3030638e-07	1101	13.836873193414604	False
Tiaprofenic acid	15989	1.3027841e-07	1102	13.849440743998995	False
2-tert-butyl-9-fluoro-1,6-dihydrobenzo[h]imidazo[4,5-f]isoquinolin-7-one	19315	1.3010794e-07	1103	13.862008294583386	False
N-{3-[(4-{[3-(TRIFLUOROMETHYL)PHENYL]AMINO}PYRIMIDIN-2-YL)AMINO]PHENYL}CYCLOPROPANECARBOXAMIDE	18272	1.3010497e-07	1104	13.874575845167778	False
Annamycin	17664	1.3001342e-07	1105	13.887143395752169	False
Eprinomectin	15645	1.288718e-07	1106	13.89971094633656	False
Ridaforolimus	15560	1.2814199e-07	1107	13.91227849692095	False
Olopatadine	14232	1.2802852e-07	1108	13.92484604750534	False
Enzastaurin	17210	1.2769318e-07	1109	13.937413598089732	False
Nilvadipine	15577	1.2766749e-07	1110	13.949981148674123	False
Enprofylline	15957	1.2759665e-07	1111	13.962548699258514	False
Ebastine	15660	1.2758242e-07	1112	13.975116249842905	False
(8R,9Z,12Z)-8-hydroxy-6-oxooctadeca-9,12-dienoic acid	16618	1.2734866e-07	1113	13.987683800427298	False
Fenfluramine	14957	1.2634317e-07	1114	14.00025135101169	False
Toremifene	15444	1.2615666e-07	1115	14.01281890159608	False
Teduglutide	19197	1.2564266e-07	1116	14.025386452180468	False
Alogliptin	15198	1.2555844e-07	1117	14.03795400276486	False
2-Methoxyestradiol	14529	1.254554e-07	1118	14.050521553349252	False
Meclofenamic acid	14509	1.2505284e-07	1119	14.063089103933644	False
Capmatinib	15388	1.2493257e-07	1120	14.075656654518035	False
(2S)-2-ETHOXY-3-{4-[2-(10H-PHENOXAZIN-10-YL)ETHOXY]PHENYL}PROPANOIC ACID	16621	1.2488944e-07	1121	14.088224205102426	False
Metformin	16588	1.2488087e-07	1122	14.100791755686817	False
Bifonazole	14820	1.247604e-07	1123	14.113359306271208	False
Cyclobenzaprine	14260	1.2370123e-07	1124	14.1259268568556	False
(3Z)-N,N-DIMETHYL-2-OXO-3-(4,5,6,7-TETRAHYDRO-1H-INDOL-2-YLMETHYLIDENE)-2,3-DIHYDRO-1H-INDOLE-5-SULFONAMIDE	17146	1.227977e-07	1125	14.138494407439989	False
Icosapent	14131	1.2242084e-07	1126	14.15106195802438	False
Manidipine	15237	1.2225424e-07	1127	14.163629508608771	False
Siponimod	15685	1.2220424e-07	1128	14.176197059193163	False
Biotin	14782	1.2182362e-07	1129	14.188764609777554	False
Miltefosine	14876	1.2099622e-07	1130	14.201332160361947	False
3-(2-AMINOQUINAZOLIN-6-YL)-4-METHYL-N-[3-(TRIFLUOROMETHYL)PHENYL]BENZAMIDE	17875	1.2055796e-07	1131	14.213899710946338	False
Amitriptyline	14156	1.2055415e-07	1132	14.226467261530729	False
4-[(2-{4-[(CYCLOPROPYLCARBAMOYL)AMINO]-1H-PYRAZOL-3-YL}-1H-BENZIMIDAZOL-6-YL)METHYL]MORPHOLIN-4-IUM	19319	1.2046841e-07	1133	14.23903481211512	False
Streptozocin	15298	1.2033867e-07	1134	14.251602362699508	False
Riluzole	15308	1.2001581e-07	1135	14.2641699132839	False
Acyclovir	14237	1.1991101e-07	1136	14.276737463868292	False
Echinacea	15738	1.189925e-07	1137	14.289305014452683	False
Didanosine	14256	1.1647483e-07	1138	14.301872565037074	False
Floxuridine	14504	1.1613808e-07	1139	14.314440115621466	False
Rupatadine	15241	1.1525419e-07	1140	14.327007666205857	False
Lauric acid	14354	1.1450154e-07	1141	14.339575216790248	False
Cetirizine	17229	1.1431486e-07	1142	14.35214276737464	False
Phosphonothreonine	18108	1.1422059e-07	1143	14.364710317959029	False
{4-[(2S)-2-Acetamido-3-({(1S)-1-[3-carbamoyl-4-(cyclohexylmethoxy)phenyl]ethyl}amino)-3-oxopropyl]-2-phosphonophenoxy}acetic acid	17874	1.131777e-07	1144	14.37727786854342	False
Phenytoin	14141	1.130958e-07	1145	14.389845419127811	False
Rokitamycin	15710	1.12572195e-07	1146	14.402412969712202	False
Dexlansoprazole	15549	1.1256769e-07	1147	14.414980520296595	False
Peginterferon alfa-2b	15072	1.1202932e-07	1148	14.427548070880986	False
1,4-Dithiothreitol	16528	1.1133849e-07	1149	14.440115621465377	False
Gibberellin A4	19969	1.1122727e-07	1150	14.452683172049769	False
Gilteritinib	14463	1.1084373e-07	1151	14.46525072263416	False
Mibefradil	14731	1.1076405e-07	1152	14.47781827321855	False
Desmopressin	14595	1.1050071e-07	1153	14.49038582380294	False
D-[(N-Hydroxyamino)Carbonyl]Phenylalanine	19762	1.0963619e-07	1154	14.502953374387332	False
Dinoprostone	16220	1.0934069e-07	1155	14.515520924971723	False
Desirudin	15884	1.08688425e-07	1156	14.528088475556114	False
Parachlorophenol	19162	1.0868552e-07	1157	14.540656026140505	False
Gibberellic acid	19968	1.0821823e-07	1158	14.553223576724896	False
Hydroflumethiazide	14233	1.0813797e-07	1159	14.565791127309287	False
Cefamandole	20235	1.0796197e-07	1160	14.57835867789368	False
Trapidil	16585	1.079282e-07	1161	14.590926228478068	False
Estradiol acetate	14479	1.0770898e-07	1162	14.60349377906246	False
Bupropion	14544	1.0767201e-07	1163	14.61606132964685	False
Rimonabant	15555	1.07340234e-07	1164	14.628628880231243	False
Oxcarbazepine	14234	1.05854e-07	1165	14.641196430815635	False
Terfenadine	14942	1.0532694e-07	1166	14.653763981400026	False
Bimatoprost	14978	1.04645515e-07	1167	14.666331531984417	False
Lypressin	16527	1.0420415e-07	1168	14.678899082568808	False
Endostatin	14823	1.0392586e-07	1169	14.6914666331532	False
5,6-DIPHENYL-N-(2-PIPERAZIN-1-YLETHYL)FURO[2,3-D]PYRIMIDIN-4-AMINE	17877	1.0386384e-07	1170	14.704034183737589	False
Hymenialdisine	17995	1.03331715e-07	1171	14.71660173432198	False
Tofisopam	15589	1.02777214e-07	1172	14.729169284906371	False
Ribavirin	14662	1.02221016e-07	1173	14.741736835490762	False
Foreskin fibroblast (neonatal)	16034	1.02214194e-07	1174	14.754304386075153	False
Doxazosin	15108	1.0196475e-07	1175	14.766871936659545	False
Deoxycholic acid	17797	1.0194998e-07	1176	14.779439487243936	False
Ethanol	14587	1.0140425e-07	1177	14.792007037828329	False
Indocyanine green acid form	14743	1.0132826e-07	1178	14.80457458841272	False
Levocetirizine	14381	1.0095536e-07	1179	14.817142138997108	False
TERT-BUTYL 4-({[4-(BUT-2-YN-1-YLAMINO)PHENYL]SULFONYL}METHYL)-4-[(HYDROXYAMINO)CARBONYL]PIPERIDINE-1-CARBOXYLATE	18209	1.007824e-07	1180	14.829709689581499	False
Granisetron	15471	1.0077991e-07	1181	14.842277240165892	False
difluoro(5-{2-[(5-octyl-1H-pyrrol-2-yl-kappaN)methylidene]-2H-pyrrol-5-yl-kappaN}pentanoato)boron	16620	1.00491214e-07	1182	14.854844790750283	False
Pralatrexate	14727	9.949319e-08	1183	14.867412341334674	False
Trazodone	14962	9.925247e-08	1184	14.879979891919065	False
R-348	19642	9.920307e-08	1185	14.892547442503457	False
2-{4-[4-(4-Chloro-Phenoxy)-Benzenesulfonyl]-Tetrahydro-Pyran-4-Yl}-N-Hydroxy-Acetamide	18202	9.85575e-08	1186	14.905114993087848	False
Mitoxantrone	14791	9.8293555e-08	1187	14.917682543672239	False
Bismuth subsalicylate	14115	9.826037e-08	1188	14.93025009425663	False
Ondansetron	14977	9.7880275e-08	1189	14.94281764484102	False
XL820	16584	9.681636e-08	1190	14.95538519542541	False
Pyrimethamine	15808	9.641059e-08	1191	14.967952746009802	False
Salmeterol	14263	9.585501e-08	1192	14.980520296594193	False
Clonidine	14198	9.532955e-08	1193	14.993087847178584	False
Cenisertib	18267	9.5102536e-08	1194	15.005655397762977	False
Bictegravir	15664	9.491986e-08	1195	15.018222948347368	False
(2R)-2-benzyl-3-nitropropanoic acid	19763	9.45379e-08	1196	15.03079049893176	False
Lornoxicam	15793	9.441969e-08	1197	15.04335804951615	False
Palmitic Acid	14358	9.389976e-08	1198	15.05592560010054	False
CYC116	17041	9.3135625e-08	1199	15.068493150684931	False
Nicardipine	14959	9.306406e-08	1200	15.081060701269323	False
Ketamine	14610	9.262524e-08	1201	15.093628251853714	False
Furosemide	14217	9.14055e-08	1202	15.106195802438105	False
Propofol	14244	9.0846704e-08	1203	15.118763353022496	False
O-(((1R)-((N-(PHENYL-METHOXY-CARBONYL)-ALANYL)-AMINO)METHYL)HYDROXYPHOSPHINYL)3-L-PHENYLLACTATE	19764	9.079023e-08	1204	15.131330903606887	False
Pyridoxal phosphate	15906	9.057317e-08	1205	15.143898454191278	False
AKI-001	18269	9.0178595e-08	1206	15.15646600477567	False
Sumatriptan	14899	8.992559e-08	1207	15.169033555360059	False
Nilutamide	15272	8.972445e-08	1208	15.18160110594445	False
SU9516	17996	8.965824e-08	1209	15.194168656528841	False
Liraglutide	14385	8.948825e-08	1210	15.206736207113233	False
Glyburide	14280	8.866712e-08	1211	15.219303757697626	False
Dapsone	14597	8.855338e-08	1212	15.231871308282017	False
Capecitabine	14758	8.756662e-08	1213	15.244438858866408	False
Semaglutide	14475	8.749517e-08	1214	15.257006409450799	False
Nizatidine	14843	8.740042e-08	1215	15.26957396003519	False
Pimozide	14988	8.7314945e-08	1216	15.28214151061958	False
Ganciclovir	20263	8.729929e-08	1217	15.294709061203971	False
Myristic acid	14394	8.709855e-08	1218	15.307276611788362	False
Malathion	15309	8.701187e-08	1219	15.319844162372753	False
Oxandrolone	15777	8.673399e-08	1220	15.332411712957144	False
4-{[1-METHYL-2,4-DIOXO-6-(3-PHENYLPROP-1-YN-1-YL)-1,4-DIHYDROQUINAZOLIN-3(2H)-YL]METHYL}BENZOIC ACID	18210	8.61073e-08	1221	15.344979263541536	False
Hexane-1,6-Diol	17778	8.54188e-08	1222	15.357546814125927	False
Thalidomide	14606	8.538817e-08	1223	15.370114364710318	False
Ramatroban	19700	8.510882e-08	1224	15.382681915294711	False
Nitric Oxide	14634	8.492932e-08	1225	15.395249465879099	False
D-Cysteine	19759	8.4124814e-08	1226	15.40781701646349	False
Solithromycin	15636	8.407573e-08	1227	15.420384567047881	False
Cilastatin	18687	8.397861e-08	1228	15.432952117632274	False
Mequitazine	15139	8.309685e-08	1229	15.445519668216665	False
N-[1-(AMINOMETHYL)CYCLOPROPYL]-3-(MORPHOLIN-4-YLSULFONYL)-N~2~-[(1S)-2,2,2-TRIFLUORO-1-(4-FLUOROPHENYL)ETHYL]-L-ALANINAMIDE	18979	8.2591534e-08	1230	15.458087218801056	False
WIN 55212-2	15727	8.224271e-08	1231	15.470654769385447	False
Ergometrine	15498	8.200399e-08	1232	15.483222319969839	False
Glycerol phenylbutyrate	14725	8.184914e-08	1233	15.49578987055423	False
Aprindine	14549	8.183212e-08	1234	15.50835742113862	False
Cefotaxime	17376	8.176941e-08	1235	15.52092497172301	False
Risperidone	14223	8.146972e-08	1236	15.533492522307402	False
Clozapine	15093	8.144487e-08	1237	15.546060072891793	False
N-butyl-3-{[6-(9H-purin-6-ylamino)hexanoyl]amino}benzamide	18273	8.1299746e-08	1238	15.558627623476184	False
Vinblastine	15107	8.129464e-08	1239	15.571195174060575	False
Hypericin	14472	8.085639e-08	1240	15.583762724644966	False
9-aminocamptothecin	15690	8.0689844e-08	1241	15.59633027522936	False
Bezafibrate	15510	8.061185e-08	1242	15.60889782581375	False
Parecoxib	15587	7.970856e-08	1243	15.621465376398138	False
Menadione	14834	7.969412e-08	1244	15.63403292698253	False
CTS-1027	18212	7.9491755e-08	1245	15.646600477566922	False
Asparaginase Erwinia chrysanthemi	14514	7.9342705e-08	1246	15.659168028151313	False
Hydralazine	14327	7.8965876e-08	1247	15.671735578735705	False
Etofenamate	14515	7.890113e-08	1248	15.684303129320096	False
Doxepin	14310	7.8714294e-08	1249	15.696870679904487	False
(2R)-4,4-dihydroxy-5-nitro-2-(phenylmethyl)pentanoic acid	19765	7.869418e-08	1250	15.709438230488878	False
Apomorphine	14220	7.8380054e-08	1251	15.72200578107327	False
Relebactam	20237	7.822249e-08	1252	15.734573331657659	False
Sparteine	15215	7.7820545e-08	1253	15.74714088224205	False
Somatostatin	15618	7.7501774e-08	1254	15.759708432826441	False
Salicylic acid	14262	7.7118976e-08	1255	15.772275983410832	False
WAY-151693	18203	7.682345e-08	1256	15.784843533995224	False
Ritanserin	15252	7.64456e-08	1257	15.797411084579615	False
Topotecan	15481	7.566459e-08	1258	15.809978635164008	False
Cyclic adenosine monophosphate	19594	7.478678e-08	1259	15.822546185748399	False
1-(5-{2-[(1-methyl-1H-pyrazolo[4,3-d]pyrimidin-7-yl)amino]ethyl}-1,3-thiazol-2-yl)-3-[3-(trifluoromethyl)phenyl]urea	18271	7.4440244e-08	1260	15.83511373633279	False
Cyclizine	15783	7.402327e-08	1261	15.847681286917178	False
2-Benzyl-3-Iodopropanoic Acid	19760	7.396597e-08	1262	15.86024883750157	False
Octanoyl-Coenzyme A	19105	7.368197e-08	1263	15.872816388085962	False
Tecovirimat	15862	7.367297e-08	1264	15.885383938670353	False
Vasopressin	16521	7.351211e-08	1265	15.897951489254744	False
N-hydroxy-4-({4-[4-(trifluoromethyl)phenoxy]phenyl}sulfonyl)tetrahydro-2H-pyran-4-carboxamide	19735	7.248182e-08	1266	15.910519039839135	False
Amiloride	14691	7.233198e-08	1267	15.923086590423527	False
Choline	14653	7.174855e-08	1268	15.935654141007918	False
Levobupivacaine	15321	7.1475924e-08	1269	15.948221691592309	False
Inotuzumab ozogamicin	16558	7.142141e-08	1270	15.960789242176702	False
Famotidine	15316	7.12894e-08	1271	15.97335679276109	False
Aniline	15827	7.056509e-08	1272	15.98592434334548	False
Labetalol	14202	7.043601e-08	1273	15.998491893929872	False
Niflumic acid	15843	7.0084496e-08	1274	16.011059444514263	False
Rocuronium	16874	6.989e-08	1275	16.023626995098656	False
N-(TRANS-4'-NITRO-4-STILBENYL)-N-METHYL-5-AMINO-PENTANOIC ACID	20010	6.945797e-08	1276	16.036194545683045	False
Acetylcysteine	16036	6.8907454e-08	1277	16.04876209626744	False
CRx-119	14037	6.885411e-08	1278	16.06132964685183	False
Olanzapine	14161	6.850736e-08	1279	16.07389719743622	False
Captopril	14317	6.82067e-08	1280	16.08646474802061	False
Dexmedetomidine	15111	6.800095e-08	1281	16.099032298605	False
Thenoyltrifluoroacetone	16541	6.780564e-08	1282	16.111599849189393	False
Voglibose	17833	6.7797494e-08	1283	16.124167399773786	False
Guvacine	16724	6.754271e-08	1284	16.136734950358175	False
Blonanserin	14420	6.743419e-08	1285	16.149302500942568	False
Alisertib	18265	6.7103805e-08	1286	16.161870051526957	False
Ruxolitinib	15597	6.709869e-08	1287	16.17443760211135	False
N-[1-(AMINOMETHYL)CYCLOPROPYL]-3-(BENZYLSULFONYL)-N~2~-[(1S)-2,2,2-TRIFLUORO-1-(4-HYDROXYPHENYL)ETHYL]-L-ALANINAMIDE	18981	6.7095485e-08	1288	16.18700515269574	False
Tegafur-uracil	14759	6.648731e-08	1289	16.19957270328013	False
Morpholine-4-Carboxylic Acid [1s-(2-Benzyloxy-1r-Cyano-Ethylcarbamoyl)-3-Methyl-Butyl]Amide	18976	6.6421904e-08	1290	16.212140253864522	False
Kaempherol	19995	6.614024e-08	1291	16.22470780444891	False
Metoclopramide	14546	6.613671e-08	1292	16.237275355033304	False
Tamsulosin	14541	6.581092e-08	1293	16.249842905617694	False
Acetaminophen	14154	6.573678e-08	1294	16.262410456202087	False
Sotatercept	19630	6.553697e-08	1295	16.274978006786476	False
Seliciclib	14674	6.538764e-08	1296	16.28754555737087	False
5-phenyl-1H-indazol-3-amine	19317	6.53834e-08	1297	16.300113107955262	False
4-HYDROXY-5-IODO-3-NITROPHENYLACETYL-EPSILON-AMINOCAPROIC ACID ANION	20000	6.525109e-08	1298	16.312680658539648	False
Casopitant	17100	6.495457e-08	1299	16.32524820912404	False
N-(1-CYANOCYCLOPROPYL)-3-({[(2S)-5-OXOPYRROLIDIN-2-YL]METHYL}SULFONYL)-N~2~-[(1S)-2,2,2-TRIFLUORO-1-(4-FLUOROPHENYL)ETHYL]-L-ALANINAMIDE	18980	6.463325e-08	1300	16.337815759708434	False
Haloperidol	14952	6.460737e-08	1301	16.350383310292823	False
Bazedoxifene	15881	6.443741e-08	1302	16.362950860877216	False
3-(9-HYDROXY-1,3-DIOXO-4-PHENYL-2,3-DIHYDROPYRROLO[3,4-C]CARBAZOL-6(1H)-YL)PROPANOIC ACID	19489	6.42527e-08	1303	16.375518411461606	False
Resorcinol	17345	6.408747e-08	1304	16.388085962046	False
Meperidine	14171	6.403615e-08	1305	16.400653512630388	False
Tolterodine	15137	6.358389e-08	1306	16.41322106321478	False
Pemetrexed	14802	6.340163e-08	1307	16.42578861379917	False
Zopiclone	14609	6.338917e-08	1308	16.43835616438356	False
Sulodexide	16828	6.296213e-08	1309	16.450923714967953	False
Polatuzumab vedotin	15681	6.291207e-08	1310	16.463491265552342	False
Golotimod	16504	6.282046e-08	1311	16.476058816136735	False
Pseudoephedrine	14249	6.266274e-08	1312	16.488626366721128	False
Ciprofloxacin	14188	6.241189e-08	1313	16.501193917305518	False
3-Phosphono-D-alanine	20117	6.2389994e-08	1314	16.51376146788991	False
Oleic Acid	14360	6.238975e-08	1315	16.5263290184743	False
2-{[(1R,2S)-2-aminocyclohexyl]amino}-4-[(3-methylphenyl)amino]pyrimidine-5-carboxamide	18882	6.208467e-08	1316	16.53889656905869	False
Meclizine	14224	6.2009875e-08	1317	16.551464119643082	False
Disulfiram	14972	6.194061e-08	1318	16.56403167022747	False
Polythiazide	14331	6.166736e-08	1319	16.576599220811865	False
Posizolid	19234	6.1350015e-08	1320	16.589166771396254	False
2-{[4-(4-pyridin-4-yl-1H-pyrazol-3-yl)phenoxy]methyl}quinoline	17499	6.125051e-08	1321	16.601734321980647	False
Revefenacin	14458	6.10073e-08	1322	16.614301872565036	False
Tamatinib	18880	6.09945e-08	1323	16.62686942314943	False
Benzylpenicillin	14288	6.081317e-08	1324	16.63943697373382	False
Halcinonide	15583	6.0401405e-08	1325	16.652004524318208	False
Verapamil	14212	6.038908e-08	1326	16.6645720749026	False
Ximelagatran	15790	6.030264e-08	1327	16.67713962548699	False
Perhexiline	15140	6.027906e-08	1328	16.689707176071384	False
Liothyronine I-131	14521	6.021265e-08	1329	16.702274726655773	False
Mexiletine	15097	6.005276e-08	1330	16.714842277240166	False
Thiothixene	14351	5.989524e-08	1331	16.72740982782456	False
Cp-166572, 2-Hydroxymethyl-4-(4-N,N-Dimethylaminosulfonyl-1-Piperazino)-Pyrimidine	16870	5.9809054e-08	1332	16.73997737840895	False
N-(2,6-dimethylphenyl)-5-phenylimidazo[1,5-a]pyrazin-8-amine	17879	5.971741e-08	1333	16.75254492899334	False
Dexchlorpheniramine	15260	5.9664124e-08	1334	16.76511247957773	False
Vorapaxar	15610	5.9620106e-08	1335	16.77768003016212	False
Ferroheme C	18295	5.956248e-08	1336	16.790247580746513	False
Cysteamine	14248	5.9519092e-08	1337	16.802815131330902	False
Ampicillin	14167	5.9475973e-08	1338	16.815382681915295	False
Diazepam	14245	5.9470075e-08	1339	16.827950232499685	False
2-(2-HYDROXY-CYCLOPENTYL)-PENT-4-ENAL	19744	5.887427e-08	1340	16.840517783084078	False
Volanesorsen	20170	5.8743485e-08	1341	16.853085333668467	False
Hydroxyurea	15134	5.87427e-08	1342	16.86565288425286	False
Esketamine	15667	5.8270224e-08	1343	16.87822043483725	False
Miglitol	15753	5.824345e-08	1344	16.89078798542164	False
Streptomycin	18590	5.8132464e-08	1345	16.903355536006032	False
Estradiol dienanthate	14482	5.7966712e-08	1346	16.915923086590425	False
3-[(3-(2-CARBOXYETHYL)-4-METHYLPYRROL-2-YL)METHYLENE]-2-INDOLINONE	19196	5.790793e-08	1347	16.928490637174814	False
Fosnetupitant	15731	5.7759223e-08	1348	16.941058187759207	False
Minoxidil	15855	5.7696468e-08	1349	16.953625738343597	False
Ipratropium	14159	5.7694923e-08	1350	16.96619328892799	False
Hydroquinone	14434	5.753295e-08	1351	16.97876083951238	False
Sodium acetate	14689	5.7324172e-08	1352	16.99132839009677	False
Human thrombin	15911	5.723699e-08	1353	17.00389594068116	False
Neocitrullamon	14522	5.6985137e-08	1354	17.01646349126555	False
Acebutolol	15153	5.6905854e-08	1355	17.029031041849944	False
Paroxetine	15116	5.6885447e-08	1356	17.041598592434333	False
Ethylmorphine	15169	5.6854102e-08	1357	17.054166143018726	False
Edetate disodium anhydrous	14756	5.6833073e-08	1358	17.066733693603116	False
Clenbuterol	15869	5.6398104e-08	1359	17.07930124418751	False
LGD-1550	16487	5.6312434e-08	1360	17.0918687947719	False
XL019	19316	5.627775e-08	1361	17.10443634535629	False
Indirubin-3'-monoxime	17993	5.6272707e-08	1362	17.11700389594068	False
Levobetaxolol	15239	5.6216283e-08	1363	17.12957144652507	False
Zidovudine monophosphate	18831	5.6022007e-08	1364	17.142138997109463	False
Androstanedione	16566	5.571331e-08	1365	17.154706547693856	False
Bumetanide	14668	5.5095327e-08	1366	17.167274098278245	False
Dronedarone	14368	5.4798726e-08	1367	17.179841648862638	False
Solifenacin	14583	5.4794135e-08	1368	17.192409199447027	False
Tocilizumab	15563	5.4763518e-08	1369	17.20497675003142	False
Procaine	14845	5.466156e-08	1370	17.21754430061581	False
Colforsin	18768	5.4559695e-08	1371	17.2301118512002	False
Tolvaptan	15558	5.4454688e-08	1372	17.242679401784592	False
Thrombin	15910	5.4408172e-08	1373	17.25524695236898	False
Icotinib	15046	5.427406e-08	1374	17.267814502953375	False
Barnidipine	15628	5.3986316e-08	1375	17.280382053537764	False
4-(3-amino-1H-indazol-5-yl)-N-tert-butylbenzenesulfonamide	19318	5.3567007e-08	1376	17.292949604122157	False
Fosamprenavir	15503	5.3288804e-08	1377	17.30551715470655	False
Aminophylline	15328	5.3125106e-08	1378	17.31808470529094	False
Metoprine	19344	5.2808392e-08	1379	17.330652255875332	False
Vernakalant	15200	5.2789158e-08	1380	17.34321980645972	False
Olaratumab	17893	5.2647785e-08	1381	17.35578735704411	False
L-Lysine	16192	5.2644367e-08	1382	17.368354907628504	False
Choline salicylate	14654	5.255739e-08	1383	17.380922458212893	False
Codeine	15089	5.2183307e-08	1384	17.393490008797286	False
Idarubicin	15149	5.1989385e-08	1385	17.406057559381676	False
Isotretinoin	14271	5.1891497e-08	1386	17.41862510996607	False
Griseofulvin	15296	5.1715816e-08	1387	17.431192660550458	False
Glutamic acid	15908	5.1552046e-08	1388	17.44376021113485	False
Maraviroc	15536	5.148159e-08	1389	17.45632776171924	False
L-Glutamine	14584	5.131562e-08	1390	17.46889531230363	False
PYRIMIDINE-4,6-DICARBOXYLIC ACID BIS-(4-FLUORO-3-METHYL-BENZYLAMIDE)	18207	5.116462e-08	1391	17.481462862888023	False
Edetate calcium disodium anhydrous	14755	5.0977295e-08	1392	17.494030413472412	False
1-benzylimidazole	19479	5.0958924e-08	1393	17.506597964056805	False
Flavin adenine dinucleotide	14889	5.09426e-08	1394	17.519165514641198	False
Orphenadrine	15147	5.0927927e-08	1395	17.531733065225588	False
1-3 Sugar Ring of Pentamannosyl 6-Phosphate	20078	5.0622475e-08	1396	17.54430061580998	False
S-(2,4-dinitrophenyl)glutathione	17787	5.0561393e-08	1397	17.55686816639437	False
Tegaserod	15141	5.055156e-08	1398	17.56943571697876	False
Fomepizole	15819	5.0484307e-08	1399	17.582003267563152	False
Carboplatin	14737	5.0433965e-08	1400	17.59457081814754	False
Melperone	15236	5.0427047e-08	1401	17.607138368731935	False
Migalastat	15858	5.002174e-08	1402	17.619705919316324	False
Dolasetron	15120	5.0013625e-08	1403	17.632273469900717	False
Peppermint oil	15379	4.993794e-08	1404	17.644841020485106	False
Resveratrol	14072	4.9458862e-08	1405	17.6574085710695	False
Lysergic acid diethylamide	15182	4.94187e-08	1406	17.669976121653892	False
Oxaliplatin	14736	4.9352096e-08	1407	17.68254367223828	False
(1R)-2-[(CYANOMETHYL)AMINO]-1-({[2-(DIFLUOROMETHOXY)BENZYL]SULFONYL}METHYL)-2-OXOETHYL MORPHOLINE-4-CARBOXYLATE	18984	4.9161848e-08	1408	17.69511122282267	False
Pyridostigmine	17170	4.886186e-08	1409	17.70767877340706	False
Tetraethylammonium	17750	4.867007e-08	1410	17.720246323991454	False
Magnesium salicylate	14340	4.8590213e-08	1411	17.732813874575847	False
N-(3-chlorophenyl)-N-methyl-2-oxo-3-[(3,4,5-trimethyl-1H-pyrrol-2-yl)methyl]-2H-indole-5-sulfonamide	18050	4.8479585e-08	1412	17.745381425160236	False
Reserpine	14938	4.8448157e-08	1413	17.75794897574463	False
Bufexamac	16009	4.8378254e-08	1414	17.77051652632902	False
Lacidipine	14422	4.823424e-08	1415	17.78308407691341	False
Insulin degludec	14435	4.8168417e-08	1416	17.7956516274978	False
Glutathione disulfide	17528	4.7950437e-08	1417	17.80821917808219	False
Zolpidem	15099	4.7650026e-08	1418	17.820786728666583	False
Zucapsaicin	15370	4.7606697e-08	1419	17.833354279250972	False
iCo-007	16044	4.7428422e-08	1420	17.845921829835365	False
Torcetrapib	15865	4.7280565e-08	1421	17.858489380419755	False
Formebolone	16432	4.705152e-08	1422	17.871056931004148	False
Niacin	14506	4.6918707e-08	1423	17.88362448158854	False
Dextropropoxyphene	15112	4.6879794e-08	1424	17.89619203217293	False
BENZYL 6-BENZYL-5,7-DIOXO-6,7-DIHYDRO-5H-[1,3]THIAZOLO[3,2-C]PYRIMIDINE-2-CARBOXYLATE	18213	4.6791804e-08	1425	17.90875958275732	False
Quinacrine	14989	4.6661683e-08	1426	17.92132713334171	False
Glycine	14591	4.6620315e-08	1427	17.933894683926102	False
Clofarabine	15805	4.6528015e-08	1428	17.946462234510495	False
Cholecalciferol	14561	4.6474447e-08	1429	17.959029785094884	False
N-[(1S)-2-[(4-cyano-1-methylpiperidin-4-yl)amino]-1-(cyclohexylmethyl)-2-oxoethyl]morpholine-4-carboxamide	18986	4.6413145e-08	1430	17.971597335679277	False
Desipramine	14543	4.6393673e-08	1431	17.984164886263667	False
5-(2-ETHOXYETHYL)-5-[4-(4-FLUOROPHENOXY)PHENOXY]PYRIMIDINE-2,4,6(1H,3H,5H)-TRIONE	18211	4.63491e-08	1432	17.99673243684806	False
Entacapone	14806	4.6336986e-08	1433	18.00929998743245	False
Telotristat ethyl	16282	4.6327884e-08	1434	18.02186753801684	False
MK-0354	19617	4.6318167e-08	1435	18.03443508860123	False
Minocycline	15914	4.6280988e-08	1436	18.04700263918562	False
Nitrendipine	14985	4.6195616e-08	1437	18.059570189770014	False
Alglucosidase alfa	20077	4.5910227e-08	1438	18.072137740354403	False
Diroximel fumarate	17136	4.5839876e-08	1439	18.084705290938796	False
Morpholine-4-Carboxylic Acid (1-(3-Benzenesulfonyl-1-Phenethylallylcarbamoyl)-3-Methylbutyl)-Amide	18977	4.5813305e-08	1440	18.09727284152319	False
PH-284	16524	4.5710575e-08	1441	18.10984039210758	False
gamma-Glutamyl[S-(2-iodobenzyl)cysteinyl]glycine	16552	4.563209e-08	1442	18.12240794269197	False
Mardepodect	17500	4.5388255e-08	1443	18.13497549327636	False
Radotinib	15970	4.520311e-08	1444	18.14754304386075	False
Bisoprolol	15451	4.5180357e-08	1445	18.160110594445143	False
Asenapine	14380	4.5074056e-08	1446	18.172678145029533	False
Arotinolol	14418	4.493071e-08	1447	18.185245695613926	False
BIS-1,2-{[(Z)-2CARBOXY-2-METHYL-1,3-DIOXANE]-5-YLOXYCARBONYL}-PIPERAZINE	18821	4.4790642e-08	1448	18.197813246198315	False
Ardeparin	16825	4.4615682e-08	1449	18.210380796782708	False
Flufenamic acid	14069	4.4338364e-08	1450	18.222948347367097	False
Opium	14437	4.431748e-08	1451	18.23551589795149	False
Carbetocin	17881	4.429069e-08	1452	18.248083448535883	False
Hexobarbital	14611	4.4248132e-08	1453	18.26065099912027	False
N-acetylhistamine	19480	4.4204523e-08	1454	18.273218549704662	False
Relcovaptan	16526	4.4017572e-08	1455	18.28578610028905	False
Desloratadine	17237	4.3993406e-08	1456	18.298353650873445	False
Coenzyme A persulfide	17118	4.3788802e-08	1457	18.310921201457838	False
Alosetron	15317	4.376993e-08	1458	18.323488752042227	False
Propoxycaine	15766	4.366903e-08	1459	18.33605630262662	False
Tivantinib	18054	4.346469e-08	1460	18.34862385321101	False
Bis-1,2-{[(Z)-2-carboxy-2-methyl-1,3-dioxane]-5-yloxycarbamoyl}-ethane	18820	4.3308123e-08	1461	18.361191403795402	False
L-[(N-Hydroxyamino)Carbonyl]Phenylalanine	19757	4.3250342e-08	1462	18.37375895437979	False
Dactinomycin	20156	4.3192635e-08	1463	18.38632650496418	False
Amphetamine	15074	4.299315e-08	1464	18.398894055548574	False
Phosphoaminophosphonic Acid-Adenylate Ester	16561	4.2942666e-08	1465	18.411461606132963	False
Tolmetin	14183	4.2926782e-08	1466	18.424029156717356	False
Brentuximab vedotin	15594	4.2920888e-08	1467	18.436596707301746	False
Caprylic acid	16253	4.2355033e-08	1468	18.44916425788614	False
N-({4-[(2-aminopyridin-4-yl)oxy]-3-fluorophenyl}carbamoyl)-2-(4-fluorophenyl)acetamide	18048	4.2075627e-08	1469	18.46173180847053	False
Picrotoxin	14923	4.1974953e-08	1470	18.47429935905492	False
Allantoin	14520	4.194286e-08	1471	18.48686690963931	False
2-(6-methylpyridin-2-yl)-N-pyridin-4-ylquinazolin-4-amine	19856	4.180046e-08	1472	18.4994344602237	False
Valaciclovir	14933	4.1513e-08	1473	18.512002010808093	False
Pentazocine	16506	4.120896e-08	1474	18.524569561392486	False
Ivabradine	15615	4.0968757e-08	1475	18.537137111976875	False
Titanium dioxide	20171	4.0499334e-08	1476	18.54970466256127	False
Finasteride	14996	4.0416538e-08	1477	18.562272213145658	False
Nomifensine	14550	4.035306e-08	1478	18.57483976373005	False
N-Cyclopentyl-N-Cyclobutylformamide	16702	4.0311136e-08	1479	18.58740731431444	False
2-[(2',3',4'-TRIFLUOROBIPHENYL-2-YL)OXY]ETHANOL	18985	4.030514e-08	1480	18.59997486489883	False
Segesterone acetate	15742	3.9987057e-08	1481	18.612542415483222	False
Cevimeline	15075	3.99619e-08	1482	18.625109966067612	False
Vinpocetine	15679	3.9947953e-08	1483	18.637677516652005	False
5-[3-(2-METHOXYPHENYL)-1H-PYRROLO[2,3-B]PYRIDIN-5-YL]-N,N-DIMETHYLPYRIDINE-3-CARBOXAMIDE	15968	3.9891685e-08	1484	18.650245067236394	False
Batimastat	18739	3.9826755e-08	1485	18.662812617820787	False
Alprostadil	16219	3.980967e-08	1486	18.67538016840518	False
1-[(2-NITROPHENYL)SULFONYL]-1H-PYRROLO[3,2-B]PYRIDINE-6-CARBOXAMIDE	18053	3.951479e-08	1487	18.68794771898957	False
4-HYDROXY-3-NITROPHENYLACETYL-EPSILON-AMINOCAPROIC ACID ANION	20001	3.951238e-08	1488	18.700515269573962	False
Omega-3-carboxylic acids	14552	3.948925e-08	1489	18.71308282015835	False
Vayarin	14749	3.9486462e-08	1490	18.72565037074274	False
Ergoloid mesylate	15482	3.9466283e-08	1491	18.738217921327134	False
SKF-91488	19345	3.9394155e-08	1492	18.750785471911524	False
(5Z)-7-{(1R,4S,5R,6R)-6-[(1E)-1-Octen-1-yl]-2,3-diazabicyclo[2.2.1]hept-2-en-5-yl}-5-heptenoic acid	16351	3.9287826e-08	1493	18.763353022495917	False
Benzoic acid	18314	3.928049e-08	1494	18.775920573080306	False
N-[4-hydroxymethyl-cyclohexan-6-yl-1,2,3-triol]-4,6-dideoxy-4-aminoglucopyranoside	19388	3.9208704e-08	1495	18.7884881236647	False
Aurothioglucose	16802	3.9156983e-08	1496	18.80105567424909	False
Imipramine	14173	3.908677e-08	1497	18.81362322483348	False
Cefaclor	14773	3.9074393e-08	1498	18.82619077541787	False
Icodextrin	15754	3.8992276e-08	1499	18.83875832600226	False
Fasudil	18309	3.895927e-08	1500	18.851325876586653	False
Erythrityl tetranitrate	17389	3.8867306e-08	1501	18.863893427171043	False
Lofexidine	15192	3.88576e-08	1502	18.876460977755436	False
Marimastat	16194	3.885382e-08	1503	18.88902852833983	False
Chenodeoxycholic acid	14711	3.872937e-08	1504	18.901596078924218	False
Romiplostim	19611	3.862867e-08	1505	18.91416362950861	False
Lomefloxacin	15318	3.8620197e-08	1506	18.926731180093	False
Probenecid	14283	3.857065e-08	1507	18.93929873067739	False
CZEN 002	19361	3.836126e-08	1508	18.951866281261783	False
2-({6-[(3-Chlorophenyl)amino]-9-isopropyl-9H-purin-2-yl}amino)ethanol	20002	3.8356067e-08	1509	18.964433831846172	False
Dibotermin alfa	20180	3.834963e-08	1510	18.977001382430565	False
Levacetylmethadol	15497	3.834685e-08	1511	18.989568933014954	False
Escitalopram	15148	3.8072606e-08	1512	19.002136483599347	False
Tolazamide	15778	3.803958e-08	1513	19.014704034183737	False
Dichlorvos	14442	3.776249e-08	1514	19.02727158476813	False
Perphenazine	15127	3.7525194e-08	1515	19.039839135352523	False
Acetoacetyl-CoA	17058	3.733928e-08	1516	19.05240668593691	False
Estrone sulfate	14363	3.7290313e-08	1517	19.0649742365213	False
(5S)-2-(Cyclooctylamino)-5-methyl-5-propyl-1,3-thiazol-4(5H)-one	16987	3.706397e-08	1518	19.07754178710569	False
Cinnarizine	15106	3.7028922e-08	1519	19.090109337690084	False
Protriptyline	17305	3.7009716e-08	1520	19.102676888274477	False
Monobenzone	16742	3.673025e-08	1521	19.115244438858866	False
Insulin pork	15287	3.6612114e-08	1522	19.12781198944326	False
O-(((1R)-((N-PHENYLMETHOXYCARBONYL-L-ALANYL)AMINO)ETHYL)HYDROXYPHOSPHONO)-L-BENZYLACETIC ACID	19768	3.6490043e-08	1523	19.14037954002765	False
Pidolic acid	15756	3.6208355e-08	1524	19.15294709061204	False
OCTANE-1,3,5,7-TETRACARBOXYLIC ACID	19767	3.619019e-08	1525	19.16551464119643	False
5-Bromonicotinamide	18126	3.6115445e-08	1526	19.17808219178082	False
3-Carboxy-N,N,N-Trimethyl-2-(Octanoyloxy)Propan-1-Aminium	17057	3.606265e-08	1527	19.190649742365213	False
3'-deoxy-3'-aminothymidine monophosphate	18829	3.5878436e-08	1528	19.203217292949603	False
Gemcitabine	15413	3.5835757e-08	1529	19.215784843533996	False
L-BENZYLSUCCINIC ACID	19766	3.567801e-08	1530	19.228352394118385	False
4-{[(CYCLOHEXYLAMINO)CARBONYL]AMINO}BUTANOIC ACID	18171	3.5532548e-08	1531	19.240919944702778	False
Cocaine	14581	3.548182e-08	1532	19.253487495287168	False
Paricalcitol	14926	3.545097e-08	1533	19.26605504587156	False
Repinotan	15203	3.5405293e-08	1534	19.278622596455953	False
Tolfenamic acid	15627	3.5355153e-08	1535	19.29119014704034	False
(S)-4-hydroxymandelonitrile	19973	3.5179657e-08	1536	19.303757697624732	False
Sodium tetradecyl sulfate	17060	3.5165968e-08	1537	19.316325248209125	False
Roflumilast	15520	3.508671e-08	1538	19.328892798793515	False
Drotrecogin alfa	15974	3.505975e-08	1539	19.341460349377908	False
3,6,9,12,15-PENTAOXAHEPTADECAN-1-OL	19879	3.5029004e-08	1540	19.354027899962297	False
GS 0573	20266	3.5011034e-08	1541	19.36659545054669	False
(1R)-1,2,2-trimethylpropyl (R)-methylphosphinate	19321	3.497506e-08	1542	19.37916300113108	False
Estriol	16375	3.4965318e-08	1543	19.391730551715472	False
Inosinic Acid	17621	3.4871615e-08	1544	19.40429810229986	False
Dinoprost	19699	3.4817447e-08	1545	19.41686565288425	False
1-[1'-(3-phenylacryloyl)spiro[1-benzofuran-3,4'-piperidin]-5-yl]methanamine	19738	3.4805364e-08	1546	19.429433203468644	False
Dapoxetine	15189	3.4690178e-08	1547	19.442000754053034	False
Glutamine t-butyl ester	19481	3.464217e-08	1548	19.454568304637426	False
CX516	17517	3.4573652e-08	1549	19.46713585522182	False
Homoserine Lactone	17698	3.456218e-08	1550	19.47970340580621	False
Nicotine	14880	3.4547156e-08	1551	19.492270956390602	False
Lipoic acid	15270	3.4488558e-08	1552	19.50483850697499	False
Stearic acid	14355	3.448264e-08	1553	19.51740605755938	False
Vitamin A	14052	3.4352592e-08	1554	19.529973608143774	False
Bexarotene	15428	3.4336608e-08	1555	19.542541158728163	False
Dicoumarol	14143	3.4296487e-08	1556	19.555108709312556	False
(7R,12R,13R)-13-formyl-12,14-dihydroxy-3,5,7-trimethyltetradeca-2,4-dienoic acid	19963	3.4270982e-08	1557	19.567676259896945	False
Leukotriene D4	16325	3.4110297e-08	1558	19.58024381048134	False
13-Acetylphorbol	19325	3.391296e-08	1559	19.592811361065728	False
Atomoxetine	14148	3.3878113e-08	1560	19.60537891165012	False
Fremanezumab	19287	3.385828e-08	1561	19.61794646223451	False
Cromoglicic acid	18755	3.3675498e-08	1562	19.6305140128189	False
N-[4-(5-fluoro-6-methylpyridin-2-yl)-5-quinoxalin-6-yl-1H-imidazol-2-yl]acetamide	19855	3.3639484e-08	1563	19.643081563403292	False
Benzphetamine	15274	3.360748e-08	1564	19.655649113987682	False
2-(6-{[(3-chloro-2-methylphenyl)sulfonyl]amino}pyridin-2-yl)-N,N-diethylacetamide	16982	3.352246e-08	1565	19.668216664572075	False
S-Methyl glutathione	18754	3.3281516e-08	1566	19.680784215156464	False
2',5'-DIDEOXY-ADENOSINE 3'-MONOPHOSPHATE	19736	3.324472e-08	1567	19.693351765740857	False
Mesoxalic acid	16498	3.3241612e-08	1568	19.70591931632525	False
Spironolactone	14168	3.3223422e-08	1569	19.71848686690964	False
N~2~-1,3-BENZOXAZOL-2-YL-3-CYCLOHEXYL-N-{2-[(4-METHOXYPHENYL)AMINO]ETHYL}-L-ALANINAMIDE	18982	3.2982484e-08	1570	19.731054417494033	False
Tryptophan	14629	3.2693496e-08	1571	19.743621968078422	False
Latanoprost	17435	3.262379e-08	1572	19.75618951866281	False
Inositol	20293	3.2598848e-08	1573	19.768757069247204	False
Dodecyldimethylamine N-oxide	14891	3.2593622e-08	1574	19.781324619831594	False
Cinoxacin	15314	3.2348925e-08	1575	19.793892170415987	False
2,3,4,5,6-Pentafluorobenzyl Alcohol	17288	3.234072e-08	1576	19.806459721000376	False
Iloprost	16222	3.233813e-08	1577	19.81902727158477	False
Tetrahydrocannabivarin	16208	3.2323083e-08	1578	19.83159482216916	False
Tixocortol	17780	3.2311927e-08	1579	19.84416237275355	False
2-(4-fluorophenyl)-N-{[3-fluoro-4-(1H-pyrrolo[2,3-b]pyridin-4-yloxy)phenyl]carbamoyl}acetamide	18049	3.226223e-08	1580	19.85672992333794	False
Moxisylyte	14874	3.216233e-08	1581	19.86929747392233	False
Naltrexone	15856	3.2117576e-08	1582	19.881865024506723	False
Palonosetron	15096	3.211721e-08	1583	19.894432575091116	False
Guanfacine	15480	3.206714e-08	1584	19.907000125675506	False
Malonate Ion	20040	3.2062065e-08	1585	19.9195676762599	False
Lubiprostone	15813	3.1985834e-08	1586	19.932135226844288	False
(3-EXO)-3-(10,11-DIHYDRO-5H-DIBENZO[A,D][7]ANNULEN-5-YLOXY)-8,8-DIMETHYL-8-AZONIABICYCLO[3.2.1]OCTANE	19934	3.1971624e-08	1587	19.94470277742868	False
Cyclic GMP	19163	3.1872865e-08	1588	19.95727032801307	False
Uracil	18192	3.180837e-08	1589	19.96983787859746	False
Oxalic Acid	17857	3.1796176e-08	1590	19.982405429181853	False
2-(2-CHLORO-4-FLUOROPHENOXY)-2-METHYL-N-[(1R,2S,3S,5S,7S)-5-(METHYLSULFONYL)-2-ADAMANTYL]PROPANAMIDE	16988	3.1777322e-08	1591	19.994972979766242	False
Acarbose Derived Hexasaccharide	15759	3.1683815e-08	1592	20.007540530350635	False
Ceftibuten	20251	3.1631945e-08	1593	20.020108080935024	False
Cobiprostone	17710	3.1545607e-08	1594	20.032675631519417	False
(2R)-1-[(4-tert-butylphenyl)sulfonyl]-2-methyl-4-(4-nitrophenyl)piperazine	16981	3.1509828e-08	1595	20.045243182103807	False
Methyl alpha-D-mannoside	20069	3.142999e-08	1596	20.0578107326882	False
Treprostinil	15773	3.1388236e-08	1597	20.070378283272593	False
Carbenicillin	14720	3.1167918e-08	1598	20.08294583385698	False
Afamelanotide	19360	3.1031252e-08	1599	20.09551338444137	False
Pimecrolimus	15432	3.0993633e-08	1600	20.10808093502576	False
XL228	15964	3.0985888e-08	1601	20.120648485610154	False
Arginine	15912	3.096474e-08	1602	20.133216036194547	False
Uridine	20037	3.0895066e-08	1603	20.145783586778936	False
Cyclandelate	15537	3.0884465e-08	1604	20.15835113736333	False
Donepezil	15126	3.0805506e-08	1605	20.17091868794772	False
2-{[(6-OXO-1,6-DIHYDROPYRIDIN-3-YL)METHYL]AMINO}-N-[4-PROPYL-3-(TRIFLUOROMETHYL)PHENYL]BENZAMIDE	15965	3.0790353e-08	1606	20.18348623853211	False
Brivaracetam	15551	3.0722774e-08	1607	20.1960537891165	False
Estriol tripropionate	16418	3.063015e-08	1608	20.20862133970089	False
Serine	16217	3.0616775e-08	1609	20.221188890285283	False
H3B-8800	20184	3.0590623e-08	1610	20.233756440869673	False
4-O-(4,6-Dideoxy-4-{[4,5,6-Trihydroxy-3-(Hydroxymethyl)Cyclohex-2-En-1-Yl]Amino}-Beta-D-Lyxo-Hexopyranosyl)-Alpha-D-Erythro-Hexopyranose	19389	3.0537223e-08	1611	20.246323991454066	False
Lintitript	17123	3.0508463e-08	1612	20.258891542038455	False
4-(Hydrogen sulfate)-beta-D-galactopyranose	20070	3.031184e-08	1613	20.271459092622848	False
Alfimeprase	17382	3.0223507e-08	1614	20.28402664320724	False
Cidofovir	14878	3.0147856e-08	1615	20.29659419379163	False
3-(4-Fluorophenyl)-2-(6-Methylpyridin-2-Yl)-5,6-Dihydro-4h-Pyrrolo[1,2-B]Pyrazole	19854	2.9893965e-08	1616	20.30916174437602	False
Halicin	20197	2.9784065e-08	1617	20.321729294960413	False
Benzene Hexacarboxylic Acid	20054	2.9771059e-08	1618	20.334296845544802	False
Alpha-D-Glucose 1,6-Bisphosphate	20052	2.9628703e-08	1619	20.346864396129195	False
Thrombin alfa	15978	2.9625086e-08	1620	20.359431946713585	False
Farnesyl thiopyrophosphate	19704	2.9484104e-08	1621	20.371999497297978	False
Levonorgestrel	14943	2.9456674e-08	1622	20.384567047882367	False
Ethanolamine	19450	2.9366692e-08	1623	20.39713459846676	False
Glycyrrhizic acid	14107	2.919674e-08	1624	20.40970214905115	False
SGX-523	18046	2.913382e-08	1625	20.422269699635542	False
Cetilistat	17548	2.9055967e-08	1626	20.434837250219932	False
N-(5-{4-Chloro-3-[(2-hydroxyethyl)sulfamoyl]phenyl}-4-methyl-1,3-thiazol-2-yl)acetamide	18875	2.8947488e-08	1627	20.44740480080432	False
Atosiban	16525	2.8763555e-08	1628	20.459972351388714	False
Desvenlafaxine	15211	2.8651746e-08	1629	20.472539901973104	False
PPL-100	18178	2.8495439e-08	1630	20.485107452557497	False
Platelet Activating Factor	18898	2.849196e-08	1631	20.49767500314189	False
Pemigatinib	15749	2.8465452e-08	1632	20.51024255372628	False
Gluconolactone	20022	2.8447e-08	1633	20.522810104310672	False
Enflurane	14136	2.8406173e-08	1634	20.53537765489506	False
3-[4-AMINO-1-(1-METHYLETHYL)-1H-PYRAZOLO[3,4-D]PYRIMIDIN-3-YL]PHENOL	17864	2.8291488e-08	1635	20.54794520547945	False
Agalsidase beta	20287	2.821152e-08	1636	20.560512756063844	False
5-Iodouracil	18194	2.8172696e-08	1637	20.573080306648233	False
Acarbose	17832	2.8169744e-08	1638	20.585647857232626	False
N-[(1S)-2-{[(1R)-2-(benzyloxy)-1-cyano-1-methylethyl]amino}-1-(cyclohexylmethyl)-2-oxoethyl]morpholine-4-carboxamide	18987	2.8105342e-08	1639	20.598215407817015	False
8-bromo-4-(2-chlorophenyl)-N-(2-hydroxyethyl)-6-methyl-1,3-dioxo-1,2,3,6-tetrahydropyrrolo[3,4-e]indole-7-carboxamide	19490	2.8088353e-08	1640	20.61078295840141	False
Mimosine	16743	2.8043065e-08	1641	20.623350508985798	False
Tiapride	17415	2.8009923e-08	1642	20.63591805957019	False
Dopamine	14641	2.7845806e-08	1643	20.648485610154584	False
Hesperetin	15323	2.778898e-08	1644	20.66105316073897	False
Mepindolol	15259	2.7743592e-08	1645	20.673620711323363	False
Ziprasidone	14140	2.7704727e-08	1646	20.686188261907752	False
Nedocromil	16323	2.767515e-08	1647	20.698755812492145	False
Triglyme	17872	2.7413519e-08	1648	20.711323363076538	False
3-(2,6-difluorophenyl)-2-(methylthio)quinazolin-4(3H)-one	17604	2.738927e-08	1649	20.723890913660927	False
Ifenprodil	17037	2.7386708e-08	1650	20.73645846424532	False
6-Carboxymethyluracil	18191	2.7372243e-08	1651	20.74902601482971	False
Linaclotide	19650	2.715778e-08	1652	20.761593565414103	False
Wortmannin	18181	2.7146337e-08	1653	20.774161115998492	False
1-(1'-{[3-(methylsulfanyl)-2-benzothiophen-1-yl]carbonyl}spiro[1-benzofuran-3,4'-piperidin]-5-yl)methanamine	19737	2.709595e-08	1654	20.78672866658288	False
Guanidine	16465	2.7095176e-08	1655	20.799296217167274	False
Leucine Phosphonic Acid	19919	2.7057785e-08	1656	20.811863767751664	False
Canaline	17168	2.6882269e-08	1657	20.824431318336057	False
3-[(4-fluorophenyl)sulfanyl]-N-(4-methyl-1,3-thiazol-2-yl)-6-[(4-methyl-4H-1,2,4-triazol-3-yl)sulfanyl]pyridine-2-carboxamide	18420	2.6868376e-08	1658	20.836998868920446	False
Pramocaine	20193	2.6766639e-08	1659	20.84956641950484	False
Nadolol	14582	2.6659388e-08	1660	20.862133970089232	False
Valine	14651	2.6620771e-08	1661	20.87470152067362	False
MLN8054	18276	2.6620414e-08	1662	20.88726907125801	False
Puromycin	19883	2.6602041e-08	1663	20.8998366218424	False
Chlorprothixene	16014	2.6594785e-08	1664	20.912404172426793	False
Terlipressin	16523	2.6567612e-08	1665	20.924971723011186	False
2-amino-N-(4-methyl-1,3-thiazol-2-yl)-5-[(4-methyl-4H-1,2,4-triazol-3-yl)sulfanyl]benzamide	18419	2.6493174e-08	1666	20.937539273595576	False
Ribociclib	15659	2.6374892e-08	1667	20.95010682417997	False
Diethylstilbestrol	14058	2.6370264e-08	1668	20.962674374764358	False
(3-Carboxy-2-(R)-Hydroxy-Propyl)-Trimethyl-Ammonium	17056	2.6368754e-08	1669	20.97524192534875	False
S-adenosyl-L-homocysteine	15411	2.6327848e-08	1670	20.98780947593314	False
LX1031	16361	2.6227756e-08	1671	21.00037702651753	False
Morniflumate	14657	2.6221905e-08	1672	21.012944577101923	False
Oxymorphone	15152	2.6218704e-08	1673	21.025512127686312	False
Sulindac	14204	2.6216652e-08	1674	21.038079678270705	False
Nalidixic acid	15310	2.6072687e-08	1675	21.050647228855095	False
Azelnidipine	15629	2.6067516e-08	1676	21.063214779439488	False
2-(methylamino)-N-(4-methyl-1,3-thiazol-2-yl)-5-[(4-methyl-4H-1,2,4-triazol-3-yl)sulfanyl]benzamide	18421	2.6047733e-08	1677	21.07578233002388	False
Ozanimod	14590	2.6042072e-08	1678	21.08834988060827	False
N-Cyclohexyl-N'-(Propyl)Phenyl Urea	18168	2.6027374e-08	1679	21.100917431192663	False
2-({4-[4-(pyridin-4-ylmethyl)-1H-pyrazol-3-yl]phenoxy}methyl)quinoline	17498	2.6025585e-08	1680	21.11348498177705	False
(6R)-Folinic acid	17806	2.6011195e-08	1681	21.12605253236144	False
2-methyl-3,5,7,8-tetrahydro-4H-thiopyrano[4,3-d]pyrimidin-4-one	19959	2.59754e-08	1682	21.138620082945835	False
3-Butylthiolane 1-Oxide	17292	2.5934062e-08	1683	21.151187633530224	False
Methylphenobarbital	15835	2.5923825e-08	1684	21.163755184114617	False
Prazosin	14539	2.5885482e-08	1685	21.176322734699006	False
Olcegepant	20175	2.58803e-08	1686	21.1888902852834	False
Cycloserine	14828	2.5829358e-08	1687	21.20145783586779	False
Lanadelumab	19351	2.5798439e-08	1688	21.21402538645218	False
AT-7519	18540	2.5793469e-08	1689	21.22659293703657	False
4-[3-(1,4-diazepan-1-ylcarbonyl)-4-fluorobenzyl]phthalazin-1(2H)-one	19960	2.5783434e-08	1690	21.23916048762096	False
9-HYDROXY-6-(3-HYDROXYPROPYL)-4-(2-METHOXYPHENYL)PYRROLO[3,4-C]CARBAZOLE-1,3(2H,6H)-DIONE	19486	2.5748298e-08	1691	21.251728038205353	False
Fludarabine	16972	2.5735481e-08	1692	21.264295588789743	False
Silicon dioxide	20172	2.572861e-08	1693	21.276863139374136	False
Alanine	16328	2.5691783e-08	1694	21.28943068995853	False
Fumaric Acid	16496	2.5669497e-08	1695	21.30199824054292	False
2-(Sec-Butyl)Thiazole	20013	2.5589667e-08	1696	21.31456579112731	False
4-(6-{[(1R)-1-(hydroxymethyl)propyl]amino}imidazo[1,2-b]pyridazin-3-yl)benzoic acid	19859	2.551763e-08	1697	21.3271333417117	False
TG-100801	16019	2.5498267e-08	1698	21.33970089229609	False
Selenious acid	14742	2.5498071e-08	1699	21.352268442880483	False
Nesiritide	17390	2.5479162e-08	1700	21.364835993464872	False
(2S)-3-[(R)-[(1S)-1-amino-3-phenylpropyl](hydroxy)phosphoryl]-2-benzylpropanoic acid	19920	2.5464587e-08	1701	21.377403544049265	False
Capsaicin	14643	2.5382874e-08	1702	21.389971094633655	False
Ilomastat	19916	2.5303216e-08	1703	21.402538645218048	False
Nicotinamide	15179	2.5104006e-08	1704	21.415106195802437	False
Vinorelbine	15092	2.5043175e-08	1705	21.42767374638683	False
Esmolol	15076	2.5042791e-08	1706	21.440241296971223	False
Pinaverium	15617	2.4989589e-08	1707	21.452808847555612	False
2-Undecanone	20032	2.4936785e-08	1708	21.465376398140002	False
(2R,3R)-N^1^-[(1S)-2,2-DIMETHYL-1-(METHYLCARBAMOYL)PROPYL]-N^4^-HYDROXY-2-(2-METHYLPROPYL)-3-{[(1,3-THIAZOL-2-YLCARBONYL)AMINO]METHYL}BUTANEDIAMIDE	19918	2.485345e-08	1709	21.47794394872439	False
Phenethyl Isothiocyanate	16030	2.477191e-08	1710	21.490511499308784	False
6,7-DIMETHOXY-4-[(3R)-3-(2-NAPHTHYLOXY)PYRROLIDIN-1-YL]QUINAZOLINE	17501	2.4712257e-08	1711	21.503079049893177	False
Inosine	14915	2.460127e-08	1712	21.515646600477567	False
Bemiparin	16669	2.4580961e-08	1713	21.52821415106196	False
Masoprocol	14655	2.4562917e-08	1714	21.54078170164635	False
Tafenoquine	15207	2.447565e-08	1715	21.553349252230742	False
Etiocholanedione	19403	2.4349557e-08	1716	21.56591680281513	False
Metyrapone	14730	2.4338227e-08	1717	21.57848435339952	False
N-[(Furan-2-Yl)Carbonyl]-(S)-Leucyl-(R)-[1-Amino-2(1h-Indol-3-Yl)Ethyl]-Phosphonic Acid	19914	2.4335627e-08	1718	21.591051903983914	False
Lenalidomide	16753	2.4331312e-08	1719	21.603619454568303	False
Anti-inhibitor coagulant complex	14593	2.430163e-08	1720	21.616187005152696	False
Trimipramine	15117	2.4298894e-08	1721	21.628754555737085	False
BMS-488043	19559	2.4277771e-08	1722	21.64132210632148	False
(5S)-2-{[(1S)-1-(4-Fluorophenyl)ethyl]amino}-5-(2-hydroxy-2-propanyl)-5-methyl-1,3-thiazol-4(5H)-one	16980	2.4273556e-08	1723	21.65388965690587	False
Trimetazidine	20092	2.4211271e-08	1724	21.66645720749026	False
SB-559448	19612	2.4193223e-08	1725	21.679024758074654	False
(2R)-2-({6-[benzyl(methyl)amino]-9-isopropyl-9H-purin-2-yl}amino)butan-1-ol	16050	2.4138785e-08	1726	21.69159230865904	False
D-glucose	14353	2.4138602e-08	1727	21.704159859243433	False
Nefazodone	15146	2.4103636e-08	1728	21.716727409827826	False
Lorpiprazole	14417	2.4087461e-08	1729	21.729294960412215	False
Alpha-Methyl-N-Acetyl-D-Glucosamine	20073	2.4042844e-08	1730	21.741862510996608	False
Vitamin D	14705	2.398495e-08	1731	21.754430061580997	False
B-nonylglucoside	17546	2.3949568e-08	1732	21.76699761216539	False
Maltosyl-Alpha (1,4)-D-Gluconhydroximo-1,5-Lactam	19387	2.3941757e-08	1733	21.77956516274978	False
Caldaret	18235	2.3882876e-08	1734	21.792132713334173	False
Oprelvekin	17141	2.3835867e-08	1735	21.804700263918562	False
2-Ethoxyethanol	17290	2.3815234e-08	1736	21.81726781450295	False
Dextrothyroxine	16879	2.3757933e-08	1737	21.829835365087344	False
Palmitoyl-Linoleoyl Phosphatidylcholine	18129	2.3674835e-08	1738	21.842402915671734	False
Moroctocog alfa	14622	2.3672625e-08	1739	21.854970466256127	False
1-(4-fluorophenyl)-N-[3-fluoro-4-(1H-pyrrolo[2,3-b]pyridin-4-yloxy)phenyl]-2-oxo-1,2-dihydropyridine-3-carboxamide	18047	2.364699e-08	1740	21.86753801684052	False
Cpad	17296	2.364e-08	1741	21.88010556742491	False
N-1-methylheptylformamide	17289	2.3627335e-08	1742	21.892673118009302	False
Quetiapine	14999	2.3626521e-08	1743	21.90524066859369	False
Probucol	16360	2.3620439e-08	1744	21.91780821917808	False
D-gluconhydroximo-1,5-lactam	20019	2.3565494e-08	1745	21.930375769762474	False
4-(2-AMINOPHENYL)-4-OXOBUTANOIC ACID	16890	2.3527589e-08	1746	21.942943320346863	False
Agomelatine	15360	2.3504715e-08	1747	21.955510870931256	False
Ro 12-7310	14535	2.3386434e-08	1748	21.968078421515646	False
(2E)-3-(2-OCT-1-YN-1-YLPHENYL)ACRYLIC ACID	16873	2.334423e-08	1749	21.98064597210004	False
Antihemophilic factor, human recombinant	14619	2.3336082e-08	1750	21.993213522684428	False
NM-702	19143	2.3330431e-08	1751	22.00578107326882	False
Tesaglitazar	16259	2.331922e-08	1752	22.018348623853214	False
Naphthyridine Inhibitor	19853	2.3315707e-08	1753	22.0309161744376	False
Oxytocin	14827	2.3273364e-08	1754	22.043483725021993	False
Tartronate	16499	2.3242844e-08	1755	22.056051275606382	False
Felypressin	16522	2.3238941e-08	1756	22.068618826190775	False
Flavin mononucleotide	15275	2.3141986e-08	1757	22.081186376775168	False
4,5-bis(4-methoxyphenyl)-2-thiophen-2-yl-1H-imidazole	17497	2.3097535e-08	1758	22.093753927359558	False
Zalcitabine	14264	2.3072218e-08	1759	22.10632147794395	False
Setiptiline	20147	2.3047631e-08	1760	22.11888902852834	False
alpha-maltotriose	20045	2.3039059e-08	1761	22.131456579112733	False
Tiludronic acid	14307	2.3034884e-08	1762	22.144024129697122	False
N-1H-indazol-5-yl-2-(6-methylpyridin-2-yl)quinazolin-4-amine	19857	2.2994982e-08	1763	22.15659168028151	False
Mitotane	14025	2.2966711e-08	1764	22.169159230865905	False
Ketobemidone	14614	2.2926182e-08	1765	22.181726781450294	False
Pascolizumab	19672	2.288817e-08	1766	22.194294332034687	False
Dihydroergocornine	15640	2.284913e-08	1767	22.206861882619076	False
Dihydroergocristine	15706	2.2784851e-08	1768	22.21942943320347	False
5-Benzylacyclouridine	19374	2.2711221e-08	1769	22.23199698378786	False
Ranolazine	14537	2.2677588e-08	1770	22.244564534372252	False
1-O-Octyl-2-Heptylphosphonyl-Sn-Glycero-3-Phosphoethanolamine	19944	2.2663189e-08	1771	22.25713208495664	False
Zofenoprilat	19921	2.2651479e-08	1772	22.26969963554103	False
1,4-dithio-alpha-D-glucopyranose	20043	2.261884e-08	1773	22.282267186125424	False
Galantamine	15113	2.2551466e-08	1774	22.294834736709817	False
Florfenicol	21579	2.248455e-08	1775	22.307402287294206	False
Benzoyl-tyrosine-alanine-fluoro-methyl ketone	18922	2.247966e-08	1776	22.3199698378786	False
Pomalidomide	15367	2.2471902e-08	1777	22.33253738846299	False
(5E)-5-[(2,2-DIFLUORO-1,3-BENZODIOXOL-5-YL)METHYLENE]-1,3-THIAZOLIDINE-2,4-DIONE	18877	2.244025e-08	1778	22.34510493904738	False
N-Propyl Isocyanide	20062	2.2421725e-08	1779	22.35767248963177	False
Agmatine	15593	2.2367308e-08	1780	22.37024004021616	False
7-ethyl-10-hydroxycamptothecin	15550	2.231979e-08	1781	22.382807590800553	False
Tetrachlorodecaoxide	19502	2.2314852e-08	1782	22.395375141384942	False
Aluminium monostearate	18378	2.2298087e-08	1783	22.407942691969335	False
Memantine	15818	2.2253985e-08	1784	22.420510242553725	False
2-(1H-pyrazol-3-yl)-1H-benzimidazole	18274	2.2253305e-08	1785	22.433077793138118	False
TD-2749	16289	2.2242867e-08	1786	22.44564534372251	False
N-Formylmethionine	16826	2.219625e-08	1787	22.4582128943069	False
Dantrolene	14511	2.2188335e-08	1788	22.470780444891293	False
Hyaluronic acid	18583	2.2173062e-08	1789	22.48334799547568	False
Pentoxyverine	16306	2.2156954e-08	1790	22.495915546060072	False
Belinostat	15344	2.211756e-08	1791	22.508483096644465	False
ABT-869	16021	2.2083752e-08	1792	22.521050647228854	False
3-[3-(4-methylpiperazin-1-yl)-7-(trifluoromethyl)quinoxalin-5-yl]phenol	18051	2.2056643e-08	1793	22.533618197813247	False
Fulvestrant	15474	2.2021625e-08	1794	22.546185748397637	False
cis-tetracosenoyl sulfatide	20079	2.2014445e-08	1795	22.55875329898203	False
(S)-3-phenyllactic acid	19756	2.2008901e-08	1796	22.57132084956642	False
Adenosine 5'-phosphosulfate	19431	2.1986079e-08	1797	22.583888400150812	False
D-tartaric acid	18840	2.198373e-08	1798	22.5964559507352	False
Amlexanox	16419	2.1959341e-08	1799	22.60902350131959	False
Flibanserin	15543	2.194996e-08	1800	22.621591051903984	False
Guanosine-5'-Monophosphate	16551	2.1934099e-08	1801	22.634158602488373	False
Triflusal	14398	2.1777607e-08	1802	22.646726153072766	False
Obinepitide	19327	2.1694358e-08	1803	22.659293703657156	False
ABX-PTH	19460	2.1624253e-08	1804	22.67186125424155	False
Thioproperazine	14350	2.1594166e-08	1805	22.68442880482594	False
Oseltamivir	15761	2.1526805e-08	1806	22.69699635541033	False
3-sulfino-L-alanine	14563	2.1517568e-08	1807	22.709563905994724	False
Norvaline	16872	2.1514245e-08	1808	22.722131456579113	False
Reglitazar	16254	2.1453966e-08	1809	22.734699007163503	False
Sucrose	17116	2.143736e-08	1810	22.747266557747896	False
Tinzaparin	15890	2.1386514e-08	1811	22.759834108332285	False
Levetiracetam	18277	2.1362949e-08	1812	22.772401658916678	False
Thimerosal	14444	2.1355861e-08	1813	22.784969209501067	False
Cinalukast	17603	2.1264894e-08	1814	22.79753676008546	False
Antithrombin III human	16831	2.126457e-08	1815	22.81010431066985	False
S-palmitoyl-L-cysteine	19443	2.121976e-08	1816	22.822671861254243	False
Dosulepin	15233	2.118514e-08	1817	22.835239411838632	False
Ferrous gluconate	16344	2.1011218e-08	1818	22.84780696242302	False
Aluminium phosphate	14488	2.0970182e-08	1819	22.860374513007415	False
Tasimelteon	15369	2.0924594e-08	1820	22.872942063591807	False
E-2012	19568	2.0878748e-08	1821	22.885509614176197	False
Misoprostol	16221	2.0834909e-08	1822	22.89807716476059	False
Von Willebrand Factor Human	15903	2.081894e-08	1823	22.91064471534498	False
Butabarbital	14137	2.0774909e-08	1824	22.923212265929372	False
Esatenolol	15257	2.0663151e-08	1825	22.93577981651376	False
Trimebutine	15616	2.0614575e-08	1826	22.94834736709815	False
Phentermine	15417	2.057329e-08	1827	22.960914917682544	False
PUROMYCIN AMINONUCLEOSIDE-5'-MONOPHOSPHATE	19884	2.0541492e-08	1828	22.973482468266933	False
N-Butyl Isocyanide	20056	2.0528057e-08	1829	22.986050018851326	False
Brexpiprazole	15232	2.0508294e-08	1830	22.998617569435716	False
Histidine	15907	2.050454e-08	1831	23.01118512002011	False
N-cyclopropyl-N-(trans-4-pyridin-3-ylcyclohexyl)-4-[(1S)-2,2,2-trifluoro-1-hydroxy-1-methylethyl]benzamide	16985	2.0468512e-08	1832	23.023752670604498	False
6-Hydroxy-6-Methyl-Heptan-3-One	20014	2.0467498e-08	1833	23.03632022118889	False
Adapalene	16276	2.042565e-08	1834	23.048887771773284	False
Succinic acid	14646	2.037635e-08	1835	23.06145532235767	False
Uridine monophosphate	16750	2.035883e-08	1836	23.074022872942063	False
Eniluracil	18193	2.0319375e-08	1837	23.086590423526452	False
2,4-Dihydroxy-7-(Methyloxy)-2h-1,4-Benzoxazin-3(4h)-One	19972	2.0274392e-08	1838	23.099157974110845	False
Gabapentin enacarbil	17559	2.0262949e-08	1839	23.111725524695238	False
Efonidipine	15632	2.0224183e-08	1840	23.124293075279628	False
Secobarbital	15297	2.0219902e-08	1841	23.13686062586402	False
Pranlukast	15511	2.0173944e-08	1842	23.14942817644841	False
Drospirenone	14670	2.0153983e-08	1843	23.161995727032803	False
Omega-3 fatty acids	14658	2.0112395e-08	1844	23.174563277617192	False
Zolmitriptan	14897	2.0089352e-08	1845	23.187130828201582	False
Dofetilide	15418	2.0079545e-08	1846	23.199698378785975	False
Dexchlorpheniramine maleate	14575	1.999947e-08	1847	23.212265929370364	False
Fospropofol	14388	1.9998936e-08	1848	23.224833479954757	False
Orlistat	14721	1.9985896e-08	1849	23.237401030539147	False
3-thiaoctanoyl-CoA	19106	1.9912573e-08	1850	23.24996858112354	False
D-arginine	17610	1.983755e-08	1851	23.262536131707932	False
Vatalanib	16018	1.9812065e-08	1852	23.275103682292322	False
Histamine	15412	1.9776426e-08	1853	23.28767123287671	False
Voretigene neparvovec	20179	1.9772878e-08	1854	23.300238783461104	False
Demegestone	15723	1.9764961e-08	1855	23.312806334045494	False
Naringenin	16370	1.9743334e-08	1856	23.325373884629887	False
GPI-1485	15552	1.9739494e-08	1857	23.337941435214276	False
Ornithine	16571	1.9576579e-08	1858	23.35050898579867	False
Guanosine-5'-Triphosphate	16547	1.945705e-08	1859	23.36307653638306	False
Calcium Phosphate	14441	1.945011e-08	1860	23.37564408696745	False
1-Ethyl-Pyrrolidine-2,5-Dione	20089	1.9437019e-08	1861	23.38821163755184	False
Tianeptine	15635	1.943576e-08	1862	23.40077918813623	False
Aminooxyacetic acid	16889	1.9423975e-08	1863	23.413346738720623	False
SLx-4090	16712	1.9406162e-08	1864	23.425914289305013	False
Gentamicin	16991	1.9398799e-08	1865	23.438481839889405	False
Peptide YY (3-36)	19326	1.938733e-08	1866	23.451049390473795	False
Urelumab	19623	1.9349502e-08	1867	23.463616941058188	False
Acepromazine	14348	1.9340868e-08	1868	23.47618449164258	False
Lonoctocog alfa	14621	1.9316019e-08	1869	23.48875204222697	False
5-methoxy-N,N-dimethyltryptamine	15265	1.9230185e-08	1870	23.501319592811363	False
Flumedroxone	21915	1.9227139e-08	1871	23.51388714339575	False
CVT-6883	16716	1.9171917e-08	1872	23.526454693980142	False
Loperamide	15125	1.9060748e-08	1873	23.539022244564535	False
Creatine	16283	1.9028924e-08	1874	23.551589795148924	False
S-(N-hydroxy-N-bromophenylcarbamoyl)glutathione	19117	1.9026132e-08	1875	23.564157345733317	False
Implitapide	16711	1.9023954e-08	1876	23.576724896317707	False
(9S,10S)-9-(S-glutathionyl)-10-hydroxy-9,10-dihydrophenanthrene	17789	1.9000746e-08	1877	23.5892924469021	False
N-(carboxycarbonyl)-D-phenylalanine	19384	1.895116e-08	1878	23.60185999748649	False
Capric dimethyl amine oxide	17074	1.8929484e-08	1879	23.614427548070882	False
Pregnenolone	15525	1.8915914e-08	1880	23.626995098655275	False
Norelgestromin	14800	1.885626e-08	1881	23.63956264923966	False
Isoflavone	16266	1.8840083e-08	1882	23.652130199824054	False
Blinatumomab	19620	1.8830276e-08	1883	23.664697750408443	False
Tetrabenazine	15185	1.882514e-08	1884	23.677265300992836	False
beta-D-Ribose-5-phosphate	19154	1.8794752e-08	1885	23.68983285157723	False
N-(Phosphonoacetyl)-L-Ornithine	16871	1.8728516e-08	1886	23.70240040216162	False
2-(1H-imidazol-1-yl)-9-methoxy-8-(2-methoxyethoxy)benzo[c][2,7]naphthyridin-4-amine	18765	1.8696037e-08	1887	23.71496795274601	False
Anisomycin	19882	1.867661e-08	1888	23.7275355033304	False
Vedolizumab	17422	1.863171e-08	1889	23.740103053914794	False
Chorionic Gonadotropin (Human)	16473	1.861363e-08	1890	23.752670604499183	False
Dipraglurant	18758	1.8572775e-08	1891	23.765238155083573	False
Isoleucine	17333	1.8537174e-08	1892	23.777805705667966	False
Genistein	14065	1.8507285e-08	1893	23.790373256252355	False
AM103	19305	1.8450011e-08	1894	23.802940806836748	False
Omalizumab	15971	1.8445228e-08	1895	23.815508357421137	False
Leucine - Reduced Carbonyl	20106	1.8434289e-08	1896	23.82807590800553	False
Netarsudil	17317	1.840899e-08	1897	23.840643458589923	False
Fenproporex	20508	1.840404e-08	1898	23.853211009174313	False
{[2-Amino-4-oxo-6,7-di(sulfanyl-κS)-3,5,5a,8,9a,10-hexahydro-4H-pyrano[3,2-g]pteridin-8-yl]methyl dihydrogenato(2-) phosphate}(dioxo)sulfanylmolybdenum	19423	1.8370862e-08	1899	23.865778559758702	False
6-(2,3,4,5,6,7-HEXAHYDRO-2,4,4-TRIMETHYL-1-METYLENEINDEN-2-YL)-3-METHYLHEXA-2,4-DIENOIC ACID	14536	1.8369006e-08	1900	23.87834611034309	False
2,4-Difluorobenzyl Alcohol 2,4-Difluoro-1-(Hydroxymethyl)Benzene	17299	1.833729e-08	1901	23.890913660927485	False
N-Carbamoyl-Alanine	19156	1.8330017e-08	1902	23.903481211511878	False
Glembatumumab vedotin	19631	1.830336e-08	1903	23.916048762096267	False
S-(Methylmercury)-L-Cysteine	19962	1.8291635e-08	1904	23.92861631268066	False
Triamterene	15295	1.8290763e-08	1905	23.94118386326505	False
4,6-DIDEOXY-4-{[4-[(4-O-HEXOPYRANOSYLHEXOPYRANOSYL)OXY]-5,6-DIHYDROXY-3-(HYDROXYMETHYL)CYCLOHEX-2-EN-1-YL]AMINO}HEXOPYRANOSYL-(1->4)HEXOPYRANOSYL-(1->4)HEXOPYRANOSE	19392	1.8285146e-08	1906	23.953751413849442	False
Mesoridazine	15131	1.8266531e-08	1907	23.96631896443383	False
Cariporide	14778	1.8228178e-08	1908	23.97888651501822	False
Biopterin	17001	1.8219106e-08	1909	23.991454065602614	False
Bendazac	16010	1.8177731e-08	1910	24.004021616187003	False
Bimoclomol	19668	1.8159053e-08	1911	24.016589166771396	False
Lutetium Lu 177 dotatate	17282	1.8077081e-08	1912	24.029156717355786	False
1-{[(3R)-3-methyl-4-({4-[(1S)-2,2,2-trifluoro-1-hydroxy-1-methylethyl]phenyl}sulfonyl)piperazin-1-yl]methyl}cyclopropanecarboxamide	16986	1.8056785e-08	1913	24.04172426794018	False
(R)-N-(1-Methyl-Hexyl)-Formamide	17294	1.8042464e-08	1914	24.05429181852457	False
ATG003	17133	1.802107e-08	1915	24.06685936910896	False
Lanicemine	21291	1.8015056e-08	1916	24.079426919693354	False
2',3'-Dideoxythymidine-5'-Monophosphate	18827	1.8008288e-08	1917	24.09199447027774	False
1-{5-[2-(thieno[3,2-d]pyrimidin-4-ylamino)ethyl]-1,3-thiazol-2-yl}-3-[3-(trifluoromethyl)phenyl]urea	18270	1.8001593e-08	1918	24.104562020862133	False
Di-Stearoyl-3-Sn-Phosphatidylcholine	17432	1.7958005e-08	1919	24.117129571446526	False
alpha-Tocopherol succinate	14524	1.7930146e-08	1920	24.129697122030915	False
N-[4-Methyl-3-[[4-(3-Pyridinyl)-2-Pyrimidinyl]Amino]Phenyl]-3-Pyridinecarboxamide	15963	1.7925837e-08	1921	24.14226467261531	False
ICA-105665	17544	1.789441e-08	1922	24.154832223199698	False
Asparagine	16680	1.7872578e-08	1923	24.16739977378409	False
N-Formylpiperidine	17297	1.7836411e-08	1924	24.17996732436848	False
Thiopental	15834	1.7835834e-08	1925	24.192534874952873	False
Methoxyflurane	15136	1.7832331e-08	1926	24.205102425537262	False
Aldesleukin	14663	1.7801609e-08	1927	24.217669976121652	False
2'-Deoxyuridine 3'-Monophosphate	19152	1.777223e-08	1928	24.230237526706045	False
NRP409	14080	1.7741714e-08	1929	24.242805077290434	False
Ferrous fumarate	16347	1.7725649e-08	1930	24.255372627874827	False
Benzatropine	14139	1.771054e-08	1931	24.26794017845922	False
Alprazolam	14164	1.7667826e-08	1932	24.28050772904361	False
Mercaptopurine	14764	1.7653443e-08	1933	24.293075279628003	False
N-[(1S)-1-{1-[(1R,3E)-1-ACETYLPENT-3-EN-1-YL]-1H-1,2,3-TRIAZOL-4-YL}-1,2-DIMETHYLPROPYL]BENZAMIDE	18983	1.7645196e-08	1934	24.305642830212392	False
Ancestim	17285	1.7616578e-08	1935	24.31821038079678	False
Buflomedil	20749	1.7586029e-08	1936	24.330777931381174	False
Ebselen	18174	1.7581332e-08	1937	24.343345481965564	False
Mafosfamide	21703	1.7567958e-08	1938	24.355913032549957	False
Uridine-5'-Diphosphate	16597	1.7495429e-08	1939	24.368480583134346	False
Inositol nicotinate	15885	1.745926e-08	1940	24.38104813371874	False
4-(N,N-Dimethylamino)cinnamoyl-CoA	20083	1.74344e-08	1941	24.39361568430313	False
Intetumumab	21116	1.7424096e-08	1942	24.40618323488752	False
Dimethyl Propionate Ester Heme	18729	1.7419776e-08	1943	24.418750785471914	False
p1-(5'-adenosyl)p5-(5'-thymidyl)pentaphosphate	18830	1.73773e-08	1944	24.4313183360563	False
Uridine triacetate	20638	1.7352988e-08	1945	24.443885886640693	False
Siltuximab	15612	1.7331951e-08	1946	24.456453437225083	False
N-Cyclohexyl-N'-Decylurea	18167	1.7312919e-08	1947	24.469020987809476	False
4-[Hydroxy-[Methyl-Phosphinoyl]]-3-Oxo-Butanoic Acid	20098	1.7295362e-08	1948	24.48158853839387	False
Dimethyltryptamine	16507	1.7289688e-08	1949	24.494156088978258	False
Dazoxiben	19142	1.728362e-08	1950	24.50672363956265	False
Milrinone	17220	1.7274097e-08	1951	24.51929119014704	False
Iron	16341	1.7233125e-08	1952	24.531858740731433	False
Aranidipine	14421	1.7229182e-08	1953	24.544426291315823	False
Desoxycorticosterone pivalate	15487	1.7226093e-08	1954	24.556993841900212	False
Levomefolic acid	14733	1.7209803e-08	1955	24.569561392484605	False
Rotigotine	15193	1.7196351e-08	1956	24.582128943068994	False
Cytisine	17891	1.7189432e-08	1957	24.594696493653387	False
Amylocaine	20192	1.7163485e-08	1958	24.607264044237777	False
Farnesyl diphosphate	17737	1.7150263e-08	1959	24.61983159482217	False
alpha-D-Xylopyranose	20020	1.7127348e-08	1960	24.632399145406563	False
Vanoxerine	15528	1.7111219e-08	1961	24.644966695990952	False
Mercuric iodide	17990	1.7110827e-08	1962	24.65753424657534	False
Altretamine	20434	1.7080371e-08	1963	24.67010179715973	False
Nicotinamide adenine dinucleotide phosphate	15950	1.7043499e-08	1964	24.682669347744124	False
Ergocalciferol	14560	1.7021117e-08	1965	24.695236898328517	False
4-(3-Pyridin-2-Yl-1h-Pyrazol-4-Yl)Quinoline	19852	1.702063e-08	1966	24.707804448912906	False
1,1,1-TRIFLUORO-3-(OCTYLTHIO)ACETONE	20030	1.7006707e-08	1967	24.7203719994973	False
ADX10059	18757	1.7004373e-08	1968	24.73293955008169	False
(2R)-N~4~-hydroxy-2-(3-hydroxybenzyl)-N~1~-[(1S,2R)-2-hydroxy-2,3-dihydro-1H-inden-1-yl]butanediamide	19734	1.7002069e-08	1969	24.74550710066608	False
gamma-Aminobutyric acid	16674	1.693976e-08	1970	24.75807465125047	False
Emivirine	21789	1.6794537e-08	1971	24.770642201834864	False
Ibutilide	16302	1.6725616e-08	1972	24.783209752419253	False
S-4-Nitrobutyryl-CoA	19151	1.6723893e-08	1973	24.795777303003643	False
Thymidine monophosphate	16963	1.6691835e-08	1974	24.808344853588036	False
Riboflavin	14833	1.6655484e-08	1975	24.820912404172425	False
Paliperidone	15001	1.6631898e-08	1976	24.833479954756818	False
Carbenoxolone	16977	1.6615664e-08	1977	24.84604750534121	False
AT9283	18264	1.6614555e-08	1978	24.8586150559256	False
6-{[(CYCLOHEXYLAMINO)CARBONYL]AMINO}HEXANOIC ACID	18172	1.654164e-08	1979	24.871182606509993	False
Tocofersolan	15657	1.653801e-08	1980	24.883750157094383	False
Coltuximab ravtansine	15565	1.6507062e-08	1981	24.896317707678772	False
Thiamine	14130	1.6484975e-08	1982	24.908885258263165	False
Parathyroid hormone	19662	1.646788e-08	1983	24.921452808847555	False
Azelaic acid	16741	1.6402677e-08	1984	24.934020359431948	False
Gabaculine	17167	1.6392168e-08	1985	24.946587910016337	False
Naronapride	16288	1.6357843e-08	1986	24.95915546060073	False
Thiamylal	15489	1.6340161e-08	1987	24.97172301118512	False
Catridecacog	20178	1.6306725e-08	1988	24.984290561769512	False
Melatonin	14726	1.6301126e-08	1989	24.996858112353905	False
Epinastine	15118	1.629031e-08	1990	25.009425662938295	False
N'-(5-CHLORO-1,3-BENZODIOXOL-4-YL)-N-(3,4,5- TRIMETHOXYPHENYL)PYRIMIDINE-2,4-DIAMINE	19366	1.627503e-08	1991	25.021993213522688	False
Robenacoxib	20702	1.6274969e-08	1992	25.034560764107077	False
N-(TERT-BUTYL)-3,5-DIMETHYL-N'-[(5-METHYL-2,3-DIHYDRO-1,4-BENZODIOXIN-6-YL)CARBONYL]BENZOHYDRAZIDE	16279	1.6270562e-08	1993	25.04712831469147	False
(5R)-2-[(2-Fluorophenyl)amino]-5-isopropyl-1,3-thiazol-4(5H)-one	16990	1.6258214e-08	1994	25.059695865275856	False
Mitomycin	15271	1.6250278e-08	1995	25.072263415860245	False
Pridinol	21363	1.6220765e-08	1996	25.08483096644464	False
gamma-Glutamylcysteine	16560	1.6170969e-08	1997	25.097398517029028	False
Geranylgeranyl diphosphate	17738	1.6155864e-08	1998	25.10996606761342	False
Lomustine	15154	1.6144158e-08	1999	25.122533618197814	False
RPI-78M	17135	1.6110844e-08	2000	25.135101168782203	False
Hexanoyl-CoA	20082	1.6093828e-08	2001	25.147668719366596	False
Inositol 1,3,4,5-Tetrakisphosphate	17208	1.6078703e-08	2002	25.160236269950985	False
Isoprenaline	15868	1.6067391e-08	2003	25.17280382053538	False
PQ-10	17502	1.6062977e-08	2004	25.185371371119768	False
3-(3-methoxybenzyl)-1H-pyrrolo[2,3-b]pyridine	19194	1.6016934e-08	2005	25.19793892170416	False
Human Varicella-Zoster Immune Globulin	21063	1.5989006e-08	2006	25.21050647228855	False
Decitabine	14713	1.5982419e-08	2007	25.223074022872943	False
alpha-Tocopherol acetate	14110	1.5947888e-08	2008	25.235641573457336	False
Amifampridine	15875	1.5937305e-08	2009	25.248209124041725	False
Obiltoxaximab	20537	1.5908332e-08	2010	25.26077667462612	False
Lactic acid	20217	1.5898898e-08	2011	25.273344225210508	False
3-(INDOL-3-YL) LACTATE	19827	1.588635e-08	2012	25.2859117757949	False
(3AR,6R,6AS)-6-((S)-((S)-CYCLOHEX-2-ENYL)(HYDROXY)METHYL)-6A-METHYL-4-OXO-HEXAHYDRO-2H-FURO[3,2-C]PYRROLE-6-CARBALDEHYDE	19280	1.5885714e-08	2013	25.298479326379287	False
N-(4-chlorobenzyl)-N-methylbenzene-1,4-disulfonamide	19721	1.5876656e-08	2014	25.311046876963676	False
N-acetyl-alpha-neuraminic acid	18044	1.5829276e-08	2015	25.32361442754807	False
Zinc trihydroxide	17786	1.5804718e-08	2016	25.336181978132462	False
Midazolam	14963	1.5804536e-08	2017	25.34874952871685	False
Disopyramide	14538	1.5795615e-08	2018	25.361317079301244	False
Acetoacetic acid	20097	1.5794772e-08	2019	25.373884629885634	False
p-Toluenesulfonic acid	19748	1.5749679e-08	2020	25.386452180470027	False
Oxypertine	20561	1.5725814e-08	2021	25.399019731054416	False
Sulfamazone	21354	1.570046e-08	2022	25.41158728163881	False
N-[(CYCLOHEXYLAMINO)CARBONYL]GLYCINE	18170	1.565032e-08	2023	25.424154832223202	False
Ticarcillin	20415	1.5649395e-08	2024	25.43672238280759	False
Vabicaserin	21295	1.5634924e-08	2025	25.449289933391984	False
Dyphylline	15956	1.5614392e-08	2026	25.461857483976374	False
Calcium carbimide	14803	1.5585737e-08	2027	25.474425034560767	False
N-acetyl-alpha-D-glucosamine	16696	1.5582497e-08	2028	25.486992585145156	False
PF-00610355	21404	1.5582348e-08	2029	25.49956013572955	False
Ornidazole	21933	1.5579822e-08	2030	25.51212768631394	False
Methyl 4,6-O-[(1R)-1-carboxyethylidene]-beta-D-galactopyranoside	18819	1.5569187e-08	2031	25.524695236898324	False
Pozanicline	17890	1.5561529e-08	2032	25.537262787482717	False
Ripasudil	18311	1.5548267e-08	2033	25.54983033806711	False
Felodipine	14984	1.5543641e-08	2034	25.5623978886515	False
GEM-231	19592	1.5507364e-08	2035	25.574965439235893	False
Diiodohydroxyquinoline	20431	1.5486645e-08	2036	25.587532989820282	False
Atipamezole	21403	1.5476635e-08	2037	25.600100540404675	False
Melphalan	20212	1.5465716e-08	2038	25.612668090989064	False
Pateclizumab	21172	1.5463032e-08	2039	25.625235641573457	False
Isocitric Acid	18841	1.5460879e-08	2040	25.637803192157847	False
K-252a	17973	1.5436363e-08	2041	25.65037074274224	False
Tripelennamine	15122	1.5420914e-08	2042	25.662938293326633	False
Mepivacaine	16546	1.5414356e-08	2043	25.675505843911022	False
Amido Phenyl Pyruvic Acid	18908	1.5409713e-08	2044	25.688073394495415	False
Human interferon beta	14496	1.5406215e-08	2045	25.700640945079805	False
Doconexent	15786	1.5406185e-08	2046	25.713208495664198	False
Sulfacetamide	20318	1.5406068e-08	2047	25.725776046248587	False
3,6,9,12,15-PENTAOXATRICOSAN-1-OL	17093	1.5388506e-08	2048	25.73834359683298	False
Hematin	20446	1.537331e-08	2049	25.750911147417366	False
Alsterpaullone	17997	1.5354729e-08	2050	25.76347869800176	False
Adenosine 5'-[gamma-thio]triphosphate	18572	1.5266364e-08	2051	25.776046248586148	False
Carvedilol	14308	1.5264966e-08	2052	25.78861379917054	False
SR-9009	20182	1.5264238e-08	2053	25.80118134975493	False
Levosimendan	17221	1.52519e-08	2054	25.813748900339323	False
Coccidioides immitis spherule	19637	1.5237621e-08	2055	25.826316450923713	False
Calcitriol	14559	1.5223446e-08	2056	25.838884001508106	False
Thiacloprid	19935	1.5218394e-08	2057	25.8514515520925	False
Epibatidine	17650	1.5198552e-08	2058	25.864019102676888	False
Abacavir	15853	1.5194e-08	2059	25.87658665326128	False
Papaverine	17319	1.5170864e-08	2060	25.88915420384567	False
Velusetrag	16292	1.5166119e-08	2061	25.901721754430064	False
1,10-Phenanthroline	21393	1.5123483e-08	2062	25.914289305014453	False
Buserelin	14824	1.50837e-08	2063	25.926856855598846	False
Tiemonium iodide	21015	1.5050048e-08	2064	25.939424406183235	False
Invert sugar	14767	1.5039602e-08	2065	25.95199195676763	False
TB-402	15976	1.5027387e-08	2066	25.96455950735202	False
Diamorphine	14512	1.5016013e-08	2067	25.977127057936407	False
Technetium Tc-99m tilmanocept	20181	1.500273e-08	2068	25.989694608520796	False
Levodopa	14321	1.4989485e-08	2069	26.00226215910519	False
Muromonab	16823	1.4967059e-08	2070	26.01482970968958	False
Bisoxatin	20810	1.4965147e-08	2071	26.027397260273972	False
Inositol 2,4,5-trisphosphate	20075	1.4945464e-08	2072	26.03996481085836	False
Amuvatinib	16494	1.4935662e-08	2073	26.052532361442754	False
Josamycin	21243	1.4923247e-08	2074	26.065099912027144	False
Cupric sulfate	14684	1.4884699e-08	2075	26.077667462611537	False
7-{[(CYCLOHEXYLAMINO)CARBONYL]AMINO}HEPTANOIC ACID	18173	1.4859906e-08	2076	26.09023501319593	False
Trandolapril	15762	1.4858461e-08	2077	26.10280256378032	False
Heptanoic acid	19943	1.4853446e-08	2078	26.115370114364712	False
Cyproterone acetate	14821	1.4843363e-08	2079	26.1279376649491	False
Flumequine	15368	1.4840505e-08	2080	26.140505215533494	False
Tapinarof	18100	1.4832751e-08	2081	26.153072766117884	False
6-O-Phosphoryl Inosine Monophosphate	19272	1.4821467e-08	2082	26.165640316702277	False
Motavizumab	21056	1.4817114e-08	2083	26.17820786728667	False
10-Propargyl-5,8-Dideazafolic Acid	16681	1.4810813e-08	2084	26.19077541787106	False
Ferrous sulfate anhydrous	14707	1.4809486e-08	2085	26.203342968455445	False
1-[4-(PYRIDIN-4-YLOXY)PHENYL]-3-[3-(TRIFLUOROMETHYL)PHENYL]UREA	15966	1.479472e-08	2086	26.215910519039838	False
3-[4-(1-formylpiperazin-4-yl)-benzylidenyl]-2-indolinone	17694	1.4794042e-08	2087	26.228478069624227	False
Cystine	16035	1.4765542e-08	2088	26.24104562020862	False
Brinase	20723	1.47625565e-08	2089	26.25361317079301	False
2-acetylamino-2-deoxy-b-D-allopyranose	18424	1.4722179e-08	2090	26.266180721377403	False
Pegaspargase	14503	1.4702873e-08	2091	26.278748271961796	False
Tucaresol	21908	1.4689641e-08	2092	26.291315822546185	False
Cefetamet	20747	1.4671048e-08	2093	26.303883373130578	False
Metildigoxin	21220	1.4665678e-08	2094	26.316450923714967	False
Octylphenoxy polyethoxyethanol	19701	1.4644517e-08	2095	26.32901847429936	False
P1-(adenosine-5'-P5-(uridine-5')pentaphosphate	17513	1.46349395e-08	2096	26.34158602488375	False
Potassium chloride	16085	1.4628717e-08	2097	26.354153575468143	False
Potassium hydroxide	21466	1.4625732e-08	2098	26.366721126052532	False
(2S)-2-[3-(AMINOMETHYL)PHENYL]-3-[(R)-[(1R)-1-{[(BENZYLOXY)CARBONYL]AMINO}-2-METHYLPROPYL](HYDROXY)PHOSPHORYL]PROPANOIC ACID	19458	1.4602707e-08	2099	26.379288676636925	False
KC706	18330	1.455399e-08	2100	26.391856227221318	False
Methscopolamine	20321	1.4549882e-08	2101	26.404423777805707	False
Enoximone	17223	1.4534462e-08	2102	26.4169913283901	False
Isoflurane	14228	1.4524595e-08	2103	26.42955887897449	False
Glucagon	17374	1.4522767e-08	2104	26.442126429558876	False
CARBOBENZYLOXY-(L)-LEUCINYL-(L)LEUCINYL METHOXYMETHYLKETONE	19938	1.4513269e-08	2105	26.45469398014327	False
Clometocillin	21452	1.4508037e-08	2106	26.467261530727658	False
Eucalyptus oil	20817	1.4473544e-08	2107	26.47982908131205	False
D-Eritadenine	19014	1.4452304e-08	2108	26.49239663189644	False
METHOXYUNDECYLPHOSPHINIC ACID	17549	1.4444036e-08	2109	26.504964182480833	False
Carglumic acid	20124	1.4396508e-08	2110	26.517531733065226	False
Ethacizine	21422	1.436332e-08	2111	26.530099283649616	False
Idoxuridine	20439	1.4347359e-08	2112	26.54266683423401	False
Tocopherol	14109	1.4334448e-08	2113	26.555234384818398	False
Adafosbuvir	21807	1.4319609e-08	2114	26.56780193540279	False
Medifoxamine	21323	1.4280606e-08	2115	26.58036948598718	False
Pegnivacogin	21531	1.4255352e-08	2116	26.592937036571573	False
Calcium citrate	14436	1.42444785e-08	2117	26.605504587155966	False
Roquinimex	21678	1.4228838e-08	2118	26.618072137740356	False
Oglufanide	21671	1.4227128e-08	2119	26.63063968832475	False
Triethylenetetramine	20324	1.4223574e-08	2120	26.643207238909138	False
Centella asiatica	21642	1.4211127e-08	2121	26.65577478949353	False
Ibudilast	17224	1.4188378e-08	2122	26.668342340077917	False
Phosphatidyl ethanol	19500	1.417158e-08	2123	26.680909890662306	False
Zinc glycinate	20973	1.4150351e-08	2124	26.6934774412467	False
2-amino-5-[3-(1-ethyl-1H-pyrazol-5-yl)-1H-pyrrolo[2,3-b]pyridin-5-yl]-N,N-dimethylbenzamide	15969	1.4146951e-08	2125	26.706044991831092	False
Lestaurtinib	15569	1.4143228e-08	2126	26.71861254241548	False
Gedivumab	21189	1.4142796e-08	2127	26.731180092999875	False
Fosfructose	21427	1.41286955e-08	2128	26.743747643584264	False
6-hydroxyuridine-5'-phosphate	20065	1.4108526e-08	2129	26.756315194168657	False
Maleic Acid	17375	1.410535e-08	2130	26.768882744753046	False
2-(N-morpholino)ethanesulfonic acid	16751	1.4102795e-08	2131	26.78145029533744	False
TNX-901	15973	1.410067e-08	2132	26.79401784592183	False
Pilocarpine	15483	1.4088251e-08	2133	26.80658539650622	False
Vitespen	20867	1.4086209e-08	2134	26.819152947090615	False
Lutropin alfa	16470	1.4082017e-08	2135	26.831720497675004	False
1D-myo-inositol 1,4,5-trisphosphate	18965	1.4066635e-08	2136	26.844288048259397	False
Methylergometrine	15436	1.4059098e-08	2137	26.856855598843786	False
INCB13739	16978	1.4043339e-08	2138	26.86942314942818	False
Ferrous succinate	16345	1.4004554e-08	2139	26.88199070001257	False
Bicifadine	14894	1.4001296e-08	2140	26.894558250596955	False
N(6)-(pyridoxal phosphate)-L-lysine	16821	1.3994193e-08	2141	26.907125801181348	False
Tyramine	20279	1.3990084e-08	2142	26.919693351765737	False
PRO-542	19560	1.3989176e-08	2143	26.93226090235013	False
Amrubicin	15276	1.3948785e-08	2144	26.944828452934523	False
O3-Sulfonylgalactose	20068	1.39439695e-08	2145	26.957396003518912	False
LY2140023	18222	1.3933203e-08	2146	26.969963554103305	False
Potassium carbonate	21478	1.3929349e-08	2147	26.982531104687695	False
Allicin	21216	1.3920319e-08	2148	26.995098655272088	False
Zotepine	15374	1.3906653e-08	2149	27.007666205856477	False
Malacidin A	21606	1.3897159e-08	2150	27.02023375644087	False
Chlorphenesin	14666	1.3878802e-08	2151	27.032801307025263	False
Pyrithione	20796	1.3864409e-08	2152	27.045368857609652	False
Alminoprofen	20733	1.3855184e-08	2153	27.057936408194045	False
(3R)-3-HYDROXYDODECANOIC ACID	19980	1.3826198e-08	2154	27.070503958778435	False
Glesatinib	21499	1.3818631e-08	2155	27.083071509362828	False
(2S)-2-[3-(AMINOMETHYL)PHENYL]-3-{(S)-HYDROXY[(1R)-2-METHYL-1-{[(2-PHENYLETHYL)SULFONYL]AMINO}PROPYL]PHOSPHORYL}PROPANOIC ACID	19453	1.3807065e-08	2156	27.095639059947217	False
Tyrosine	16706	1.378959e-08	2157	27.10820661053161	False
2-(Acetylamino)-2-Deoxy-6-O-Methyl-Alpha-D-Allopyranose	18425	1.3784567e-08	2158	27.120774161115996	False
(1R,2R,3S,4R,6S)-3,4,6-Trihydroxy-5-{[(S)-hydroxy(3-hydroxy-2-oxopropoxy)phosphoryl]oxy}-1,2-cyclohexanediyl bis[dihydrogen (phosphate)]	20101	1.3763182e-08	2159	27.13334171170039	False
Navitoclax	16721	1.3730486e-08	2160	27.14590926228478	False
Para-Bromobenzyl Alcohol	17291	1.3705132e-08	2161	27.15847681286917	False
LErafAON	16042	1.3701395e-08	2162	27.17104436345356	False
Vitamin E	14054	1.3689013e-08	2163	27.183611914037954	False
Faldaprevir	21793	1.3681286e-08	2164	27.196179464622343	False
Palmidrol	21381	1.3621659e-08	2165	27.208747015206736	False
Prasterone	14623	1.3621348e-08	2166	27.221314565791126	False
Methysergide	15423	1.3618127e-08	2167	27.23388211637552	False
(2Z)-2-cyano-N-(2,2'-dichlorobiphenyl-4-yl)-3-hydroxybut-2-enamide	17082	1.3588159e-08	2168	27.24644966695991	False
Vadastuximab Talirine	21079	1.3587564e-08	2169	27.2590172175443	False
Flunoxaprofen	20449	1.357992e-08	2170	27.271584768128694	False
Alprenolol	15128	1.3577666e-08	2171	27.284152318713083	False
Acemetacin	15882	1.3574714e-08	2172	27.296719869297476	False
Dorzolamide	15779	1.35681395e-08	2173	27.309287419881866	False
Influenza A virus A/Perth/16/2009 (H3N2) live (attenuated) antigen	20949	1.3563456e-08	2174	27.32185497046626	False
N-Tridecanoic Acid	18968	1.3552311e-08	2175	27.334422521050648	False
Selenic acid	21865	1.3512098e-08	2176	27.346990071635034	False
Dioxyselenocysteine	21855	1.3501845e-08	2177	27.359557622219427	False
Telcagepant	19285	1.3497416e-08	2178	27.37212517280382	False
Triglu-5-formyl-tetrahydrofolate	17012	1.3487843e-08	2179	27.38469272338821	False
Tertomotide	19363	1.3480538e-08	2180	27.397260273972602	False
Casimiroin	16686	1.347771e-08	2181	27.40982782455699	False
NBI-6024	21213	1.34740095e-08	2182	27.422395375141384	False
Fiboflapon	19306	1.3452464e-08	2183	27.434962925725774	False
Colchiceine	14500	1.3450386e-08	2184	27.447530476310167	False
(2S,3S,4R,5S)-2-(4-Amino-4,5-dihydro-1H-pyrrolo[3,2-d]pyrimidin-7-yl)-5-[(methylsulfanyl)methyl]-3,4-pyrrolidinediol	18676	1.344018e-08	2185	27.46009802689456	False
Poliglusam	21940	1.34040565e-08	2186	27.47266557747895	False
Zuretinol acetate	21445	1.3403545e-08	2187	27.485233128063342	False
Omega-3-acid ethyl esters	14630	1.3390693e-08	2188	27.49780067864773	False
Virginiamycin S1	19885	1.3389159e-08	2189	27.510368229232125	False
Permethrin	15872	1.3361071e-08	2190	27.522935779816514	False
2',3'-Dideoxyadenosine triphosphate	20074	1.3342126e-08	2191	27.535503330400907	False
4-guanidinobenzoic acid	19017	1.33417695e-08	2192	27.5480708809853	False
Montmorillonite	20969	1.3338945e-08	2193	27.56063843156969	False
Aminopterin	14683	1.3337979e-08	2194	27.573205982154082	False
Etanautine	21013	1.33090845e-08	2195	27.585773532738468	False
Heparin Disaccharide I-S	18223	1.3301724e-08	2196	27.598341083322858	False
Nifurtoinol	20484	1.3297411e-08	2197	27.61090863390725	False
Triflupromazine	14841	1.3290134e-08	2198	27.62347618449164	False
Maprotiline	14542	1.3287398e-08	2199	27.636043735076033	False
Benactyzine	20987	1.3284458e-08	2200	27.648611285660422	False
OSI-930	16032	1.3276606e-08	2201	27.661178836244815	False
Imolamine	21919	1.3276403e-08	2202	27.673746386829208	False
Burosumab	20631	1.3266834e-08	2203	27.686313937413598	False
S-benzylglutathione	14930	1.3259144e-08	2204	27.69888148799799	False
MCC	18200	1.3247895e-08	2205	27.71144903858238	False
N-[3-[[4-[(5-CHLORO-1,3-BENZODIOXOL-4-YL)AMINO]PYRIMIDIN-2-YL]AMINO]PHENYL]METHANESULFONAMIDE	19370	1.3232465e-08	2206	27.724016589166773	False
Sonepcizumab	21055	1.3225803e-08	2207	27.736584139751162	False
Furoyl-Leucine	19915	1.3222046e-08	2208	27.749151690335555	False
Adenosine 3',5'-diphosphate	17988	1.3212088e-08	2209	27.761719240919945	False
Ammonia	14585	1.3191867e-08	2210	27.774286791504338	False
Mepolizumab	18799	1.3190559e-08	2211	27.78685434208873	False
SOR-C13	21433	1.3186433e-08	2212	27.79942189267312	False
Gestrinone	15656	1.3186358e-08	2213	27.811989443257506	False
N-Pyridoxyl-Glycine-5-Monophosphate	17014	1.3185654e-08	2214	27.8245569938419	False
Latanoprostene bunod	17436	1.3169542e-08	2215	27.83712454442629	False
Sermorelin	17493	1.3144447e-08	2216	27.84969209501068	False
DAS869	17287	1.3140663e-08	2217	27.86225964559507	False
Asparaginase Escherichia coli	14502	1.3116874e-08	2218	27.874827196179464	False
N'-(5-CHLORO-1,3-BENZODIOXOL-4-YL)-N-(3-MORPHOLIN-4-YLPHENYL)PYRIMIDINE-2,4-DIAMINE	19371	1.31154225e-08	2219	27.887394746763857	False
P-Hydroxybenzaldehyde	21907	1.3110721e-08	2220	27.899962297348246	False
Cannabidivarin	18377	1.30903555e-08	2221	27.91252984793264	False
Iron isomaltoside 1000	21542	1.3085764e-08	2222	27.92509739851703	False
Pertussis vaccine	20957	1.3047655e-08	2223	27.93766494910142	False
Lpc-Ether	18899	1.3044172e-08	2224	27.95023249968581	False
Thymalfasin	21668	1.3042058e-08	2225	27.962800050270204	False
Tefinostat	21648	1.3038799e-08	2226	27.975367600854597	False
Triptolide	20710	1.3035915e-08	2227	27.987935151438986	False
Morpholine-4-Carboxylic Acid [1-(2-Benzylsulfanyl-1-Formyl-Ethylcarbamoyl)-2-Phenyl-Ethyl]-Amide	18978	1.3031888e-08	2228	28.00050270202338	False
Tetrahydrofolic acid	15954	1.3029527e-08	2229	28.01307025260777	False
5'-Guanylylmethylenebisphosphonate	18032	1.3001003e-08	2230	28.02563780319216	False
Chloroxylenol	20818	1.299473e-08	2231	28.038205353776547	False
Carfilzomib	19281	1.298643e-08	2232	28.050772904360937	False
5,8-dimethoxy-1,4-dimethylquinolin-2(1H)-one	16685	1.2975809e-08	2233	28.06334045494533	False
Flubendazole	21628	1.2975139e-08	2234	28.07590800552972	False
Clemastine	15086	1.2974595e-08	2235	28.088475556114112	False
Kappadione	14728	1.29733095e-08	2236	28.101043106698505	False
Tazarotene	15809	1.2970117e-08	2237	28.113610657282894	False
AT1391	16038	1.29684095e-08	2238	28.126178207867287	False
S-Methylcysteine	14577	1.2961709e-08	2239	28.138745758451677	False
Epitestosterone	16420	1.2961214e-08	2240	28.15131330903607	False
Vinylglycine	19669	1.2943847e-08	2241	28.16388085962046	False
Eftrenonacog alfa	20646	1.2932889e-08	2242	28.176448410204852	False
1-Allyl-3-Butyl-8-(N-Acetyl-4-Aminobenzyl)-Xanthine	18031	1.2929487e-08	2243	28.18901596078924	False
Pyrazinamide	14910	1.2903888e-08	2244	28.201583511373634	False
Pyridoxal	16048	1.2901698e-08	2245	28.214151061958027	False
Galcanezumab	19288	1.2895646e-08	2246	28.226718612542417	False
Piretanide	17344	1.2889867e-08	2247	28.23928616312681	False
Interferon gamma-1b	15280	1.2878808e-08	2248	28.2518537137112	False
Meglumine antimoniate	20348	1.2878587e-08	2249	28.264421264295585	False
Pristinamycin	21603	1.287844e-08	2250	28.276988814879978	False
(2R,3R,4S,5R)-2-acetamido-3,4-dihydroxy-5-hydroxymethyl-piperidine	18693	1.2868078e-08	2251	28.289556365464367	False
Human interleukin-2	21767	1.2864299e-08	2252	28.30212391604876	False
Edivoxetine	21269	1.2855076e-08	2253	28.314691466633153	False
Butanilicaine	21954	1.2846155e-08	2254	28.327259017217543	False
Adenosine-5'-diphosphate-2',3'-vanadate	19430	1.2822605e-08	2255	28.339826567801936	False
Dyclonine	16544	1.2815173e-08	2256	28.352394118386325	False
Hadacidin	19271	1.2805203e-08	2257	28.364961668970718	False
Aconitate Ion	20087	1.2798636e-08	2258	28.377529219555107	False
Chondroitin sulfate	14747	1.2787411e-08	2259	28.3900967701395	False
1,2-diacyl-sn-glycero-3-phosphoinositol	18923	1.2774223e-08	2260	28.402664320723893	False
Lamotrigine	14192	1.2767183e-08	2261	28.415231871308283	False
Bentonite	20967	1.2767061e-08	2262	28.427799421892676	False
Amoxapine	14540	1.27461846e-08	2263	28.440366972477065	False
(2R)-3-{[{[(2S)-2,3-DIHYDROXYPROPYL]OXY}(HYDROXY)PHOSPHORYL]OXY}-2-[(9E)-HEXADEC-9-ENOYLOXY]PROPYL (9E)-OCTADEC-9-ENOATE	19499	1.2739064e-08	2264	28.452934523061458	False
Saralasin	21394	1.27235475e-08	2265	28.465502073645848	False
Dihydroergotamine	15431	1.27218485e-08	2266	28.47806962423024	False
2-Isobutyl-3-methoxypyrazine	20015	1.2711613e-08	2267	28.490637174814626	False
Alpha-Methylisocitric Acid	20086	1.2708848e-08	2268	28.503204725399016	False
Pirarubicin	20901	1.2699012e-08	2269	28.51577227598341	False
Tetanus Immune Globulin	21062	1.2697074e-08	2270	28.5283398265678	False
Olsalazine	18157	1.2675997e-08	2271	28.54090737715219	False
Dalotuzumab	21073	1.2668287e-08	2272	28.553474927736584	False
Teicoplanin	20618	1.2665001e-08	2273	28.566042478320973	False
Pyrantel	14698	1.2654546e-08	2274	28.578610028905366	False
Dehydrocholic acid	20544	1.2652349e-08	2275	28.591177579489756	False
Bufuralol	15214	1.2645618e-08	2276	28.60374513007415	False
Cetrorelix	16471	1.2642749e-08	2277	28.616312680658538	False
Etrolizumab	21094	1.2633252e-08	2278	28.62888023124293	False
Cholesterol	17742	1.2621112e-08	2279	28.641447781827324	False
Sorghum halepense pollen	21823	1.2620656e-08	2280	28.654015332411714	False
Iproclozide	20385	1.2614518e-08	2281	28.666582882996106	False
Paspalum notatum pollen	21820	1.2609371e-08	2282	28.679150433580496	False
Carbromal	20364	1.260009e-08	2283	28.69171798416489	False
Azficel-T	20695	1.2587216e-08	2284	28.70428553474928	False
Desflurane	14315	1.25631585e-08	2285	28.71685308533367	False
Fezakinumab	21105	1.2563087e-08	2286	28.729420635918057	False
Cytidine-5'-Monophosphate	17512	1.2551757e-08	2287	28.74198818650245	False
4,6-Dideoxy-4-{[4,5,6-Trihydroxy-3-(Hydroxymethyl)Cyclohex-2-En-1-Yl]Amino}-Alpha-D-Lyxo-Hexopyranosyl-(1->4)-Alpha-D-Threo-Hexopyranosyl-(1->6)-Alpha-L-Threo-Hexopyranose	19390	1.2551278e-08	2288	28.75455573708684	False
2'-Deoxycytidine	15806	1.254032e-08	2289	28.767123287671232	False
Ala-geninthiocin	21613	1.2520649e-08	2290	28.779690838255622	False
Ioxaglic acid	39892	1.2513725e-08	2291	28.792258388840015	False
Vedroprevir	21797	1.2500796e-08	2292	28.804825939424404	False
Emtricitabine	14254	1.2500558e-08	2293	28.817393490008797	False
Pergolide	15490	1.2500271e-08	2294	28.82996104059319	False
Degraded Cephaloridine	20209	1.2498316e-08	2295	28.84252859117758	False
Levoleucovorin	21481	1.2490594e-08	2296	28.855096141761972	False
Tolnaftate	20367	1.2479188e-08	2297	28.867663692346362	False
Clostebol	21655	1.2473644e-08	2298	28.880231242930755	False
Alemtuzumab	16285	1.2459995e-08	2299	28.892798793515144	False
Clorsulon	21276	1.245712e-08	2300	28.905366344099537	False
Biochanin A	20783	1.2456835e-08	2301	28.917933894683927	False
Propylene glycol	20567	1.245035e-08	2302	28.93050144526832	False
Cisplatin	14186	1.2438339e-08	2303	28.943068995852713	False
C31G	19505	1.2436916e-08	2304	28.9556365464371	False
Pegamotecan	21538	1.2435825e-08	2305	28.968204097021488	False
METHYL 1-(4-{[(2,4-DIAMINOPTERIDIN-6-YL)METHYL]AMINO}BENZOYL)PIPERIDINE-4-CARBOXYLATE	19940	1.2435683e-08	2306	28.98077164760588	False
Temefos	20908	1.2429754e-08	2307	28.99333919819027	False
Surinabant	21318	1.2420985e-08	2308	29.005906748774663	False
Imidazole	15925	1.2416959e-08	2309	29.018474299359053	False
Trandolaprilat	21226	1.240517e-08	2310	29.031041849943445	False
Fasinumab	21092	1.2382193e-08	2311	29.043609400527835	False
BCG vaccine	20917	1.23795e-08	2312	29.056176951112228	False
Ceftezole	20769	1.2347618e-08	2313	29.06874450169662	False
1-{3-oxo-3-[(2S)-2-(pyrrolidin-1-ylcarbonyl)pyrrolidin-1-yl]propyl}-3-phenylquinoxalin-2(1H)-one	19205	1.2335919e-08	2314	29.08131205228101	False
Loxicodegol	17166	1.2335707e-08	2315	29.093879602865403	False
Flomoxef	20708	1.2330014e-08	2316	29.106447153449793	False
Carboxymethylcellulose	18423	1.2329357e-08	2317	29.119014704034186	False
Mebicar	20601	1.2317086e-08	2318	29.131582254618575	False
Demoxytocin	21953	1.2312577e-08	2319	29.144149805202968	False
Maduramicin	21589	1.2299221e-08	2320	29.15671735578736	False
Argifin	18426	1.2283116e-08	2321	29.16928490637175	False
5-hydroxymethyl-5,6-dihydrofolic acid	17013	1.2278103e-08	2322	29.181852456956136	False
Fanolesomab	21152	1.2276909e-08	2323	29.19442000754053	False
Rociletinib	21694	1.2273023e-08	2324	29.20698755812492	False
ADX-10061	17542	1.2272625e-08	2325	29.21955510870931	False
Tovetumab	21114	1.226282e-08	2326	29.2321226592937	False
Tecadenoson	15959	1.22613475e-08	2327	29.244690209878094	False
Zolbetuximab	21182	1.2231029e-08	2328	29.257257760462487	False
SR 121463	17726	1.2230935e-08	2329	29.269825311046876	False
Zinc oxide	20322	1.2229582e-08	2330	29.28239286163127	False
Abicipar Pegol	21535	1.2217622e-08	2331	29.29496041221566	False
Nelipepimut-S	19636	1.221634e-08	2332	29.30752796280005	False
Calcium gluconate	20311	1.2212659e-08	2333	29.32009551338444	False
Epinephrine	14807	1.2188736e-08	2334	29.332663063968834	False
Coproporphyrinogen III	18967	1.2187783e-08	2335	29.345230614553223	False
Proxibarbal	21327	1.2177536e-08	2336	29.357798165137616	False
Azosemide	20613	1.2169595e-08	2337	29.37036571572201	False
Selenomethionine Se-75	21864	1.2162147e-08	2338	29.3829332663064	False
Lanopepden	21592	1.214043e-08	2339	29.39550081689079	False
Pipenzolate	21022	1.2139041e-08	2340	29.408068367475177	False
Fluciclovine (18F)	16474	1.2138623e-08	2341	29.420635918059567	False
CX717	17516	1.2118383e-08	2342	29.43320346864396	False
Chloral hydrate	20343	1.2112075e-08	2343	29.44577101922835	False
Nitisinone	17286	1.2104315e-08	2344	29.458338569812742	False
Nojirimycine Tetrazole	18060	1.207169e-08	2345	29.47090612039713	False
Malonaldehyde	21904	1.20694335e-08	2346	29.483473670981525	False
Typhoid vaccine	20941	1.2067478e-08	2347	29.496041221565918	False
Racotumomab	21133	1.2051147e-08	2348	29.508608772150307	False
Fosfomycin	20421	1.2051055e-08	2349	29.5211763227347	False
Medical Cannabis	14660	1.2026301e-08	2350	29.53374387331909	False
4-[4-(2,5-DIOXO-PYRROLIDIN-1-YL)-PHENYLAMINO]-4-HYDROXY-BUTYRIC ACID	20007	1.2022632e-08	2351	29.546311423903482	False
Magnesium peroxide	20840	1.2001416e-08	2352	29.55887897448787	False
Penicillin G Acyl-Serine	21462	1.1985403e-08	2353	29.571446525072265	False
Diethyltoluamide	21935	1.1984077e-08	2354	29.584014075656658	False
Deoxyepinephrine	21428	1.1972128e-08	2355	29.596581626241047	False
Clostridium tetani toxoid antigen (formaldehyde inactivated)	20880	1.1968111e-08	2356	29.60914917682544	False
Apalutamide	15668	1.1952689e-08	2357	29.62171672740983	False
Pascopyrum smithii pollen	21839	1.1944462e-08	2358	29.634284277994215	False
beta-D-fructofuranose 1,6-bisphosphate	16084	1.1941273e-08	2359	29.64685182857861	False
Robatumumab	21130	1.1932872e-08	2360	29.659419379162998	False
Neosaxitoxin	21317	1.1919496e-08	2361	29.67198692974739	False
Givosiran	20511	1.1918291e-08	2362	29.684554480331784	False
Lanthanum III cation	21853	1.1898847e-08	2363	29.697122030916173	False
Octinoxate	20815	1.1898847e-08	2364	29.709689581500566	False
7-Iodo-1,2,3,4-Tetrahydro-Isoquinoline	17960	1.1897577e-08	2365	29.722257132084955	False
Tramazoline	20326	1.1889864e-08	2366	29.73482468266935	False
Amatuximab	19621	1.1888004e-08	2367	29.747392233253738	False
Flunixin	20705	1.1885783e-08	2368	29.75995978383813	False
Carboquone	21756	1.1885442e-08	2369	29.77252733442252	False
Lithium carbonate	17831	1.1882994e-08	2370	29.785094885006913	False
Naratuximab emtansine	21202	1.1864265e-08	2371	29.797662435591306	False
Tocainide	14289	1.1861912e-08	2372	29.810229986175695	False
Ipidacrine	20575	1.1858202e-08	2373	29.82279753676009	False
Vonicog Alfa	15902	1.1843103e-08	2374	29.835365087344478	False
Influenza B virus B/Brisbane/60/2008 antigen (propiolactone inactivated)	20894	1.1829918e-08	2375	29.84793263792887	False
Suxibuzone	20727	1.18283845e-08	2376	29.86050018851326	False
1-Methylimidazole	20060	1.1811295e-08	2377	29.873067739097646	False
E-6005	21886	1.1801612e-08	2378	29.88563528968204	False
Cetiedil	21930	1.1774519e-08	2379	29.89820284026643	False
2-(Thiomethylene)-4-Methylpentanoic Acid	19917	1.1771802e-08	2380	29.91077039085082	False
Glycolic acid	18588	1.1768793e-08	2381	29.923337941435214	False
AMGN-0007	19670	1.1767694e-08	2382	29.935905492019604	False
Vobarilizumab	21163	1.1762376e-08	2383	29.948473042603997	False
Naftifine	17411	1.17460095e-08	2384	29.961040593188386	False
Endralazine	20307	1.1742022e-08	2385	29.97360814377278	False
Tricarballylic acid	20088	1.1737746e-08	2386	29.98617569435717	False
Tetrazolyl Histidine	20058	1.1729286e-08	2387	29.99874324494156	False
Bamethan	21923	1.1721839e-08	2388	30.011310795525954	False
Enalaprilat	16698	1.1721615e-08	2389	30.023878346110344	False
S-Hexylglutathione	14931	1.1719066e-08	2390	30.036445896694737	False
Cyclohexanol	17120	1.1706467e-08	2391	30.049013447279126	False
INGN 225	20862	1.1697449e-08	2392	30.06158099786352	False
Piboserod	16286	1.1688194e-08	2393	30.07414854844791	False
Etheno-Nadp	18839	1.1684093e-08	2394	30.0867160990323	False
Dexpanthenol	20436	1.1682733e-08	2395	30.099283649616687	False
Corticosterone	15530	1.1673288e-08	2396	30.11185120020108	False
Cafedrine	20920	1.1670595e-08	2397	30.12441875078547	False
Nizofenone	20931	1.1662295e-08	2398	30.136986301369863	False
Dextromethorphan	15104	1.1644092e-08	2399	30.149553851954252	False
Methyl-1-testosterone	20661	1.1640517e-08	2400	30.162121402538645	False
Polaprezinc	14734	1.1636565e-08	2401	30.174688953123034	False
Ferric maltol	15892	1.1631971e-08	2402	30.187256503707427	False
Utomilumab	21181	1.16294645e-08	2403	30.199824054291817	False
Sodium bicarbonate	20288	1.1616274e-08	2404	30.21239160487621	False
Vaborbactam	20824	1.1615898e-08	2405	30.224959155460603	False
N-Ethylretinamide	14055	1.161437e-08	2406	30.237526706044992	False
Grn163l	19362	1.1614126e-08	2407	30.250094256629385	False
Butenafine	17412	1.1614103e-08	2408	30.262661807213775	False
Naratriptan	14901	1.1605202e-08	2409	30.275229357798167	False
Alovudine	21786	1.1596594e-08	2410	30.287796908382557	False
Enibomal	21513	1.15889e-08	2411	30.30036445896695	False
Garlic	21215	1.1585694e-08	2412	30.31293200955134	False
Hexapropymate	21364	1.1583263e-08	2413	30.325499560135725	False
Phosphocreatine	16284	1.15828875e-08	2414	30.338067110720118	False
Amrinone	17222	1.15814744e-08	2415	30.35063466130451	False
Carfentanil, C-11	21032	1.1578823e-08	2416	30.3632022118889	False
NAV 1800	21046	1.1568339e-08	2417	30.375769762473293	False
Clortermine	20535	1.1559913e-08	2418	30.388337313057683	False
(2S)-2-HYDROXYOCTANOIC ACID	19828	1.15548655e-08	2419	30.400904863642076	False
Lofentanil	20988	1.1547329e-08	2420	30.413472414226465	False
Difenpiramide	20736	1.1533572e-08	2421	30.426039964810858	False
Oxitropium	20370	1.1526777e-08	2422	30.43860751539525	False
Deutetrabenazine	15055	1.1525501e-08	2423	30.45117506597964	False
PEV3A	20861	1.1523963e-08	2424	30.463742616564033	False
Mirtazapine	15094	1.15188215e-08	2425	30.476310167148423	False
Magnesium orotate	20970	1.1497946e-08	2426	30.488877717732816	False
Y-27632	18310	1.149709e-08	2427	30.501445268317205	False
Crenezumab	21081	1.1483109e-08	2428	30.514012818901598	False
Istiratumab	21193	1.1474526e-08	2429	30.52658036948599	False
Plantago seed	20991	1.1473344e-08	2430	30.53914792007038	False
Lavoltidine	20831	1.1464812e-08	2431	30.551715470654766	False
Gusperimus	20916	1.1453426e-08	2432	30.56428302123916	False
Menotropins	16469	1.1450826e-08	2433	30.57685057182355	False
Emepronium	21007	1.1450215e-08	2434	30.589418122407942	False
Calcium lactate	20396	1.1449581e-08	2435	30.60198567299233	False
Mannosulfan	21751	1.1447398e-08	2436	30.614553223576724	False
Articaine	20315	1.1445586e-08	2437	30.627120774161114	False
(S)-2-Amino-3-(6h-Selenolo[2,3-B]-Pyrrol-4-Yl)-Propionic Acid	21858	1.1429486e-08	2438	30.639688324745507	False
Dipotassium phosphate	20400	1.1429247e-08	2439	30.6522558753299	False
Ethambutol	20402	1.1425431e-08	2440	30.66482342591429	False
Gamolenic acid	21641	1.1415193e-08	2441	30.677390976498682	False
1-[2-DEOXYRIBOFURANOSYL]-2,4-DIFLUORO-5-METHYL-BENZENE-5'MONOPHOSPHATE	19912	1.1406858e-08	2442	30.68995852708307	False
Verteporfin	20393	1.1405836e-08	2443	30.702526077667464	False
Denileukin diftitox	17533	1.1404008e-08	2444	30.715093628251854	False
Styramate	21338	1.1403052e-08	2445	30.727661178836247	False
Efinaconazole	20563	1.1395355e-08	2446	30.740228729420636	False
Omega-6 fatty acids	14659	1.1393224e-08	2447	30.75279628000503	False
Cenicriviroc	21792	1.137197e-08	2448	30.765363830589422	False
Lisofylline	15393	1.13712115e-08	2449	30.77793138117381	False
Proscillaridin	21234	1.1365942e-08	2450	30.790498931758197	False
Levomenthol	15468	1.1362106e-08	2451	30.80306648234259	False
Adefovir	20851	1.1354718e-08	2452	30.81563403292698	False
Influenza A virus A/Uruguay/716/2007(H3N2) antigen (propiolactone inactivated)	20950	1.1346642e-08	2453	30.828201583511373	False
Azatadine	15460	1.1339156e-08	2454	30.840769134095762	False
Phosphoric acid	20814	1.1336713e-08	2455	30.853336684680155	False
Lapachone	16747	1.13305525e-08	2456	30.865904235264548	False
Dixyrazine	21376	1.1328564e-08	2457	30.878471785848937	False
Interferon alfa-n1	15278	1.1319709e-08	2458	30.89103933643333	False
Cefpirome	20765	1.1315477e-08	2459	30.90360688701772	False
3'-Fluoro-3'-deoxythymidine 5'-monophosphate	18828	1.13114424e-08	2460	30.916174437602113	False
Ecgonine	21545	1.1310601e-08	2461	30.928741988186502	False
Diphenhydramine	14607	1.1296523e-08	2462	30.941309538770895	False
(1R)-2-amino-1-[3-(trifluoromethyl)phenyl]ethanol	17968	1.1295014e-08	2463	30.953877089355288	False
Bornaprine	21012	1.1294863e-08	2464	30.966444639939677	False
Sirukumab	20904	1.1293744e-08	2465	30.97901219052407	False
Ethyl Isocyanide	20061	1.1289006e-08	2466	30.99157974110846	False
Puerarin	21922	1.12811485e-08	2467	31.004147291692853	False
Salirasib	21725	1.127519e-08	2468	31.01671484227724	False
Peruvoside	21237	1.1274674e-08	2469	31.029282392861628	False
LY-294002	18849	1.127463e-08	2470	31.04184994344602	False
Docusate	20447	1.1273254e-08	2471	31.05441749403041	False
Cadralazine	21140	1.1269212e-08	2472	31.066985044614803	False
Cynodon dactylon pollen	21821	1.1268869e-08	2473	31.079552595199196	False
HE3286	15548	1.1257526e-08	2474	31.092120145783586	False
Perflutren	20856	1.1256689e-08	2475	31.10468769636798	False
Opicinumab	21170	1.1251215e-08	2476	31.117255246952368	False
Hydroxyaminovaline	18204	1.124525e-08	2477	31.12982279753676	False
Magnesium citrate	20417	1.1238925e-08	2478	31.14239034812115	False
(5R,6S,8S)-8-[3-(AMINOMETHYL)PHENYL]-6-HYDROXY-5-ISOPROPYL-3-OXO-1-PHENYL-2,7-DIOXA-4-AZA-6-PHOSPHANONAN-9-OIC ACID 6-OXIDE	19456	1.1235604e-08	2479	31.154957898705543	False
Ranimustine	21759	1.12331175e-08	2480	31.167525449289933	False
Metamfetamine	15174	1.1211991e-08	2481	31.180092999874326	False
Vinburnine	21931	1.1211777e-08	2482	31.19266055045872	False
B-2-Octylglucoside	18792	1.1211135e-08	2483	31.205228101043108	False
Varicella Zoster Vaccine (Recombinant)	20940	1.1207885e-08	2484	31.2177956516275	False
Carbocromen	21895	1.1199316e-08	2485	31.23036320221189	False
Carbaspirin calcium	20756	1.11935075e-08	2486	31.242930752796276	False
Pentobarbital	15430	1.1190946e-08	2487	31.25549830338067	False
Pegloticase	20488	1.1190134e-08	2488	31.26806585396506	False
Iofetamine I-123	21399	1.1185376e-08	2489	31.28063340454945	False
Betrixaban	14620	1.1180066e-08	2490	31.293200955133845	False
Dydrogesterone	15439	1.1177741e-08	2491	31.305768505718234	False
Adenosine-5'-ditungstate	18907	1.1176697e-08	2492	31.318336056302627	False
Phosphate ion	21490	1.1174692e-08	2493	31.330903606887016	False
3,4-Dihydroxybenzoic Acid	21666	1.1174267e-08	2494	31.34347115747141	False
Benzyl N-[(2S)-5-(diaminomethylamino)-1-[[(2S)-4-fluoro-3-oxobutan-2-yl]amino]-1-oxopentan-2-yl]carbamate	18918	1.1168705e-08	2495	31.3560387080558	False
Sulprostone	21952	1.116649e-08	2496	31.36860625864019	False
Nitrogen	20499	1.1158889e-08	2497	31.381173809224585	False
Melagatran	20757	1.1157485e-08	2498	31.393741359808974	False
Sotagliflozin	20532	1.1150995e-08	2499	31.406308910393367	False
Bolasterone	21654	1.1150081e-08	2500	31.418876460977756	False
Magnesium stearate	21382	1.1145041e-08	2501	31.43144401156215	False
alpha,beta-Methyleneadenosine 5'-triphosphate	19119	1.11432135e-08	2502	31.44401156214654	False
Etorphine	17156	1.11373915e-08	2503	31.45657911273093	False
Flunitrazepam	15515	1.1137052e-08	2504	31.469146663315318	False
Crotedumab	21122	1.1132019e-08	2505	31.481714213899707	False
Epetraborole	21591	1.1129386e-08	2506	31.4942817644841	False
Ligelizumab	21076	1.1123338e-08	2507	31.506849315068493	False
Influenza A virus A/Victoria/210/2009 X-187 (H3N2) hemagglutinin antigen (formaldehyde inactivated)	20943	1.1108348e-08	2508	31.519416865652882	False
Ozagrel	20457	1.1105341e-08	2509	31.531984416237275	False
Phenibut	21346	1.1084495e-08	2510	31.544551966821665	False
Hydrotalcite	20838	1.10787886e-08	2511	31.557119517406058	False
Docosanol	20620	1.1077035e-08	2512	31.569687067990447	False
Elvucitabine	21788	1.1068165e-08	2513	31.58225461857484	False
Levmetamfetamine	14745	1.1063964e-08	2514	31.59482216915923	False
Cephalothin Group	20791	1.1056559e-08	2515	31.607389719743622	False
N-methylnicotinamide	15851	1.1054704e-08	2516	31.619957270328015	False
Aclarubicin	21680	1.1050108e-08	2517	31.632524820912405	False
Laninamivir octanoate	20635	1.1049476e-08	2518	31.645092371496798	False
Anecortave	21701	1.1045494e-08	2519	31.657659922081187	False
Guanine	16727	1.1042313e-08	2520	31.67022747266558	False
Racementhol	20335	1.1042144e-08	2521	31.68279502324997	False
Salicylhydroxamic Acid	21566	1.1038775e-08	2522	31.695362573834355	False
Polysorbate 80	20566	1.10387335e-08	2523	31.70793012441875	False
Dichlorophen	20330	1.1035976e-08	2524	31.72049767500314	False
Clazakizumab	21126	1.1030862e-08	2525	31.73306522558753	False
Diazoxide	14924	1.1025981e-08	2526	31.745632776171924	False
Asunercept	21184	1.10221965e-08	2527	31.758200326756313	False
2-Hydroxyethyl Disulfide	14928	1.10119e-08	2528	31.770767877340706	False
TD-8954	21312	1.10109974e-08	2529	31.783335427925095	False
Sizofiran	21746	1.1007301e-08	2530	31.79590297850949	False
N-{1-[(1-carbamoylcyclopropyl)methyl]piperidin-4-yl}-N-cyclopropyl-4-[(1S)-2,2,2-trifluoro-1-hydroxy-1-methylethyl]benzamide	16984	1.1006819e-08	2531	31.80847052909388	False
Ferrous ascorbate	16346	1.1005391e-08	2532	31.82103807967827	False
TRANS-(1S,2S)-2-AMINO-1,2,3,4-TETRAHYDRONAPHTHALEN-1-OL	17971	1.1003712e-08	2533	31.833605630262664	False
Ibipinabant	21311	1.0991923e-08	2534	31.846173180847053	False
2-HYDROXY-3,5-DIIODOBENZOIC ACID	14078	1.0986075e-08	2535	31.858740731431446	False
Acridine Carboxamide	21691	1.098132e-08	2536	31.871308282015836	False
Lintuzumab	21162	1.0962569e-08	2537	31.88387583260023	False
Tetradecyl hydrogen sulfate (ester)	18702	1.094648e-08	2538	31.896443383184618	False
Anthrax vaccine	20890	1.093832e-08	2539	31.90901093376901	False
Secretin human	16892	1.0933272e-08	2540	31.921578484353404	False
Proglumetacin	20450	1.0931833e-08	2541	31.93414603493779	False
Piromidic acid	20938	1.0928497e-08	2542	31.94671358552218	False
Testosterone succinate	20674	1.0925038e-08	2543	31.959281136106572	False
Chlorhexadol	21247	1.0922621e-08	2544	31.97184868669096	False
Iotrolan	39891	1.0917289e-08	2545	31.984416237275354	False
Geneticin	17127	1.09129585e-08	2546	31.996983787859744	False
Arrhenatherum elatius pollen	21841	1.0904448e-08	2547	32.00955133844413	False
Anetumab ravtansine	21158	1.0896194e-08	2548	32.022118889028526	False
Gallamine	21009	1.0893867e-08	2549	32.03468643961292	False
Influenza A virus A/California/7/2009 X-181 (H1N1) hemagglutinin antigen (propiolactone inactivated)	20893	1.0889858e-08	2550	32.04725399019731	False
Antrafenine	15988	1.0889504e-08	2551	32.059821540781705	False
Eltoprazine	21313	1.0889048e-08	2552	32.07238909136609	False
Proparacaine	16545	1.0877506e-08	2553	32.084956641950484	False
2-[2-ETHANESULFONYLAMINO-3-(5-PROPOXY-1H-INDOL-3-YL)-PROPIONYLAMINO]-PENTANEDIOIC ACID 5-AMIDE 1-(4-CARBAMIMIDOYL-BENZYLAMIDE)	17017	1.0869543e-08	2554	32.09752419253488	False
Eltanolone	21301	1.0860051e-08	2555	32.11009174311927	False
Denosumab	19671	1.0856862e-08	2556	32.12265929370366	False
Clonixin	20685	1.0847279e-08	2557	32.13522684428805	False
Ronacaleret	17348	1.08441744e-08	2558	32.14779439487244	False
SRP 299	20863	1.0839563e-08	2559	32.16036194545683	False
Sulfachlorpyridazine	21277	1.0838302e-08	2560	32.17292949604122	False
Protein C	15977	1.0832599e-08	2561	32.18549704662561	False
Iopromide	20806	1.08290035e-08	2562	32.19806459721	False
Sultamicillin	21446	1.0825885e-08	2563	32.21063214779439	False
Pramlintide	17216	1.0824811e-08	2564	32.223199698378785	False
Pyrrobutamine	21877	1.08178355e-08	2565	32.23576724896318	False
Pizotifen	15904	1.0813875e-08	2566	32.24833479954757	False
Magnesium glycinate	20992	1.0800517e-08	2567	32.26090235013196	False
Gabexate	14805	1.0794606e-08	2568	32.27346990071635	False
Pentolinium	17132	1.0794092e-08	2569	32.28603745130074	False
Tretoquinol	21423	1.079298e-08	2570	32.298605001885136	False
Idebenone	20607	1.0779381e-08	2571	32.31117255246952	False
Phenazocine	21011	1.0777573e-08	2572	32.323740103053915	False
Nylidrin	14811	1.0759354e-08	2573	32.33630765363831	False
Pivampicillin	21441	1.0753138e-08	2574	32.3488752042227	False
Gadodiamide	20785	1.0732995e-08	2575	32.36144275480709	False
Mephenesin	21544	1.0732791e-08	2576	32.37401030539148	False
Dinutuximab	20586	1.0731848e-08	2577	32.386577855975865	False
Oxaflozane	20600	1.070854e-08	2578	32.39914540656026	False
Penimepicycline	21329	1.0708416e-08	2579	32.41171295714465	False
Bolandiol	21657	1.0699883e-08	2580	32.424280507729044	False
Patritumab	21087	1.0696475e-08	2581	32.43684805831343	False
Isoxsuprine	20487	1.069054e-08	2582	32.44941560889782	False
Benorilate	20763	1.0689051e-08	2583	32.461983159482216	False
Basiliximab	17534	1.0688786e-08	2584	32.47455071006661	False
Salicylamide	20304	1.0685076e-08	2585	32.487118260651	False
Methoxyphenamine	21420	1.0681856e-08	2586	32.49968581123539	False
Satraplatin	21643	1.0674586e-08	2587	32.51225336181978	False
Plevitrexed	21673	1.0664044e-08	2588	32.524820912404174	False
Voruciclib	21770	1.0659793e-08	2589	32.53738846298857	False
Penamecillin	21454	1.065455e-08	2590	32.54995601357295	False
3-({4-[(5-chloro-1,3-benzodioxol-4-yl)amino]pyrimidin-2-yl}amino)benzenesulfonamide	19368	1.0636823e-08	2591	32.562523564157345	False
Didox	21738	1.0636519e-08	2592	32.57509111474174	False
Kallidinogenase	20722	1.0631733e-08	2593	32.58765866532613	False
Sacrosidase	20592	1.06291775e-08	2594	32.600226215910524	False
Alcuronium	21014	1.0626441e-08	2595	32.61279376649491	False
Ferric oxide	20438	1.0621112e-08	2596	32.625361317079296	False
2-[(5-hex-1-yn-1-ylfuran-2-yl)carbonyl]-N-methylhydrazinecarbothioamide	18733	1.06206866e-08	2597	32.63792886766369	False
Ergotamine	15458	1.0611473e-08	2598	32.65049641824808	False
Isoxicam	20676	1.0609348e-08	2599	32.663063968832475	False
Fosbretabulin	21719	1.0607243e-08	2600	32.67563151941687	False
Tigecycline	20344	1.0604028e-08	2601	32.688199070001254	False
Nifuratel	21605	1.06026325e-08	2602	32.70076662058565	False
(3S)-3-hydroxy-1-methyl-2,3-dihydro-1H-indole-5,6-dione	16683	1.0598285e-08	2603	32.71333417117004	False
Potassium Guaiacolsulfonate	21475	1.0595496e-08	2604	32.72590172175443	False
Voclosporin	17029	1.0591415e-08	2605	32.73846927233882	False
Trifluperidol	21352	1.0589354e-08	2606	32.75103682292321	False
Colesevelam	20502	1.0574459e-08	2607	32.763604373507604	False
Icaridin	21936	1.0569176e-08	2608	32.776171924092	False
Tavaborole	20562	1.0567925e-08	2609	32.78873947467639	False
Sapacitabine	21676	1.0563069e-08	2610	32.801307025260776	False
Tetramethylammonium	18929	1.0562364e-08	2611	32.81387457584517	False
Angiotensin 1-7	21069	1.0551592e-08	2612	32.82644212642956	False
Nelarabine	14919	1.05470646e-08	2613	32.83900967701395	False
Oxaceprol	20572	1.054634e-08	2614	32.85157722759834	False
Latamoxef	20664	1.0542921e-08	2615	32.86414477818273	False
Picosulfuric acid	20812	1.0531265e-08	2616	32.87671232876712	False
2-deoxy-2-fluoro-α-D-glucose	20021	1.0528131e-08	2617	32.88927987935151	False
Alendronic acid	17729	1.052777e-08	2618	32.901847429935906	False
LY-2456302	21880	1.0524437e-08	2619	32.9144149805203	False
Simtuzumab	21091	1.05243165e-08	2620	32.926982531104684	False
Metisazone	21804	1.050839e-08	2621	32.93955008168908	False
Butacaine	20317	1.0506305e-08	2622	32.95211763227347	False
Benziodarone	21652	1.0505164e-08	2623	32.96468518285786	False
Norgestrienone	20755	1.0504944e-08	2624	32.977252733442256	False
Propenidazole	21934	1.0504342e-08	2625	32.98982028402664	False
Blosozumab	21112	1.0500836e-08	2626	33.002387834611035	False
Digoxin Immune Fab (Ovine)	21038	1.0492087e-08	2627	33.01495538519543	False
Tetramethrin	20610	1.0485606e-08	2628	33.02752293577982	False
Dactolisib	21682	1.0479408e-08	2629	33.04009048636421	False
1,2,3-TRIHYDROXY-1,2,3,4-TETRAHYDROBENZO[A]PYRENE	19911	1.0478508e-08	2630	33.0526580369486	False
Heparin, bovine	20334	1.0477229e-08	2631	33.06522558753299	False
Aurodox	21567	1.04704165e-08	2632	33.07779313811738	False
GW842166	21292	1.0469997e-08	2633	33.09036068870177	False
Meptazinol	21006	1.0462631e-08	2634	33.102928239286165	False
Varenicline	17889	1.04597975e-08	2635	33.11549578987055	False
Danaparoid	16829	1.04596785e-08	2636	33.12806334045494	False
Urea	16837	1.0451999e-08	2637	33.140630891039336	False
N-Acetyl-glucosamine thiazoline	18692	1.0450585e-08	2638	33.15319844162373	False
Oxyfedrine	21416	1.0450207e-08	2639	33.165765992208115	False
Salvianolic acid A	20855	1.0440344e-08	2640	33.17833354279251	False
Menaquinone 7	21945	1.042717e-08	2641	33.1909010933769	False
Biapenem	21596	1.042709e-08	2642	33.203468643961294	False
Dipicolinic acid	21938	1.042371e-08	2643	33.21603619454569	False
Aluminum sulfate	20966	1.0415801e-08	2644	33.22860374513007	False
Tosylchloramide	21910	1.0415681e-08	2645	33.241171295714466	False
Benzilone	21000	1.0415462e-08	2646	33.25373884629886	False
1-{4-[4-Amino-6-(4-methoxyphenyl)furo[2,3-d]pyrimidin-5-yl]phenyl}-3-[2-fluoro-5-(trifluoromethyl)phenyl]urea	17039	1.0413197e-08	2647	33.26630639688325	False
Phosphatidyl serine	16565	1.04128794e-08	2648	33.27887394746764	False
Pancrelipase	20628	1.0410755e-08	2649	33.29144149805203	False
L-2-amino-4-methoxy-cis-but-3-enoic acid	17130	1.0401486e-08	2650	33.304009048636416	False
4-Carboxy-5-(1-Pentyl)Hexylsulfanyl-1,2,3-Triazole	19825	1.0400038e-08	2651	33.31657659922081	False
Lexaptepid Pegol	21536	1.03931175e-08	2652	33.3291441498052	False
Ebola Zaire vaccine (live, attenuated)	20960	1.0389352e-08	2653	33.341711700389595	False
Gallium nitrate	14116	1.0388698e-08	2654	33.35427925097398	False
Iopanoic acid	20331	1.0377409e-08	2655	33.366846801558374	False
Zinc citrate	20696	1.036127e-08	2656	33.37941435214277	False
Colistimethate	20788	1.0360875e-08	2657	33.39198190272716	False
Acteoside	20924	1.0356311e-08	2658	33.404549453311546	False
Corynebacterium diphtheriae toxoid antigen (formaldehyde inactivated)	20881	1.0350368e-08	2659	33.41711700389594	False
Silodosin	15557	1.0347841e-08	2660	33.42968455448033	False
Chlormerodrin	16500	1.0340442e-08	2661	33.442252105064725	False
Omidenepag isopropyl	20522	1.0327414e-08	2662	33.45481965564912	False
Mecamylamine	17647	1.0318592e-08	2663	33.467387206233504	False
Influenza B virus B/Brisbane/60/2008 hemagglutinin antigen (propiolactone inactivated)	20892	1.0315798e-08	2664	33.4799547568179	False
Alipogene tiparvovec	20557	1.0313279e-08	2665	33.49252230740229	False
Aluminum cation	21950	1.0307616e-08	2666	33.50508985798668	False
Methazolamide	16792	1.0300169e-08	2667	33.517657408571075	False
Selenoinosine	21856	1.0298419e-08	2668	33.53022495915546	False
Rabusertib	21683	1.02976925e-08	2669	33.54279250973985	False
2-deoxyglucose	20260	1.0286248e-08	2670	33.55536006032424	False
Clioquinol	20368	1.0278835e-08	2671	33.56792761090863	False
Norepinephrine	16352	1.0277031e-08	2672	33.580495161493026	False
Calfactant	20469	1.02769535e-08	2673	33.59306271207741	False
Trestolone acetate	20772	1.02677244e-08	2674	33.605630262661805	False
Butoconazole	39895	1.0267391e-08	2675	33.6181978132462	False
Influenza B virus B/Brisbane/60/2008 hemagglutinin antigen (formaldehyde inactivated)	20944	1.0263417e-08	2676	33.63076536383059	False
Enokizumab	21050	1.0263319e-08	2677	33.643332914414984	False
Mofebutazone	20758	1.0262732e-08	2678	33.65590046499937	False
Flurbiprofen axetil	20782	1.02613225e-08	2679	33.66846801558376	False
Calaspargase pegol	21460	1.02570565e-08	2680	33.681035566168156	False
Hydroquinine	21425	1.0256568e-08	2681	33.69360311675255	False
Cytidine-5'-Triphosphate	18913	1.0251619e-08	2682	33.706170667336934	False
Evogliptin	20521	1.0237941e-08	2683	33.71873821792133	False
Ocinaplon	21255	1.02347775e-08	2684	33.73130576850572	False
Tramiprosate	21254	1.023105e-08	2685	33.74387331909011	False
MDL72527	17401	1.0230328e-08	2686	33.7564408696745	False
Sulfameter	21261	1.0228572e-08	2687	33.76900842025889	False
Emylcamate	21356	1.0219465e-08	2688	33.78157597084328	False
1alpha-Hydroxyvitamin D5	21489	1.0213775e-08	2689	33.79414352142767	False
Damoctocog alfa pegol	15981	1.0207601e-08	2690	33.806711072012064	False
Mecasermin	14554	1.0207329e-08	2691	33.81927862259646	False
Mebutamate	21260	1.0199078e-08	2692	33.83184617318085	False
Hydroxyamphetamine	20327	1.0194371e-08	2693	33.844413723765236	False
Tepoxalin	20703	1.01887725e-08	2694	33.85698127434963	False
Icrucumab	21159	1.01844595e-08	2695	33.86954882493402	False
PD173955	21497	1.016864e-08	2696	33.882116375518414	False
Rilotumumab	21082	1.0158269e-08	2697	33.8946839261028	False
Clorobiocin	21889	1.015484e-08	2698	33.90725147668719	False
Prothrombin	14649	1.0154744e-08	2699	33.919819027271586	False
Lentinan	21753	1.0151335e-08	2700	33.93238657785598	False
Phylloquinone	17124	1.0145025e-08	2701	33.94495412844037	False
Mephedrone	21412	1.0133615e-08	2702	33.95752167902476	False
1,3,3-trimethyl-2-[(1E,3E)-3-methylpenta-1,3-dien-1-yl]cyclohexene	14534	1.0128436e-08	2703	33.97008922960915	False
Acetoxolone	20462	1.0122044e-08	2704	33.98265678019354	False
Cyclopenthiazide	20751	1.011525e-08	2705	33.99522433077793	False
Bromfenac	14669	1.0104201e-08	2706	34.00779188136232	False
Idronoxil	19343	1.0099866e-08	2707	34.02035943194671	False
Oxyphenisatin	20546	1.0094108e-08	2708	34.0329269825311	False
Neamine	20794	1.0086872e-08	2709	34.045494533115495	False
Calcium acetate	20405	1.00838315e-08	2710	34.05806208369989	False
Daidzein	21747	1.0083793e-08	2711	34.07062963428428	False
Emetine	21505	1.008037e-08	2712	34.083197184868666	False
Dexetimide	20985	1.0078428e-08	2713	34.09576473545306	False
Insulin human	14799	1.0075795e-08	2714	34.10833228603745	False
Bromhexine	39889	1.007445e-08	2715	34.120899836621845	False
Tinoridine	20718	1.0074085e-08	2716	34.13346738720623	False
S-Mercaptocysteine	20042	1.0070934e-08	2717	34.146034937790624	False
Elcatonin	20937	1.0068129e-08	2718	34.15860248837502	False
{4-[(2R)-pyrrolidin-2-ylmethoxy]phenyl}(4-thiophen-3-ylphenyl)methanone	19000	1.0065903e-08	2719	34.17117003895941	False
Protionamide	21594	1.0051035e-08	2720	34.1837375895438	False
Menaquinone 6	21947	1.0050153e-08	2721	34.19630514012819	False
Dimetotiazine	21546	1.0042564e-08	2722	34.20887269071258	False
Tarextumab	21089	1.0039577e-08	2723	34.22144024129697	False
Lanreotide	15584	1.0037299e-08	2724	34.23400779188136	False
Iodixanol	20789	1.0031537e-08	2725	34.24657534246575	False
Gadopentetic acid	19696	1.0027749e-08	2726	34.25914289305014	False
S-Selanyl Cysteine	21859	1.0016949e-08	2727	34.27171044363453	False
Ingenol mebutate	18680	1.0012804e-08	2728	34.284277994218925	False
Xentuzumab	21161	1.0006465e-08	2729	34.29684554480332	False
Spinosad	20611	1.0005531e-08	2730	34.30941309538771	False
Gadoteridol	20787	9.991056e-09	2731	34.3219806459721	False
Manganese	15900	9.985397e-09	2732	34.33454819655649	False
Choriogonadotropin alfa	16472	9.985055e-09	2733	34.34711574714088	False
Fentiazac	20725	9.979153e-09	2734	34.359683297725276	False
N-phenyl-1H-pyrrolo[2,3-b]pyridin-3-amine	18854	9.97763e-09	2735	34.37225084830967	False
Travoprost	17434	9.962608e-09	2736	34.384818398894055	False
Depatuxizumab	21124	9.959814e-09	2737	34.39738594947845	False
Elosulfase alfa	20565	9.959491e-09	2738	34.40995350006284	False
Porphyrin Fe(III)	20055	9.95368e-09	2739	34.422521050647234	False
Bismuth subnitrate	20835	9.9530535e-09	2740	34.43508860123162	False
(2R)-({4-[AMINO(IMINO)METHYL]PHENYL}AMINO){5-ETHOXY-2-FLUORO-3-[(3R)-TETRAHYDROFURAN-3-YLOXY]PHENYL}ACETICACID	17015	9.952314e-09	2741	34.447656151816005	False
Metizoline	20551	9.948954e-09	2742	34.4602237024004	False
N'-(3-CHLORO-4-METHOXY-PHENYL)-N-(3,4,5-TRIMETHOXYPHENYL)-1,3,5-TRIAZINE-2,4-DIAMINE	19367	9.946791e-09	2743	34.47279125298479	False
Alpha-Aminobutyric Acid	17025	9.945937e-09	2744	34.485358803569184	False
Sparsomycin	21667	9.944705e-09	2745	34.49792635415358	False
Brilaroxazine	21272	9.944191e-09	2746	34.51049390473796	False
Rivoceranib	21763	9.937954e-09	2747	34.523061455322356	False
Dotatate gallium Ga-68	19675	9.921969e-09	2748	34.53562900590675	False
Axicabtagene ciloleucel	19647	9.910072e-09	2749	34.54819655649114	False
4-(4-hydroxy-3-methylphenyl)-6-phenylpyrimidin-2(5H)-one	18852	9.908825e-09	2750	34.56076410707553	False
Lorcainide	20935	9.90856e-09	2751	34.57333165765992	False
Polyethylene glycol 3500	20314	9.9014e-09	2752	34.585899208244314	False
Trimethobenzamide	20426	9.900739e-09	2753	34.59846675882871	False
Sugammadex	20667	9.895056e-09	2754	34.6110343094131	False
Secretin porcine	21400	9.894566e-09	2755	34.623601859997486	False
Dimethylallyl Diphosphate	17731	9.8862465e-09	2756	34.63616941058188	False
Coumaphos	20896	9.88536e-09	2757	34.64873696116627	False
Nitrate	21438	9.885078e-09	2758	34.661304511750664	False
Atamestane	21659	9.880837e-09	2759	34.67387206233505	False
Pemirolast	20458	9.8735455e-09	2760	34.68643961291944	False
Methylethylamine	20057	9.8728865e-09	2761	34.69900716350383	False
Treosulfan	21685	9.870627e-09	2762	34.71157471408822	False
Cyclopentamine	21265	9.868594e-09	2763	34.724142264672615	False
Sulfaquinoxaline	21280	9.864359e-09	2764	34.73670981525701	False
Febarbamate	21331	9.864096e-09	2765	34.749277365841394	False
Sodium phosphate P 32	20542	9.862892e-09	2766	34.76184491642579	False
Colestilan chloride	20506	9.861782e-09	2767	34.77441246701018	False
Fenthion	20898	9.857533e-09	2768	34.78698001759457	False
Norgestrel	14826	9.85334e-09	2769	34.799547568178966	False
(Z,Z)-4-Hydroxy-N,N,N-Trimethyl-10-Oxo-7-[(1-Oxo-9-Octadecenyl)Oxy]-3,5,9-Trioxa-4-Phosphaheptacos-18-En-1-Aminium-4-Oxide	18924	9.847854e-09	2770	34.81211511876335	False
Fenpiverinium	21019	9.847797e-09	2771	34.824682669347744	False
Nicotinyl alcohol	20497	9.837923e-09	2772	34.83725021993214	False
Lobeline	17134	9.835859e-09	2773	34.84981777051653	False
Quifenadine	20465	9.835746e-09	2774	34.862385321100916	False
Sarilumab	15662	9.835033e-09	2775	34.87495287168531	False
Isosorbide mononitrate	14588	9.830401e-09	2776	34.8875204222697	False
Influenza A virus A/Victoria/210/2009 X-187 (H3N2) antigen (formaldehyde inactivated)	20948	9.811238e-09	2777	34.90008797285409	False
Anagrelide	15290	9.806561e-09	2778	34.91265552343848	False
Cefadroxil	20207	9.806131e-09	2779	34.925223074022874	False
Taspoglutide	21222	9.80413e-09	2780	34.93779062460726	False
Eflornithine	17128	9.802971e-09	2781	34.95035817519165	False
Ibandronate	17730	9.802858e-09	2782	34.962925725776046	False
Gaboxadol	20223	9.802335e-09	2783	34.97549327636044	False
Technetium Tc-99m pyrophosphate	20808	9.800951e-09	2784	34.988060826944825	False
Imidazole salicylate	20770	9.7977555e-09	2785	35.00062837752922	False
IMO-2055	21674	9.795345e-09	2786	35.01319592811361	False
Fulranumab	21088	9.790825e-09	2787	35.025763478698	False
S,S-(2-Hydroxyethyl)Thiocysteine	16839	9.7817905e-09	2788	35.038331029282396	False
Indole-3-carbinol	21733	9.776791e-09	2789	35.05089857986678	False
BQ-123	21086	9.764678e-09	2790	35.063466130451175	False
Resolvin E1	21036	9.747298e-09	2791	35.07603368103557	False
[1-(1-Methyl-4,5-Dioxo-Pent-2-Enylcarbamoyl)-2-Phenyl-Ethyl]-Carbamic Acid Benzyl Ester	18915	9.7422985e-09	2792	35.08860123161996	False
Psilocybin	21287	9.741759e-09	2793	35.101168782204354	False
Thyrotropin	20956	9.738341e-09	2794	35.11373633278874	False
Barbexaclone	20869	9.731452e-09	2795	35.126303883373126	False
Emeramide	21941	9.729948e-09	2796	35.13887143395752	False
Nusinersen	20653	9.729948e-09	2797	35.15143898454191	False
DTS-201	21774	9.724792e-09	2798	35.164006535126305	False
Sodium cation	21027	9.7233075e-09	2799	35.17657408571069	False
OBP-801	21646	9.720897e-09	2800	35.18914163629508	False
N-[1-Hydroxycarboxyethyl-Carbonyl]Leucylamino-2-Methyl-Butane	18145	9.720841e-09	2801	35.20170918687948	False
Emibetuzumab	21074	9.717671e-09	2802	35.21427673746387	False
Oxaprotiline	21204	9.713465e-09	2803	35.22684428804826	False
2,4-thiazolidinedione	21217	9.710779e-09	2804	35.23941183863265	False
Glycerin	14712	9.708556e-09	2805	35.25197938921704	False
MMDA	16356	9.704169e-09	2806	35.264546939801434	False
Metaxalone	20345	9.703927e-09	2807	35.27711449038583	False
Cloxacillin	14311	9.698895e-09	2808	35.28968204097021	False
NS-398	20774	9.696657e-09	2809	35.302249591554606	False
Kebuzone	20675	9.696083e-09	2810	35.314817142139	False
Alphacetylmethadol	20984	9.69501e-09	2811	35.32738469272339	False
Abafungin	21491	9.6872474e-09	2812	35.339952243307785	False
2-({[3,5-DIFLUORO-3'-(TRIFLUOROMETHOXY)BIPHENYL-4-YL]AMINO}CARBONYL)CYCLOPENT-1-ENE-1-CARBOXYLIC ACID	17085	9.681706e-09	2813	35.35251979389217	False
Bavituximab	21043	9.677367e-09	2814	35.36508734447656	False
Adenine	15854	9.676573e-09	2815	35.37765489506095	False
Demexiptiline	20387	9.668899e-09	2816	35.39022244564534	False
Desomorphine	20983	9.665709e-09	2817	35.402789996229735	False
Magaldrate	20797	9.665488e-09	2818	35.41535754681412	False
Fallypride	21848	9.662926e-09	2819	35.427925097398514	False
Tulathromycin A	21587	9.659185e-09	2820	35.44049264798291	False
Phenylalanine-N-Sulfonamide	19758	9.656918e-09	2821	35.4530601985673	False
Imiglucerase	20604	9.6484865e-09	2822	35.46562774915169	False
Sulfabenzamide	20394	9.6361825e-09	2823	35.47819529973608	False
Ibacitabine	21805	9.633592e-09	2824	35.49076285032047	False
Chromic nitrate	14122	9.628044e-09	2825	35.503330400904865	False
Romifidine	21282	9.62797e-09	2826	35.51589795148926	False
Nefopam	21884	9.627456e-09	2827	35.528465502073644	False
(Hydroxyethyloxy)Tri(Ethyloxy)Octane	17547	9.611402e-09	2828	35.54103305265804	False
Sulfadoxine	20359	9.607517e-09	2829	35.55360060324243	False
Patiromer	21913	9.604365e-09	2830	35.56616815382682	False
Trebananib	21699	9.599512e-09	2831	35.578735704411216	False
Sodium tripolyphosphate	21488	9.599036e-09	2832	35.5913032549956	False
Gavestinel	15845	9.593215e-09	2833	35.60387080557999	False
Tagraxofusp	18406	9.592319e-09	2834	35.61643835616438	False
Squalamine	21572	9.589044e-09	2835	35.62900590674877	False
Refanezumab	21167	9.584089e-09	2836	35.641573457333166	False
5-O-phosphono-alpha-D-ribofuranosyl diphosphate	16273	9.581001e-09	2837	35.65414100791756	False
Arginineamide	20084	9.578443e-09	2838	35.666708558501945	False
Glycol salicylate	16007	9.5708454e-09	2839	35.67927610908634	False
2-Methoxyethanol	20859	9.569057e-09	2840	35.69184365967073	False
Formycin	18677	9.567304e-09	2841	35.704411210255124	False
Metiamide	16339	9.563181e-09	2842	35.71697876083951	False
Ceftizoxime	20250	9.561376e-09	2843	35.7295463114239	False
Lumretuzumab	21115	9.559097e-09	2844	35.742113862008296	False
Synthetic Conjugated Estrogens, A	14517	9.555323e-09	2845	35.75468141259269	False
Lodoxamide	20555	9.554758e-09	2846	35.76724896317708	False
KRN-5500	21771	9.550385e-09	2847	35.77981651376147	False
N-Heptylformamide	17121	9.547435e-09	2848	35.79238406434586	False
Deoxyspergualin	20923	9.539535e-09	2849	35.80495161493025	False
3,4-Dihydroxy-1-Methylquinolin-2(1h)-One	18848	9.539371e-09	2850	35.81751916551464	False
Valproate bismuth	21509	9.536478e-09	2851	35.83008671609903	False
TMC-310911	21527	9.5320045e-09	2852	35.84265426668342	False
Nimotuzumab	21053	9.528933e-09	2853	35.85522181726781	False
beta-Naphthoflavone	15362	9.528496e-09	2854	35.867789367852204	False
3-({[3,5-DIFLUORO-3'-(TRIFLUOROMETHOXY)BIPHENYL-4-YL]AMINO}CARBONYL)THIOPHENE-2-CARBOXYLIC ACID	17087	9.526279e-09	2855	35.8803569184366	False
Axelopran	21879	9.518597e-09	2856	35.89292446902099	False
Hydrogen peroxide	14741	9.5166e-09	2857	35.905492019605376	False
Acetophenone	21896	9.510794e-09	2858	35.91805957018977	False
Loteprednol	21384	9.508018e-09	2859	35.93062712077416	False
Mebeverine	20585	9.502887e-09	2860	35.943194671358555	False
Andexanet alfa	18214	9.500296e-09	2861	35.95576222194295	False
Porfiromycin	14916	9.496835e-09	2862	35.96832977252733	False
Guanoxan	21136	9.4808e-09	2863	35.980897323111726	False
Anatibant	19666	9.475323e-09	2864	35.99346487369612	False
Reposal	21377	9.4665795e-09	2865	36.00603242428051	False
Tildrakizumab	14700	9.461327e-09	2866	36.0185999748649	False
Hetacillin	21439	9.4589625e-09	2867	36.03116752544929	False
Phosphoenolpyruvate	18029	9.4584935e-09	2868	36.04373507603368	False
Cytidine	18912	9.456799e-09	2869	36.05630262661807	False
REV131	16491	9.448739e-09	2870	36.06887017720246	False
Cycloguanil	21558	9.439768e-09	2871	36.081437727786856	False
4-AMINO-N-[(2-SULFANYLETHYL)CARBAMOYL]BENZENESULFONAMIDE	19341	9.433145e-09	2872	36.09400527837124	False
4-Morpholin-4-Yl-Piperidine-1-Carboxylic Acid [1-(3-Benzenesulfonyl-1-Propyl-Allylcarbamoyl)-2-Phenylethyl]-Amide	18917	9.4109325e-09	2873	36.106572828955635	False
Tocotrienol	21944	9.398771e-09	2874	36.11914037954003	False
Broxuridine	21697	9.392946e-09	2875	36.13170793012442	False
Benzoyl peroxide	20377	9.384583e-09	2876	36.14427548070881	False
ND7001	19164	9.382757e-09	2877	36.1568430312932	False
Imino-Tryptophan	19983	9.374081e-09	2878	36.16941058187759	False
Bezlotoxumab	20580	9.373491e-09	2879	36.181978132461985	False
Pyronaridine	20540	9.371364e-09	2880	36.19454568304638	False
Fenozolone	21414	9.3701304e-09	2881	36.207113233630764	False
Clorindione	20730	9.369595e-09	2882	36.21968078421516	False
GMX1777	19322	9.365593e-09	2883	36.23224833479955	False
3,6-dihydroxy-xanthene-9-propionic acid	17525	9.359771e-09	2884	36.24481588538394	False
Aloxiprin	20748	9.358432e-09	2885	36.25738343596833	False
Gamithromycin	21580	9.3577714e-09	2886	36.26995098655272	False
Pixantrone	21675	9.347747e-09	2887	36.28251853713711	False
Alanosine	19270	9.335488e-09	2888	36.2950860877215	False
Histapyrrodine	21873	9.333957e-09	2889	36.307653638305894	False
Racecadotril	20609	9.331447e-09	2890	36.32022118889029	False
VTP-27999	21888	9.330752e-09	2891	36.33278873947467	False
Abrilumab	21176	9.329507e-09	2892	36.345356290059065	False
Ibuproxam	20678	9.326091e-09	2893	36.35792384064346	False
Vidarabine	14917	9.324134e-09	2894	36.37049139122785	False
Hymecromone	21890	9.3153885e-09	2895	36.38305894181224	False
Butenoic Acid	14576	9.314376e-09	2896	36.39562649239663	False
Nadroparin	16830	9.304486e-09	2897	36.40819404298102	False
Chromous sulfate	14125	9.302392e-09	2898	36.420761593565416	False
AZD-5991	21764	9.298365e-09	2899	36.43332914414981	False
Procaine benzylpenicillin	20409	9.296875e-09	2900	36.445896694734195	False
Cholic Acid	14578	9.2941095e-09	2901	36.45846424531859	False
Calcium silicate	20850	9.290884e-09	2902	36.47103179590298	False
Bergapten	21892	9.290157e-09	2903	36.483599346487374	False
P-Anisic Acid	19835	9.285923e-09	2904	36.49616689707177	False
Bupranolol	15221	9.285604e-09	2905	36.50873444765615	False
Pegvisomant	14695	9.284719e-09	2906	36.52130199824054	False
Talampanel	17515	9.283001e-09	2907	36.53386954882493	False
Vesatolimod	21800	9.2827355e-09	2908	36.546437099409324	False
Diethyl ether	21360	9.272259e-09	2909	36.55900464999372	False
Fenticonazole	20587	9.272207e-09	2910	36.5715722005781	False
Influenza A virus A/Brisbane/59/2007(H1N1) antigen (propiolactone inactivated)	20951	9.269254e-09	2911	36.584139751162496	False
Opipramol	20386	9.268351e-09	2912	36.59670730174689	False
Sodium zirconium cyclosilicate	20853	9.265348e-09	2913	36.60927485233128	False
gamma-Tocopherol	21949	9.264711e-09	2914	36.621842402915675	False
Dichlorobenzyl alcohol	20154	9.262149e-09	2915	36.63440995350006	False
Flumatinib	21502	9.260736e-09	2916	36.646977504084454	False
Trepibutone	20619	9.2565156e-09	2917	36.65954505466885	False
Fosmidomycin	21564	9.256127e-09	2918	36.67211260525324	False
Bromus secalinus pollen	21840	9.249615e-09	2919	36.684680155837626	False
Unoprostone	21262	9.247321e-09	2920	36.69724770642202	False
Strontium ranelate	20549	9.247057e-09	2921	36.70981525700641	False
(2Z)-N-biphenyl-4-yl-2-cyano-3-cyclopropyl-3-hydroxyprop-2-enamide	17091	9.24607e-09	2922	36.722382807590805	False
Meclocycline	20422	9.239089e-09	2923	36.73495035817519	False
Taliglucerase alfa	20576	9.235283e-09	2924	36.74751790875958	False
2-{2-[(3,5-dimethylphenyl)amino]pyrimidin-4-yl}-N-[(1S)-2-hydroxy-1-methylethyl]-4-methyl-1,3-thiazole-5-carboxamide	18881	9.232676e-09	2925	36.76008545934397	False
Holcus lanatus pollen	21829	9.232183e-09	2926	36.77265300992836	False
Fibrinogen human	20686	9.232077e-09	2927	36.785220560512755	False
Thiodigalactoside	20076	9.231021e-09	2928	36.79778811109715	False
Mipomersen	21434	9.2304395e-09	2929	36.81035566168154	False
Levomethadone	20629	9.226409e-09	2930	36.82292321226593	False
Binetrakin	21708	9.225652e-09	2931	36.83549076285032	False
Ensartinib	21766	9.222151e-09	2932	36.84805831343471	False
Cinchophen	20489	9.21772e-09	2933	36.860625864019106	False
Hexaminolevulinate	21815	9.214521e-09	2934	36.87319341460349	False
Ecopipam	21300	9.211464e-09	2935	36.885760965187885	False
Timepidium	21023	9.211428e-09	2936	36.89832851577228	False
Barbital	15513	9.206967e-09	2937	36.91089606635667	False
Benzyl benzoate	39888	9.2059125e-09	2938	36.92346361694106	False
Piritramide	20995	9.20356e-09	2939	36.93603116752545	False
4-butyl-5-propyl-1,3-selenazol-2-amine	21854	9.202226e-09	2940	36.94859871810984	False
Detomidine	21286	9.200734e-09	2941	36.96116626869423	False
Uprifosbuvir	21810	9.197628e-09	2942	36.97373381927862	False
Pinometostat	21737	9.185619e-09	2943	36.986301369863014	False
Semustine	21755	9.180768e-09	2944	36.9988689204474	False
Zorubicin	21681	9.1785965e-09	2945	37.01143647103179	False
Clofenamide	20845	9.1712815e-09	2946	37.024004021616186	False
Alphaprodine	20355	9.170827e-09	2947	37.03657157220058	False
Bismuth subcarbonate	21507	9.167574e-09	2948	37.04913912278497	False
Dexfosfoserine	18045	9.164095e-09	2949	37.06170667336936	False
Maltotetraose	21561	9.162854e-09	2950	37.07427422395375	False
Demcizumab	21118	9.158311e-09	2951	37.086841774538144	False
Zinc sulfate	14751	9.157054e-09	2952	37.09940932512254	False
Omarigliptin	20520	9.156669e-09	2953	37.11197687570692	False
Dexelvucitabine	21799	9.149477e-09	2954	37.124544426291315	False
Bimekizumab	21128	9.145499e-09	2955	37.13711197687571	False
alpha-Naphthoflavone	19342	9.1378265e-09	2956	37.1496795274601	False
Letaxaban	20709	9.1336965e-09	2957	37.162247078044494	False
Temoporfin	20643	9.1335055e-09	2958	37.17481462862888	False
DL-alpha-Tocopherol	21946	9.129238e-09	2959	37.187382179213266	False
8,9-Dichloro-2,3,4,5-Tetrahydro-1h-Benzo[C]Azepine	17961	9.127828e-09	2960	37.19994972979766	False
Setrobuvir	21294	9.126087e-09	2961	37.21251728038205	False
Urethane	14723	9.1247125e-09	2962	37.225084830966445	False
Icosapent ethyl	20501	9.122745e-09	2963	37.23765238155083	False
Calcitonin porcine	21914	9.122745e-09	2964	37.250219932135224	False
PD-166326	15967	9.121457e-09	2965	37.26278748271962	False
PU-H71	21722	9.104077e-09	2966	37.27535503330401	False
Bis(Adenosine)-5'-Pentaphosphate	18844	9.104042e-09	2967	37.2879225838884	False
Fiacitabine	21734	9.1004315e-09	2968	37.30049013447279	False
Radium Ra 223 dichloride	20538	9.09552e-09	2969	37.31305768505718	False
N-(5-chloro-1,3-benzodioxol-4-yl)-6-methoxy-7-(3-piperidin-1-ylpropoxy)quinazolin-4-amine	19365	9.094011e-09	2970	37.325625235641574	False
Nadifloxacin	20496	9.09153e-09	2971	37.33819278622597	False
5'-S-methyl-5'-thioadenosine	18678	9.083661e-09	2972	37.35076033681036	False
Moexiprilat	21227	9.077859e-09	2973	37.363327887394746	False
Mezlocillin	20410	9.0724415e-09	2974	37.37589543797914	False
Amithiozone	20492	9.063725e-09	2975	37.38846298856353	False
Merestinib	21713	9.062116e-09	2976	37.401030539147925	False
4-Methoxyamphetamine	15170	9.0620995e-09	2977	37.41359808973231	False
UNDECYLAMINE-N,N-DIMETHYL-N-OXIDE	17084	9.0475405e-09	2978	37.4261656403167	False
Etonogestrel	14149	9.043796e-09	2979	37.43873319090109	False
Epitizide	20316	9.041951e-09	2980	37.45130074148548	False
Soblidotin	21724	9.041536e-09	2981	37.463868292069876	False
Xanthinol	15951	9.040778e-09	2982	37.47643584265427	False
Mebanazine	20384	9.040399e-09	2983	37.489003393238654	False
Palifermin	17693	9.0321945e-09	2984	37.50157094382305	False
D-norleucine	17701	9.031212e-09	2985	37.51413849440744	False
N-({4-[(1R)-4-[(2R,4S,5S)-2,4-diamino-6-oxohexahydropyrimidin-5-yl]-1-(2,2,2-trifluoro-1,1-dihydroxyethyl)butyl]phenyl}carbonyl)-L-glutamic acid	17986	9.03073e-09	2986	37.52670604499183	False
Nefiracetam	21319	9.029662e-09	2987	37.53927359557622	False
Trichloroacetate	20380	9.018354e-09	2988	37.55184114616061	False
GMA-161	21195	9.0173735e-09	2989	37.564408696745005	False
Prothipendyl	21316	9.017305e-09	2990	37.5769762473294	False
Sulfate ion	21028	9.015826e-09	2991	37.58954379791379	False
CUDC-101	20907	9.010273e-09	2992	37.60211134849818	False
(S)-camphor	18376	9.009483e-09	2993	37.61467889908257	False
Bezitramide	20981	8.99796e-09	2994	37.62724644966696	False
Bectumomab	21041	8.991183e-09	2995	37.639814000251356	False
Dansyllysine	20119	8.990617e-09	2996	37.65238155083574	False
Isocyanomethane	20063	8.98532e-09	2997	37.664949101420135	False
Human calcitonin	14693	8.9830925e-09	2998	37.67751665200452	False
Ormeloxifene	20732	8.978245e-09	2999	37.69008420258891	False
Rigosertib	21707	8.977097e-09	3000	37.702651753173306	False
Volociximab	21061	8.974615e-09	3001	37.7152193037577	False
Calcium glycerophosphate	20420	8.974204e-09	3002	37.727786854342085	False
Calcium	16679	8.973485e-09	3003	37.74035440492648	False
Naquotinib	21698	8.969053e-09	3004	37.75292195551087	False
GSK-256066	21885	8.968454e-09	3005	37.765489506095264	False
Festuca pratensis pollen	21825	8.966009e-09	3006	37.77805705667966	False
Cefditoren	20656	8.961273e-09	3007	37.79062460726404	False
Androstenedione	15514	8.958744e-09	3008	37.803192157848436	False
Aminomethylbenzoic acid	21516	8.954371e-09	3009	37.81575970843283	False
4-Oxoretinol	21443	8.9499474e-09	3010	37.82832725901722	False
7,9-Dimethylguanine	21250	8.948071e-09	3011	37.84089480960161	False
Suloctidil	21926	8.945443e-09	3012	37.853462360186	False
Albusomatropin	21780	8.937274e-09	3013	37.86602991077039	False
S-Hydroxycysteine	17795	8.936336e-09	3014	37.87859746135478	False
Strontium chloride Sr-89	14752	8.931036e-09	3015	37.89116501193917	False
Distigmine	20533	8.929436e-09	3016	37.903732562523565	False
(2S)-2-{[3-(3-aminophenyl)imidazo[1,2-b]pyridazin-6-yl]amino}-3-methylbutan-1-ol	19870	8.914953e-09	3017	37.91630011310795	False
N'-(5-chloro-1,3-benzodioxol-4-yl)-N-(3-methylsulfonylphenyl)pyrimidine-2,4-diamine	19369	8.912063e-09	3018	37.928867663692344	False
5-[2-(4-hydroxyphenyl)ethyl]benzene-1,3-diol	19006	8.908256e-09	3019	37.94143521427674	False
Sulfametopyrazine	21241	8.9073895e-09	3020	37.95400276486113	False
Valanafusp alfa	21190	8.9061665e-09	3021	37.966570315445516	False
Sabarubicin	21775	8.901632e-09	3022	37.97913786602991	False
Coagulation factor VIIa Recombinant Human	16634	8.9011065e-09	3023	37.9917054166143	False
Duligotuzumab	21090	8.897626e-09	3024	38.004272967198695	False
Factor IX Complex (Human)	20699	8.89727e-09	3025	38.01684051778309	False
Bicisate	20820	8.893521e-09	3026	38.029408068367474	False
Sodium ascorbate	21025	8.889891e-09	3027	38.04197561895187	False
Potassium permanganate	21477	8.888213e-09	3028	38.05454316953626	False
Polidocanol	20568	8.888128e-09	3029	38.06711072012065	False
Rufloxacin	15403	8.887788e-09	3030	38.079678270705045	False
Lumiliximab	19624	8.88728e-09	3031	38.09224582128943	False
Thonzonium	20093	8.885924e-09	3032	38.10481337187382	False
Terazosin	16303	8.873357e-09	3033	38.11738092245821	False
Onartuzumab	21070	8.868551e-09	3034	38.1299484730426	False
Coagulation factor X human	20721	8.868079e-09	3035	38.142516023626996	False
Terconazole	20588	8.8662855e-09	3036	38.15508357421138	False
Formocortal	21365	8.865525e-09	3037	38.167651124795775	False
Benzthiazide	16791	8.863445e-09	3038	38.18021867538017	False
Volasertib	21700	8.859862e-09	3039	38.19278622596456	False
Solanezumab	21071	8.851484e-09	3040	38.205353776548954	False
Sivelestat	20652	8.8485805e-09	3041	38.21792132713334	False
Trifluoroethanol	17295	8.843738e-09	3042	38.23048887771773	False
Methyl beta-L-fucopyranoside	20071	8.841293e-09	3043	38.243056428302125	False
Colistin	20429	8.835022e-09	3044	38.25562397888652	False
Camylofin	21018	8.833825e-09	3045	38.268191529470904	False
Inclisiran	20163	8.832781e-09	3046	38.2807590800553	False
XTL-001	21045	8.831921e-09	3047	38.29332663063969	False
Difemerine	21001	8.8298995e-09	3048	38.30589418122408	False
Propicillin	21451	8.818253e-09	3049	38.318461731808476	False
Chlorpromazine	14178	8.815461e-09	3050	38.33102928239286	False
Aptazapine	21547	8.810151e-09	3051	38.34359683297725	False
Aluminium acetoacetate	20837	8.807025e-09	3052	38.35616438356164	False
(2R,3R,4S,5R)-2-[6-amino-8-[(3,4-dichlorophenyl)methylamino]purin-9-yl]-5-(hydroxymethyl)oxolane-3,4-diol	19847	8.802155e-09	3053	38.368731934146034	False
Bococizumab	21109	8.797422e-09	3054	38.38129948473043	False
3-Cyclohexyl-L-alanine	19421	8.7906455e-09	3055	38.39386703531481	False
Koeleria macrantha pollen	21842	8.783958e-09	3056	38.406434585899206	False
Potassium bitartrate	21465	8.7824334e-09	3057	38.4190021364836	False
1-METHYL-5-(2-PHENOXYMETHYL-PYRROLIDINE-1-SULFONYL)-1H-INDOLE-2,3-DIONE	18706	8.782199e-09	3058	38.43156968706799	False
(2Z)-2-cyano-N-(3'-ethoxybiphenyl-4-yl)-3-hydroxybut-2-enamide	17083	8.777041e-09	3059	38.444137237652384	False
Mavrilimumab	21111	8.773626e-09	3060	38.45670478823677	False
Salvia miltiorrhiza root	21383	8.773543e-09	3061	38.46927233882116	False
Flosequinan	21924	8.770582e-09	3062	38.481839889405556	False
Turoctocog alfa pegol	14557	8.766802e-09	3063	38.49440743998995	False
Odalasvir	21803	8.766802e-09	3064	38.506974990574335	False
Eptacog alfa pegol (activated)	21533	8.765832e-09	3065	38.51954254115873	False
Inclacumab	21097	8.76518e-09	3066	38.53211009174312	False
Ascorbyl phosphate	21651	8.759781e-09	3067	38.544677642327514	False
Methyl nonanoate	18577	8.759381e-09	3068	38.55724519291191	False
Ferric derisomaltose	16431	8.755172e-09	3069	38.56981274349629	False
Indusatumab vedotin	21108	8.7535685e-09	3070	38.58238029408068	False
Yellow Fever Vaccine	20887	8.753535e-09	3071	38.59494784466507	False
Pentetic acid	14553	8.747577e-09	3072	38.607515395249465	False
Succinimide	20500	8.745491e-09	3073	38.62008294583386	False
Vestronidase alfa	20649	8.743791e-09	3074	38.63265049641825	False
Rimantadine	20361	8.7436565e-09	3075	38.645218047002636	False
Potassium gluconate	14652	8.742556e-09	3076	38.65778559758703	False
2,5-Dimethoxy-4-ethylamphetamine	21391	8.738855e-09	3077	38.67035314817142	False
PYRIMIDINE-4,6-DICARBOXYLIC ACID BIS-(3-METHYL-BENZYLAMIDE)	18206	8.736855e-09	3078	38.682920698755815	False
Inosine pranobex	20833	8.731708e-09	3079	38.6954882493402	False
Linsidomine	20738	8.728394e-09	3080	38.708055799924594	False
Benzoin	20382	8.724182e-09	3081	38.72062335050899	False
Iodamide	20342	8.722984e-09	3082	38.73319090109338	False
Luseogliflozin	20515	8.721471e-09	3083	38.74575845167777	False
Azlocillin	20413	8.716232e-09	3084	38.75832600226216	False
N,4-Dimethyl-N-(1-phenyl-1H-pyrazol-5-yl)benzenesulfonamide	19715	8.705649e-09	3085	38.77089355284655	False
Eticlopride	21849	8.702593e-09	3086	38.783461103430945	False
Typhoid Vi polysaccharide vaccine	20885	8.696919e-09	3087	38.79602865401533	False
Trioxsalen	20378	8.693901e-09	3088	38.80859620459972	False
Bendamustine	15363	8.692607e-09	3089	38.82116375518411	False
Narasin	21583	8.692275e-09	3090	38.8337313057685	False
Tanezumab	21103	8.683228e-09	3091	38.846298856352895	False
Sultopride	20928	8.6818375e-09	3092	38.85886640693729	False
Tetrazepam	21334	8.673164e-09	3093	38.87143395752168	False
Rimiducid	19307	8.6713285e-09	3094	38.88400150810607	False
Lonazolac	20742	8.6689305e-09	3095	38.89656905869046	False
Hydrolyzed Cephalothin	20790	8.667525e-09	3096	38.90913660927485	False
N-(P-CYANOPHENYL)-N'-DIPHENYLMETHYL-GUANIDINE-ACETIC ACID	19407	8.667178e-09	3097	38.921704159859246	False
Vanucizumab	21101	8.663475e-09	3098	38.93427171044364	False
Midomafetamine	15168	8.662864e-09	3099	38.946839261028025	False
SLV319	16204	8.662137e-09	3100	38.95940681161242	False
Dapivirine	21790	8.661939e-09	3101	38.97197436219681	False
Bacillus calmette-guerin substrain tice live antigen	20879	8.6527745e-09	3102	38.984541912781204	False
Sulfacytine	20392	8.6497876e-09	3103	38.99710946336559	False
Polmacoxib	20573	8.648798e-09	3104	39.00967701394998	False
Tocopherylquinone	20776	8.644774e-09	3105	39.02224456453437	False
Ox bile extract	21459	8.644362e-09	3106	39.03481211511876	False
Evinacumab	21192	8.642235e-09	3107	39.047379665703154	False
Sorivudine	21796	8.638329e-09	3108	39.05994721628755	False
Dalbavancin	20593	8.6365e-09	3109	39.07251476687193	False
4-methylumbelliferyl beta-D-glucoside	21894	8.634244e-09	3110	39.085082317456326	False
Etybenzatropine	21005	8.6308525e-09	3111	39.09764986804072	False
Methylthiouracil	20760	8.629733e-09	3112	39.11021741862511	False
LY249543	17440	8.628071e-09	3113	39.1227849692095	False
(6AR,11AS,11BR)-10-ACETYL-9-HYDROXY-7,7-DIMETHYL-2,6,6A,7,11A,11B-HEXAHYDRO-11H-PYRROLO[1',2':2,3]ISOINDOLO[4,5,6-CD]INDOL-11-ONE	19923	8.625554e-09	3114	39.13535251979389	False
Talampicillin	21455	8.619962e-09	3115	39.147920070378284	False
Endostar	21689	8.618646e-09	3116	39.16048762096268	False
Bunaftine	20934	8.6176595e-09	3117	39.17305517154707	False
Carmofur	20617	8.61342e-09	3118	39.185622722131455	False
Hydroxyproline	20224	8.613256e-09	3119	39.19819027271585	False
10-hydroxycamptothecin	21714	8.612927e-09	3120	39.21075782330024	False
Vinbarbital	21341	8.610628e-09	3121	39.223325373884634	False
Benzylthiouracil	20768	8.605374e-09	3122	39.23589292446902	False
25-desacetylrifapentine	21511	8.601764e-09	3123	39.248460475053406	False
Practolol	15162	8.601157e-09	3124	39.2610280256378	False
Chromium	14117	8.600435e-09	3125	39.27359557622219	False
Ethoxzolamide	16789	8.599352e-09	3126	39.286163126806585	False
Amitraz	21401	8.596712e-09	3127	39.29873067739098	False
Cefatrizine	20729	8.596318e-09	3128	39.311298227975364	False
Rotavirus vaccine	20874	8.5924174e-09	3129	39.32386577855976	False
Allobarbital	21357	8.592122e-09	3130	39.33643332914415	False
Ditazole	20682	8.57516e-09	3131	39.34900087972854	False
Vesnarinone	21702	8.573231e-09	3132	39.36156843031293	False
3-({[(3S)-3,4-dihydroxybutyl]oxy}amino)-1H,2'H-2,3'-biindol-2'-one	18437	8.573214e-09	3133	39.37413598089732	False
Pimagedine	15932	8.570108e-09	3134	39.386703531481714	False
Avilamycin	21576	8.5602245e-09	3135	39.39927108206611	False
Oleandrin	21232	8.548705e-09	3136	39.4118386326505	False
Zuclopenthixol	15177	8.547775e-09	3137	39.424406183234886	False
Naftidrofuryl	20554	8.547009e-09	3138	39.43697373381928	False
Sisomicin	20827	8.53909e-09	3139	39.44954128440367	False
Albendazole oxide	21633	8.5390734e-09	3140	39.462108834988065	False
Efrotomycin	21578	8.529275e-09	3141	39.47467638557245	False
Ranpirnase	21670	8.51692e-09	3142	39.487243936156844	False
Benperidol	20648	8.513591e-09	3143	39.49981148674123	False
Lymecycline	21239	8.513558e-09	3144	39.51237903732562	False
Calcium pangamate	21496	8.5133145e-09	3145	39.524946587910016	False
Fluphenazine	15110	8.50515e-09	3146	39.53751413849441	False
3'-Oxo-Adenosine	19013	8.5043075e-09	3147	39.550081689078795	False
Triaziquone	21749	8.500707e-09	3148	39.56264923966319	False
Higenamine	21410	8.50022e-09	3149	39.57521679024758	False
Sipuleucel-T	18610	8.4944665e-09	3150	39.58778434083197	False
Nimesulide	15531	8.49181e-09	3151	39.600351891416366	False
Iprazochrome	21350	8.491551e-09	3152	39.61291944200075	False
Benoxaprofen	20451	8.490919e-09	3153	39.625486992585145	False
Lithium hydroxide	20854	8.490806e-09	3154	39.63805454316954	False
Emactuzumab	21165	8.489591e-09	3155	39.65062209375393	False
Propanoic acid	14566	8.486612e-09	3156	39.66318964433832	False
(2Z)-N-biphenyl-4-yl-2-cyano-3-hydroxybut-2-enamide	17081	8.486435e-09	3157	39.67575719492271	False
3-(2-aminoquinazolin-6-yl)-1-(3,3-dimethylindolin-6-yl)-4-methylpyridin-2(1H)-one	17051	8.479833e-09	3158	39.6883247455071	False
Edrecolomab	21137	8.479428e-09	3159	39.700892296091496	False
Melevodopa	20591	8.4790885e-09	3160	39.71345984667588	False
Anakinra	17398	8.478135e-09	3161	39.726027397260275	False
Streptokinase	14717	8.475677e-09	3162	39.73859494784466	False
Balugrastim	21624	8.475338e-09	3163	39.75116249842905	False
Etifoxine	21264	8.472768e-09	3164	39.763730049013446	False
Oxetacaine	15691	8.471508e-09	3165	39.77629759959784	False
Tecemotide	20913	8.469471e-09	3166	39.78886515018223	False
Trimazosin	20310	8.466306e-09	3167	39.80143270076662	False
Ferric hydroxide	21525	8.465725e-09	3168	39.81400025135101	False
R1295	17420	8.461656e-09	3169	39.826567801935404	False
(3e)-3-[(4-Hydroxyphenyl)Imino]-1h-Indol-2(3h)-One	18850	8.4600424e-09	3170	39.8391353525198	False
(4R)-7-chloro-9-methyl-1-oxo-1,2,4,9-tetrahydrospiro[beta-carboline-3,4'-piperidine]-4-carbonitrile	18856	8.454429e-09	3171	39.85170290310418	False
Proquazone	20762	8.444663e-09	3172	39.864270453688576	False
3-Methylpyridine	18201	8.442924e-09	3173	39.87683800427297	False
METHYL 1-(4-{[(2,4-DIAMINOPTERIDIN-6-YL)METHYL](METHYL)AMINO}BENZOYL)PIPERIDINE-4-CARBOXYLATE	19941	8.43597e-09	3174	39.88940555485736	False
Benzylsulfonic acid	18407	8.433604e-09	3175	39.901973105441755	False
Tenonitrozole	20636	8.420633e-09	3176	39.91454065602614	False
Cathinone	21249	8.41617e-09	3177	39.927108206610534	False
XL784	19314	8.415399e-09	3178	39.93967575719492	False
Mannitol	20339	8.414741e-09	3179	39.95224330777931	False
Rusalatide acetate	20706	8.412382e-09	3180	39.964810858363705	False
Adenovirus type 7 vaccine live	20952	8.407858e-09	3181	39.97737840894809	False
Emetonium iodide	21020	8.402568e-09	3182	39.989945959532484	False
Hexylcaine	16543	8.400533e-09	3183	40.00251351011688	False
Sulfaisodimidine	21330	8.3987866e-09	3184	40.01508106070127	False
Mosapramine	20560	8.395551e-09	3185	40.02764861128566	False
Etoglucid	21752	8.393277e-09	3186	40.04021616187005	False
Succinylsulfathiazole	21358	8.391453e-09	3187	40.05278371245444	False
Telavancin	20308	8.384125e-09	3188	40.065351263038835	False
Deamido-Nad+	19113	8.382942e-09	3189	40.07791881362323	False
Influenza A virus A/California/7/2009 (H1N1) live (attenuated) antigen	20945	8.378707e-09	3190	40.090486364207614	False
L-erythro-7,8-dihydrobiopterin	15928	8.374089e-09	3191	40.10305391479201	False
Oxitriptan	21252	8.368118e-09	3192	40.1156214653764	False
Encainide	15157	8.3668725e-09	3193	40.12818901596079	False
Vaniprevir	20476	8.366011e-09	3194	40.140756566545186	False
Mitemcinal	15571	8.363426e-09	3195	40.15332411712957	False
Radavirsen	21811	8.358355e-09	3196	40.16589166771396	False
Phosphatidylethanolamine	18701	8.352315e-09	3197	40.17845921829835	False
3-Oxiran-2ylalanine	17129	8.350754e-09	3198	40.19102676888274	False
Naptumomab Estafenatox	21121	8.350579e-09	3199	40.203594319467136	False
(2R,3R,4S,5R,6E)-3,4,5-Trihydroxy-N-[(3S,6R)-6-hydroxy-2-oxo-3-azepanyl]-2-methoxy-8,8-dimethyl-6-nonenamide	18936	8.350037e-09	3200	40.21616187005152	False
Typhoid Vaccine Live	20895	8.347235e-09	3201	40.228729420635915	False
2-phospho-D-glyceric acid	20050	8.340821e-09	3202	40.24129697122031	False
Betahistine	15898	8.3405824e-09	3203	40.2538645218047	False
Cannabinol	21388	8.3405505e-09	3204	40.266432072389094	False
Ethaselen	21869	8.33869e-09	3205	40.27899962297348	False
Tallimustine	21773	8.335207e-09	3206	40.29156717355787	False
Talastine	21872	8.3263725e-09	3207	40.304134724142266	False
Atevirdine	21798	8.3256415e-09	3208	40.31670227472666	False
Ammonium chloride	20323	8.324228e-09	3209	40.32926982531105	False
Mephenoxalone	21373	8.316468e-09	3210	40.34183737589544	False
N~2~,N~2~-DIMETHYL-N~1~-(6-OXO-5,6-DIHYDROPHENANTHRIDIN-2-YL)GLYCINAMIDE	19961	8.316056e-09	3211	40.35440492647983	False
Visilizumab	21085	8.315183e-09	3212	40.36697247706422	False
Spermine	14631	8.31428e-09	3213	40.379540027648616	False
Mefruside	20839	8.310887e-09	3214	40.392107578233	False
Technetium Tc-99m arcitumomab	16329	8.309619e-09	3215	40.40467512881739	False
Haemophilus influenzae type B capsular polysaccharide meningococcal outer membrane protein conjugate antigen	20878	8.304406e-09	3216	40.41724267940178	False
9-Deazaguanine	15343	8.29524e-09	3217	40.429810229986174	False
Darexaban	20711	8.289372e-09	3218	40.44237778057057	False
Befunolol	15225	8.279654e-09	3219	40.45494533115496	False
Tivozanib	20597	8.278786e-09	3220	40.467512881739346	False
Sucralfate	18179	8.276764e-09	3221	40.48008043232374	False
Epalrestat	20608	8.2759914e-09	3222	40.49264798290813	False
Pecilocin	21600	8.271304e-09	3223	40.505215533492525	False
Prajmaline	20932	8.268181e-09	3224	40.51778308407691	False
Cymarin	21233	8.254015e-09	3225	40.5303506346613	False
L-cysteic acid	17460	8.252898e-09	3226	40.542918185245696	False
Coumermycin A1	21760	8.239529e-09	3227	40.55548573583009	False
Testosterone propionate	14342	8.238036e-09	3228	40.56805328641448	False
Crenolanib	21501	8.2377065e-09	3229	40.58062083699887	False
Levamlodipine	14423	8.227201e-09	3230	40.59318838758326	False
Dehydrochloromethyltestosterone	20659	8.223498e-09	3231	40.605755938167654	False
Bleselumab	20955	8.223263e-09	3232	40.61832348875204	False
Talc	21650	8.222213e-09	3233	40.63089103933643	False
Tetrahydropalmatine	15678	8.220864e-09	3234	40.643458589920826	False
Argadin	18427	8.2147515e-09	3235	40.65602614050521	False
1-BENZYL-3-(4-METHOXYPHENYLAMINO)-4-PHENYLPYRROLE-2,5-DIONE	17139	8.21461e-09	3236	40.668593691089605	False
Imlifidase	21188	8.211649e-09	3237	40.681161241674	False
Sulbenicillin	21453	8.197127e-09	3238	40.69372879225839	False
Xanthine	15340	8.1966895e-09	3239	40.706296342842776	False
Potassium triiodide	21479	8.193954e-09	3240	40.71886389342717	False
Mequinol	20383	8.193064e-09	3241	40.73143144401156	False
N-(4-phenoxyphenyl)-2-[(pyridin-4-ylmethyl)amino]nicotinamide	17046	8.192563e-09	3242	40.743998994595955	False
5-[1-(3,4-Dimethoxy-Benzoyl)-1,2,3,4-Tetrahydro-Quinolin-6-Yl]-6-Methyl-3,6-Dihydro-[1,3,4]Thiadiazin-2-One	18379	8.18769e-09	3243	40.75656654518035	False
2-(4-CHLORO-PHENYLAMINO)-NICOTINIC ACID	20035	8.187018e-09	3244	40.769134095764734	False
Mebutizide	20741	8.182335e-09	3245	40.78170164634913	False
Vosaroxin	21696	8.1715115e-09	3246	40.79426919693352	False
1-Hydroxyamine-2-Isobutylmalonic Acid	18734	8.170622e-09	3247	40.80683674751791	False
Maxacalcitol	20626	8.167616e-09	3248	40.8194042981023	False
4,7-Dioxosebacic Acid	16189	8.161433e-09	3249	40.83197184868669	False
CoA-S-acetyl 5-bromotryptamine	20114	8.159145e-09	3250	40.844539399271085	False
Methylestrenolone	20752	8.1584455e-09	3251	40.85710694985547	False
CIS-(1R,2S)-2-AMINO-1,2,3,4-TETRAHYDRONAPHTHALEN-1-OL	17962	8.158025e-09	3252	40.869674500439864	False
Tioguanine	14628	8.157823e-09	3253	40.88224205102426	False
Strontium chloride	20852	8.1576985e-09	3254	40.89480960160864	False
Rasburicase	20486	8.157122e-09	3255	40.907377152193035	False
PRLX 93936	19381	8.1509635e-09	3256	40.91994470277743	False
Dimethicone	21943	8.149347e-09	3257	40.93251225336182	False
Pantothenic acid	20397	8.14498e-09	3258	40.94507980394621	False
Orvepitant	21307	8.140631e-09	3259	40.9576473545306	False
Potassium citrate	20298	8.138287e-09	3260	40.97021490511499	False
Magnesium aspartate	20968	8.135416e-09	3261	40.982782455699386	False
MLN-977	16722	8.119031e-09	3262	40.99535000628378	False
Sodium tartrate	21017	8.115362e-09	3263	41.007917556868165	False
Fazadinium bromide	21372	8.112097e-09	3264	41.02048510745256	False
PYRIMIDINE-4,6-DICARBOXYLIC ACID BIS-[(PYRIDIN-3-YLMETHYL)-AMIDE]	18208	8.1070235e-09	3265	41.03305265803695	False
N-[3-(1H-BENZIMIDAZOL-2-YL)-1H-PYRAZOL-4-YL]BENZAMIDE	18275	8.10543e-09	3266	41.045620208621344	False
Ganitumab	21095	8.101813e-09	3267	41.05818775920574	False
Imagabalin	21296	8.101226e-09	3268	41.07075530979012	False
Aluminum oxide	21867	8.101087e-09	3269	41.08332286037451	False
IMC-1C11	16022	8.097241e-09	3270	41.0958904109589	False
[4-(3-AMINOMETHYL-PHENYL)-PIPERIDIN-1-YL]-(5-PHENETHYL- PYRIDIN-3-YL)-METHANONE	18910	8.096809e-09	3271	41.108457961543294	False
19-(cyclopropylamino)-4,6,7,15-tetrahydro-5H-16,1-(azenometheno)-10,14-(metheno)pyrazolo[4,3-o][1,3,9]triazacyclohexadecin-8(9H)-one	18810	8.096253e-09	3272	41.12102551212769	False
Monteplase	20715	8.093551e-09	3273	41.13359306271207	False
Namitecan	21706	8.089337e-09	3274	41.146160613296466	False
Stibophen	20627	8.083245e-09	3275	41.15872816388086	False
Iferanserin	21289	8.08138e-09	3276	41.17129571446525	False
Nalorphine	21878	8.0799305e-09	3277	41.183863265049645	False
1-((1R)-1-(HYDROXYMETHYL)-3-{6-[(3-PHENYLPROPANOYL)AMINO]-1H-INDOL-1-YL}PROPYL)-1H-IMIDAZOLE-4-CARBOXAMIDE	19262	8.078961e-09	3278	41.19643081563403	False
2,4,6-Triaminoquinazoline	19939	8.0766025e-09	3279	41.208998366218424	False
Equilin	15524	8.0746005e-09	3280	41.22156591680282	False
Metergoline	19160	8.0613045e-09	3281	41.23413346738721	False
Plantago ovata seed	21029	8.057769e-09	3282	41.246701017971596	False
GlycoPEG-GCSF	21530	8.05445e-09	3283	41.25926856855599	False
Clobutinol	20329	8.052914e-09	3284	41.27183611914038	False
Ferrous bisglycinate	21541	8.051378e-09	3285	41.284403669724774	False
Oxyphenisatin acetate	20547	8.048062e-09	3286	41.29697122030917	False
Taurine	14922	8.044593e-09	3287	41.30953877089355	False
Oxfendazole	21631	8.042277e-09	3288	41.32210632147794	False
Oxprenolol	15175	8.039347e-09	3289	41.33467387206233	False
Daptomycin	20456	8.034565e-09	3290	41.347241422646725	False
Ferric carboxymaltose	21540	8.030887e-09	3291	41.35980897323112	False
3-hydroxyglutaric acid	19482	8.028039e-09	3292	41.372376523815504	False
Nanatinostat	21649	8.0239975e-09	3293	41.3849440743999	False
Chlorsulfaquinoxaline	21314	8.023508e-09	3294	41.39751162498429	False
Viomycin	21263	8.02054e-09	3295	41.41007917556868	False
Flupentixol	14829	8.013857e-09	3296	41.422646726153076	False
Ingavirin	21795	8.01132e-09	3297	41.43521427673746	False
Lasalocid	21581	8.006753e-09	3298	41.447781827321855	False
GTI 2040	19364	8.002722e-09	3299	41.46034937790625	False
Sifalimumab	19618	8.00144e-09	3300	41.47291692849064	False
Calcium cation	20778	8.0004625e-09	3301	41.485484479075026	False
Tecarfarin	21893	7.996695e-09	3302	41.49805202965942	False
2-(2-PHENYL-3-PYRIDIN-2-YL-4,5,6,7-TETRAHYDRO-2H-ISOPHOSPHINDOL-1-YL)PYRIDINE	17530	7.994636e-09	3303	41.51061958024381	False
Bisacodyl	20357	7.994423e-09	3304	41.523187130828205	False
Cu-Cyclam	19750	7.981259e-09	3305	41.53575468141259	False
Etirinotecan pegol	21768	7.9803915e-09	3306	41.548322231996984	False
GSK-239512	21553	7.975111e-09	3307	41.56088978258137	False
Rebamipide	20442	7.971705e-09	3308	41.57345733316576	False
Trestolone	20666	7.968056e-09	3309	41.586024883750156	False
Hexoprenaline	21396	7.964607e-09	3310	41.59859243433455	False
Tiletamine	21283	7.960233e-09	3311	41.61115998491894	False
2-Hydroxyestradiol	21514	7.953981e-09	3312	41.62372753550333	False
Sodium phosphate, dibasic, unspecified form	21026	7.953025e-09	3313	41.63629508608772	False
Abediterol	21406	7.94937e-09	3314	41.64886263667211	False
1-(2-Chlorophenyl)-3,5-Dimethyl-1h-Pyrazole-4-Carboxylic Acid Ethyl Ester	17327	7.9467775e-09	3315	41.66143018725651	False
Tandospirone	20578	7.945823e-09	3316	41.67399773784089	False
Cephalosporin C	21635	7.942535e-09	3317	41.686565288425285	False
9-Deazaadenine	16349	7.938763e-09	3318	41.69913283900968	False
Anthrax immune globulin human	20870	7.930908e-09	3319	41.71170038959407	False
Oblimersen	21758	7.929396e-09	3320	41.724267940178464	False
TAK-475	17410	7.92861e-09	3321	41.73683549076285	False
Meticrane	20325	7.927007e-09	3322	41.74940304134724	False
N-methyl-1-(2-thiophen-2-ylphenyl)methanamine	18999	7.924618e-09	3323	41.761970591931636	False
KRN-7000	21711	7.920962e-09	3324	41.77453814251602	False
Pentaerythritol tetranitrate	14637	7.917638e-09	3325	41.787105693100415	False
Peginterferon beta-1a	15371	7.916491e-09	3326	41.7996732436848	False
Namilumab	21132	7.912415e-09	3327	41.812240794269194	False
Vorozole	21757	7.895153e-09	3328	41.82480834485359	False
Prostaglandin B2	21461	7.894009e-09	3329	41.83737589543798	False
7-Hydroxystaurosporine	18759	7.887612e-09	3330	41.84994344602237	False
ONC-201	21765	7.8857925e-09	3331	41.86251099660676	False
Menaquinone	21948	7.882198e-09	3332	41.87507854719115	False
Interferon alfa-n3	15279	7.879011e-09	3333	41.887646097775544	False
Oseltamivir acid	21782	7.873424e-09	3334	41.90021364835994	False
Rostaporfin	21898	7.871772e-09	3335	41.91278119894433	False
Reviparin	20564	7.866354e-09	3336	41.925348749528716	False
BIIB015	21054	7.864868e-09	3337	41.93791630011311	False
Sulfanitran	21279	7.860354e-09	3338	41.9504838506975	False
Prenalterol	21426	7.860324e-09	3339	41.963051401281895	False
Motesanib	21498	7.857041e-09	3340	41.97561895186628	False
Malacidin B	21607	7.855394e-09	3341	41.988186502450674	False
Benralizumab	19177	7.849043e-09	3342	42.00075405303506	False
Canrenone	20826	7.836029e-09	3343	42.01332160361945	False
16-Bromoepiandrosterone	18589	7.83077e-09	3344	42.025889154203846	False
Dienogest	15621	7.82962e-09	3345	42.03845670478824	False
Acetarsol	20529	7.828933e-09	3346	42.051024255372624	False
Figitumumab	21067	7.822291e-09	3347	42.06359180595702	False
Prussian blue	20650	7.812942e-09	3348	42.07615935654141	False
Nifenazone	20739	7.8053e-09	3349	42.0887269071258	False
Vinylbital	21374	7.801267e-09	3350	42.10129445771019	False
Ceruletide	17122	7.800121e-09	3351	42.11386200829458	False
Niaprazine	21367	7.798009e-09	3352	42.126429558878975	False
3-carboxamido-1,3,5(10)-estratrien-17(R)-spiro-2'(5',5'-dimethyl-6'oxo)tetrahydropyran	17424	7.795302e-09	3353	42.13899710946337	False
Estramustine	15492	7.792003e-09	3354	42.15156466004776	False
Cefpodoxime	20657	7.787723e-09	3355	42.16413221063215	False
Mupirocin	20454	7.78655e-09	3356	42.17669976121654	False
Hepatitis A Vaccine	20888	7.786179e-09	3357	42.18926731180093	False
Faricimab	16520	7.785363e-09	3358	42.201834862385326	False
Phenoperidine	21010	7.781399e-09	3359	42.21440241296971	False
Pegsunercept	21532	7.781012e-09	3360	42.2269699635541	False
Vercirnon	19379	7.779618e-09	3361	42.23953751413849	False
Trelagliptin	20516	7.775731e-09	3362	42.25210506472288	False
Hexobendine	21925	7.774915e-09	3363	42.264672615307276	False
Porphobilinogen	16187	7.766586e-09	3364	42.27724016589167	False
Frovocimab	21177	7.765712e-09	3365	42.289807716476055	False
Carmegliptin	21218	7.7574365e-09	3366	42.30237526706045	False
Fish oil	15728	7.757362e-09	3367	42.31494281764484	False
Ginsenoside C	21677	7.755069e-09	3368	42.327510368229234	False
Oxyquinoline	20819	7.745549e-09	3369	42.34007791881362	False
Rabies virus inactivated antigen, B	20872	7.742359e-09	3370	42.35264546939801	False
GE-2270A	21565	7.733843e-09	3371	42.365213019982406	False
Busulfan	14738	7.733607e-09	3372	42.3777805705668	False
Sulesomab	21147	7.733341e-09	3373	42.39034812115119	False
Iodide I-131	21504	7.732751e-09	3374	42.40291567173558	False
Conatumumab	21064	7.732191e-09	3375	42.41548322231997	False
Caroxazone	20389	7.731262e-09	3376	42.42805077290436	False
Rescinnamine	16692	7.730539e-09	3377	42.440618323488756	False
Haloprogin	20366	7.729714e-09	3378	42.45318587407314	False
Epimestrol	20737	7.728918e-09	3379	42.465753424657535	False
Apolizumab	21058	7.723289e-09	3380	42.47832097524192	False
Cyanocobalamin	14706	7.722272e-09	3381	42.490888525826314	False
Pranoprofen	21474	7.713866e-09	3382	42.50345607641071	False
Lanatoside C	21235	7.711542e-09	3383	42.5160236269951	False
Adenosine	14918	7.711056e-09	3384	42.528591177579486	False
4-(4-CHLOROPHENYL)-4-[4-(1H-PYRAZOL-4-YL)PHENYL]PIPERIDINE	18439	7.703441e-09	3385	42.54115872816388	False
Tedisamil	20865	7.702913e-09	3386	42.55372627874827	False
Givinostat	20915	7.700724e-09	3387	42.566293829332665	False
Fosinoprilat	21150	7.698124e-09	3388	42.57886137991706	False
Cilazaprilat	16700	7.697552e-09	3389	42.59142893050144	False
Glyceraldehyde-3-Phosphate	20283	7.6952915e-09	3390	42.60399648108584	False
Levopropoxyphene	21637	7.686826e-09	3391	42.61656403167023	False
Bismuth subcitrate potassium	21506	7.684496e-09	3392	42.62913158225462	False
Iratumumab	21049	7.683001e-09	3393	42.64169913283901	False
Chloroxine	20524	7.679324e-09	3394	42.6542666834234	False
Pyrazoloacridine	21718	7.67638e-09	3395	42.666834234007794	False
Belatacept	17884	7.676307e-09	3396	42.67940178459218	False
Arbekacin	20795	7.676263e-09	3397	42.69196933517657	False
Sevoflurane	14322	7.676117e-09	3398	42.704536885760966	False
Phenothrin	20625	7.664442e-09	3399	42.71710443634535	False
4-hydroxycoumarin	20663	7.661724e-09	3400	42.729671986929745	False
Nafarelin	16575	7.655472e-09	3401	42.74223953751414	False
Dusigitumab	21106	7.653574e-09	3402	42.75480708809853	False
Collagenase clostridium histolyticum	16023	7.650888e-09	3403	42.767374638682924	False
Hexamidine	20639	7.648845e-09	3404	42.77994218926731	False
(5-hydroxyindolo[1,2-a]quinazolin-7-yl)acetic acid	18800	7.646088e-09	3405	42.7925097398517	False
Talimogene laherparepvec	20474	7.645198e-09	3406	42.805077290436095	False
Almasilate	20403	7.644776e-09	3407	42.81764484102049	False
2-[(2,4-DICHLOROBENZOYL)AMINO]-5-(PYRIMIDIN-2-YLOXY)BENZOIC ACID	16627	7.639864e-09	3408	42.830212391604874	False
Secale cereale pollen	21838	7.635522e-09	3409	42.84277994218927	False
Lorukafusp alfa	21201	7.628957e-09	3410	42.85534749277366	False
Piperidolate	20999	7.628419e-09	3411	42.86791504335805	False
Magnesium oxide	20362	7.626993e-09	3412	42.880482593942446	False
Sequifenadine	21874	7.626309e-09	3413	42.89305014452683	False
Doxifluridine	20922	7.62599e-09	3414	42.905617695111225	False
Valpromide	21253	7.6191125e-09	3415	42.91818524569561	False
Oxatomide	20918	7.618676e-09	3416	42.930752796280004	False
Dabigatran	20781	7.616585e-09	3417	42.9433203468644	False
Dexpropranolol	21039	7.614928e-09	3418	42.95588789744878	False
Combretastatin A4	21762	7.613142e-09	3419	42.968455448033176	False
Bacillus calmette-guerin substrain danish 1331 live antigen	20911	7.6123285e-09	3420	42.98102299861757	False
GPX-150	21777	7.606059e-09	3421	42.99359054920196	False
Isatoic anhydride	21590	7.6059e-09	3422	43.006158099786354	False
Penciclovir	20621	7.601462e-09	3423	43.01872565037074	False
Elafin	14776	7.600012e-09	3424	43.03129320095513	False
Crofelemer	18769	7.592767e-09	3425	43.043860751539526	False
Bradykinin	21921	7.591493e-09	3426	43.05642830212392	False
Nikkomycin Z	21595	7.588786e-09	3427	43.068995852708305	False
Esreboxetine	21305	7.582319e-09	3428	43.0815634032927	False
Bumadizone	20731	7.5721e-09	3429	43.09413095387709	False
Poa annua pollen	21822	7.567062e-09	3430	43.106698504461484	False
Epacadostat	21688	7.566701e-09	3431	43.11926605504588	False
Setrusumab	21156	7.565013e-09	3432	43.13183360563026	False
Cupric Chloride	17061	7.557397e-09	3433	43.14440115621465	False
Latrunculin B	19188	7.556951e-09	3434	43.15696870679904	False
Galiximab	17885	7.551116e-09	3435	43.169536257383434	False
Aducanumab	21099	7.549719e-09	3436	43.18210380796783	False
Thymidine	20123	7.549316e-09	3437	43.19467135855221	False
7,8-Dichloro-1,2,3,4-tetrahydroisoquinoline	17969	7.549186e-09	3438	43.207238909136606	False
Guar gum	21221	7.548553e-09	3439	43.219806459721	False
Temafloxacin	15334	7.545284e-09	3440	43.23237401030539	False
Chlorproguanil	21556	7.541975e-09	3441	43.244941560889785	False
S-Adenosyl-L-Homoselenocysteine	21861	7.534528e-09	3442	43.25750911147417	False
Penthienate	20444	7.530965e-09	3443	43.270076662058564	False
Sodium aurotiosulfate	21951	7.529198e-09	3444	43.28264421264296	False
Sitimagene ceradenovec	21669	7.528106e-09	3445	43.29521176322735	False
Nandrolone	20432	7.526857e-09	3446	43.30777931381174	False
Managlinat dialanetil	19337	7.525967e-09	3447	43.32034686439613	False
Suvratoxumab	21185	7.525709e-09	3448	43.33291441498052	False
Dihydrostreptomycin	20822	7.523255e-09	3449	43.345481965564915	False
Artefenomel	21555	7.520887e-09	3450	43.35804951614931	False
Vorinostat	18959	7.520386e-09	3451	43.37061706673369	False
SC12267	17079	7.520128e-09	3452	43.38318461731808	False
Daclizumab	17535	7.515625e-09	3453	43.39575216790247	False
CYCLOHEXYLMETHYL-2,3-DIHYDROXY-5-METHYL-HEXYLAMIDE	18156	7.5116695e-09	3454	43.408319718486865	False
Ocriplasmin	18037	7.502678e-09	3455	43.42088726907126	False
Tezepelumab	21178	7.501933e-09	3456	43.43345481965565	False
IC261	19483	7.501819e-09	3457	43.44602237024004	False
Phosphonoacetaldehyde	21905	7.496612e-09	3458	43.45858992082443	False
Dornase alfa	20556	7.492953e-09	3459	43.47115747140882	False
Eteplirsen	20579	7.4915665e-09	3460	43.483725021993216	False
Ethoheptazine	20356	7.4905095e-09	3461	43.4962925725776	False
Toyocamycin	21761	7.4898665e-09	3462	43.508860123161995	False
Abaloparatide	19661	7.48581e-09	3463	43.52142767374639	False
Zimelidine	15534	7.4850535e-09	3464	43.53399522433078	False
Simfibrate	20976	7.48374e-09	3465	43.546562774915174	False
Pyrazolam	21387	7.481343e-09	3466	43.55913032549956	False
Ritobegron	21405	7.4792315e-09	3467	43.57169787608395	False
Monoxerutin	20644	7.479131e-09	3468	43.584265426668345	False
Arbaclofen Placarbil	16678	7.474467e-09	3469	43.59683297725273	False
Rose bengal	14118	7.472115e-09	3470	43.609400527837124	False
Pyridoxine phosphate	14647	7.468012e-09	3471	43.62196807842152	False
Taurolidine	21716	7.463883e-09	3472	43.6345356290059	False
Hexylresorcinol	16744	7.46041e-09	3473	43.647103179590296	False
Iocetamic acid	20346	7.454635e-09	3474	43.65967073017469	False
Methylpropylpropanediol dinitrate	21436	7.451906e-09	3475	43.67223828075908	False
Cimetropium	21398	7.445171e-09	3476	43.68480583134347	False
Rupintrivir	21783	7.441736e-09	3477	43.69737338192786	False
Tolrestat	17673	7.438798e-09	3478	43.709940932512254	False
Vazegepant	20177	7.437096e-09	3479	43.72250848309665	False
Ethyl chloride	20615	7.433465e-09	3480	43.73507603368104	False
Linagliptin	15598	7.4318915e-09	3481	43.747643584265425	False
Dextrose, unspecified form	14766	7.4281075e-09	3482	43.76021113484982	False
Difenoxin	20312	7.428037e-09	3483	43.77277868543421	False
(3R)-3-(FLUOROMETHYL)-7-(THIOMORPHOLIN-4-YLSULFONYL)-1,2,3,4-TETRAHYDROISOQUINOLINE	17963	7.427102e-09	3484	43.785346236018604	False
Faropenem medoxomil	20594	7.4266344e-09	3485	43.79791378660299	False
S-octylglutathione	17793	7.422259e-09	3486	43.81048133718738	False
RI 624	18592	7.419909e-09	3487	43.82304888777177	False
Methapyrilene	20295	7.413571e-09	3488	43.83561643835616	False
Physostigmine	17173	7.4113946e-09	3489	43.848183988940555	False
Ethenzamide	20754	7.410362e-09	3490	43.86075153952495	False
Chromic chloride	16040	7.4086386e-09	3491	43.873319090109334	False
Carbon monoxide	20064	7.4062503e-09	3492	43.88588664069373	False
Hydracarbazine	20687	7.4031714e-09	3493	43.89845419127812	False
Interferon alfa-2b	15288	7.402917e-09	3494	43.91102174186251	False
Liarozole	21743	7.4016326e-09	3495	43.9235892924469	False
Sodium oxybate	14644	7.394648e-09	3496	43.93615684303129	False
Tolonidine	21139	7.392575e-09	3497	43.948724393615684	False
Ethiodized oil	21616	7.3870075e-09	3498	43.96129194420008	False
Pentoxifylline	15312	7.3783193e-09	3499	43.97385949478447	False
Lofepramine	20388	7.3779107e-09	3500	43.986427045368856	False
5-Mercapto-2-Nitro-Benzoic Acid	18228	7.3732123e-09	3501	43.99899459595325	False
Pexelizumab	21040	7.3682913e-09	3502	44.01156214653764	False
Pleconaril	21784	7.366886e-09	3503	44.024129697122035	False
Nigericin	21608	7.3428e-09	3504	44.03669724770643	False
2',3'-Dehydro-2',3'-Deoxy-Thymidine 5'-Diphosphate	19434	7.3421558e-09	3505	44.049264798290814	False
Stepronin	20857	7.334807e-09	3506	44.0618323488752	False
4-[[2-[[4-chloro-3-(trifluoromethyl)phenyl]amino]-3H-benzimidazol-5-yl]oxy]-N-methyl-pyridine-2-carboxamide	17045	7.3273823e-09	3507	44.07439989945959	False
Coproporphyrin I	18966	7.314006e-09	3508	44.086967450043986	False
TBC-3711	19545	7.290648e-09	3509	44.09953500062838	False
Trolnitrate	20303	7.286492e-09	3510	44.112102551212764	False
N,O6-Disulfo-Glucosamine	17555	7.286367e-09	3511	44.12467010179716	False
Clodronic acid	14665	7.283226e-09	3512	44.13723765238155	False
Tirofiban	17226	7.2805877e-09	3513	44.14980520296594	False
Influenza A virus A/California/7/2009 X-181 (H1N1) antigen (propiolactone inactivated)	20882	7.279949e-09	3514	44.162372753550336	False
(2S,3R)-3-(6-amino-9H-purin-9-yl)nonan-2-ol	19261	7.2798514e-09	3515	44.17494030413472	False
Pimethixene	21871	7.2738278e-09	3516	44.187507854719115	False
Ferrous chloride	21543	7.2726487e-09	3517	44.20007540530351	False
Apaziquone	21720	7.270679e-09	3518	44.2126429558879	False
Asfotase alfa	20164	7.2636936e-09	3519	44.22521050647229	False
Baclofen	16672	7.258749e-09	3520	44.23777805705668	False
(E)-[4-(3,5-Difluorophenyl)-3H-pyrrolo[2,3-b]pyridin-3-ylidene](3-methoxyphenyl)methanol	19195	7.257987e-09	3521	44.25034560764107	False
Aminobenzoic acid	20423	7.257669e-09	3522	44.262913158225466	False
Sennosides	20188	7.257655e-09	3523	44.27548070880986	False
Fenbufen	20680	7.2545694e-09	3524	44.288048259394245	False
Metabutethamine	21955	7.249686e-09	3525	44.30061580997863	False
Octopamine	21413	7.242417e-09	3526	44.31318336056302	False
Allosamizoline	18428	7.2403443e-09	3527	44.325750911147416	False
Alferminogene tadenovec	21917	7.2397506e-09	3528	44.33831846173181	False
Betaxolol	15079	7.2374173e-09	3529	44.350886012316195	False
Urapidil	20641	7.2361748e-09	3530	44.36345356290059	False
P-Nitrophenol	18125	7.2339117e-09	3531	44.37602111348498	False
Resatorvid	19189	7.233664e-09	3532	44.388588664069374	False
Ozenoxacin	20495	7.227541e-09	3533	44.40115621465377	False
Technetium Tc-99m ciprofloxacin	15348	7.217415e-09	3534	44.41372376523815	False
Maxy-G34	21620	7.216011e-09	3535	44.426291315822546	False
METHYL-PHOSPHONIC ACID MONO-(4-NITRO-PHENYL) ESTER	19894	7.2145525e-09	3536	44.43885886640694	False
Sodium fluorophosphate	20430	7.2100814e-09	3537	44.45142641699133	False
Etilefrine	21397	7.208913e-09	3538	44.46399396757572	False
Lanthanum carbonate	20512	7.202082e-09	3539	44.47656151816011	False
Hydroquinidine	21431	7.201973e-09	3540	44.489129068744504	False
Orotic acid	17073	7.2010384e-09	3541	44.5016966193289	False
Amantadine	14830	7.200324e-09	3542	44.51426416991328	False
Thenalidine	21870	7.2002693e-09	3543	44.526831720497675	False
Lonidamine	18611	7.1964115e-09	3544	44.53939927108206	False
Olorofim	21612	7.196151e-09	3545	44.551966821666454	False
5-(4-METHYL-BENZOYLAMINO)-BIPHENYL-3,4'-DICARBOXYLIC ACID 3-DIMETHYLAMIDE-4'-HYDROXYAMIDE	18964	7.1941195e-09	3546	44.56453437225085	False
Bacillus calmette-guerin substrain connaught live antigen	20886	7.1917867e-09	3547	44.57710192283524	False
BMS-955176	21809	7.1915127e-09	3548	44.58966947341963	False
Antihemophilic factor human	14692	7.190992e-09	3549	44.60223702400402	False
Bevonium	21008	7.186988e-09	3550	44.61480457458841	False
CTCE-0214	18689	7.186988e-09	3551	44.627372125172805	False
Iohexol	21617	7.18622e-09	3552	44.6399396757572	False
IRL-1620	16051	7.1856716e-09	3553	44.652507226341584	False
MDX-018	18196	7.179055e-09	3554	44.66507477692598	False
Poa pratensis pollen	21824	7.178904e-09	3555	44.67764232751037	False
AVE9633	15564	7.1769874e-09	3556	44.69020987809476	False
Virginiamycin M1	21559	7.1762485e-09	3557	44.702777428679155	False
Econazole	14819	7.1674116e-09	3558	44.71534497926354	False
Triphosphoric acid	20091	7.164842e-09	3559	44.727912529847934	False
R048-8071	18904	7.1637762e-09	3560	44.74048008043232	False
Hypromellose	19359	7.159719e-09	3561	44.75304763101671	False
Aminosalicylic acid	14772	7.1582034e-09	3562	44.765615181601106	False
[(3,7,11-TRIMETHYL-DODECA-2,6,10-TRIENYLOXYCARBAMOYL)-METHYL]-PHOSPHONIC ACID	19296	7.152376e-09	3563	44.77818273218549	False
Prifinium	20998	7.151339e-09	3564	44.790750282769885	False
Borage oil	21639	7.1448225e-09	3565	44.80331783335428	False
Doxercalciferol	14710	7.1407484e-09	3566	44.81588538393867	False
humanized SMART Anti-IL-12 Antibody	18231	7.1399726e-09	3567	44.828452934523064	False
Alovudine F-18	21808	7.139523e-09	3568	44.84102048510745	False
Ceftobiprole	20665	7.133942e-09	3569	44.85358803569184	False
Ifetroban	20712	7.131017e-09	3570	44.866155586276236	False
Thyrotropin alfa	17332	7.130568e-09	3571	44.87872313686063	False
Vindesine	15429	7.126707e-09	3572	44.89129068744502	False
MK-0873	21887	7.1205384e-09	3573	44.90385823802941	False
NUC-1031	21769	7.118352e-09	3574	44.9164257886138	False
Cambendazole	21629	7.115868e-09	3575	44.92899333919819	False
Bietaserpine	21142	7.113751e-09	3576	44.941560889782586	False
Gimeracil	18195	7.1119604e-09	3577	44.95412844036697	False
Clevudine	20477	7.111716e-09	3578	44.96669599095136	False
LY374571	17439	7.110224e-09	3579	44.97926354153575	False
Epicaptopril	16695	7.1079866e-09	3580	44.991831092120144	False
Rebastinib	21741	7.107282e-09	3581	45.00439864270454	False
Salbutamol	15479	7.0967565e-09	3582	45.01696619328893	False
Brodalumab	20441	7.095565e-09	3583	45.029533743873316	False
Potassium bicarbonate	20214	7.0921424e-09	3584	45.04210129445771	False
Perazine	20300	7.0915878e-09	3585	45.0546688450421	False
Tofogliflozin	20514	7.0915065e-09	3586	45.067236395626495	False
Aluminium clofibrate	20978	7.0890716e-09	3587	45.07980394621088	False
Exatecan	21709	7.087572e-09	3588	45.09237149679527	False
Sonidegib	15622	7.0875044e-09	3589	45.104939047379666	False
Calcium threonate	20697	7.085828e-09	3590	45.11750659796406	False
alpha-L-methyl-fucose	20072	7.0847332e-09	3591	45.13007414854845	False
TTP889	17032	7.081531e-09	3592	45.14264169913284	False
Thiazinam	21345	7.0722037e-09	3593	45.15520924971723	False
Peginterferon alfa-2a	15277	7.0685493e-09	3594	45.167776800301624	False
2-[4-(4-Chlorophenyl)Cyclohexylidene]-3,4-Dihydroxy-1(2h)-Naphthalenone	17077	7.0683472e-09	3595	45.18034435088602	False
Oxygen	14013	7.0581487e-09	3596	45.1929119014704	False
Minodronic acid	17736	7.057207e-09	3597	45.20547945205479	False
EP-2104R	17384	7.05204e-09	3598	45.21804700263918	False
Tralokinumab	21093	7.051703e-09	3599	45.230614553223575	False
Minaprine	15123	7.0451027e-09	3600	45.24318210380797	False
Promestriene	21110	7.040481e-09	3601	45.25574965439236	False
Zoptarelin doxorubicin	21776	7.032818e-09	3602	45.268317204976746	False
Apronalide	21324	7.032349e-09	3603	45.28088475556114	False
3-({1-[3-CARBAMIMIDOYL-1-(4-CARBAMIMIDOYL-BENZYLCARBAMOYL)-PROPYLCARBAMOYL]-2-METHYL-BUTYLSULFAMOYL}-METHYL)-BENZOIC ACID	17016	7.031128e-09	3604	45.29345230614553	False
Bapineuzumab	21068	7.0168733e-09	3605	45.306019856729925	False
3-fluoro-4-[2-hydroxy-2-(5,5,8,8-tetramethyl-5,6,7,8,-tetrahydro-naphtalen-2-yl)-acetylamino]-benzoic acid	16489	7.0161637e-09	3606	45.31858740731431	False
Gepirone	20534	7.0152004e-09	3607	45.331154957898704	False
Undecylenic acid	20369	7.0105854e-09	3608	45.3437225084831	False
Calcium lactate gluconate	20504	7.006389e-09	3609	45.35629005906749	False
Nitazoxanide	14579	7.004959e-09	3610	45.36885760965188	False
2-HYDROXYMETHYL-6-OCTYLSULFANYL-TETRAHYDRO-PYRAN-3,4,5-TRIOL	16535	7.0038895e-09	3611	45.38142516023627	False
Gadoversetamide	39896	7.000271e-09	3612	45.39399271082066	False
Roxarsone	21584	6.9963866e-09	3613	45.406560261405055	False
Haemophilus influenzae type B strain 20752 capsular polysaccharide tetanus toxoid conjugate antigen	20889	6.992651e-09	3614	45.41912781198945	False
Cyclopropane	21379	6.9842e-09	3615	45.431695362573834	False
Trimethaphan	14853	6.9776487e-09	3616	45.44426291315823	False
MK-212	21297	6.9736306e-09	3617	45.45683046374261	False
Fludeoxyglucose (18F)	14781	6.973524e-09	3618	45.469398014327005	False
Zoalene	21911	6.9667574e-09	3619	45.4819655649114	False
Pyrithyldione	21335	6.959373e-09	3620	45.49453311549579	False
5-[4-(1-Carboxymethyl-2-Oxo-Propylcarbamoyl)-Benzylsulfamoyl]-2-Hydroxy-Benzoic Acid	18703	6.9592803e-09	3621	45.50710066608018	False
Galactose-uridine-5'-diphosphate	16598	6.956998e-09	3622	45.51966821666457	False
Ipriflavone	20548	6.9567054e-09	3623	45.53223576724896	False
4-Hydroxytestosterone	20658	6.9542114e-09	3624	45.544803317833356	False
SR-9011	20183	6.9520762e-09	3625	45.55737086841775	False
GALACTOSE GREASE	16602	6.9493984e-09	3626	45.569938419002135	False
Epothilone D	15523	6.948802e-09	3627	45.58250596958653	False
(S)-2-Amino-3-(4h-Selenolo[3,2-B]-Pyrrol-6-Yl)-Propionic Acid	21862	6.9453567e-09	3628	45.59507352017092	False
Chromium gluconate	14123	6.9410797e-09	3629	45.607641070755314	False
p-Coumaric acid	19871	6.94006e-09	3630	45.6202086213397	False
Cinitapride	16291	6.939848e-09	3631	45.63277617192409	False
Daxalipram	17320	6.9343833e-09	3632	45.645343722508485	False
Samidorphan	21881	6.9329156e-09	3633	45.65791127309287	False
N-(pyridin-3-ylmethyl)aniline	18993	6.9327304e-09	3634	45.670478823677264	False
UC-781	21785	6.931329e-09	3635	45.68304637426166	False
Human cytomegalovirus immune globulin	21146	6.930033e-09	3636	45.69561392484604	False
Masitinib	21679	6.925554e-09	3637	45.708181475430436	False
Pentostatin	19250	6.9190844e-09	3638	45.72074902601483	False
Ferumoxides	21520	6.9168546e-09	3639	45.73331657659922	False
Sulbactam	20404	6.913597e-09	3640	45.745884127183615	False
Carboxyatractyloside	17430	6.91063e-09	3641	45.758451677768	False
Quinoline Yellow WS	21228	6.910248e-09	3642	45.771019228352394	False
Abciximab	17225	6.9092465e-09	3643	45.78358677893679	False
Cisatracurium	17646	6.905808e-09	3644	45.79615432952118	False
Otelixizumab	21047	6.8842927e-09	3645	45.808721880105566	False
Ecromeximab	21120	6.882953e-09	3646	45.82128943068996	False
Lorajmine	20933	6.879514e-09	3647	45.83385698127435	False
Methyclothiazide	16788	6.874006e-09	3648	45.846424531858744	False
alpha-D-mannose 6-phosphate	19717	6.8711477e-09	3649	45.85899208244314	False
Mitolactol	21736	6.863236e-09	3650	45.87155963302752	False
Oregovomab	19349	6.8596773e-09	3651	45.88412718361191	False
Inebilizumab	19645	6.8520927e-09	3652	45.8966947341963	False
Decamethonium	14858	6.842193e-09	3653	45.909262284780695	False
Ascorbic acid	14128	6.841188e-09	3654	45.92182983536509	False
Xipamide	20319	6.8367534e-09	3655	45.934397385949474	False
Mandelic acid	20479	6.836375e-09	3656	45.94696493653387	False
Triclofos	21259	6.834824e-09	3657	45.95953248711826	False
Fingolimod	15829	6.828426e-09	3658	45.97210003770265	False
Phenprobamate	21337	6.828347e-09	3659	45.984667588287046	False
Begelomab	20927	6.82327e-09	3660	45.99723513887143	False
Procarbazine	14914	6.821995e-09	3661	46.009802689455825	False
Delta-Amino Valeric Acid	16184	6.8167396e-09	3662	46.02237024004022	False
GLPG-0492	21308	6.815128e-09	3663	46.03493779062461	False
Medroxyprogesterone acetate	14203	6.8069435e-09	3664	46.047505341208996	False
Decamethoxine	21604	6.804075e-09	3665	46.06007289179339	False
Piperonyl butoxide	20527	6.80388e-09	3666	46.07264044237778	False
Calcium glubionate anhydrous	21494	6.8025825e-09	3667	46.085207992962175	False
Sage oil	21638	6.8020762e-09	3668	46.09777554354657	False
Guanosine-5'-Diphosphate-Rhamnose	19459	6.8000396e-09	3669	46.110343094130954	False
Vibrio cholerae CVD 103-HgR strain live antigen	20947	6.7993398e-09	3670	46.12291064471534	False
Rauwolfia serpentina root	15899	6.798276e-09	3671	46.13547819529973	False
N-cyclopropyl-6-[(6,7-dimethoxyquinolin-4-yl)oxy]naphthalene-1-carboxamide	17047	6.7967982e-09	3672	46.148045745884126	False
1-ethyl-N-(phenylmethyl)-4-(tetrahydro-2H-pyran-4-ylamino)-1H-pyrazolo[3,4-b]pyridine-5-carboxamide	17330	6.7930657e-09	3673	46.16061329646852	False
Dalantercept	21171	6.7880146e-09	3674	46.173180847052905	False
Cianidanol	20381	6.785348e-09	3675	46.1857483976373	False
Lolium perenne pollen	21827	6.7844677e-09	3676	46.19831594822169	False
Motretinide	20494	6.779772e-09	3677	46.21088349880608	False
Ilaprazole	20445	6.778776e-09	3678	46.223451049390476	False
Entinostat	20905	6.7711783e-09	3679	46.23601859997486	False
Ipilimumab	17991	6.7705064e-09	3680	46.248586150559255	False
Simendan	20909	6.770377e-09	3681	46.26115370114365	False
7-thionicotinamide-adenine-dinucleotide phosphate	15949	6.7653168e-09	3682	46.27372125172804	False
Propatyl nitrate	21435	6.76088e-09	3683	46.286288802312434	False
Aspoxicillin	21456	6.758843e-09	3684	46.29885635289682	False
Talarozole	19634	6.7534436e-09	3685	46.31142390348121	False
N-[2-(2-iodo-5-methoxy-1H-indol-3-yl)ethyl]acetamide	16684	6.7532624e-09	3686	46.323991454065606	False
Nitrous acid	16430	6.7509704e-09	3687	46.33655900465	False
N~4~-methyl-N~4~-(3-methyl-1H-indazol-6-yl)-N~2~-(3,4,5-trimethoxyphenyl)pyrimidine-2,4-diamine	17054	6.7497474e-09	3688	46.349126555234385	False
(1S,4R,9S)-5-(trifluoromethyl)-1,2,3,4-tetrahydro-1,4-methanonaphthalen-9-amine	17967	6.74707e-09	3689	46.36169410581877	False
Sodium bisulfite	21627	6.73379e-09	3690	46.374261656403164	False
Vonoprazan	20372	6.733687e-09	3691	46.38682920698756	False
4-[(1E,7E)-8-(2,6-DIOXO-1,2,3,6-TETRAHYDROPYRIMIDIN-4-YL)-3,6-DIOXA-2,7-DIAZAOCTA-1,7-DIEN-1-YL]BENZOIC ACID	19843	6.7326336e-09	3692	46.39939675757195	False
Rozanolixizumab	20954	6.7324666e-09	3693	46.41196430815634	False
3-({4-[(5-CHLORO-1,3-BENZODIOXOL-4-YL)AMINO]PYRIMIDIN-2-YL}AMINO)BENZAMIDE	19372	6.727127e-09	3694	46.42453185874073	False
mRNA-1273	20961	6.7208297e-09	3695	46.43709940932512	False
Chlorothiazide	16793	6.718907e-09	3696	46.449666959909514	False
Lamivudine	14218	6.7180363e-09	3697	46.46223451049391	False
Netilmicin	20408	6.7177024e-09	3698	46.47480206107829	False
Mazaticol	21003	6.716793e-09	3699	46.487369611662686	False
Rubella virus vaccine	20876	6.7133348e-09	3700	46.49993716224708	False
Oxomemazine	21875	6.704045e-09	3701	46.51250471283147	False
(3R)-3-(FLUOROMETHYL)-N-(3,3,3-TRIFLUOROPROPYL)-1,2,3,4-TETRAHYDROISOQUINOLINE-7-SULFONAMIDE	17965	6.7019226e-09	3702	46.525072263415865	False
Faropenem	20595	6.694436e-09	3703	46.53763981400025	False
Colfosceril palmitate	20467	6.6934915e-09	3704	46.550207364584644	False
Ricinoleic Acid	16203	6.6933636e-09	3705	46.56277491516904	False
Sodium chloride	21902	6.6906325e-09	3706	46.57534246575342	False
Recombinant alpha 1-antitrypsin	18177	6.687455e-09	3707	46.587910016337815	False
(1S)-2-oxo-1-phenyl-2-[(1,3,4-trioxo-1,2,3,4-tetrahydroisoquinolin-5-yl)amino]ethyl acetate	18709	6.683286e-09	3708	46.60047756692221	False
Muzolimine	20849	6.6830945e-09	3709	46.613045117506594	False
Crotamiton	20528	6.6829418e-09	3710	46.62561266809099	False
Bendroflumethiazide	14762	6.6745343e-09	3711	46.63818021867538	False
Cefmenoxime	20654	6.670042e-09	3712	46.65074776925977	False
Dinoprost tromethamine	17302	6.665883e-09	3713	46.66331531984416	False
Idalopirdine	21293	6.664357e-09	3714	46.67588287042855	False
Febuxostat	19245	6.6617267e-09	3715	46.688450421012945	False
Conestat alfa	16180	6.661371e-09	3716	46.70101797159734	False
99mTc-14 F7 Mab	20118	6.6594654e-09	3717	46.71358552218173	False
Landogrozumab	21078	6.65511e-09	3718	46.72615307276612	False
Dequalinium	17388	6.6499455e-09	3719	46.73872062335051	False
Diloxanide furoate	20531	6.646408e-09	3720	46.7512881739349	False
Vesencumab	21198	6.644443e-09	3721	46.763855724519296	False
Besilesomab	21148	6.6360966e-09	3722	46.77642327510368	False
Tiocarlide	20490	6.6336288e-09	3723	46.788990825688074	False
Prostalene	21469	6.629366e-09	3724	46.80155837627246	False
Polyethylene glycol 400	14589	6.627849e-09	3725	46.81412592685685	False
(3R)-N-(4-CHLOROPHENYL)-3-(HYDROXYMETHYL)-1,2,3,4-TETRAHYDROISOQUINOLINE-7-SULFONAMIDE	17964	6.618009e-09	3726	46.826693477441246	False
Betazole	16336	6.614955e-09	3727	46.83926102802564	False
Pazufloxacin	15387	6.6140715e-09	3728	46.851828578610025	False
Sertaconazole	20365	6.6131127e-09	3729	46.86439612919442	False
Dicloxacillin	15442	6.613012e-09	3730	46.87696367977881	False
N'-(6-aminopyridin-3-yl)-N-(2-cyclopentylethyl)-4-methyl-benzene-1,3-dicarboxamide	17053	6.6116246e-09	3731	46.889531230363204	False
Cefazedone	20767	6.6110064e-09	3732	46.90209878094759	False
2-Deoxy-Glucitol-6-Phosphate	20081	6.610893e-09	3733	46.91466633153198	False
ING-1	19358	6.609343e-09	3734	46.927233882116376	False
Magnesium silicate	20836	6.6078045e-09	3735	46.93980143270077	False
Tilidine	21021	6.6067334e-09	3736	46.95236898328516	False
Albinterferon Alfa-2B	15347	6.6016694e-09	3737	46.96493653386955	False
Ceftazidime	20203	6.60031e-09	3738	46.97750408445394	False
Batefenterol	20996	6.5994543e-09	3739	46.99007163503833	False
Haloxon	21891	6.5981705e-09	3740	47.002639185622726	False
Cefradine	15504	6.597667e-09	3741	47.01520673620712	False
Oxolinic acid	15401	6.59036e-09	3742	47.0277742867915	False
Oxypurinol	19246	6.587507e-09	3743	47.04034183737589	False
Ruzasvir	21791	6.582583e-09	3744	47.052909387960284	False
Plazomicin	20284	6.580562e-09	3745	47.06547693854468	False
Calcitonin gene-related peptide	21918	6.578466e-09	3746	47.07804448912907	False
Norfenefrine	21415	6.57592e-09	3747	47.090612039713456	False
IMIDAZOPYRIDAZIN 1	18851	6.575506e-09	3748	47.10317959029785	False
Iodohippuric acid	21912	6.572572e-09	3749	47.11574714088224	False
Moperone	21353	6.5656556e-09	3750	47.128314691466635	False
PEG-uricase	21528	6.5628254e-09	3751	47.14088224205103	False
Iothalamic acid	20802	6.5598726e-09	3752	47.15344979263541	False
Kelatorphan	19005	6.5486967e-09	3753	47.166017343219806	False
Aluminium glycinate	20843	6.5476344e-09	3754	47.1785848938042	False
Pivhydrazine	20692	6.5445005e-09	3755	47.19115244438859	False
Malonic acid	17839	6.543527e-09	3756	47.20371999497298	False
4-(dimethylamino)-N-[7-(hydroxyamino)-7-oxoheptyl]benzamide	18960	6.5408448e-09	3757	47.21628754555737	False
Sodium feredetate	21524	6.539809e-09	3758	47.228855096141764	False
Acetic acid	20228	6.5389107e-09	3759	47.24142264672616	False
Pyrophosphoric acid	21485	6.535395e-09	3760	47.25399019731055	False
Sodium carbonate	16800	6.5267742e-09	3761	47.266557747894936	False
Acetyldigoxin	20936	6.5225056e-09	3762	47.27912529847932	False
Pegdinetanib	17043	6.5195334e-09	3763	47.291692849063715	False
Diminazene	17026	6.514263e-09	3764	47.30426039964811	False
Human rabies virus immune globulin	20900	6.5116668e-09	3765	47.3168279502325	False
(2S)-1,3-benzothiazol-2-yl{2-[(2-pyridin-3-ylethyl)amino]pyrimidin-4-yl}ethanenitrile	18855	6.510549e-09	3766	47.32939550081689	False
Ioxilan	20804	6.5093317e-09	3767	47.34196305140128	False
Vinyl ether	21368	6.5054224e-09	3768	47.35453060198567	False
HZT-501	16338	6.5040324e-09	3769	47.367098152570065	False
5-beta-D-ribofuranosylnicotinamide adenine dinucleotide	17293	6.501949e-09	3770	47.37966570315446	False
Paclitaxel trevatide	21230	6.495429e-09	3771	47.392233253738844	False
Ibopamine	20598	6.494215e-09	3772	47.40480080432324	False
Cicletanine	20829	6.491615e-09	3773	47.41736835490763	False
Xenon	21417	6.488111e-09	3774	47.42993590549202	False
Tenitramine	21437	6.4858345e-09	3775	47.44250345607641	False
Cerlapirdine	21299	6.4819883e-09	3776	47.4550710066608	False
Epicillin	21448	6.478998e-09	3777	47.467638557245195	False
Magnesium hydroxide	20376	6.478849e-09	3778	47.48020610782959	False
Posiphen	21432	6.4787256e-09	3779	47.492773658413974	False
Trifluridine	14170	6.475069e-09	3780	47.50534120899837	False
Methylpentynol	20363	6.474254e-09	3781	47.51790875958275	False
Carindacillin	21444	6.4736114e-09	3782	47.530476310167145	False
N-(2-hydroxy-1,1-dimethylethyl)-1-methyl-3-(1H-pyrrolo[2,3-b]pyridin-2-yl)-1H-indole-5-carboxamide	18879	6.4706245e-09	3783	47.54304386075154	False
Castor oil	19302	6.466602e-09	3784	47.55561141133593	False
Acetylglycinamide chloral hydrate	21343	6.465492e-09	3785	47.568178961920324	False
Raxibacumab	20536	6.461658e-09	3786	47.58074651250471	False
Silver cation	21819	6.461251e-09	3787	47.5933140630891	False
Dolastatin 10	21727	6.4553634e-09	3788	47.605881613673496	False
3H-pyrazolo[4,3-d]pyrimidin-7-ol	16275	6.4379395e-09	3789	47.61844916425789	False
Corticorelin	14642	6.436012e-09	3790	47.631016714842275	False
Ecallantide	19350	6.4309686e-09	3791	47.64358426542667	False
Altrenogest	20701	6.43065e-09	3792	47.65615181601106	False
4-(2,2,2-TRIFLUOROETHYL)-L-PHENYLALANINE	16710	6.4282584e-09	3793	47.668719366595454	False
Neridronic Acid	20440	6.4274985e-09	3794	47.68128691717985	False
Albutrepenonacog alfa	14594	6.4240666e-09	3795	47.69385446776423	False
Varlilumab	21080	6.417343e-09	3796	47.706422018348626	False
3-isobutyl-1-methyl-7H-xanthine	16555	6.4152017e-09	3797	47.71898956893301	False
Coagulation Factor IX Human	15979	6.410407e-09	3798	47.731557119517404	False
Meropenem	20351	6.4052372e-09	3799	47.7441246701018	False
Stiripentol	15231	6.4049197e-09	3800	47.75669222068618	False
Methylecgonine	19873	6.3956658e-09	3801	47.769259771270576	False
Proxyphylline	15398	6.392849e-09	3802	47.78182732185497	False
Polyvinyl alcohol	20296	6.392154e-09	3803	47.79439487243936	False
Tiazofurine	21748	6.391081e-09	3804	47.806962423023755	False
GI-5005	20864	6.372275e-09	3805	47.81952997360814	False
Hyaluronidase	18234	6.3699424e-09	3806	47.832097524192534	False
Coumarin 120	18891	6.366893e-09	3807	47.84466507477693	False
Acamprosate	18756	6.363688e-09	3808	47.85723262536132	False
Dextofisopam	21257	6.333065e-09	3809	47.86980017594571	False
Primidone	15311	6.3294663e-09	3810	47.8823677265301	False
L-778123	18684	6.328597e-09	3811	47.89493527711449	False
Carisbamate	21303	6.3272454e-09	3812	47.907502827698885	False
Enalkiren	16807	6.3229755e-09	3813	47.92007037828328	False
6-(5-BROMO-2-HYDROXYPHENYL)-2-OXO-4-PHENYL-1,2-DIHYDROPYRIDINE-3-CARBONITRILE	18858	6.320877e-09	3814	47.93263792886766	False
Evocalcet	20582	6.309807e-09	3815	47.94520547945205	False
Amineptine	17310	6.3082792e-09	3816	47.95777303003644	False
Belotecan	20509	6.298985e-09	3817	47.970340580620835	False
N-Hydroxy-4-(Methyl{[5-(2-Pyridinyl)-2-Thienyl]Sulfonyl}Amino)Benzamide	18961	6.2899925e-09	3818	47.98290813120523	False
(2Z)-N-(3-chloro-2'-methoxybiphenyl-4-yl)-2-cyano-3-hydroxybut-2-enamide	17092	6.2891887e-09	3819	47.99547568178962	False
Clorexolone	20842	6.2882415e-09	3820	48.00804323237401	False
[4-(5-naphthalen-2-yl-1H-pyrrolo[2,3-b]pyridin-3-yl)phenyl]acetic acid	19970	6.285124e-09	3821	48.0206107829584	False
Sebelipase alfa	20651	6.2824865e-09	3822	48.03317833354279	False
4-Bromo-2,5-dimethoxyamphetamine	21244	6.262053e-09	3823	48.045745884127186	False
Methallenestril	20720	6.2543544e-09	3824	48.05831343471157	False
Sibutramine	15484	6.2513363e-09	3825	48.070880985295965	False
Formononetin	20784	6.2499064e-09	3826	48.08344853588036	False
Deptropine	21550	6.2491075e-09	3827	48.09601608646475	False
Zinc picolinate	20965	6.2393415e-09	3828	48.10858363704914	False
AER001	19329	6.2354513e-09	3829	48.12115118763353	False
Amikacin	20412	6.2306484e-09	3830	48.13371873821792	False
Nonivamide	18375	6.223664e-09	3831	48.146286288802315	False
Saccharin	19719	6.222335e-09	3832	48.15885383938671	False
Interferon alfa	15346	6.212705e-09	3833	48.171421389971094	False
Glucose-6-Phosphate	18788	6.207091e-09	3834	48.18398894055548	False
4-[8-(3-nitrophenyl)-1,7-naphthyridin-6-yl]benzoic acid	17331	6.204653e-09	3835	48.19655649113987	False
Fresolimumab	21107	6.201849e-09	3836	48.209124041724266	False
Resiniferatoxin	18373	6.1907985e-09	3837	48.22169159230866	False
3-{[(9-CYANO-9,10-DIHYDRO-10-METHYLACRIDIN-9-YL)CARBONYL]AMINO}PROPANOIC ACID	19404	6.1879533e-09	3838	48.23425914289305	False
OBE101	17249	6.1822787e-09	3839	48.24682669347744	False
OMS-103HP	17400	6.177823e-09	3840	48.25939424406183	False
N-[4-(4-nitrophenylphospho)butanoyl]-L-alanine	19418	6.1758443e-09	3841	48.271961794646224	False
Renzapride	16287	6.171275e-09	3842	48.28452934523062	False
Isoflurophate	14214	6.1693335e-09	3843	48.297096895815	False
Trichostatin A	18962	6.169086e-09	3844	48.309664446399395	False
Troxipide	20374	6.168992e-09	3845	48.32223199698379	False
Cefminox	20683	6.166216e-09	3846	48.33479954756818	False
Aprobarbital	15506	6.1643344e-09	3847	48.347367098152574	False
Hachimycin	20637	6.161889e-09	3848	48.35993464873696	False
Taselisib	21705	6.1528698e-09	3849	48.37250219932135	False
3-phospho-D-glyceric acid	19907	6.1456213e-09	3850	48.385069749905746	False
Monopotassium phosphate	20337	6.1421646e-09	3851	48.39763730049014	False
Beta-(2-Naphthyl)-Alanine	16089	6.141825e-09	3852	48.410204851074525	False
Influenza B virus B/Brisbane/60/2008 antigen (formaldehyde inactivated)	20884	6.135607e-09	3853	48.42277240165892	False
Ruplizumab	18288	6.134004e-09	3854	48.435339952243304	False
Ethadione	20341	6.125259e-09	3855	48.4479075028277	False
Quinfamide	20530	6.1249787e-09	3856	48.46047505341209	False
Etizolam	15623	6.124453e-09	3857	48.47304260399648	False
Infigratinib	21692	6.1168066e-09	3858	48.48561015458087	False
Beroctocog alfa	20777	6.116783e-09	3859	48.49817770516526	False
{[5-(5-nitro-2-furyl)-1,3,4-oxadiazol-2-yl]thio}acetic acid	17690	6.1138787e-09	3860	48.510745255749654	False
5-monophosphate-9-beta-D-ribofuranosyl xanthine	16274	6.1131793e-09	3861	48.52331280633405	False
Calcium carbonate	20503	6.1078294e-09	3862	48.53588035691844	False
Sinefungin	21560	6.1045453e-09	3863	48.548447907502826	False
Codrituzumab	21160	6.1038463e-09	3864	48.56101545808722	False
Exemestane	14817	6.1034973e-09	3865	48.57358300867161	False
Protocatechualdehyde	20698	6.0960277e-09	3866	48.586150559256005	False
Isepamicin	20841	6.0953074e-09	3867	48.59871810984039	False
19-norandrostenedione	21653	6.094912e-09	3868	48.611285660424784	False
Fradafiban	17228	6.0924363e-09	3869	48.62385321100918	False
Dichloroisoproterenol	21942	6.086153e-09	3870	48.63642076159356	False
Mefenorex	20507	6.081256e-09	3871	48.648988312177956	False
(Diaminomethyl-Methyl-Amino)-Acetic Acid	17609	6.078009e-09	3872	48.66155586276235	False
2-(6-HYDROXY-1,3-BENZOTHIAZOL-2-YL)-1,3-THIAZOL-4(5H)-ONE	20003	6.0709877e-09	3873	48.674123413346734	False
(1S,2S,3R,4S,5S)-2,3,4-TRIHYDROXY-5-(HYDROXYMETHYL)CYCLOHEXYL (1E)-2-PHENYL-N-(SULFOOXY)ETHANIMIDOTHIOATE	20023	6.0672023e-09	3874	48.68669096393113	False
Brodimoprim	21916	6.065363e-09	3875	48.69925851451552	False
4-phospho-L-threonic acid	20039	6.0558376e-09	3876	48.71182606509991	False
Tyloxapol	16714	6.051681e-09	3877	48.724393615684306	False
Tisopurine	21663	6.0504344e-09	3878	48.73696116626869	False
FR239087	19257	6.049511e-09	3879	48.749528716853085	False
N-acetylserotonin	18035	6.046627e-09	3880	48.76209626743748	False
Povidone K30	20353	6.037754e-09	3881	48.77466381802187	False
Glutathione sulfonic acid	17792	6.0335057e-09	3882	48.78723136860626	False
Haemophilus influenzae type B strain 1482 capsular polysaccharide tetanus toxoid conjugate antigen	20873	6.0270993e-09	3883	48.79979891919065	False
Clomocycline	21240	6.0223875e-09	3884	48.81236646977504	False
Pentifylline	15402	6.01993e-09	3885	48.824934020359436	False
Sulforaphane	21715	6.0122876e-09	3886	48.83750157094383	False
Tricaine	21284	6.012104e-09	3887	48.850069121528215	False
Tolevamer	21482	6.0033383e-09	3888	48.8626366721126	False
9-Methylguanine	15341	6.003132e-09	3889	48.87520422269699	False
Polycarbophil	20989	6.0026166e-09	3890	48.887771773281386	False
Sulfur hexafluoride	39894	6.0011978e-09	3891	48.90033932386578	False
LCB01-0371	21597	5.9939675e-09	3892	48.912906874450165	False
Deacetylbisacodyl	21024	5.992619e-09	3893	48.92547442503456	False
Rizatriptan	14902	5.982135e-09	3894	48.93804197561895	False
Carlumab	21117	5.979796e-09	3895	48.950609526203344	False
TO-901317	16278	5.972672e-09	3896	48.96317707678774	False
Piperazine	15109	5.966547e-09	3897	48.97574462737212	False
Zinc gluconate	20306	5.9656586e-09	3898	48.988312177956516	False
Geranyl Diphosphate	17733	5.9622467e-09	3899	49.00087972854091	False
Elacytarabine	19399	5.961837e-09	3900	49.0134472791253	False
Garenoxacin	15353	5.9601657e-09	3901	49.02601482970969	False
Darifenacin	15103	5.956745e-09	3902	49.03858238029408	False
Gitoformate	21236	5.9532463e-09	3903	49.05114993087847	False
(4e)-4-Aminohex-4-Enoic Acid	16745	5.95227e-09	3904	49.06371748146287	False
4-(1-Benzyl-3-Carbamoylmethyl-2-Methyl-1h-Indol-5-Yloxy)-Butyric Acid	18970	5.9518612e-09	3905	49.07628503204726	False
N-[(4-methoxyphenyl)sulfonyl]-D-alanine	18783	5.9488534e-09	3906	49.088852582631645	False
Propyphenazone	20750	5.9480825e-09	3907	49.10142013321603	False
Carfecillin	21450	5.9454397e-09	3908	49.113987683800424	False
Abituzumab	21119	5.9390244e-09	3909	49.12655523438482	False
Sulfamethoxypyridazine	21375	5.9355365e-09	3910	49.13912278496921	False
Antithymocyte immunoglobulin (rabbit)	17360	5.9311684e-09	3911	49.151690335553596	False
Quinisocaine	21956	5.924158e-09	3912	49.16425788613799	False
Ronifibrate	20977	5.9237064e-09	3913	49.17682543672238	False
Dihydrogenphosphate	17972	5.9221925e-09	3914	49.189392987306775	False
LAX-101	17261	5.9211986e-09	3915	49.20196053789117	False
8-Bromo-Adenosine-5'-Monophosphate	17325	5.9204983e-09	3916	49.214528088475554	False
4-amino-N-[4-(benzyloxy)phenyl]butanamide	18998	5.916638e-09	3917	49.22709563905995	False
Guanadrel	17304	5.9164575e-09	3918	49.23966318964434	False
Kanamycin	20407	5.9144827e-09	3919	49.25223074022873	False
1-[4-(hydroxymethyl)phenyl]guanidine	19743	5.9117644e-09	3920	49.264798290813125	False
Fenbendazole	21630	5.910919e-09	3921	49.27736584139751	False
(6S)-5,6,7,8-tetrahydrofolic acid	21480	5.9080447e-09	3922	49.289933391981904	False
Fluanisone	21366	5.9064673e-09	3923	49.3025009425663	False
Glutathionylspermidine disulfide	17526	5.895381e-09	3924	49.31506849315068	False
PF-232798	21806	5.88628e-09	3925	49.327636043735076	False
Fontolizumab	18159	5.8850227e-09	3926	49.34020359431946	False
Mizoribine	20914	5.883283e-09	3927	49.352771144903855	False
Epicept NP-1	16848	5.8723524e-09	3928	49.36533869548825	False
Candoxatril	16688	5.8569714e-09	3929	49.37790624607264	False
Lithium citrate	17829	5.855095e-09	3930	49.390473796657034	False
Demecolcine	21750	5.8524825e-09	3931	49.40304134724142	False
Dexfenfluramine	15151	5.8395706e-09	3932	49.41560889782581	False
3-ETHYL-6-{[(4-FLUOROPHENYL)SULFONYL]AMINO}-2-METHYLBENZOIC ACID	18945	5.836408e-09	3933	49.428176448410206	False
Ropeginterferon alfa-2b	15409	5.8317124e-09	3934	49.4407439989946	False
Promazine	15098	5.830377e-09	3935	49.453311549578984	False
Gluconic Acid	21495	5.829599e-09	3936	49.46587910016338	False
PCS-499	21389	5.8233978e-09	3937	49.47844665074777	False
Metampicillin	21457	5.8229315e-09	3938	49.49101420133216	False
Regrelor	16332	5.8211436e-09	3939	49.503581751916556	False
Lauryl alcohol diphosphonic acid	19709	5.8208776e-09	3940	49.51614930250094	False
Carboxymycobactin S	18579	5.818124e-09	3941	49.528716853085335	False
LFA703	17362	5.815617e-09	3942	49.54128440366973	False
Tunicamycin	21598	5.8082565e-09	3943	49.553851954254114	False
Chloride ion	21429	5.8074474e-09	3944	49.56641950483851	False
Ozanezumab	21127	5.805875e-09	3945	49.5789870554229	False
1-(4-thiophen-2-ylphenyl)methanamine	19002	5.799212e-09	3946	49.591554606007286	False
5'-Guanosine-Diphosphate-Monothiophosphate	18846	5.788184e-09	3947	49.60412215659168	False
Nebularine	19260	5.7862635e-09	3948	49.61668970717607	False
Pheniprazine	20690	5.7765814e-09	3949	49.629257257760464	False
Aluminum hydroxide	20375	5.7764926e-09	3950	49.64182480834485	False
Phenoxypropazine	20691	5.7740808e-09	3951	49.65439235892924	False
Roxatidine acetate	16340	5.7721428e-09	3952	49.666959909513636	False
Fenquizone	20846	5.7683898e-09	3953	49.67952746009803	False
L-Myo-Inositol-1-Phosphate	18690	5.7680483e-09	3954	49.69209501068242	False
Pheneticillin	21449	5.76785e-09	3955	49.70466256126681	False
S-(N-hydroxy-N-iodophenylcarbamoyl)glutathione	18198	5.7638254e-09	3956	49.7172301118512	False
AGN-201904	21632	5.7623417e-09	3957	49.729797662435594	False
Phosphoaminophosphonic acid guanylate ester	20066	5.7591225e-09	3958	49.74236521301999	False
Adenosine-2'-5'-Diphosphate	18033	5.7581664e-09	3959	49.75493276360437	False
Ipafricept	21175	5.757859e-09	3960	49.767500314188766	False
Fenyramidol	21344	5.7423835e-09	3961	49.78006786477315	False
Fenofibric acid	16268	5.7348646e-09	3962	49.792635415357545	False
Molsidomine	14648	5.7339893e-09	3963	49.80520296594194	False
Sorbitol	20545	5.729398e-09	3964	49.81777051652633	False
Vapreotide	15541	5.724198e-09	3965	49.830338067110716	False
Icatibant	18576	5.7151217e-09	3966	49.84290561769511	False
{4-[3-(6,7-Diethoxy-Quinazolin-4-Ylamino)-Phenyl]-Thiazol-2-Yl}-Methanol	19334	5.712245e-09	3967	49.8554731682795	False
Gadobutrol	39897	5.7086287e-09	3968	49.868040718863895	False
Prulifloxacin	15389	5.7063425e-09	3969	49.88060826944828	False
Efalizumab	17359	5.703252e-09	3970	49.893175820032674	False
Racivir	21801	5.7011644e-09	3971	49.90574337061707	False
Pemoline	20605	5.699718e-09	3972	49.91831092120146	False
Bevacizumab	16510	5.6955343e-09	3973	49.93087847178585	False
Alatrofloxacin	20483	5.689823e-09	3974	49.94344602237024	False
Cilazapril	16693	5.68544e-09	3975	49.95601357295463	False
Enviomycin	20491	5.684985e-09	3976	49.968581123539025	False
AVE-1625	16206	5.682589e-09	3977	49.98114867412342	False
Nialamide	19172	5.679717e-09	3978	49.99371622470781	False
Methenamine	20328	5.679111e-09	3979	50.00628377529219	False
Bromperidol	21306	5.6778973e-09	3980	50.01885132587659	False
2-Deoxy-2-Amino Glucitol-6-Phosphate	18947	5.6763603e-09	3981	50.031418876460975	False
Clobazam	15090	5.6685487e-09	3982	50.043986427045375	False
Chromium nicotinate	14124	5.6681917e-09	3983	50.05655397762976	False
AMD-070	18038	5.6667e-09	3984	50.069121528214154	False
Oxaloacetate Ion	18034	5.663339e-09	3985	50.08168907879854	False
Cediranib	17040	5.6533245e-09	3986	50.09425662938294	False
Aluminum acetate	14489	5.6488725e-09	3987	50.106824179967326	False
5-ALPHA-PREGNANE-3-BETA-OL-HEMISUCCINATE	19876	5.644209e-09	3988	50.11939173055171	False
Distichlis spicata pollen	21833	5.639367e-09	3989	50.131959281136105	False
Vaccinia virus strain new york city board of health live antigen	20953	5.635754e-09	3990	50.14452683172049	False
Betulinic Acid	21472	5.6319287e-09	3991	50.15709438230489	False
Captodiame	16508	5.629308e-09	3992	50.16966193288928	False
Veralipride	21348	5.6263456e-09	3993	50.18222948347367	False
Insulin lispro	15282	5.6233627e-09	3994	50.194797034058055	False
Ticalopride	16290	5.6193636e-09	3995	50.207364584642455	False
1-Beta-Ribofuranosyl-1,3-Diazepinone	15415	5.608292e-09	3996	50.21993213522684	False
Butaperazine	21321	5.602754e-09	3997	50.23249968581124	False
Efatutazone	21693	5.599303e-09	3998	50.24506723639563	False
Pramipexole	16842	5.5882814e-09	3999	50.25763478698002	False
SOT-107	19373	5.587685e-09	4000	50.270202337564406	False
3-(N-morpholino)propanesulfonic acid	19153	5.587354e-09	4001	50.282769888148806	False
Somatotropin	16271	5.5786225e-09	4002	50.29533743873319	False
GW 597599	17096	5.576899e-09	4003	50.307904989317585	False
Phenylpyruvic acid	19824	5.5742935e-09	4004	50.32047253990197	False
Isradipine	15426	5.5741767e-09	4005	50.33304009048637	False
ALT-2074	21863	5.573358e-09	4006	50.34560764107076	False
Tropatepine	20997	5.572943e-09	4007	50.35817519165514	False
Hyodeoxycholic Acid	20707	5.5719336e-09	4008	50.370742742239536	False
Pipemidic acid	15405	5.56727e-09	4009	50.38331029282392	False
N-(6-Aminohexyl)-5-Chloro-1-Naphthalenesulfonamide	17145	5.5638623e-09	4010	50.39587784340832	False
4-[(5-methoxy-2-methylphenoxy)methyl]pyridine	16424	5.5632046e-09	4011	50.40844539399271	False
Activated charcoal	21779	5.5575944e-09	4012	50.4210129445771	False
FR-234938	19256	5.5566827e-09	4013	50.43358049516149	False
Molgramostim	21623	5.556036e-09	4014	50.446148045745886	False
1,4-Dideoxy-5-Dehydro-O2-Sulfo-Glucuronic Acid	18306	5.54638e-09	4015	50.45871559633027	False
N-acetyl-beta-D-glucosaminyl-(1->4)-N-acetyl-beta-D-glucosamine	16749	5.54583e-09	4016	50.47128314691467	False
HOMOPHENYLALANINYLMETHANE	18921	5.5450577e-09	4017	50.48385069749906	False
18-methyl-19-nortestosterone	20660	5.539571e-09	4018	50.49641824808345	False
Streptolydigin	21569	5.5242193e-09	4019	50.50898579866784	False
Peficitinib	20903	5.522639e-09	4020	50.52155334925224	False
GW-3965	18956	5.507113e-09	4021	50.53412089983662	False
Trichloroethylene	21333	5.504278e-09	4022	50.546688450421016	False
Stanolone	14530	5.503144e-09	4023	50.5592560010054	False
Nebacumab	21141	5.5022413e-09	4024	50.5718235515898	False
1,2-dihexadecanoyl-sn-glycero-3-phosphoethanolamine	18791	5.5021996e-09	4025	50.58439110217419	False
Magnesium trisilicate	20424	5.501706e-09	4026	50.59695865275857	False
Leridistim	21625	5.4833835e-09	4027	50.609526203342966	False
6-CHLORO-9-HYDROXY-1,3-DIMETHYL-1,9-DIHYDRO-4H-PYRAZOLO[3,4-B]QUINOLIN-4-ONE	19860	5.4816685e-09	4028	50.62209375392735	False
Etafenone	21932	5.476224e-09	4029	50.63466130451175	False
Selenomethionine Selenoxide	21857	5.4736446e-09	4030	50.64722885509614	False
Thrombopoietin	19613	5.4713376e-09	4031	50.65979640568054	False
PARA-NITROBENZYL GLUTARYL GLYCINIC ACID	19417	5.4706595e-09	4032	50.672363956264924	False
ZEN-012	16027	5.470232e-09	4033	50.68493150684932	False
Ipragliflozin	20517	5.4700124e-09	4034	50.6974990574337	False
Tisagenlecleucel	19646	5.4697202e-09	4035	50.7100666080181	False
Solriamfetol	17318	5.46946e-09	4036	50.72263415860249	False
2-[3-({Methyl[1-(2-Naphthoyl)Piperidin-4-Yl]Amino}Carbonyl)-2-Naphthyl]-1-(1-Naphthyl)-2-Oxoethylphosphonic Acid	18299	5.4639124e-09	4037	50.73520170918688	False
Nimustine	21744	5.463152e-09	4038	50.74776925977127	False
Radicicol	16224	5.4625264e-09	4039	50.76033681035567	False
[4-({5-(AMINOCARBONYL)-4-[(3-METHYLPHENYL)AMINO]PYRIMIDIN-2-YL}AMINO)PHENYL]ACETIC ACID	16039	5.4609743e-09	4040	50.77290436094005	False
Bouteloua gracilis pollen	21836	5.4554463e-09	4041	50.785471911524446	False
Gentamicin C1a	20793	5.4542606e-09	4042	50.79803946210883	False
Hexadecanesulfonyl fluoride	20100	5.4540834e-09	4043	50.81060701269322	False
Heptaethylene glycol	19425	5.4466507e-09	4044	50.82317456327762	False
TRANS-2-(DIMETHYLPHENYLSILYL)-PIPERIDINE-N-OXIDE	19405	5.4406697e-09	4045	50.835742113862004	False
Daratumumab	20158	5.436334e-09	4046	50.848309664446404	False
Cefodizime	20745	5.432965e-09	4047	50.86087721503078	False
Pentagastrin	14837	5.427921e-09	4048	50.87344476561518	False
Esmirtazapine	15208	5.4269895e-09	4049	50.88601231619957	False
Duvoglustat	18895	5.4256026e-09	4050	50.89857986678397	False
{4-[2,2-BIS(5-METHYL-1,2,4-OXADIAZOL-3-YL)-3-PHENYLPROPYL]PHENYL}SULFAMIC ACID	19841	5.4255196e-09	4051	50.911147417368355	False
tert-butanol	17143	5.4225087e-09	4052	50.92371496795275	False
N-(4-AMINO-5-CYANO-6-ETHOXYPYRIDIN-2-YL)-2-(4-BROMO-2,5-DIMETHOXYPHENYL)ACETAMIDE	19861	5.4205027e-09	4053	50.93628251853713	False
Medetomidine	20299	5.4191176e-09	4054	50.948850069121534	False
Etanidazole	21728	5.419014e-09	4055	50.96141761970592	False
Glutaral	21906	5.417009e-09	4056	50.97398517029031	False
Tamibarotene	14113	5.4141998e-09	4057	50.9865527208747	False
Filaminast	17324	5.413508e-09	4058	50.9991202714591	False
Dihexyverine	21016	5.412992e-09	4059	51.011687822043484	False
AR-9281	18169	5.4118767e-09	4060	51.02425537262788	False
N-benzyl-4-[(2R)-pyrrolidin-2-ylmethoxy]aniline	19003	5.400122e-09	4061	51.03682292321226	False
Veliparib	19027	5.3872213e-09	4062	51.04939047379665	False
ATL1102	17418	5.3869957e-09	4063	51.06195802438105	False
Midodrine	15081	5.38106e-09	4064	51.074525574965435	False
Bishydroxy[2h-1-Benzopyran-2-One,1,2-Benzopyrone]	18752	5.377961e-09	4065	51.087093125549835	False
Tigatuzumab	21179	5.3770175e-09	4066	51.09966067613422	False
Frangula purshiana bark	21035	5.376105e-09	4067	51.112228226718614	False
Epirizole	20681	5.3744027e-09	4068	51.124795777303	False
Clopenthixol	20455	5.3711444e-09	4069	51.1373633278874	False
Perindopril	14846	5.3650315e-09	4070	51.149930878471785	False
Cephalexin	14195	5.358752e-09	4071	51.16249842905618	False
Ascrinvacumab	21098	5.357403e-09	4072	51.175065979640564	False
Goserelin	16468	5.3568106e-09	4073	51.187633530224964	False
Micronomicin	21817	5.349878e-09	4074	51.20020108080935	False
2-(3-((4,5,7-trifluorobenzo[d]thiazol-2-yl)methyl)-1H-pyrrolo[2,3-b]pyridin-1-yl)acetic acid	17691	5.3471028e-09	4075	51.21276863139374	False
Neltenexine	20371	5.3463687e-09	4076	51.22533618197813	False
Ethyl pyruvate	17595	5.34223e-09	4077	51.23790373256253	False
Benzenesulfinic acid	18957	5.3373412e-09	4078	51.250471283146915	False
Dibekacin	21816	5.3363536e-09	4079	51.2630388337313	False
Ethotoin	14508	5.3282583e-09	4080	51.275606384315694	False
Cefcapene	20744	5.3203673e-09	4081	51.28817393490009	False
D-Lactic acid	20216	5.3173745e-09	4082	51.30074148548448	False
Asimadoline	17505	5.3158944e-09	4083	51.313309036068866	False
Ladiratuzumab vedotin	21196	5.313481e-09	4084	51.325876586653266	False
Epratuzumab	16557	5.3123466e-09	4085	51.33844413723765	False
Dalteparin	14768	5.3090443e-09	4086	51.351011687822044	False
Meladrazine	21957	5.3041656e-09	4087	51.36357923840643	False
Fluocortin	20926	5.2983617e-09	4088	51.37614678899083	False
2-[(2-methoxy-5-methylphenoxy)methyl]pyridine	16423	5.2900613e-09	4089	51.388714339575216	False
Beloranib	21723	5.287691e-09	4090	51.40128189015961	False
Cilnidipine	15630	5.2839404e-09	4091	51.413849440743995	False
TP-508	16976	5.2806257e-09	4092	51.426416991328395	False
Cefapirin	20481	5.269196e-09	4093	51.43898454191278	False
Pyridoxamine-5'-Phosphate	16819	5.264776e-09	4094	51.451552092497174	False
Eptinezumab	19286	5.262798e-09	4095	51.46411964308156	False
1-[N-4'-NITROBENZYL-N-4'-CARBOXYBUTYLAMINO]METHYLPHOSPHONIC ACID	19874	5.2587446e-09	4096	51.47668719366596	False
Anecortave acetate	20590	5.2553952e-09	4097	51.489254744250346	False
Penclomedine	21740	5.25316e-09	4098	51.50182229483473	False
Carbamide peroxide	20624	5.2499045e-09	4099	51.51438984541913	False
Magnesium ascorbate	21552	5.249174e-09	4100	51.52695739600352	False
(Z)-2-[2-(4-methylpiperazin-1-yl)benzyl]diazenecarbothioamide	18732	5.2416107e-09	4101	51.53952494658791	False
Pimobendan	15382	5.239531e-09	4102	51.552092497172296	False
BUT-3-ENYL-[5-(4-CHLORO-PHENYL)-3,6-DIHYDRO-[1,3,4]THIADIAZIN-2-YLIDENE]-AMINE	18745	5.2175517e-09	4103	51.564660047756696	False
Laninamivir	21802	5.213821e-09	4104	51.57722759834108	False
Cefmetazole	14145	5.2094378e-09	4105	51.589795148925475	False
Atropine	16061	5.2081757e-09	4106	51.60236269950986	False
Capsicum oleoresin	18374	5.2070037e-09	4107	51.61493025009426	False
Tezacitabine	14879	5.2025064e-09	4108	51.62749780067865	False
Isobromindione	21662	5.1997286e-09	4109	51.64006535126304	False
Phenglutarimide	21002	5.195377e-09	4110	51.652632901847426	False
Pyrrolnitrin	21602	5.193831e-09	4111	51.665200452431826	False
Mebhydrolin	20463	5.1913656e-09	4112	51.67776800301621	False
4-(5-phenyl-1H-pyrrolo[2,3-b]pyridin-3-yl)benzoic acid	19971	5.1912066e-09	4113	51.690335553600605	False
Gancotamab	21157	5.188316e-09	4114	51.702903104185	False
CD564	16483	5.1857048e-09	4115	51.71547065476939	False
Galactose	39887	5.1835882e-09	4116	51.728038205353776	False
PRX-08066	17110	5.1697353e-09	4117	51.74060575593816	False
5-fluorouridine	14513	5.1625713e-09	4118	51.75317330652256	False
Foscarnet	20227	5.1613704e-09	4119	51.76574085710695	False
Tiamulin	21586	5.158487e-09	4120	51.77830840769134	False
Ammonia N-13	14927	5.1454374e-09	4121	51.79087595827573	False
Fondaparinux	16635	5.143269e-09	4122	51.80344350886013	False
2'-Deoxyguanosine-5'-Triphosphate	19432	5.143151e-09	4123	51.81601105944451	False
Foreskin keratinocyte (neonatal)	16518	5.1408366e-09	4124	51.828578610028906	False
Inhibitor Idd 384	17667	5.13196e-09	4125	51.84114616061329	False
Insulin argine	21515	5.1311777e-09	4126	51.85371371119769	False
Perphenazine enanthate	21386	5.126443e-09	4127	51.86628126178208	False
4-O-(4,6-Dideoxy-4-{[4-[(4-O-Hexopyranosylhexopyranosyl)Oxy]-5,6-Dihydroxy-3-(Hydroxymethyl)Cyclohex-2-En-1-Yl]Amino}Hexopyranosyl)Hexopyranose	15760	5.1260614e-09	4128	51.87884881236647	False
(2-AMINO-3-PHENYL-BICYCLO[2.2.1]HEPT-2-YL)-PHENYL-METHANONE	19409	5.124546e-09	4129	51.89141636295086	False
N-[1-(5-bromo-2,3-dimethoxybenzyl)piperidin-4-yl]-4-sulfanylbutanamide	18258	5.124468e-09	4130	51.90398391353526	False
N,N,N-Trimethyl-2-(phosphonooxy)ethanaminium	17984	5.1195443e-09	4131	51.91655146411964	False
(1'R,2'S)-9-(2-Hydroxy-3'-Keto-Cyclopenten-1-yl)Adenine	19012	5.1194857e-09	4132	51.92911901470404	False
N-[7-(3-AMINOPHENYL)-5-METHOXY-1,3-BENZOXAZOL-2-YL]-2,5-DICHLOROBENZENESULFONAMIDE	19338	5.111748e-09	4133	51.94168656528843	False
Bekanamycin	21818	5.110822e-09	4134	51.954254115872814	False
Labetuzumab	19997	5.1102957e-09	4135	51.96682166645721	False
2-chloro-5-nitro-N-phenylbenzamide	16624	5.105366e-09	4136	51.97938921704159	False
AZD-3043	21309	5.103516e-09	4137	51.99195676762599	False
Methotrimeprazine	15165	5.099147e-09	4138	52.00452431821038	False
Beta carotene	14053	5.098768e-09	4139	52.01709186879477	False
PARA-NITROPHENYL 1-THIO-BETA-D-GLUCOPYRANOSIDE	19974	5.0872275e-09	4140	52.02965941937916	False
N-(dibenzo[b,d]thiophen-3-ylsulfonyl)-L-valine	18779	5.0846087e-09	4141	52.04222696996356	False
Insulin detemir	14329	5.081787e-09	4142	52.054794520547944	False
Arbaclofen	16677	5.0780566e-09	4143	52.06736207113234	False
4-[5-(2-CARBOXY-1-FORMYL-ETHYLCARBAMOYL)-PYRIDIN-3-YL]-BENZOIC ACID	18708	5.0777174e-09	4144	52.07992962171672	False
Etretinate	14112	5.075191e-09	4145	52.09249717230112	False
Pamidronic acid	17727	5.074629e-09	4146	52.10506472288551	False
Methoxy polyethylene glycol-epoetin beta	17540	5.0675877e-09	4147	52.11763227346991	False
Acipimox	20510	5.0673847e-09	4148	52.13019982405429	False
Racephedrine	21430	5.065722e-09	4149	52.14276737463869	False
Adomiparin	20332	5.058047e-09	4150	52.15533492522307	False
Tris(Hydroxyethyl)Aminomethane	18989	5.0569957e-09	4151	52.16790247580747	False
Radezolid	19625	5.053553e-09	4152	52.18047002639186	False
Luprostiol	21468	5.0444044e-09	4153	52.193037576976245	False
1-Hydroxy-1-Thio-Glycerol	19200	5.043693e-09	4154	52.20560512756064	False
R673	17098	5.0378084e-09	4155	52.218172678145024	False
Zofenopril	16699	5.0363482e-09	4156	52.230740228729424	False
(5S)-3-ANILINO-5-(2,4-DIFLUOROPHENYL)-5-METHYL-1,3-OXAZOLIDINE-2,4-DIONE	18134	5.034341e-09	4157	52.24330777931381	False
1-((1R,2S)-1-{2-[2-(4-CHLOROPHENYL)-1,3-BENZOXAZOL-7-YL]ETHYL}-2-HYDROXYPROPYL)-1H-IMIDAZOLE-4-CARBOXAMIDE	19264	5.0305116e-09	4158	52.2558753298982	False
Efaproxiral	16428	5.0300795e-09	4159	52.26844288048259	False
Lolium perenne subsp. multiflorum pollen	21845	5.0298783e-09	4160	52.28101043106699	False
2-{3-[(2S)-4,4-difluoro-2-(pyrrolidin-1-ylcarbonyl)pyrrolidin-1-yl]-3-oxopropyl}-isoindole-1,3(2H)-dione	19206	5.0259654e-09	4161	52.293577981651374	False
Bromisoval	21340	5.021213e-09	4162	52.30614553223577	False
Benzylpenicilloyl polylysine	15972	5.021136e-09	4163	52.31871308282015	False
Mitazalimab	21186	5.018053e-09	4164	52.33128063340455	False
Tyrosinal	16707	5.008004e-09	4165	52.34384818398894	False
(R)-Rolipram	17329	5.001446e-09	4166	52.35641573457334	False
N-(3-(8-CYANO-4-(PHENYLAMINO)PYRAZOLO[1,5-A][1,3,5]TRIAZIN-2-YLAMINO)PHENYL)ACETAMIDE	18816	4.9976316e-09	4167	52.368983285157725	False
Cefsulodin	20746	4.9904116e-09	4168	52.38155083574212	False
Padeliporfin	20614	4.9876427e-09	4169	52.394118386326504	False
Tirzepatide	21224	4.98497e-09	4170	52.40668593691089	False
[1-(1-Benzyl-3-Hydroxy-2-Oxo-Propylcarbamoyl)-2-Phenyl-Ethyl]-Carbamic Acid Benzyl Ester	18916	4.9807123e-09	4171	52.41925348749529	False
Elapegademase	21539	4.9793822e-09	4172	52.431821038079676	False
Etanercept	17583	4.9749302e-09	4173	52.44438858866407	False
N-acetyltyrosine	20816	4.973991e-09	4174	52.456956139248454	False
Etaracizumab	21096	4.9730136e-09	4175	52.469523689832855	False
Lulizumab pegol	21200	4.97107e-09	4176	52.48209124041724	False
Sorghum bicolor subsp. drummondii pollen	21846	4.970482e-09	4177	52.49465879100163	False
Cacodylic acid	16766	4.9693063e-09	4178	52.50722634158602	False
Lactitol	20623	4.966615e-09	4179	52.51979389217042	False
Hg9a-9, Nonanoyl-N-Hydroxyethylglucamide	18834	4.965971e-09	4180	52.532361442754805	False
Gleptoferron	21522	4.9612563e-09	4181	52.5449289933392	False
Teneligliptin	20518	4.9601776e-09	4182	52.55749654392359	False
Tenecteplase	16592	4.9505937e-09	4183	52.570064094507984	False
Polyethylene glycol 300	20313	4.9418762e-09	4184	52.58263164509237	False
L-Alpha-Glycerophosphorylserine	19990	4.941236e-09	4185	52.59519919567677	False
2-[({2-[(1Z)-3-(DIMETHYLAMINO)PROP-1-ENYL]-4-FLUOROPHENYL}SULFONYL)AMINO]-5,6,7,8-TETRAHYDRONAPHTHALENE-1-CARBOXYLIC ACID	18943	4.9404063e-09	4186	52.607766746261156	False
Propyl alcohol	19749	4.937665e-09	4187	52.62033429684555	False
N-Carbamoylphenylalanine	19761	4.9324975e-09	4188	52.632901847429935	False
Rolitetracycline	21242	4.932422e-09	4189	52.64546939801432	False
Ferric sulfate	21521	4.9318296e-09	4190	52.65803694859872	False
Nemonoxacin	15361	4.9285567e-09	4191	52.670604499183106	False
2,2,2-TRIFLUORO-1-{5-[(3-PHENYL-5,6-DIHYDROIMIDAZO[1,2-A]PYRAZIN-7(8H)-YL)CARBONYL]THIOPHEN-2-YL}ETHANE-1,1-DIOL	19674	4.9267053e-09	4192	52.6831720497675	False
Amenamevir	20603	4.9226943e-09	4193	52.695739600351885	False
Ephedra sinica root	16355	4.9124242e-09	4194	52.708307150936285	False
2,5-DICHLORO-N-(5-CHLORO-1,3-BENZOXAZOL-2-YL)BENZENESULFONAMIDE	19339	4.9097078e-09	4195	52.72087470152067	False
D-Myo-Inositol-Hexasulphate	20094	4.8995106e-09	4196	52.733442252105064	False
Pegvaliase	21537	4.8883746e-09	4197	52.74600980268945	False
Indiplon	21310	4.886725e-09	4198	52.75857735327385	False
Dopexamine	21407	4.8833986e-09	4199	52.771144903858236	False
Sebacic acid	16425	4.88337e-09	4200	52.783712454442636	False
Lancovutide	14724	4.88121e-09	4201	52.79628000502702	False
DCFBC	17405	4.8789666e-09	4202	52.808847555611415	False
Cefalotin	14172	4.870515e-09	4203	52.8214151061958	False
Dioxo(sulfanyl)molybdenum	19243	4.8703663e-09	4204	52.8339826567802	False
Nepafenac	15999	4.869094e-09	4205	52.84655020736459	False
6-phospho-D-gluconic acid	18784	4.863534e-09	4206	52.85911775794898	False
Ondelopran	21882	4.8595377e-09	4207	52.871685308533365	False
4-Methylpiperazin-1-Yl Carbonyl Group	19150	4.8586295e-09	4208	52.88425285911775	False
2-({[2,3,5,6-TETRAFLUORO-3'-(TRIFLUOROMETHOXY)BIPHENYL-4-YL]AMINO}CARBONYL)CYCLOPENTA-1,3-DIENE-1-CARBOXYLIC ACID	17088	4.856971e-09	4209	52.89682040970215	False
Lisinopril	16690	4.852443e-09	4210	52.90938796028654	False
Alaproclate	20728	4.849741e-09	4211	52.92195551087093	False
2-HYDROXY-5-(2-MERCAPTO-ETHYLSULFAMOYL)-BENZOIC ACID	18704	4.84938e-09	4212	52.934523061455316	False
K201 free base	19992	4.8446007e-09	4213	52.947090612039716	False
Ceftobiprole medocaril	21610	4.843446e-09	4214	52.9596581626241	False
1-{2-[2-(2-Methoxyethoxy)Ethoxy]Ethoxy}-4-(1,1,3,3-Tetramethylbutyl)Benzene	14523	4.841377e-09	4215	52.9722257132085	False
Bermekimab	21168	4.8357105e-09	4216	52.98479326379288	False
Labetuzumab govitecan	21102	4.8348068e-09	4217	52.99736081437728	False
Deoxyuridine monophosphate	16964	4.8322066e-09	4218	53.00992836496167	False
Fluorodopa (18F)	14832	4.8306124e-09	4219	53.02249591554607	False
1-{2-OXO-3-[(1R)-1-(1H-PYRROL-2-YL)ETHYL]-2H-INDOL-5-YL}UREA	18764	4.8243054e-09	4220	53.03506346613045	False
Methanesulfonyl Fluoride	21411	4.8236797e-09	4221	53.047631016714845	False
Moroxydine	20633	4.8216284e-09	4222	53.06019856729923	False
6-Aminohexyl-uridine-C1,5'-diphosphate	16748	4.821058e-09	4223	53.07276611788363	False
Methylprednisolone aceponate	21385	4.8183284e-09	4224	53.08533366846802	False
Tricetin	18857	4.8174273e-09	4225	53.0979012190524	False
Carboxymycobactin T	18581	4.8172986e-09	4226	53.110468769636796	False
Diisopropylphosphono Group	17900	4.8144697e-09	4227	53.12303632022118	False
Cis-[4,5-Bis-(4-Bromophenyl)-2-(2-Ethoxy-4-Methoxyphenyl)-4,5-Dihydroimidazol-1-Yl]-[4-(2-Hydroxyethyl)Piperazin-1-Yl]Methanone	18285	4.8084314e-09	4228	53.13560387080558	False
SGS-742	16675	4.808275e-09	4229	53.14817142138997	False
Zenarestat	17672	4.8054973e-09	4230	53.16073897197436	False
Aramchol	21458	4.80284e-09	4231	53.17330652255875	False
Bromocriptine	15493	4.7987925e-09	4232	53.18587407314315	False
Triclosan	16459	4.7963216e-09	4233	53.19844162372753	False
Biliverdine IX Alpha	17425	4.7961572e-09	4234	53.21100917431193	False
Clopamide	20848	4.7941815e-09	4235	53.22357672489632	False
7,8-dihydroinosine	19252	4.788397e-09	4236	53.23614427548071	False
Diprenorphine	17158	4.7880224e-09	4237	53.2487118260651	False
Tryptophanyl-5'amp	16703	4.785904e-09	4238	53.2612793766495	False
Cepeginterferon alfa-2B	15394	4.7816155e-09	4239	53.27384692723388	False
Imidapril	20297	4.7713393e-09	4240	53.286414477818276	False
N-(4-chlorophenyl)-2-[(pyridin-4-ylmethyl)amino]benzamide	16033	4.770702e-09	4241	53.29898202840266	False
Propafenone	15150	4.7660365e-09	4242	53.31154957898706	False
Trofosfamide	20919	4.7636823e-09	4243	53.32411712957145	False
Bizelesin	21712	4.763165e-09	4244	53.336684680155834	False
alpha-Linolenic acid	14572	4.7561475e-09	4245	53.34925223074023	False
4-Amino-2-[(3-chlorophenyl)amino]-5-(4-fluorobenzoyl)-1,3-thiazol-3-ium	19933	4.754696e-09	4246	53.36181978132461	False
Oxaprozin	15984	4.7544604e-09	4247	53.37438733190901	False
(4R)-7,8-dichloro-1',9-dimethyl-1-oxo-1,2,4,9-tetrahydrospiro[beta-carboline-3,4'-piperidine]-4-carbonitrile	18853	4.7543876e-09	4248	53.3869548824934	False
(1S,3R,4S,5S,7S)-4-{[2-(4-METHOXYPHENOXY)-2-METHYLPROPANOYL]AMINO}ADAMANTANE-1-CARBOXAMIDE	16989	4.7534625e-09	4249	53.39952243307779	False
Hypoxanthine	15342	4.7528554e-09	4250	53.412089983662185	False
Isoflupredone acetate	20464	4.74789e-09	4251	53.42465753424658	False
N-[4-([(2-Amino-4-oxo-1,4-dihydropyrido[3,2-d]pyrimidin-6-yl)methyl]{(2E)-3-[4-carbamoyl-1-(5-O-phosphono-beta-D-ribofuranosyl)-1H-imidazol-5-yl]-2-propenoyl}amino)benzoyl]-L-glutamic acid	18837	4.744052e-09	4252	53.43722508483096	False
Alfaxalone	21274	4.740425e-09	4253	53.44979263541536	False
Tanespimycin	14372	4.730282e-09	4254	53.46236018599975	False
Z-Val-Ala-Asp fluoromethyl ketone	17265	4.7288657e-09	4255	53.47492773658414	False
Viloxazine	15372	4.723079e-09	4256	53.48749528716853	False
Hemin	20602	4.7212323e-09	4257	53.50006283775293	False
beta-2-Thienyl-L-alanine	17700	4.7179376e-09	4258	53.512630388337314	False
Methyl N-{[(1R)-1-({1-[(benzyloxy)carbonyl]-L-prolyl-6-ammonio-L-norleucyl}amino)-2-phenylethyl](hydroxy)phosphoryl}-L-alanyl-L-prolinate	20067	4.716552e-09	4259	53.52519793892171	False
ISOPENTENYL PYROPHOSPHATE	17734	4.716102e-09	4260	53.53776548950609	False
N,N'-DIPHENYLPYRAZOLO[1,5-A][1,3,5]TRIAZINE-2,4-DIAMINE	18811	4.7132156e-09	4261	53.55033304009048	False
Ceftolozane	20480	4.7110227e-09	4262	53.56290059067488	False
Fabomotizole	21362	4.699401e-09	4263	53.575468141259265	False
Ioversol	20803	4.695414e-09	4264	53.58803569184366	False
Lurtotecan	21710	4.694527e-09	4265	53.60060324242804	False
Eravacycline	14907	4.694187e-09	4266	53.61317079301244	False
Cholestyramine	20427	4.6935154e-09	4267	53.62573834359683	False
(4R)-limonene 1α,2α-epoxide	20012	4.693032e-09	4268	53.63830589418123	False
Phleum pratense pollen	21828	4.692119e-09	4269	53.650873444765615	False
Formaldehyde	20632	4.6916986e-09	4270	53.66344099535001	False
Lorazepam	15416	4.691054e-09	4271	53.676008545934394	False
4-NITRO-BENZYLPHOSPHONOBUTANOYL-GLYCINE	19416	4.6876556e-09	4272	53.688576096518794	False
Guanazodine	21143	4.687593e-09	4273	53.70114364710318	False
Artemotil	21557	4.6854653e-09	4274	53.71371119768757	False
Erdosteine	14920	4.68442e-09	4275	53.72627874827196	False
Fibrinolysin	16715	4.6798743e-09	4276	53.73884629885636	False
GS-5745	21100	4.6775006e-09	4277	53.751413849440745	False
9-(2-carboxyethyl)-10-methylanthracene endoperoxide	19413	4.669745e-09	4278	53.76398140002514	False
Glucosamine	16195	4.6683204e-09	4279	53.776548950609524	False
7-methyl-7,8-dihydroguanosine-5'-diphosphate	18185	4.6675632e-09	4280	53.78911650119391	False
Valnoctamide	21320	4.665223e-09	4281	53.80168405177831	False
Oteracil	20552	4.6583226e-09	4282	53.814251602362695	False
FR221647	19251	4.654495e-09	4283	53.826819152947095	False
4-HYDROXYBENZALDEHYDE O-(CYCLOHEXYLCARBONYL)OXIME	19138	4.6490913e-09	4284	53.839386703531474	False
Amisulpride	17273	4.639914e-09	4285	53.851954254115874	False
2-Cyclopropylmethylenepropanal	16808	4.6291295e-09	4286	53.86452180470026	False
Rozrolimupab	21044	4.6240554e-09	4287	53.87708935528466	False
Pentanal	19791	4.622953e-09	4288	53.889656905869046	False
Paromomycin	20401	4.6190225e-09	4289	53.90222445645344	False
(R)-Propylene glycol	19745	4.616574e-09	4290	53.914792007037825	False
(4-{4-[(TERT-BUTOXYCARBONYL)AMINO]-2,2-BIS(ETHOXYCARBONYL)BUTYL}PHENYL)SULFAMIC ACID	19840	4.6164153e-09	4291	53.927359557622225	False
N-[3-(2-fluoroethoxy)phenyl]-N'-(1,3,4-trioxo-1,2,3,4-tetrahydroisoquinolin-6-yl)butanediamide	18711	4.6159307e-09	4292	53.93992710820661	False
Triacetylchitotriose	19753	4.6151825e-09	4293	53.952494658791004	False
Lithium succinate	17830	4.613255e-09	4294	53.96506220937539	False
Modified vaccinia ankara	20959	4.6088844e-09	4295	53.97762975995979	False
Emicizumab	16671	4.608084e-09	4296	53.990197310544175	False
Perillyl alcohol	21772	4.605896e-09	4297	54.00276486112857	False
Vincamine	20493	4.604842e-09	4298	54.015332411712954	False
Famphur	20897	4.6026116e-09	4299	54.02789996229734	False
Glycine betaine	14872	4.598417e-09	4300	54.04046751288174	False
AV608	17095	4.5923256e-09	4301	54.053035063466126	False
Gedocarnil	21349	4.589585e-09	4302	54.065602614050526	False
Sibrotuzumab	19660	4.587546e-09	4303	54.07817016463491	False
L-tyrosinamide	19632	4.583444e-09	4304	54.090737715219305	False
1-(2,2'-bithiophen-5-yl)methanamine	18995	4.5833213e-09	4305	54.10330526580369	False
4-HYDROXYBENZALDEHYDE O-(3,3-DIMETHYLBUTANOYL)OXIME	19140	4.577931e-09	4306	54.11587281638809	False
5-{4-[(3,5-DIFLUOROBENZYL)AMINO]PHENYL}-6-ETHYLPYRIMIDINE-2,4-DIAMINE	16777	4.577896e-09	4307	54.12844036697248	False
Nolatrexed	21735	4.5767172e-09	4308	54.14100791755687	False
Bentoquatam	20963	4.5760538e-09	4309	54.153575468141256	False
Etofibrate	20975	4.5745003e-09	4310	54.166143018725656	False
Cytarabine	14780	4.5697215e-09	4311	54.17871056931004	False
Miglustat	17303	4.566707e-09	4312	54.191278119894434	False
Chromium picolinate	20425	4.5658273e-09	4313	54.20384567047882	False
Methyl-2-S-(Alpha-D-Mannopyranosyl)-2-Thio-Alpha-D-Mannopyranoside	18893	4.5653743e-09	4314	54.21641322106322	False
(4-fluorophenyl)(pyridin-4-yl)methanone	18994	4.5652437e-09	4315	54.228980771647606	False
Phenacemide	16475	4.562841e-09	4316	54.24154832223199	False
Magnesium phosphate	21378	4.5569966e-09	4317	54.254115872816385	False
sn-glycerol 3-phosphate	18571	4.556788e-09	4318	54.26668342340078	False
Sulfathiazole	14822	4.550734e-09	4319	54.27925097398517	False
Zenocutuzumab	21203	4.5503956e-09	4320	54.29181852456956	False
Epigallocatechin gallate	18001	4.5475668e-09	4321	54.30438607515396	False
X-396	21745	4.542955e-09	4322	54.31695362573834	False
Pheniramine	16490	4.542903e-09	4323	54.329521176322736	False
Guanoclor	21145	4.5403734e-09	4324	54.34208872690712	False
Magnesium chloride	20399	4.5338657e-09	4325	54.35465627749152	False
(1S,5S,7R)-N~7~-(BIPHENYL-4-YLMETHYL)-N~3~-HYDROXY-6,8-DIOXA-3-AZABICYCLO[3.2.1]OCTANE-3,7-DICARBOXAMIDE	18777	4.5297255e-09	4326	54.36722382807591	False
Tositumomab	16228	4.5295785e-09	4327	54.3797913786603	False
Hexetidine	21574	4.5280752e-09	4328	54.392358929244686	False
Pipamperone	16016	4.5221547e-09	4329	54.404926479829086	False
R-306465	21647	4.5137525e-09	4330	54.41749403041347	False
Lecanemab	21155	4.5055386e-09	4331	54.430061580997865	False
Methylphenidate	16855	4.5051602e-09	4332	54.44262913158225	False
WRR-99	18919	4.5032102e-09	4333	54.45519668216665	False
Clavulanic acid	20289	4.500591e-09	4334	54.46776423275104	False
2-[2-ETHANESULFONYLAMINO-3-(1H-INDOL-3-YL)-PROPIONYLAMINO]-PENTANEDIOIC ACID 5-AMIDE 1-(4-CARBAMIM IDOYL-BENZYLAMIDE)	17018	4.493823e-09	4335	54.48033178333542	False
Alglucerase	20577	4.487091e-09	4336	54.49289933391982	False
3-(10-methyl-9-anthryl)propanoic acid	19402	4.483849e-09	4337	54.50546688450421	False
5-Methoxy-1,2-Dimethyl-3-(Phenoxymethyl)Indole-4,7-Dione	18750	4.481942e-09	4338	54.5180344350886	False
Bioallethrin	15719	4.48072e-09	4339	54.53060198567299	False
5'-O-(N-Ethyl-Sulfamoyl)Adenosine	18906	4.4807025e-09	4340	54.54316953625739	False
Phthalylsulfathiazole	21326	4.479959e-09	4341	54.55573708684177	False
Fenretinide	14056	4.4765e-09	4342	54.568304637426166	False
Tagatose	21939	4.4742294e-09	4343	54.58087218801055	False
Feprazone	21473	4.4739563e-09	4344	54.59343973859495	False
JNJ-27390467	18911	4.470067e-09	4345	54.60600728917934	False
Acetylcysteine zinc	20971	4.468447e-09	4346	54.61857483976373	False
2-(2f-Benzothiazolyl)-5-Styryl-3-(4f-Phthalhydrazidyl)Tetrazolium Chloride	18719	4.4636597e-09	4347	54.63114239034812	False
IPH 2101	21052	4.4632253e-09	4348	54.64370994093252	False
INS 316	19312	4.460766e-09	4349	54.6562774915169	False
Delapril	20301	4.457823e-09	4350	54.668845042101296	False
Alpha-D-Glucose-1-Phosphate-6-Vanadate	20053	4.456446e-09	4351	54.68141259268569	False
Rontalizumab	21125	4.4534123e-09	4352	54.69398014327007	False
S-P-Nitrobenzyloxycarbonylglutathione	18197	4.4482e-09	4353	54.70654769385447	False
Rolipram	17322	4.447513e-09	4354	54.71911524443885	False
3,8-DIBROMO-7-HYDROXY-4-METHYL-2H-CHROMEN-2-ONE	18809	4.447089e-09	4355	54.731682795023254	False
Dimethyl fumarate	20126	4.443697e-09	4356	54.74425034560764	False
Fluprostenol	21470	4.4435193e-09	4357	54.75681789619203	False
Nonacog beta pegol	15980	4.443121e-09	4358	54.76938544677642	False
Pritelivir	21794	4.4403334e-09	4359	54.78195299736082	False
N-(3-AMINOPROPYL)-2-NITROBENZENAMINE	19394	4.4394954e-09	4360	54.794520547945204	False
1h-Benoximidazole-2-Carboxylic Acid	18153	4.4385047e-09	4361	54.8070880985296	False
Valganciclovir	20215	4.437523e-09	4362	54.81965564911398	False
Alirocumab	20162	4.4369894e-09	4363	54.83222319969838	False
2-(4-ETHYLPIPERAZIN-1-YL)-4-(PHENYLAMINO)PYRAZOLO[1,5-A][1,3,5]TRIAZINE-8-CARBONITRILE	18815	4.431644e-09	4364	54.84479075028277	False
Stannous fluoride	20584	4.4295487e-09	4365	54.85735830086716	False
Interferon beta-1b	15285	4.428974e-09	4366	54.86992585145155	False
Aloglutamol	20844	4.428535e-09	4367	54.88249340203595	False
3-FORMYL-2-HYDROXY-5-METHYL-HEXANOIC ACID HYDROXYAMIDE	18744	4.425799e-09	4368	54.895060952620334	False
Dactylis glomerata pollen	21826	4.424592e-09	4369	54.907628503204734	False
Drotebanol	21248	4.424575e-09	4370	54.92019605378912	False
Xanomeline	21229	4.424271e-09	4371	54.932763604373505	False
Fidarestat	17670	4.424229e-09	4372	54.9453311549579	False
N-(4-Aminobutanoyl)-S-(4-methoxybenzyl)-L-cysteinylglycine	14929	4.4239843e-09	4373	54.957898705542284	False
Interferon alfa-2a, Recombinant	15281	4.4190847e-09	4374	54.970466256126684	False
Emodin	18808	4.417618e-09	4375	54.98303380671107	False
D-Tyrosine	20282	4.411438e-09	4376	54.99560135729546	False
Chlorobutanol	16307	4.4111177e-09	4377	55.00816890787985	False
1-Deaza-Adenosine	19259	4.4090656e-09	4378	55.02073645846425	False
N-[4-(benzyloxy)phenyl]glycinamide	18996	4.405132e-09	4379	55.033304009048635	False
METHYL (2Z)-3-METHOXY-2-{2-[(E)-2-PHENYLVINYL]PHENYL}ACRYLATE	18136	4.4048125e-09	4380	55.04587155963303	False
Aminacrine	20390	4.4004205e-09	4381	55.058439110217414	False
Azidamfenicol	21599	4.4003787e-09	4382	55.071006660801814	False
Potassium	17636	4.395899e-09	4383	55.0835742113862	False
Succinobucol	18614	4.3925468e-09	4384	55.0961417619706	False
4-AMINO-2-HEXYLOXY-6-HYDROXYMETHYL-TETRAHYDRO-PYRAN-3,5-DIOL	16605	4.390218e-09	4385	55.10870931255498	False
Azapetine	20543	4.3876986e-09	4386	55.12127686313938	False
ETHYL (1E)-2-PHENYL-N-(SULFOOXY)ETHANIMIDOTHIOATE	20024	4.382688e-09	4387	55.133844413723764	False
Methyl aminolevulinate	20379	4.381819e-09	4388	55.146411964308164	False
Tramadol	15078	4.380916e-09	4389	55.15897951489255	False
(2E,4E)-11-METHOXY-3,7,11-TRIMETHYLDODECA-2,4-DIENOIC ACID	16280	4.374654e-09	4390	55.171547065476936	False
Agrostis gigantea pollen	21830	4.3679256e-09	4391	55.18411461606133	False
8-chlorotheophylline	15408	4.3679007e-09	4392	55.196682166645715	False
Thiamphenicol	21573	4.362339e-09	4393	55.209249717230115	False
Cefroxadine	20700	4.3618393e-09	4394	55.2218172678145	False
10,11-dimethoxy-4-methyldibenzo[c,f]-2,7-naphthyridine-3,6-diamine	18762	4.3606336e-09	4395	55.234384818398894	False
P1-(5'-Adenosyl)P5-(5'-(3'azido-3'-Deoxythymidyl))Pentaphosphate	18832	4.358804e-09	4396	55.24695236898328	False
(1R)-1-{[(4'-methoxy-1,1'-biphenyl-4-yl)sulfonyl]amino}-2-methylpropylphosphonic acid	18743	4.3575072e-09	4397	55.25951991956768	False
Transcrocetinate	21672	4.353769e-09	4398	55.272087470152066	False
Poldine	20443	4.3534865e-09	4399	55.28465502073646	False
Saruplase	20761	4.353171e-09	4400	55.297222571320845	False
Nortriptyline	14189	4.3523487e-09	4401	55.309790121905245	False
H-89	19810	4.352225e-09	4402	55.32235767248963	False
Pantothenoylaminoethenethiol	19424	4.3492534e-09	4403	55.33492522307403	False
5-Carbamoyl-1,1':4',1''-terphenyl-3-carboxylic acid	17078	4.348001e-09	4404	55.347492773658416	False
Verinurad	21661	4.346973e-09	4405	55.36006032424281	False
3-Indolebutyric Acid	19635	4.345265e-09	4406	55.372627874827195	False
Fotemustine	19157	4.342904e-09	4407	55.38519542541158	False
Briakinumab	18229	4.342374e-09	4408	55.39776297599598	False
Nitromethyldethia coenzyme A	20049	4.341902e-09	4409	55.41033052658037	False
Cinnamaldehyde	21909	4.3412145e-09	4410	55.42289807716476	False
Glymidine	16587	4.340569e-09	4411	55.435465627749146	False
Fexaramine	19110	4.3401878e-09	4412	55.448033178333546	False
Dichloroacetic acid	17805	4.3376307e-09	4413	55.46060072891793	False
NOX-700	18585	4.3352566e-09	4414	55.473168279502325	False
Telbivudine	20416	4.3277963e-09	4415	55.48573583008671	False
Sofituzumab vedotin	21191	4.323539e-09	4416	55.49830338067111	False
Iloperidone	15006	4.3219726e-09	4417	55.510870931255496	False
Melarsoprol	20616	4.320448e-09	4418	55.52343848183989	False
Methylenedioxyethamphetamine	21392	4.3200195e-09	4419	55.53600603242428	False
Trifluoperazine	14913	4.3175974e-09	4420	55.548573583008675	False
(2E)-3-(3,4-DIHYDROXYPHENYL)-2-IMINOPROPANOIC ACID	19987	4.316914e-09	4421	55.56114113359306	False
NADPH	16269	4.3148645e-09	4422	55.57370868417746	False
Thiopyrophosphate	21484	4.3071187e-09	4423	55.58627623476185	False
Octamoxin	20689	4.3045976e-09	4424	55.59884378534624	False
Parsatuzumab	21164	4.299674e-09	4425	55.611411335930626	False
2-[(PHENYLSULFONYL)AMINO]-5,6,7,8-TETRAHYDRONAPHTHALENE-1-CARBOXYLIC ACID	18942	4.298051e-09	4426	55.62397888651501	False
6-(4-{[2-(3-iodobenzyl)-3-oxocyclohex-1-en-1-yl]amino}phenyl)-5-methyl-4,5-dihydropyridazin-3(2H)-one	18833	4.2942894e-09	4427	55.63654643709941	False
D-Gluco-2,5-Anhydro-1-Deoxy-1-Phosphonohexitol-6-Phosphate	18570	4.287554e-09	4428	55.6491139876838	False
Cobalamin	20320	4.286695e-09	4429	55.66168153826819	False
Ficlatuzumab	21066	4.2803143e-09	4430	55.67424908885258	False
Ellagic acid	15828	4.278151e-09	4431	55.68681663943698	False
Hydroxocobalamin	14106	4.2770743e-09	4432	55.69938419002136	False
Etomidate	14558	4.2770583e-09	4433	55.711951740605755	False
Anthralin	19863	4.2616755e-09	4434	55.72451929119014	False
(2S)-4-(4-fluorobenzyl)-N-(2-sulfanylethyl)piperazine-2-carboxamide	18256	4.2609116e-09	4435	55.73708684177454	False
2,3-Dihydroxy-Benzoic Acid	18578	4.2565658e-09	4436	55.74965439235893	False
Etilevodopa	21850	4.2495327e-09	4437	55.76222194294333	False
Botulinum toxin type A	17108	4.238378e-09	4438	55.77478949352771	False
Trenonacog alfa	20724	4.2378687e-09	4439	55.787357044112106	False
Hydroxyethylpromethazine	21876	4.2349844e-09	4440	55.79992459469649	False
CP-271485	18774	4.229858e-09	4441	55.81249214528089	False
1-({2-[2-(4-CHLOROPHENYL)ETHYL]-1,3-DIOXOLAN-2-YL}METHYL)-1H-IMIDAZOLE	17643	4.22764e-09	4442	55.82505969586528	False
Bunazosin	20596	4.2268984e-09	4443	55.837627246449664	False
octyl 3-amino-3-deoxy-2-O-(2,6-dideoxy-alpha-L-lyxo-hexopyranosyl)-beta-D-galactopyranoside	16604	4.223755e-09	4444	55.85019479703406	False
FR230513	19258	4.2091903e-09	4445	55.86276234761844	False
Brequinar	17076	4.203927e-09	4446	55.87532989820284	False
Deanol	21336	4.196661e-09	4447	55.88789744878723	False
Pasireotide	15574	4.1962767e-09	4448	55.90046499937162	False
Bacampicillin	20411	4.1955484e-09	4449	55.91303254995601	False
5-Aminouracil	19475	4.1933164e-09	4450	55.92560010054041	False
Imipenem	14797	4.191925e-09	4451	55.93816765112479	False
Elymus repens pollen	21832	4.1916373e-09	4452	55.95073520170919	False
Sulfathiourea	21369	4.1913095e-09	4453	55.96330275229357	False
Spectinomycin	20581	4.190278e-09	4454	55.97587030287797	False
6,6-DIMETHYL-1-[3-(2,4,5-TRICHLOROPHENOXY)PROPOXY]-1,6-DIHYDRO-1,3,5-TRIAZINE-2,4-DIAMINE	16971	4.1846073e-09	4455	55.98843785346236	False
Semuloparin	20669	4.1845913e-09	4456	56.00100540404676	False
Fenprostalene	21467	4.1838173e-09	4457	56.013572954631144	False
Formic acid	16234	4.1810653e-09	4458	56.02614050521554	False
PARA-NITROPHENYLPHOSPHONOBUTANOYL-GLYCINE	19415	4.1780197e-09	4459	56.03870805579992	False
N-[(1S)-2-amino-1-phenylethyl]-5-(1H-pyrrolo[2,3-b]pyridin-4-yl)thiophene-2-carboxamide	18438	4.177964e-09	4460	56.05127560638432	False
(2E)-1-[2-hydroxy-4-methoxy-5-(3-methylbut-2-en-1-yl)phenyl]-3-(4-hydroxyphenyl)prop-2-en-1-one	19836	4.1770476e-09	4461	56.06384315696871	False
Uracil mustard	20473	4.1734323e-09	4462	56.076410707553094	False
Darapladib	17541	4.171403e-09	4463	56.08897825813749	False
(2,2-DIPHOSPHONOETHYL)(DODECYL)DIMETHYLPHOSPHONIUM	19707	4.1703525e-09	4464	56.10154580872187	False
Becocalcidiol	17744	4.1702015e-09	4465	56.11411335930627	False
Triethyl phosphate	19508	4.169844e-09	4466	56.12668090989066	False
Aprinocarsen	18681	4.1688497e-09	4467	56.13924846047505	False
Mazindol	16353	4.1529455e-09	4468	56.15181601105944	False
Cyamemazine	21266	4.149731e-09	4469	56.16438356164384	False
Tucidinostat	20866	4.1492716e-09	4470	56.176951112228224	False
Molindone	16317	4.1420445e-09	4471	56.189518662812624	False
Gallium maltolate	16974	4.1409227e-09	4472	56.20208621339701	False
Talopram	21271	4.1409227e-09	4473	56.2146537639814	False
Brincidofovir	20825	4.136297e-09	4474	56.22722131456579	False
Teriparatide	19663	4.133119e-09	4475	56.23978886515019	False
2-Phenylheme	17641	4.1241024e-09	4476	56.252356415734575	False
Zinc cation	20974	4.1193933e-09	4477	56.26492396631897	False
Tubercidin	21665	4.115686e-09	4478	56.27749151690335	False
Pivmecillinam	21442	4.112885e-09	4479	56.29005906748775	False
(S)-alpha-methyl-4-carboxyphenylglycine	17807	4.108706e-09	4480	56.30262661807214	False
AMG-208	18052	4.10205e-09	4481	56.315194168656525	False
S-(D-Carboxybutyl)-L-Homocysteine	17882	4.1012362e-09	4482	56.32776171924092	False
Somatropin pegol	21781	4.1008374e-09	4483	56.340329269825304	False
Bambermycins	21577	4.0966315e-09	4484	56.352896820409704	False
Cinchocaine	14842	4.094413e-09	4485	56.36546437099409	False
Adefovir dipivoxil	15817	4.0941472e-09	4486	56.37803192157848	False
2,6-Diamino-Hexanoic Acid Amide	19446	4.0923127e-09	4487	56.390599472162876	False
Tosedostat	19007	4.088482e-09	4488	56.40316702274727	False
Motexafin gadolinium	19158	4.0857926e-09	4489	56.415734573331655	False
Alpha-Benzyl-Aminobenzyl-Phosphonic Acid	18609	4.0830193e-09	4490	56.428302123916055	False
3-Tyrosine	17438	4.0829646e-09	4491	56.44086967450044	False
Butylphthalide	20574	4.0725268e-09	4492	56.45343722508483	False
4-Carboxycinnamic Acid	16422	4.070306e-09	4493	56.46600477566922	False
Pentaerithrityl	20350	4.0673336e-09	4494	56.47857232625362	False
Nicorandil	17300	4.0640225e-09	4495	56.491139876838005	False
Saredutant	19267	4.05812e-09	4496	56.5037074274224	False
2,5-di-tert-butylhydroquinone	19922	4.0553187e-09	4497	56.516274978006784	False
Ubiquinone Q1	16542	4.0552957e-09	4498	56.52884252859117	False
L-Saccharopine	16270	4.0538963e-09	4499	56.54141007917557	False
beta-Alanine	20281	4.052605e-09	4500	56.553977629759956	False
Nitrous oxide	21231	4.0426844e-09	4501	56.56654518034435	False
Benzoctamine	21268	4.038677e-09	4502	56.579112730928735	False
Beclamide	21267	4.033842e-09	4503	56.591680281513135	False
Bleomycin	15893	4.0323958e-09	4504	56.60424783209752	False
Daporinad	19323	4.031804e-09	4505	56.61681538268192	False
2,3,-Dihydroxybenzoylserine	18580	4.026662e-09	4506	56.62938293326631	False
5-[4-(2-Hydroxyethyl)-1-piperidinyl]-5-phenyl-2,4,6(1H,3H,5H)-pyrimidinetrione	18737	4.026609e-09	4507	56.6419504838507	False
6-Hydroxy-5-undecyl-4,7-benzothiazoledione	18131	4.025879e-09	4508	56.654518034435085	False
{4-Amino-2-[(4-methoxyphenyl)amino]-1,3-thiazol-5-yl}(4-methoxyphenyl)methanone	19932	4.024904e-09	4509	56.667085585019485	False
Furazidin	20482	4.023576e-09	4510	56.67965313560387	False
2-Carboxyethylphosphonic Acid	19906	4.019925e-09	4511	56.692220686188264	False
3-(2-AMINO-6-BENZOYLQUINAZOLIN-3(4H)-YL)-N-CYCLOHEXYL-N-METHYLPROPANAMIDE	18262	4.019281e-09	4512	56.70478823677265	False
Sertindole	15196	4.017809e-09	4513	56.71735578735705	False
7-HYDROXY-4-METHYL-3-(2-HYDROXY-ETHYL)COUMARIN	19978	4.0104284e-09	4514	56.729923337941436	False
trifluoro-[hydroxy-[hydroxy-[2-(N-methyl-2-nitro-anilino)ethoxy]phosphoryl]oxy-phosphoryl]oxy-beryllium(1-)	19929	4.0095105e-09	4515	56.74249088852583	False
Cefprozil	20485	4.008807e-09	4516	56.755058439110215	False
Thiosalicylic acid	20773	4.007194e-09	4517	56.7676259896946	False
Amdinocillin	21440	4.005857e-09	4518	56.780193540279	False
Racepinephrine	16536	4.004528e-09	4519	56.79276109086339	False
Theodrenaline	20921	3.998315e-09	4520	56.80532864144779	False
Spiradoline	20828	3.995731e-09	4521	56.817896192032165	False
BX-528	19455	3.9949075e-09	4522	56.830463742616566	False
Enrofloxacin	15380	3.9914956e-09	4523	56.84303129320095	False
2-Hexyloxy-6-Hydroxymethyl-Tetrahydro-Pyran-3,5-Diol	16599	3.9903005e-09	4524	56.85559884378535	False
Dibenzepin	21206	3.9891437e-09	4525	56.86816639436974	False
Cyclothiazide	16705	3.988383e-09	4526	56.88073394495413	False
Bufylline	15404	3.9873105e-09	4527	56.893301495538516	False
(2S)-2-[3-(AMINOMETHYL)PHENYL]-3-[(R)-HYDROXY{(1R)-2-METHYL-1-[(PHENYLSULFONYL)AMINO]PROPYL}PHOSPHORYL]PROPANOIC ACID	19454	3.9872416e-09	4528	56.905869046122916	False
4-HYDROXY-N'-(4-ISOPROPYLBENZYL)BENZOHYDRAZIDE	19165	3.981846e-09	4529	56.9184365967073	False
CoA-S-trimethylene-acetyl-tryptamine	20112	3.977011e-09	4530	56.931004147291695	False
Acotiamide	21408	3.975896e-09	4531	56.94357169787608	False
Secukinumab	20160	3.971379e-09	4532	56.95613924846048	False
Povidone-iodine	20358	3.971008e-09	4533	56.96870679904487	False
Bamipine	20559	3.9708943e-09	4534	56.98127434962925	False
3-Methylfentanyl	17160	3.9703565e-09	4535	56.993841900213646	False
Flortaucipir F-18	19232	3.969334e-09	4536	57.00640945079803	False
Putrescine	16326	3.9684864e-09	4537	57.01897700138243	False
Heparin Disaccharide Iii-S	18224	3.967132e-09	4538	57.03154455196682	False
Cetylpyridinium	20498	3.964091e-09	4539	57.04411210255122	False
4-Iodopyrazole	16701	3.950829e-09	4540	57.0566796531356	False
6-(3-METHYL-1,4-DIOXO-1,4-DIHYDRONAPHTHALEN-2-YL)HEXANOIC ACID	17531	3.948501e-09	4541	57.069247203719996	False
Imrecoxib	20571	3.948222e-09	4542	57.08181475430438	False
Agrostis stolonifera pollen	21843	3.9479437e-09	4543	57.09438230488878	False
Metrifonate	21402	3.9446544e-09	4544	57.10694985547317	False
Phenylpropanolamine	14898	3.944173e-09	4545	57.11951740605756	False
GUANOSINE-2',3'-O-ETHYLIDENEPHOSPHONATE	16738	3.9428945e-09	4546	57.13208495664195	False
3-(HYDROXY-PHENYL-PHOSPHINOYLOXY)-8-METHYL-8-AZA-BICYCLO[3.2.1]OCTANE-2-CARBOXYLIC ACID METHYL ESTER	19878	3.942834e-09	4547	57.14465250722635	False
Immucillin-G	16726	3.940639e-09	4548	57.15722005781073	False
Synthetic camphor	20338	3.938956e-09	4549	57.169787608395126	False
Epoetin delta	21621	3.93689e-09	4550	57.18235515897951	False
Flavin-adenine dinucleotide-N5-isobutyl ketone	19985	3.9362367e-09	4551	57.19492270956391	False
ENMD-1198	19300	3.93187e-09	4552	57.2074902601483	False
Adenosine-5'-[Beta, Gamma-Methylene]Triphosphate	16037	3.923704e-09	4553	57.22005781073268	False
Ferric pyrophosphate citrate	16296	3.9224766e-09	4554	57.232625361317076	False
2-[2-(1,3-Dioxo-1,3-Dihydro-2h-Isoindol-2-Yl)Ethyl]-4-(4'-Ethoxy-1,1'-Biphenyl-4-Yl)-4-Oxobutanoic Acid	18776	3.9224015e-09	4555	57.24519291190147	False
Omoconazole	20558	3.9220653e-09	4556	57.25776046248586	False
TERT-BUTYL {2-[(1,3-THIAZOL-2-YLAMINO)CARBONYL]PYRIDIN-3-YL}CARBAMATE	19976	3.921736e-09	4557	57.27032801307025	False
2,5-DICHLORO-N-[5-METHOXY-7-(6-METHOXYPYRIDIN-3-YL)-1,3-BENZOXAZOL-2-YL]BENZENESULFONAMIDE	19340	3.917923e-09	4558	57.28289556365465	False
Diethylnorspermine	21057	3.916182e-09	4559	57.295463114239034	False
Beractant	20471	3.9157193e-09	4560	57.30803066482343	False
Phalaris arundinacea pollen	21835	3.9106065e-09	4561	57.32059821540781	False
Alitretinoin	14111	3.900111e-09	4562	57.33316576599221	False
(4-ETHYLPHENYL)SULFAMIC ACID	19842	3.8983856e-09	4563	57.3457333165766	False
Reteplase	16590	3.8973225e-09	4564	57.35830086716099	False
1-Methylhistidine	19183	3.8930508e-09	4565	57.37086841774538	False
Spermidine	16533	3.8929913e-09	4566	57.38343596832978	False
Insulin peglispro	15385	3.8927537e-09	4567	57.39600351891416	False
Tolperisone	15356	3.887137e-09	4568	57.40857106949856	False
Calcipotriol	14775	3.885128e-09	4569	57.42113862008294	False
Proline	14932	3.8830463e-09	4570	57.43370617066734	False
N-(biphenyl-4-ylsulfonyl)-D-leucine	18778	3.880951e-09	4571	57.44627372125173	False
Zidovudine diphosphate	19441	3.879634e-09	4572	57.458841271836114	False
Dihydromorphine	17159	3.8757877e-09	4573	57.471408822420514	False
Carmustine	17524	3.8716057e-09	4574	57.4839763730049	False
Varicella Zoster Vaccine (Live/attenuated)	20877	3.8702326e-09	4575	57.49654392358929	False
Ilorasertib	21687	3.8696126e-09	4576	57.50911147417368	False
Paraoxon	21418	3.8670596e-09	4577	57.52167902475808	False
Exisulind	16554	3.8665213e-09	4578	57.534246575342465	False
Arabinouridine 3'-phosphate	19466	3.864258e-09	4579	57.54681412592686	False
Mannitol busulfan	21471	3.864243e-09	4580	57.559381676511244	False
5-[(4-Methylphenyl)Sulfanyl]-2,4-Quinazolinediamine	19953	3.864059e-09	4581	57.571949227095644	False
5-(4-Morpholin-4-Yl-Phenylsulfanyl)-2,4-Quinazolinediamine	19950	3.862018e-09	4582	57.58451677768003	False
2-(CARBOXYMETHYL)-1-OXO-1,2-DIHYDRONAPHTHO[1,2-D]ISOTHIAZOLE-4-CARBOXYLIC ACID 3,3-DIOXIDE	17688	3.8575565e-09	4583	57.59708432826442	False
Epirubicin	14719	3.856372e-09	4584	57.60965187884881	False
Bifemelane	20553	3.855306e-09	4585	57.62221942943321	False
Savolitinib	21503	3.852983e-09	4586	57.634786980017594	False
3-Aza-2,3-Dihydrogeranyl Diphosphate	21483	3.851469e-09	4587	57.64735453060199	False
2-fluoro-6-{[2-({2-methoxy-4-[(methylsulfonyl)methyl]phenyl}amino)-7H-pyrrolo[2,3-d]pyrimidin-4-yl]amino}benzamide	19865	3.8508228e-09	4588	57.65992208118638	False
Uridine diphosphate glucose	18927	3.8503085e-09	4589	57.67248963177076	False
Bentiromide	19193	3.8500367e-09	4590	57.68505718235516	False
1-Azepan-1-Yl-2-Phenyl-2-(4-Thioxo-1,4-Dihydro-Pyrazolo[3,4-D]Pyrimidin-5-Yl)Ethanone Adduct	16891	3.84655e-09	4591	57.697624732939545	False
Ethionamide	20340	3.842371e-09	4592	57.710192283523945	False
3,5-Dimethyl-1-(3-Nitrophenyl)-1h-Pyrazole-4-Carboxylic Acid Ethyl Ester	17323	3.8423558e-09	4593	57.72275983410833	False
Moxestrol	20740	3.841682e-09	4594	57.735327384692724	False
Monomethyl fumarate	20942	3.8368926e-09	4595	57.74789493527711	False
Heptyl 1-Thiohexopyranoside	18795	3.831861e-09	4596	57.76046248586151	False
5-HYDROXY-3-[(1R)-1-(1H-PYRROL-2-YL)ETHYL]-2H-INDOL-2-ONE	18763	3.831364e-09	4597	57.773030036445896	False
2-Amino-7-[2-(2-Hydroxy-1-Hydroxymethyl-Ethylamino)-Ethyl]-1,7-Dihydro-Purin-6-One	16728	3.829085e-09	4598	57.78559758703029	False
Dehydroascorbic acid	20259	3.8283763e-09	4599	57.798165137614674	False
EM-1745	16567	3.825566e-09	4600	57.810732688199074	False
Ferric ammonium citrate	21518	3.823633e-09	4601	57.82330023878346	False
MB-07803	19336	3.823582e-09	4602	57.83586778936785	False
Denibulin	16020	3.8204035e-09	4603	57.84843533995224	False
Plerixafor	18102	3.8194856e-09	4604	57.86100289053664	False
Tranexamic acid	16593	3.818116e-09	4605	57.873570441121025	False
3'-deoxyguanosine	16734	3.816267e-09	4606	57.886137991705425	False
Ferulic acid	20673	3.814666e-09	4607	57.89870554228981	False
Englitazone	21223	3.811335e-09	4608	57.9112730928742	False
Etoperidone	17275	3.8093506e-09	4609	57.92384064345859	False
Dodecyl sulfate	19752	3.80853e-09	4610	57.936408194042976	False
Androstenediol	21656	3.8075423e-09	4611	57.948975744627376	False
Calcifediol	14704	3.805422e-09	4612	57.96154329521176	False
Brequinar Analog	17075	3.801599e-09	4613	57.974110845796154	False
(5S)-5-(2-amino-2-oxoethyl)-4-oxo-N-[(3-oxo-3,4-dihydro-2H-1,4-benzoxazin-6-yl)methyl]-3,4,5,6,7,8-hexahydro[1]benzothieno[2,3-d]pyrimidine-2-carboxamide	18741	3.8011856e-09	4614	57.98667839638054	False
Sacituzumab govitecan	15863	3.796925e-09	4615	57.99924594696494	False
Piclozotan	21304	3.7925605e-09	4616	58.011813497549326	False
Beclabuvir	20475	3.7891983e-09	4617	58.02438104813372	False
Oxetorone	20505	3.788042e-09	4618	58.036948598718105	False
RU78191	17858	3.782728e-09	4619	58.049516149302505	False
MPI-674	19176	3.7825045e-09	4620	58.06208369988689	False
Ferric pyrophosphate	16294	3.7789785e-09	4621	58.07465125047129	False
Sulfatolamide	21351	3.776975e-09	4622	58.08721880105567	False
7-methyl-5'-guanylic acid	18822	3.776867e-09	4623	58.09978635164007	False
Protamine	39890	3.77552e-09	4624	58.112353902224456	False
Indolepropionic acid	19834	3.7749297e-09	4625	58.12492145280884	False
Cetuximab	17605	3.7733674e-09	4626	58.13748900339324	False
3-{6-[(8-HYDROXY-QUINOLINE-2-CARBONYL)-AMINO]-2-THIOPHEN-2-YL-HEXANOYLAMINO}-4-OXO-BUTYRI ACID	17266	3.7702526e-09	4627	58.15005655397763	False
Mephentermine	20151	3.7643746e-09	4628	58.16262410456202	False
Camphor	18372	3.7641805e-09	4629	58.175191655146406	False
[Methylseleno]Acetate	21860	3.7632546e-09	4630	58.187759205730806	False
Peldesine	16729	3.761102e-09	4631	58.20032675631519	False
Salmon calcitonin	17215	3.7598182e-09	4632	58.212894306899585	False
PF-00356231	18775	3.755876e-09	4633	58.22546185748397	False
LY2181308	19567	3.7535126e-09	4634	58.23802940806837	False
Dianhydrogalactitol	21732	3.7529113e-09	4635	58.25059695865276	False
Magnesium sulfate	20169	3.7490335e-09	4636	58.26316450923715	False
Sodium sulfate	16801	3.748383e-09	4637	58.275732059821536	False
Ustekinumab	18230	3.747754e-09	4638	58.288299610405936	False
Durvalumab	19615	3.7473393e-09	4639	58.30086716099032	False
(1S)-1-{[(4'-methoxy-1,1'-biphenyl-4-yl)sulfonyl]amino}-2-methylpropylphosphonic acid	18742	3.7438315e-09	4640	58.31343471157472	False
(2S)-8-[(tert-butoxycarbonyl)amino]-2-(1H-indol-3-yl)octanoic acid	19832	3.7417256e-09	4641	58.32600226215911	False
Pracinostat	19282	3.7390717e-09	4642	58.3385698127435	False
4-(4-STYRYL-PHENYLCARBAMOYL)-BUTYRIC ACID	19420	3.737489e-09	4643	58.35113736332789	False
Pamrevlumab	21169	3.7370396e-09	4644	58.36370491391227	False
N-[(1S)-1-(aminocarbonyl)-4-(ethanimidoylamino)butyl]benzamide	18591	3.731562e-09	4645	58.37627246449667	False
(2S,3S,4E,6E,8S,9S)-3-amino-9-methoxy-2,6,8-trimethyl-10-phenyldeca-4,6-dienoic acid	19277	3.730573e-09	4646	58.38884001508106	False
5'-O-(L-Prolylsulfamoyl)adenosine	16562	3.7304524e-09	4647	58.40140756566545	False
Aztreonam	20398	3.72994e-09	4648	58.41397511624984	False
BMS184394	16485	3.7294705e-09	4649	58.42654266683424	False
Efmoroctocog alfa	18413	3.7270453e-09	4650	58.43911021741862	False
Tafluprost	14677	3.7249634e-09	4651	58.451677768003016	False
Phosmet	20899	3.7235002e-09	4652	58.4642453185874	False
Certoparin	21463	3.7233223e-09	4653	58.4768128691718	False
Tregalizumab	21134	3.7208019e-09	4654	58.48938041975619	False
Guanosine	16731	3.7182055e-09	4655	58.50194797034058	False
Iopamidol	21618	3.718163e-09	4656	58.514515520924974	False
Quazepam	15518	3.7145906e-09	4657	58.52708307150937	False
Cefbuperazone	20759	3.7098606e-09	4658	58.53965062209375	False
Farnesol	14888	3.7097405e-09	4659	58.55221817267815	False
N-Cyclohexyl-N'-(4-Iodophenyl)Urea	18166	3.7092238e-09	4660	58.56478572326254	False
RU78783	17843	3.7088488e-09	4661	58.57735327384693	False
Metoprolol	14142	3.7086438e-09	4662	58.58992082443132	False
8-anilinonaphthalene-1-sulfonic acid	14077	3.705165e-09	4663	58.6024883750157	False
AMG 108	21048	3.7045718e-09	4664	58.6150559256001	False
Desoxycorticosterone acetate	15581	3.7021206e-09	4665	58.62762347618449	False
Methylcellulose	20993	3.7019439e-09	4666	58.64019102676888	False
Uridylyl-2'-5'-phospho-guanosine	19476	3.7011958e-09	4667	58.65275857735327	False
Dupilumab	19330	3.6993044e-09	4668	58.66532612793767	False
XmAb 2513	19633	3.697569e-09	4669	58.677893678522054	False
5-Hydroxymethyl-Chonduritol	15757	3.6971175e-09	4670	58.69046122910645	False
Ferric oxyhydroxide	21526	3.6959893e-09	4671	58.70302877969083	False
Bacitracin	18036	3.6955243e-09	4672	58.71559633027523	False
Ramucirumab	17042	3.6864074e-09	4673	58.72816388085962	False
LJP 1082	19422	3.6847487e-09	4674	58.74073143144402	False
Propiopromazine	21281	3.6816925e-09	4675	58.753298982028404	False
Bivatuzumab	18613	3.6806111e-09	4676	58.7658665326128	False
Secnidazole	20606	3.6798604e-09	4677	58.77843408319718	False
Fludiazepam	16421	3.678169e-09	4678	58.79100163378158	False
4,6-dideoxy-4-amino-alpha-D-glucose	15758	3.6777903e-09	4679	58.80356918436597	False
Olaptesed Pegol	21534	3.6749574e-09	4680	58.816136734950355	False
Thymectacin	16965	3.6736678e-09	4681	58.82870428553475	False
Protamine sulfate	16668	3.6726306e-09	4682	58.841271836119134	False
Astaxanthin	19628	3.6717624e-09	4683	58.853839386703534	False
Monothioglycerol	19203	3.6704177e-09	4684	58.86640693728792	False
Dexrazoxane	17653	3.6691792e-09	4685	58.87897448787231	False
3-AMINO-AZACYCLOTRIDECAN-2-ONE	18746	3.6664087e-09	4686	58.8915420384567	False
R667	16486	3.6630887e-09	4687	58.9041095890411	False
Lampalizumab	21072	3.6628929e-09	4688	58.916677139625484	False
N-Methylleucine	18127	3.660986e-09	4689	58.929244690209885	False
Fluperolone	20930	3.6577126e-09	4690	58.94181224079426	False
Adinazolam	15445	3.6519543e-09	4691	58.95437979137866	False
SB-409513	18431	3.6488075e-09	4692	58.96694734196305	False
Aplyronine A	19184	3.6438694e-09	4693	58.97951489254745	False
Peramivir	20634	3.641431e-09	4694	58.992082443131835	False
Floctafenine	20679	3.640424e-09	4695	59.00464999371623	False
Ragaglitazar	16258	3.6400627e-09	4696	59.017217544300614	False
Cloricromen	20735	3.6377656e-09	4697	59.029785094885014	False
Emapalumab	18160	3.630176e-09	4698	59.0423526454694	False
4-(2-amino-1,3-thiazol-4-yl)phenol	19004	3.6241914e-09	4699	59.054920196053786	False
Deslorelin	21778	3.6239631e-09	4700	59.06748774663818	False
Duroquinone	18747	3.6229957e-09	4701	59.080055297222565	False
Tioclomarol	20743	3.6199979e-09	4702	59.092622847806965	False
Pentastarch	20800	3.6125627e-09	4703	59.10519039839135	False
9-Hydroxy-8-Methoxy-6-Nitro-Phenanthrol[3,4-D][1,3]Dioxole-5-Carboxylic Acid	19833	3.6096834e-09	4704	59.11775794897574	False
Pyruvic acid	16082	3.6029082e-09	4705	59.13032549956013	False
Selenium Sulfide	20525	3.6021248e-09	4706	59.14289305014453	False
N~3~-BENZYLPYRIDINE-2,3-DIAMINE	18245	3.6020082e-09	4707	59.155460600728915	False
Propanidid	21325	3.6014516e-09	4708	59.168028151313315	False
{3-[(5-CHLORO-1,3-BENZOTHIAZOL-2-YL)METHYL]-2,4-DIOXO-3,4-DIHYDROPYRIMIDIN-1(2H)-YL}ACETIC ACID	17682	3.5913337e-09	4709	59.1805957018977	False
(3E)-4-(1-METHYL-1H-INDOL-3-YL)BUT-3-EN-2-ONE	19393	3.5894163e-09	4710	59.193163252482094	False
D-Alanine	20280	3.5887593e-09	4711	59.20573080306648	False
Menatetrenone	20589	3.5875818e-09	4712	59.21829835365088	False
Canrenoic acid	20798	3.5871988e-09	4713	59.230865904235266	False
H TYPE II TRISACCHARIDE	16600	3.5859742e-09	4714	59.24343345481966	False
Alrestatin	17669	3.5822827e-09	4715	59.256001005404045	False
Sulfaethoxypyridazine	21278	3.5806158e-09	4716	59.26856855598843	False
Picotamide	20734	3.5637255e-09	4717	59.28113610657283	False
Phthalic Acid	16252	3.5616396e-09	4718	59.29370365715722	False
Maltose	20046	3.560668e-09	4719	59.30627120774161	False
Inulin	20395	3.5605865e-09	4720	59.318838758325995	False
Lisdexamfetamine	15159	3.5512473e-09	4721	59.331406308910395	False
1-CYCLOHEXYL-N-{[1-(4-METHYLPHENYL)-1H-INDOL-3-YL]METHYL}METHANAMINE	19733	3.5498589e-09	4722	59.34397385949478	False
N'-(5-CHLOROBENZOFURAN-2-CARBONYL)-2-(TRIFLUOROMETHYL)BENZENESULFONOHYDRAZIDE	17366	3.5467391e-09	4723	59.356541410079174	False
1,8-Di-Hydroxy-4-Nitro-Anthraquinone	18802	3.5464212e-09	4724	59.36910896066357	False
Povidone	20352	3.5455823e-09	4725	59.38167651124796	False
Trifluoroacetonyl coenzyme A	20047	3.5436893e-09	4726	59.394244061832346	False
Elafibranor	16255	3.5421013e-09	4727	59.406811612416746	False
N-oxo-2-[(4-phenylphenyl)sulfonylamino]ethanamide	18780	3.5399805e-09	4728	59.41937916300113	False
Osanetant	19289	3.5289716e-09	4729	59.431946713585525	False
Niacinamide ascorbate	21212	3.5283256e-09	4730	59.44451426416991	False
AB192	14777	3.5271013e-09	4731	59.45708181475431	False
Vatreptacog alfa	20713	3.5270742e-09	4732	59.4696493653387	False
Insulin beef	15378	3.527007e-09	4733	59.48221691592309	False
Angiotensinamide	21901	3.5218843e-09	4734	59.494784466507475	False
5-Phenylsulfanyl-2,4-Quinazolinediamine	19952	3.5197891e-09	4735	59.50735201709186	False
Concizumab	21123	3.511166e-09	4736	59.51991956767626	False
OSI-7904L	16967	3.5095995e-09	4737	59.53248711826065	False
Moxetumomab Pasudotox	16559	3.5077192e-09	4738	59.54505466884504	False
Isoamyl alcohol	16804	3.5035868e-09	4739	59.557622219429426	False
Thymidine-5'- Diphosphate	19437	3.4937706e-09	4740	59.570189770013826	False
Pyrithiamine Pyrophosphate	16509	3.4925314e-09	4741	59.58275732059821	False
Nicofuranose	21927	3.4911258e-09	4742	59.59532487118261	False
Acid yellow 54 free acid	18836	3.488623e-09	4743	59.607892421767	False
2-Methoxy-3-Isopropylpyrazine	20011	3.4883505e-09	4744	59.62045997235139	False
Botulinum Toxin Type B	19199	3.4862553e-09	4745	59.63302752293578	False
Methyl salicylate	20349	3.4811851e-09	4746	59.64559507352018	False
Ribose-1-Phosphate	16732	3.4784642e-09	4747	59.65816262410456	False
(2R)-N-{4-[Ethyl(phenyl)sulfamoyl]-2-methylphenyl}-3,3,3-trifluoro-2-hydroxy-2-methylpropanamide	20028	3.4784242e-09	4748	59.670730174688956	False
3-Hydroxymethyl-5-Aziridinyl-1methyl-2-[1h-Indole-4,7-Dione]-Propanol	18748	3.477522e-09	4749	59.68329772527334	False
Pheneturide	21339	3.475433e-09	4750	59.69586527585774	False
3-Hydroxybutyryl-Coenzyme A	17059	3.4732994e-09	4751	59.70843282644213	False
Isosulfan blue	20805	3.464374e-09	4752	59.72100037702652	False
HGS-TR2J	19598	3.460966e-09	4753	59.733567927610906	False
(2S)-4-(4-fluorobenzyl)-N-(3-sulfanylpropyl)piperazine-2-carboxamide	18257	3.4562295e-09	4754	59.74613547819529	False
4-(2-aminoethyl)-2-ethylphenol	18249	3.4524084e-09	4755	59.75870302877969	False
PRX-07034	18162	3.4511705e-09	4756	59.77127057936408	False
Cantharidin	19732	3.4500582e-09	4757	59.78383812994848	False
Bepridil	15158	3.4479464e-09	4758	59.79640568053286	False
Moricizine	16569	3.4472956e-09	4759	59.80897323111726	False
3'-Phosphate-Adenosine-5'-Diphosphate	19461	3.4446728e-09	4760	59.82154078170164	False
Nα-[(2S)-2-{[(S)-[(1S)-1-{[(Benzyloxy)carbonyl]amino}-2-phenylethyl](hydroxy)phosphoryl]methyl}-5-phenylpentanoyl]-L-tryptophanamide	19728	3.4438123e-09	4761	59.83410833228604	False
Indium In-111 satumomab pendetide	21037	3.4434446e-09	4762	59.84667588287043	False
Panobinostat	15206	3.443031e-09	4763	59.85924343345482	False
Tomaralimab	21197	3.4421705e-09	4764	59.87181098403921	False
1,4-Dideoxy-O2-Sulfo-Glucuronic Acid	18305	3.4401164e-09	4765	59.88437853462361	False
Tetrafluoroaluminate Ion	17514	3.4337313e-09	4766	59.89694608520799	False
(4R)-4-(3-HYDROXYPHENYL)-N,N,7,8-TETRAMETHYL-3,4-DIHYDROISOQUINOLINE-2(1H)-CARBOXAMIDE	19125	3.4334169e-09	4767	59.909513635792386	False
Risankizumab	20166	3.4314462e-09	4768	59.92208118637677	False
N,N-Bis(3-(D-gluconamido)propyl)deoxycholamide	16251	3.4277834e-09	4769	59.93464873696117	False
4-(2-aminoethyl)-2-cyclohexylphenol	18248	3.4183685e-09	4770	59.94721628754556	False
Gastric inhibitory polypeptide	21225	3.4178207e-09	4771	59.959783838129944	False
Pirprofen	20766	3.4165564e-09	4772	59.97235138871434	False
Folic acid	14678	3.4147907e-09	4773	59.98491893929872	False
Ofatumumab	16229	3.4131955e-09	4774	59.99748648988312	False
(S,R)-fidarestat	17671	3.4113017e-09	4775	60.01005404046751	False
Iprindole	21209	3.4105205e-09	4776	60.02262159105191	False
Pinatuzumab vedotin	21199	3.4054768e-09	4777	60.035189141636295	False
Laronidase	20647	3.4012118e-09	4778	60.04775669222069	False
4-PIPERIDIN-4-YLBUTANAL	18909	3.3996421e-09	4779	60.06032424280507	False
Methoserpidine	21144	3.397665e-09	4780	60.07289179338947	False
ADL 10-0101	17507	3.3944718e-09	4781	60.08545934397386	False
6-phenyl-4(R)-(7-phenyl-heptanoylamino)-hexanoic acid	18972	3.393054e-09	4782	60.09802689455825	False
DL-Methylephedrine	16537	3.3926009e-09	4783	60.11059444514264	False
Apomab	21174	3.3920058e-09	4784	60.12316199572704	False
LCL-161	21704	3.3901364e-09	4785	60.135729546311424	False
Lucanthone	17656	3.3900656e-09	4786	60.14829709689582	False
Uridine-Diphosphate-N-Acetylglucosamine	18897	3.3899166e-09	4787	60.1608646474802	False
Encenicline	19278	3.384083e-09	4788	60.1734321980646	False
Echinacoside	14812	3.3836445e-09	4789	60.18599974864899	False
Fesoterodine	15212	3.3832441e-09	4790	60.198567299233375	False
Benmoxin	20688	3.3821668e-09	4791	60.21113484981777	False
Cysteine	16281	3.3818377e-09	4792	60.22370240040216	False
Perindoprilat	21153	3.3763015e-09	4793	60.236269950986554	False
Quinupramine	21207	3.37428e-09	4794	60.24883750157094	False
1-(2,5-dideoxy-5-pyrrolidin-1-yl-beta-L-erythro-pentofuranosyl)-5-methylpyrimidine-2,4(1H,3H)-dione	19478	3.3722725e-09	4795	60.26140505215534	False
Climbazole	20526	3.369662e-09	4796	60.273972602739725	False
Labradimil	19667	3.3620802e-09	4797	60.28654015332412	False
N-[(5R,14R)-5-AMINO-5,14-DIMETHYL-4-OXO-3-OXA-18-AZATRICYCLO[15.3.1.1~7,11~]DOCOSA-1(21),7(22),8,10,17,19-HEXAEN-19-YL]-N-METHYLMETHANESULFONAMIDE	18239	3.3545347e-09	4798	60.299107703908504	False
Mineral oil	20990	3.3475294e-09	4799	60.311675254492904	False
SR 140333	17099	3.3473189e-09	4800	60.32424280507729	False
Calcium polycarbophil	21030	3.3438858e-09	4801	60.33681035566168	False
(5R)-2-sulfanyl-5-[4-(trifluoromethyl)benzyl]-1,3-thiazol-4(5H)-one	20025	3.3437644e-09	4802	60.34937790624607	False
Chlorbenzoxamine	20373	3.34305e-09	4803	60.36194545683047	False
Pirlimycin	21508	3.3406153e-09	4804	60.374513007414855	False
Seribantumab	21077	3.3389715e-09	4805	60.38708055799925	False
1alpha,24S-Dihydroxyvitamin D2	21487	3.3378258e-09	4806	60.399648108583634	False
INCB7839	19570	3.334809e-09	4807	60.41221565916802	False
Urofollitropin	17105	3.3310779e-09	4808	60.42478320975242	False
2,6-dicarboxynaphthalene	16427	3.3283407e-09	4809	60.437350760336805	False
N-Acetylalanine	17674	3.327801e-09	4810	60.449918310921205	False
Lactulose	20472	3.3277694e-09	4811	60.46248586150559	False
APD668	19506	3.3248764e-09	4812	60.475053412089984	False
Hydroxyethyl Starch	20799	3.3228347e-09	4813	60.48762096267437	False
Thymidine 5'-triphosphate	18843	3.322524e-09	4814	60.50018851325877	False
Choline alfoscerate	18900	3.3224608e-09	4815	60.512756063843156	False
N-Methyl-N-(Methylbenzyl)Formamide	15824	3.3218464e-09	4816	60.52532361442755	False
Meticillin	20406	3.321561e-09	4817	60.537891165011935	False
Pipobroman	21664	3.3186671e-09	4818	60.550458715596335	False
Metharbital	17065	3.3186036e-09	4819	60.56302626618072	False
Hexestrol	16397	3.3178127e-09	4820	60.575593816765114	False
Rabies virus inactivated antigen, A	20875	3.3128993e-09	4821	60.5881613673495	False
3'-phospho-5'-adenylyl sulfate	18175	3.3123304e-09	4822	60.6007289179339	False
S-{2-[Amino(Dihydroxy)-Lambda~4~-Sulfanyl]Ethyl}-D-Cysteine	16835	3.3098804e-09	4823	60.613296468518286	False
Lumateperone	14633	3.3073182e-09	4824	60.62586401910268	False
Pargyline	19223	3.3058614e-09	4825	60.63843156968707	False
N-[1-(2,6-dimethoxybenzyl)piperidin-4-yl]-4-sulfanylbutanamide	18255	3.3044805e-09	4826	60.65099912027145	False
Benzydamine	20684	3.3039513e-09	4827	60.66356667085585	False
9-deazainosine	16730	3.2990521e-09	4828	60.676134221440236	False
RH-1	18751	3.297423e-09	4829	60.688701772024636	False
3-(1H-indol-3-yl)-4-(1-{2-[(2S)-1-methylpyrrolidinyl]ethyl}-1H-indol-3-yl)-1H-pyrrole-2,5-dione	18766	3.293557e-09	4830	60.70126932260902	False
Parnaparin	20333	3.2895262e-09	4831	60.713836873193415	False
(1-HYDROXYNONANE-1,1-DIYL)BIS(PHOSPHONIC ACID)	19706	3.2871557e-09	4832	60.7264044237778	False
Metyrosine	17437	3.285488e-09	4833	60.7389719743622	False
JNJ-26489112	21390	3.281161e-09	4834	60.75153952494659	False
G17DT	20860	3.2811172e-09	4835	60.76410707553098	False
Catumaxomab	16824	3.2782772e-09	4836	60.776674626115366	False
Urochloa mutica pollen	21837	3.2770895e-09	4837	60.789242176699766	False
L-tartaric acid	14804	3.2770766e-09	4838	60.80180972728415	False
Lyme disease vaccine (recombinant OspA)	18712	3.2745027e-09	4839	60.814377277868545	False
Laevulinic Acid	16185	3.274209e-09	4840	60.82694482845293	False
Rutin	15521	3.2708323e-09	4841	60.83951237903733	False
Thyroid, porcine	14105	3.2688368e-09	4842	60.852079929621716	False
5-CHLORO-6-METHYL-N-(2-PHENYLETHYL)-2-PYRIDIN-2-YLPYRIMIDIN-4-AMINE	19975	3.2676772e-09	4843	60.864647480206116	False
Nicomorphine	21004	3.2621472e-09	4844	60.8772150307905	False
ACP-104	16320	3.2620229e-09	4845	60.88978258137489	False
Oxabolone cipionate	20834	3.2573968e-09	4846	60.90235013195928	False
Biperiden	15124	3.2545093e-09	4847	60.91491768254367	False
Dihydroetorphine	20980	3.2539258e-09	4848	60.92748523312807	False
Atezolizumab	19614	3.247044e-09	4849	60.94005278371245	False
ABC-294640	20198	3.2460965e-09	4850	60.952620334296846	False
Pidilizumab	21194	3.2439798e-09	4851	60.96518788488123	False
Chlormezanone	20599	3.2437013e-09	4852	60.97775543546563	False
Sargramostim	17495	3.243392e-09	4853	60.99032298605002	False
Entecavir	20478	3.2427363e-09	4854	61.00289053663441	False
Trilostane	16191	3.2419387e-09	4855	61.015458087218796	False
Tabalumab	21065	3.2399852e-09	4856	61.028025637803196	False
4-methyl-umbelliferyl-N-acetyl-chitobiose	19746	3.2380947e-09	4857	61.04059318838758	False
Ammonium lactate	20437	3.236551e-09	4858	61.05316073897198	False
(3,3-dimethylpiperidin-1-yl)(6-(3-fluoro-4-methylphenyl)pyridin-2-yl)methanone	16979	3.2342862e-09	4859	61.06572828955636	False
Plecanatide	19711	3.2336387e-09	4860	61.07829584014076	False
YSIL6	17587	3.2329726e-09	4861	61.09086339072515	False
CDP323	17419	3.2328307e-09	4862	61.10343094130953	False
Temozolomide	20336	3.2313636e-09	4863	61.11599849189393	False
Fluclorolone	20939	3.2309937e-09	4864	61.12856604247832	False
Selenomethionine	21866	3.2294964e-09	4865	61.14113359306271	False
1-(9-ethyl-9H-carbazol-3-yl)-N-methylmethanamine	19510	3.2225311e-09	4866	61.1537011436471	False
Phenylphosphate	17850	3.2224636e-09	4867	61.1662686942315	False
Mitoguazone	21739	3.2220089e-09	4868	61.178836244815884	False
Technetium Tc-99m nofetumomab merpentan	16231	3.2194718e-09	4869	61.19140379540028	False
3,6,9,12,15,18-HEXAOXAICOSANE	19739	3.2192506e-09	4870	61.20397134598466	False
Ginkgo biloba	15509	3.2150718e-09	4871	61.21653889656906	False
Adrafinil	21395	3.2129936e-09	4872	61.22910644715345	False
Etidocaine	20309	3.2119276e-09	4873	61.24167399773784	False
Talaporfin	20622	3.2061067e-09	4874	61.25424154832223	False
Fenethylline	15336	3.2017557e-09	4875	61.26680909890663	False
Anthoxanthum odoratum pollen	21831	3.2012857e-09	4876	61.27937664949101	False
omega interferon	17103	3.2010168e-09	4877	61.29194420007541	False
N-{2-methyl-5-[(6-phenylpyrimidin-4-yl)amino]phenyl}methanesulfonamide	18242	3.1975753e-09	4878	61.3045117506598	False
Tubocurarine	14857	3.1963803e-09	4879	61.31707930124419	False
4-(4-FLUOROBENZYL)PIPERIDINE	18241	3.1904352e-09	4880	61.32964685182858	False
Combretastatin	21721	3.1865797e-09	4881	61.342214402412964	False
OXI-4503	21486	3.1860996e-09	4882	61.354781952997364	False
Tetracaine	17652	3.179246e-09	4883	61.36734950358175	False
Ranirestat	17677	3.1766032e-09	4884	61.37991705416614	False
alpha-Fluoro-carboxymethyldethia coenzyme A complex	20048	3.1721228e-09	4885	61.39248460475053	False
SR11254	16481	3.1710037e-09	4886	61.40505215533493	False
Zinc ascorbate	20972	3.1706588e-09	4887	61.417619705919314	False
N1,N2-ETHYLENE-2-METHYLAMINO-4,5,6,7-TETRABROMO-BENZIMIDAZOLE	18807	3.166797e-09	4888	61.43018725650371	False
Somatrem	16272	3.1651906e-09	4889	61.44275480708809	False
Cyclobarbital	21371	3.1634344e-09	4890	61.45532235767249	False
Cordycepin	21593	3.1585385e-09	4891	61.46788990825688	False
Chlorphenoxamine	20986	3.1579364e-09	4892	61.48045745884127	False
5-[1-(4-methoxyphenyl)-1H-benzimidazol-6-yl]-1,3,4-oxadiazole-2(3H)-thione	18435	3.1572736e-09	4893	61.493025009425665	False
Forodesine	16740	3.1567078e-09	4894	61.50559256001006	False
Besifloxacin	15364	3.156172e-09	4895	61.518160110594444	False
Pacritinib	21500	3.1542644e-09	4896	61.530727661178844	False
Antihemophilic Factor (Recombinant), PEGylated	14556	3.152033e-09	4897	61.54329521176323	False
7-Hydroxy-2-Oxo-Chromene-3-Carboxylic Acid Ethyl Ester	19136	3.1519007e-09	4898	61.55586276234762	False
Pivagabine	21315	3.1506624e-09	4899	61.56843031293201	False
2'-Deoxyguanosine-5'-Diphosphate	19438	3.1503322e-09	4900	61.580997863516394	False
Cefozopran	20764	3.1493108e-09	4901	61.593565414100794	False
BETA-METHYLLACTOSIDE	16603	3.1491603e-09	4902	61.60613296468518	False
PPI-2458	18939	3.1461107e-09	4903	61.61870051526957	False
Gabapentin	14709	3.1444969e-09	4904	61.63126806585396	False
4-Hydroxy-Aconitate Ion	20085	3.1443408e-09	4905	61.64383561643836	False
DAS-431 IV	17543	3.1429501e-09	4906	61.656403167022745	False
Calcium glucoheptonate	20419	3.140355e-09	4907	61.66897071760714	False
Tesevatinib	17357	3.1402054e-09	4908	61.681538268191524	False
6-[2-(1H-INDOL-6-YL)ETHYL]PYRIDIN-2-AMINE	18243	3.140002e-09	4909	61.694105818775924	False
Anagliptin	20519	3.1362133e-09	4910	61.70667336936031	False
Ubiquinone Q2	18138	3.1348855e-09	4911	61.71924091994471	False
Phenylephrine	14881	3.1338572e-09	4912	61.731808470529096	False
MLN2222	19018	3.131903e-09	4913	61.74437602111349	False
Verubecestat	18263	3.1313356e-09	4914	61.756943571697875	False
Benzhydrocodone	21033	3.130022e-09	4915	61.769511122282275	False
Muplestim	21622	3.1285239e-09	4916	61.78207867286666	False
Inotersen	20435	3.1274319e-09	4917	61.794646223451046	False
LG-100268	16277	3.1209664e-09	4918	61.80721377403544	False
2,8-bis[oxido(oxo)vanadio]-1,1,1,3,5,5,7,7,9,9,9-undecaoxopentavanadoxane-2,8-diium	20104	3.1208356e-09	4919	61.819781324619825	False
(S)-Hmg-Coa	17408	3.119479e-09	4920	61.832348875204225	False
1-(1-methylethyl)-3-quinolin-6-yl-1H-pyrazolo[3,4-d]pyrimidin-4-amine	17868	3.1193064e-09	4921	61.84491642578861	False
Melitracen	21208	3.118063e-09	4922	61.857483976373004	False
N-[2-(METHYLAMINO)ETHYL]-5-ISOQUINOLINESULFONAMIDE	19812	3.1179381e-09	4923	61.87005152695739	False
Ixekizumab	20161	3.1142593e-09	4924	61.88261907754179	False
1-DECYL-3-TRIFLUORO ETHYL-SN-GLYCERO-2-PHOSPHOMETHANOL	19947	3.1119671e-09	4925	61.895186628126176	False
Bardoxolone methyl	19627	3.1108218e-09	4926	61.907754178710576	False
Methocarbamol	16790	3.1107565e-09	4927	61.920321729294955	False
Lexatumumab	19599	3.1102345e-09	4928	61.932889279879355	False
Galsulfase	17948	3.1094989e-09	4929	61.94545683046374	False
Thiostrepton	21585	3.10922e-09	4930	61.95802438104814	False
Chloroform	21512	3.1084435e-09	4931	61.970591931632526	False
Adenylosuccinic acid	19273	3.1082181e-09	4932	61.98315948221692	False
Xylitol	20583	3.1003844e-09	4933	61.995727032801305	False
Capromab pendetide	17403	3.0967677e-09	4934	62.008294583385705	False
rNAPc2	16641	3.0939338e-09	4935	62.02086213397009	False
4-(2-Aminoethyl)Benzenesulfonyl Fluoride	17387	3.092966e-09	4936	62.03342968455448	False
Atracurium besylate	17648	3.091362e-09	4937	62.04599723513887	False
Diatrizoate	20786	3.0904836e-09	4938	62.058564785723256	False
Tritoqualine	21551	3.0904128e-09	4939	62.071132336307656	False
Natalizumab	17417	3.090012e-09	4940	62.08369988689204	False
m-Hydroxyhippuric acid	17109	3.0897527e-09	4941	62.096267437476435	False
1-(4-Aminophenyl)-3,5-Dimethyl-1h-Pyrazole-4-Carboxylic Acid Ethyl Ester	18865	3.0866072e-09	4942	62.10883498806082	False
Diamino-N-[3-(1,3,2-dioxaborolan-2-yloxy)propyl]methaniminium	18952	3.08596e-09	4943	62.12140253864522	False
Peginterferon alfacon-1	21529	3.084924e-09	4944	62.13397008922961	False
Salvinorin A	21302	3.0805318e-09	4945	62.14653763981401	False
9-ACETYL-2,3,4,9-TETRAHYDRO-1H-CARBAZOL-1-ONE	20031	3.0787637e-09	4946	62.15910519039839	False
2-[({4-[2-(trifluoromethyl)phenyl]piperidin-1-yl}carbonyl)amino]benzoic acid	14057	3.0767031e-09	4947	62.171672740982785	False
TNP-470	18946	3.0737997e-09	4948	62.18424029156717	False
O6-(R)-ROSCOVITINE, R-2-(6-BENZYLOXY-9-ISOPROPYL-9H-PURIN-2-YLAMINO)-BUTAN-1-OL	16049	3.0727856e-09	4949	62.19680784215157	False
Thiopropazate	21355	3.0647844e-09	4950	62.20937539273596	False
(1S,2S,3R,6R)-4-(hydroxymethyl)-6-(octylamino)cyclohex-4-ene-1,2,3-triol	19659	3.0639018e-09	4951	62.22194294332035	False
9-DEAZAINOSINE-2',3'-O-ETHYLIDENEPHOSPHONATE	16737	3.0615241e-09	4952	62.234510493904736	False
5'-deoxy-5'-piperidin-1-ylthymidine	19477	3.061174e-09	4953	62.24707804448912	False
Safrazine	20693	3.0582556e-09	4954	62.25964559507352	False
(9R,10R)-9-(S-glutathionyl)-10-hydroxy-9,10-dihydrophenanthrene	17785	3.0580283e-09	4955	62.27221314565791	False
2-MERCAPTO-N-[1,2,3,10-TETRAMETHOXY-9-OXO-5,6,7,9-TETRAHYDRO-BENZO[A]HEPTALEN-7-YL]ACETAMIDE	18847	3.0572818e-09	4956	62.2847806962423	False
PAS219	17847	3.0571479e-09	4957	62.29734824682669	False
Poractant alfa	20470	3.0564715e-09	4958	62.30991579741109	False
Prochlorperazine	15100	3.0466352e-09	4959	62.32248334799547	False
ANX-510	16966	3.0445089e-09	4960	62.335050898579865	False
Amelubant	19639	3.0417402e-09	4961	62.34761844916426	False
Methylselenocysteine	21726	3.0417229e-09	4962	62.36018599974865	False
Crotalus adamanteus antivenin	14627	3.0391596e-09	4963	62.37275355033304	False
Tacalcitol	21517	3.0361873e-09	4964	62.38532110091744	False
Fluasterone	21658	3.0305811e-09	4965	62.39788865150182	False
Phenyl aminosalicylate	20672	3.0301763e-09	4966	62.410456202086216	False
Antilymphocyte immunoglobulin (horse)	20871	3.028986e-09	4967	62.4230237526706	False
Epoprostenol	16331	3.0261913e-09	4968	62.435591303255	False
Sulfadicramide	21322	3.024258e-09	4969	62.44815885383939	False
Ceftaroline fosamil	20670	3.0194742e-09	4970	62.46072640442378	False
Triazolam	14976	3.0161185e-09	4971	62.47329395500817	False
Nitroxoline	18931	3.015992e-09	4972	62.48586150559255	False
Dasotraline	17316	3.014968e-09	4973	62.49842905617695	False
7A-[(4-cyanophenyl)methyl]-6-(3,5-dichlorophenyl)-5-oxo-2,3,5,7A-tetrahydro-1H-pyrrolo[1,2-A]pyrrole-7-carbonitrile	17364	3.0146863e-09	4974	62.51099660676134	False
(R)-pyridin-4-yl[4-(2-pyrrolidin-1-ylethoxy)phenyl]methanol	19001	3.0145886e-09	4975	62.52356415734573	False
5-(HEXAHYDRO-2-OXO-1H-THIENO[3,4-D]IMIDAZOL-6-YL)PENTANAL	17579	3.0131804e-09	4976	62.53613170793012	False
Hyaluronidase (human recombinant)	18233	3.0115312e-09	4977	62.54869925851452	False
Turoctocog alfa	16179	3.0113014e-09	4978	62.5612668090989	False
L-thioproline	19991	3.01129e-09	4979	62.5738343596833	False
Pentosan polysulfate	16975	3.0101415e-09	4980	62.58640191026769	False
Sphinxolide B	19187	3.0070597e-09	4981	62.59896946085208	False
Ricolinostat	20910	3.0061078e-09	4982	62.61153701143647	False
Drostanolone propionate	20630	3.0028529e-09	4983	62.62410456202087	False
5-[4-(DIMETHYLAMINO)PHENYL]-6-[(6-MORPHOLIN-4-YLPYRIDIN-3-YL)ETHYNYL]PYRIMIDIN-4-AMINE	19691	3.0015073e-09	4984	62.636672112605254	False
Marbofloxacin	21582	2.9959135e-09	4985	62.64923966318965	False
Japanese encephalitis virus strain sa 14-14-2 antigen (formaldehyde inactivated)	20883	2.9939826e-09	4986	62.66180721377403	False
Indoprofen	20677	2.993686e-09	4987	62.67437476435843	False
L-Dilinoleoyllecithin	18130	2.9914768e-09	4988	62.68694231494282	False
Budipine	21851	2.989777e-09	4989	62.69950986552721	False
Mant-Adp	19925	2.9833855e-09	4990	62.7120774161116	False
N-[5-(ETHYLSULFONYL)-2-METHOXYPHENYL]-5-[3-(2-PYRIDINYL)PHENYL]-1,3-OXAZOL-2-AMINE	17050	2.9824923e-09	4991	62.72464496669598	False
L-alanyl-N-[(1S,2R)-1-benzyl-2-hydroxypropyl]-L-alaninamide	19994	2.982026e-09	4992	62.73721251728038	False
5-CYANO-N-(2,5-DIMETHOXYBENZYL)-6-ETHOXYPYRIDINE-2-CARBOXAMIDE	19862	2.981224e-09	4993	62.74978006786477	False
Cinacalcet	15135	2.9809228e-09	4994	62.76234761844917	False
Lucinactant	20466	2.980684e-09	4995	62.77491516903355	False
Clinofibrate	16263	2.9806158e-09	4996	62.78748271961795	False
Pidotimod	20821	2.979962e-09	4997	62.800050270202334	False
1,1,1,3,3,3-HEXAFLUORO-2-{4-[(2,2,2-TRIFLUOROETHYL)AMINO]PHENYL}PROPAN-2-OL	18958	2.9778087e-09	4998	62.812617820786734	False
Phenyltoloxamine	20294	2.975197e-09	4999	62.82518537137112	False
Selenium (75Se) norcholesterol	21868	2.9712386e-09	5000	62.83775292195551	False
Deacetoxycephalosporin C	21636	2.970502e-09	5001	62.8503204725399	False
Dichloralphenazone	21245	2.9692728e-09	5002	62.8628880231243	False
5-aminonaphthalene-2-sulfonic acid	17557	2.9644458e-09	5003	62.875455573708685	False
N-[O-Phosphono-Pyridoxyl]-Isoleucine	17617	2.9640275e-09	5004	62.88802312429308	False
5-BROMO-2-{[(4-CHLOROPHENYL)SULFONYL]AMINO}BENZOIC ACID	18940	2.963157e-09	5005	62.90059067487746	False
Imexon	16973	2.9608747e-09	5006	62.91315822546186	False
2-deoxy-2-fluoro-alpha-D-mannosyl fluoride	19653	2.9537337e-09	5007	62.92572577604625	False
Descarboxy-nor-N(Omega)-Hydroxy-L-Arginine	16838	2.953508e-09	5008	62.938293326630635	False
1,2,3,4-Tetrahydro-Isoquinoline-7-Sulfonic Acid Amide	17959	2.9527985e-09	5009	62.95086087721503	False
Glucarpidase	21619	2.9496405e-09	5010	62.963428427799414	False
Abetimus	20868	2.9488247e-09	5011	62.975995978383814	False
Benznidazole	20645	2.9377432e-09	5012	62.9885635289682	False
Butalbital	17062	2.935469e-09	5013	63.0011310795526	False
Guanoxabenz	21138	2.9326317e-09	5014	63.013698630136986	False
2-Aminobenzyl alcohol	19120	2.9304121e-09	5015	63.02626618072138	False
Aminolevulinic acid	16183	2.9267702e-09	5016	63.038833731305765	False
Lortalamine	21270	2.9262732e-09	5017	63.051401281890165	False
Bevacizumab zirconium Zr-89	21166	2.9258937e-09	5018	63.06396883247455	False
ORM-12741	21548	2.922982e-09	5019	63.076536383058944	False
Clebopride	21847	2.9214604e-09	5020	63.08910393364333	False
4-[3-(3-NITROPHENYL)-1,2,4-OXADIAZOL-5-YL]BUTANOIC ACID	17686	2.920335e-09	5021	63.10167148422773	False
Idazoxan	21409	2.9203295e-09	5022	63.114239034812115	False
Murepavadin	21611	2.9190987e-09	5023	63.12680658539651	False
N1-(2-AMINO-4-METHYLPENTYL)OCTAHYDRO-PYRROLO[1,2-A] PYRIMIDINE	19901	2.9177518e-09	5024	63.139374135980894	False
Oxiracetam	21361	2.9148148e-09	5025	63.151941686565294	False
Erythropoietin	17537	2.9137364e-09	5026	63.16450923714968	False
3-Bromo-7-Nitroindazole	15917	2.9118252e-09	5027	63.177076787734066	False
Obinutuzumab	16230	2.9105038e-09	5028	63.18964433831846	False
Mefloquine	14701	2.9087057e-09	5029	63.20221188890285	False
SD118	17399	2.9067866e-09	5030	63.214779439487245	False
RU78299	17856	2.9052183e-09	5031	63.22734699007163	False
ABT-510	16513	2.905074e-09	5032	63.23991454065603	False
Troxerutin	20719	2.9040104e-09	5033	63.25248209124042	False
Guacetisal	20753	2.90339e-09	5034	63.26504964182481	False
Telisotuzumab vedotin	21180	2.900169e-09	5035	63.277617192409195	False
Magnesium acetate tetrahydrate	20145	2.8979847e-09	5036	63.290184742993596	False
NPI 32101	19192	2.8973048e-09	5037	63.30275229357798	False
Normethadone	20994	2.8915028e-09	5038	63.315319844162374	False
Progabide	16673	2.8887024e-09	5039	63.32788739474676	False
Uridine-2',3'-vanadate	19472	2.8886362e-09	5040	63.34045494533116	False
(S)-2-((S)-3-isobutyl-2,5-dioxo-4-quinolin-3-ylmethyl-[1,4]diazepan-1yl)-N-methyl-3-naphtalen-2-yl-propionamide	17363	2.8863012e-09	5041	63.353022495915546	False
SP2456	18388	2.8862133e-09	5042	63.36559004649994	False
2-(1,3-benzodioxol-5-yl)-5-[(3-fluoro-4-methoxybenzyl)sulfanyl]-1,3,4-oxadiazole	18434	2.8857947e-09	5043	63.378157597084325	False
Reslizumab	18798	2.8854426e-09	5044	63.39072514766871	False
Phenylmercuric nitrate	20612	2.8847986e-09	5045	63.40329269825311	False
Guanethidine	17308	2.882769e-09	5046	63.4158602488375	False
D-Myo-Inositol-1,4-Bisphosphate	20038	2.8812739e-09	5047	63.4284277994219	False
1-Guanidinium-7-Aminoheptane	18688	2.880856e-09	5048	63.44099535000628	False
Ramoplanin	21570	2.8794882e-09	5049	63.453562900590676	False
(2E)-N-{4-[(3-bromophenyl)amino]quinazolin-6-yl}-4-(dimethylamino)but-2-enamide	17871	2.87856e-09	5050	63.46613045117506	False
Cathine	39893	2.8764857e-09	5051	63.47869800175946	False
Xaliproden	16862	2.8738754e-09	5052	63.49126555234385	False
Clomifene	14686	2.868503e-09	5053	63.50383310292824	False
1,1,1-TRIFLUORO-3-ACETAMIDO-4-PHENYL BUTAN-2-ONE(N-ACETYL-L-PHENYLALANYL TRIFLUOROMETHYL KETONE)	19679	2.868005e-09	5054	63.516400653512626	False
Gemeprost	17038	2.8666431e-09	5055	63.528968204097026	False
Anidulafungin	20433	2.8660039e-09	5056	63.54153575468141	False
Guaifenesin	20157	2.8623108e-09	5057	63.554103305265805	False
2-Chlorodideoxyadenosine	18714	2.8593314e-09	5058	63.56667085585019	False
12-Hydroxydodecanoic Acid	15952	2.8547593e-09	5059	63.57923840643459	False
Heptabarbital	17068	2.8511082e-09	5060	63.59180595701898	False
Oltipraz	21717	2.8506297e-09	5061	63.60437350760337	False
Tocladesine	21742	2.8486513e-09	5062	63.61694105818776	False
Brefeldin A	15585	2.847065e-09	5063	63.62950860877214	False
Frovatriptan	15320	2.8452085e-09	5064	63.64207615935654	False
Leptin	19503	2.8446008e-09	5065	63.65464370994093	False
AR-AO-14418	18432	2.8443568e-09	5066	63.66721126052533	False
Camazepam	20131	2.8438305e-09	5067	63.67977881110971	False
5-[4-Tert-Butylphenylsulfanyl]-2,4-Quinazolinediamine	19949	2.8418894e-09	5068	63.692346361694106	False
Biphenylalanine	19401	2.841835e-09	5069	63.70491391227849	False
Cefoxitin	20414	2.8404639e-09	5070	63.71748146286289	False
Cerulenin	18189	2.8392344e-09	5071	63.73004901344728	False
1-Hydroxy-2-S-glutathionyl-3-para-nitrophenoxy-propane	17794	2.8388878e-09	5072	63.74261656403167	False
Harmaline	19346	2.8382163e-09	5073	63.75518411461606	False
4-({(2R,5S)-2,5-DIMETHYL-4-[(2R)-3,3,3-TRIFLUORO-2-HYDROXY-2-METHYLPROPANOYL]PIPERAZIN-1-YL}CARBONYL)BENZONITRILE	20027	2.838173e-09	5074	63.76775166520046	False
ISO24	17854	2.8372478e-09	5075	63.78031921578484	False
1,3,2-Dioxaborolan-2-Ol	18955	2.8314848e-09	5076	63.792886766369236	False
Gestonorone	20726	2.8296006e-09	5077	63.80545431695362	False
Milatuzumab	21129	2.828338e-09	5078	63.81802186753802	False
Ulapualide A	19179	2.8276366e-09	5079	63.83058941812241	False
Ravuconazole	21492	2.8253833e-09	5080	63.84315696870681	False
Amitifadine	17312	2.8247367e-09	5081	63.85572451929119	False
6-PHENYL[5H]PYRROLO[2,3-B]PYRAZINE	17998	2.8246396e-09	5082	63.86829206987558	False
Ceforanide	20655	2.8232015e-09	5083	63.88085962045997	False
Konjac mannan	21031	2.8228353e-09	5084	63.89342717104436	False
Hepatitis B Vaccine (Recombinant)	20902	2.8223992e-09	5085	63.90599472162876	False
(2S)-1-(6H-INDOL-3-YL)-3-{[5-(7H-PYRAZOLO[3,4-C]PYRIDIN-5-YL)PYRIDIN-3-YL]OXY}PROPAN-2-AMINE	19799	2.8212368e-09	5086	63.918562272213144	False
9,10-Deepithio-9,10-Didehydroacanthifolicin	18901	2.8210647e-09	5087	63.93112982279754	False
Talbutal	17063	2.8189615e-09	5088	63.94369737338192	False
Capreomycin	20428	2.8133753e-09	5089	63.95626492396632	False
2-chloroethyl-3-sarcosinamide-1-nitrosourea	21686	2.8133054e-09	5090	63.96883247455071	False
Dilazep	21929	2.8108917e-09	5091	63.9814000251351	False
Mosapride	21288	2.8054232e-09	5092	63.99396757571949	False
6-(2,4-DIAMINO-6-ETHYLPYRIMIDIN-5-YL)-4-(3-METHOXYPROPYL)-2,2-DIMETHYL-2H-1,4-BENZOXAZIN-3(4H)-ONE	16816	2.804594e-09	5093	64.00653512630389	False
Lometrexol	21729	2.8044176e-09	5094	64.01910267688827	False
Ponezumab	21183	2.8019098e-09	5095	64.03167022747267	False
Bimagrumab	21113	2.8014182e-09	5096	64.04423777805705	False
5beta-dihydrotestosterone	19714	2.799677e-09	5097	64.05680532864146	False
7-Deazaguanine	21251	2.7955576e-09	5098	64.06937287922584	False
Flumazenil	17301	2.7943847e-09	5099	64.08194042981023	False
Rimiterol	21419	2.7922855e-09	5100	64.09450798039462	False
N-[3-[(1-Aminoethyl)(Hydroxy)Phosphoryl]-2-(1,1'-Biphenyl-4-Ylmethyl)Propanoyl]Alanine	16779	2.7922695e-09	5101	64.107075530979	False
Prostaglandin D2	17423	2.787693e-09	5102	64.11964308156341	False
N-Hydroxy-4-Phosphono-Butanamide	19902	2.784595e-09	5103	64.13221063214779	False
GSK-2636771	21690	2.783756e-09	5104	64.14477818273218	False
4-(1,3,2-Dioxaborolan-2-Yloxy)Butan-1-Aminium	18949	2.7819884e-09	5105	64.15734573331657	False
2(S)-Amino-6-Boronohexanoic Acid	16832	2.7815479e-09	5106	64.16991328390097	False
Ancrod	17383	2.7773916e-09	5107	64.18248083448536	False
Tyropanoic acid	14760	2.7771956e-09	5108	64.19504838506975	False
Sarizotan	16863	2.77017e-09	5109	64.20761593565413	False
Factor XIII (human)	20717	2.7700484e-09	5110	64.22018348623854	False
Aetiocholanolone	17989	2.7699745e-09	5111	64.23275103682292	False
5-{[1-(2,3-dichlorobenzyl)piperidin-4-yl]methoxy}quinazoline-2,4-diamine	18825	2.7696894e-09	5112	64.24531858740733	False
Yersinia pestis 195/p antigen (formaldehyde inactivated)	20958	2.7689497e-09	5113	64.2578861379917	False
4-AMINO-2-OCTYLOXY-6-HYDROXYMETHYL-TETRAHYDRO-PYRAN-3,5-DIOL	16606	2.7662788e-09	5114	64.2704536885761	False
NU1025	19020	2.766268e-09	5115	64.28302123916049	False
Toloxatone	14906	2.7656086e-09	5116	64.29558878974488	False
Regadenoson	18123	2.7615445e-09	5117	64.30815634032928	False
methyl 4-(2,3-dihydroxy-5-methylphenoxy)-2-hydroxy-6-methylbenzoate	18199	2.7613285e-09	5118	64.32072389091365	False
Rilapladib	19320	2.758865e-09	5119	64.33329144149805	False
N-{(3S,4S)-4-[(6-AMINO-4-METHYLPYRIDIN-2-YL)METHYL]PYRROLIDIN-3-YL}-N'-(4-CHLOROBENZYL)ETHANE-1,2-DIAMINE	16245	2.756924e-09	5120	64.34585899208244	False
Coenzyme A	17334	2.7563034e-09	5121	64.35842654266683	False
Adrenalone	21899	2.755704e-09	5122	64.37099409325123	False
Spiramycin	21571	2.7521165e-09	5123	64.38356164383562	False
S-propylamine-L-cysteine	16841	2.751555e-09	5124	64.39612919442	False
Sulbentine	20640	2.7507154e-09	5125	64.4086967450044	False
Deoxycytidylyl-3',5'-guanosine	19470	2.7506628e-09	5126	64.42126429558878	False
Ketazolam	14345	2.7484446e-09	5127	64.43383184617318	False
Iobenguane	20220	2.745568e-09	5128	64.44639939675757	False
N-[amino(imino)methyl]-2-[2-(2-chlorophenyl)-4-(4-propoxyphenyl)-3-thienyl]acetamide	18240	2.7425846e-09	5129	64.45896694734196	False
Declopramide	17665	2.741199e-09	5130	64.47153449792636	False
Olomoucine	17994	2.7406917e-09	5131	64.48410204851075	False
MB07811	16886	2.7396256e-09	5132	64.49666959909514	False
(5-CHLORO-2-{[(3-NITROBENZYL)AMINO]CARBONYL}PHENOXY)ACETIC ACID	17680	2.7374945e-09	5133	64.50923714967954	False
N-[4-(4-nitrophenylphospho)butanoyl]-D-alanine	19414	2.733331e-09	5134	64.52180470026391	False
Amediplase	20671	2.7330496e-09	5135	64.5343722508483	False
Iron sucrose	20539	2.7309652e-09	5136	64.5469398014327	False
CUDC-907	20906	2.7228668e-09	5137	64.55950735201709	False
Ocrelizumab	16232	2.7213611e-09	5138	64.57207490260149	False
Levorphanol	17151	2.7193428e-09	5139	64.58464245318586	False
Hygromycin B	20823	2.7180878e-09	5140	64.59721000377027	False
(2-CARBAMOYLMETHYL-5-PROPYL-OCTAHYDRO-INDOL-7-YL)ACETIC ACID	19837	2.7179634e-09	5141	64.60977755435465	False
(3Z)-1-[(6-fluoro-4H-1,3-benzodioxin-8-yl)methyl]-4-[(E)-2-phenylethenyl]-1H-indole-2,3-dione 3-oxime	18600	2.7172948e-09	5142	64.62234510493904	False
Butalamine	21928	2.7140679e-09	5143	64.63491265552344	False
5-[(1S)-1-(3-chlorophenyl)ethoxy]quinazoline-2,4-diamine	18826	2.7119875e-09	5144	64.64748020610783	False
Prednimustine	21730	2.7117497e-09	5145	64.66004775669222	False
Taranabant	21258	2.7103535e-09	5146	64.67261530727662	False
Niperotidine	20847	2.707708e-09	5147	64.68518285786101	False
Phosphoglycolohydroxamic Acid	19903	2.7073257e-09	5148	64.6977504084454	False
(5S)-5-Iododihydro-2,4(1H,3H)-pyrimidinedione	18190	2.7069746e-09	5149	64.71031795902978	False
Pertuzumab	17355	2.7052351e-09	5150	64.72288550961419	False
Quinidine barbiturate	16501	2.704611e-09	5151	64.73545306019857	False
Quingestanol acetate	20779	2.702672e-09	5152	64.74802061078296	False
Motexafin lutetium	21897	2.7023885e-09	5153	64.76058816136735	False
Colestipol	20962	2.7011364e-09	5154	64.77315571195173	False
Calcium ascorbate	21211	2.6989528e-09	5155	64.78572326253614	False
Azaperone	21275	2.69762e-09	5156	64.79829081312052	False
IDD594	17689	2.6973472e-09	5157	64.81085836370491	False
Hydroxytyrosol	20716	2.6973266e-09	5158	64.8234259142893	False
N-({(2S,3S)-3-[(BENZYLAMINO)CARBONYL]OXIRAN-2-YL}CARBONYL)-L-ISOLEUCYL-L-PROLINE	18152	2.694781e-09	5159	64.8359934648737	False
7-[(3-CHLOROBENZYL)OXY]-4-[(METHYLAMINO)METHYL]-2H-CHROMEN-2-ONE	19227	2.6945601e-09	5160	64.84856101545809	False
Benzonatate	14847	2.6940206e-09	5161	64.86112856604248	False
5-hydroxyvaleric acid	16190	2.6940101e-09	5162	64.87369611662686	False
Clofibride	20979	2.694005e-09	5163	64.88626366721127	False
DEHYDRO-2(S)-AMINO-6-BORONOHEXANOIC ACID	16840	2.6918685e-09	5164	64.89883121779565	False
Basifungin	21609	2.6885125e-09	5165	64.91139876838005	False
2'-deoxycytidine-2'-deoxyadenosine-3',5'-monophosphate	19464	2.6848335e-09	5166	64.92396631896443	False
(R)-1-(4-(4-(Hydroxymethyl)-1,3,2-dioxaborolan-2-YL)phenethyl)guanidine	18366	2.6836762e-09	5167	64.93653386954882	False
Sufentanil	15459	2.6800597e-09	5168	64.94910142013322	False
Potassium Iodide	20302	2.6796456e-09	5169	64.96166897071761	False
Bromodiphenhydramine	17242	2.6795384e-09	5170	64.974236521302	False
Pegteograstim	21626	2.6794618e-09	5171	64.9868040718864	False
Human blood group H type 1 trisaccharide	16601	2.6793492e-09	5172	64.99937162247078	False
Peginesatide	17539	2.6784244e-09	5173	65.01193917305517	False
Carbimazole	14815	2.6749272e-09	5174	65.02450672363956	False
RU78300	17851	2.6700644e-09	5175	65.03707427422395	False
Pentamycin	21601	2.6690359e-09	5176	65.04964182480835	False
Cintredekin Besudotox	19347	2.6683842e-09	5177	65.06220937539273	False
Tedizolid	14896	2.6660798e-09	5178	65.07477692597713	False
Phalaris minor pollen	21844	2.6580371e-09	5179	65.08734447656151	False
9-(N-methyl-L-isoleucine)-cyclosporin A	20925	2.6574287e-09	5180	65.0999120271459	False
Choline C 11	20813	2.6541918e-09	5181	65.1124795777303	False
gamma-carboxy-L-glutamic acid	16095	2.6540905e-09	5182	65.12504712831469	False
Profenamine	14840	2.6422813e-09	5183	65.13761467889908	False
Gepefrine	21424	2.6400948e-09	5184	65.15018222948348	False
Moxidectin	20569	2.636653e-09	5185	65.16274978006787	False
Phenmetrazine	17306	2.6362608e-09	5186	65.17531733065226	False
Halazepam	20130	2.6360698e-09	5187	65.18788488123664	False
Tecastemizole	16304	2.6341795e-09	5188	65.20045243182105	False
(S)-Aspartimide	19751	2.6311266e-09	5189	65.21301998240543	False
Ademetionine	14681	2.6289446e-09	5190	65.22558753298982	False
Lerdelimumab	21059	2.6250313e-09	5191	65.23815508357421	False
3,5-Diiodotyrosine	19066	2.6240403e-09	5192	65.25072263415859	False
Lucatumumab	18770	2.623765e-09	5193	65.263290184743	False
Leronlimab	18040	2.6218692e-09	5194	65.27585773532738	False
(11S)-8-CHLORO-11-[1-(METHYLSULFONYL)PIPERIDIN-4-YL]-6-PIPERAZIN-1-YL-11H-BENZO[5,6]CYCLOHEPTA[1,2-B]PYRIDINE	19295	2.61907e-09	5195	65.28842528591177	False
2-(3'-Methoxyphenyl) Benzimidazole-4-Carboxamide	19025	2.6185405e-09	5196	65.30099283649616	False
CCX915	19547	2.6176317e-09	5197	65.31356038708056	False
1-{(2S,5S)-4-FLUORO-5-[(TRITYLOXY)METHYL]TETRAHYDROFURAN-2-YL}PYRIMIDINE-2,4(1H,3H)-DIONE	18797	2.6161544e-09	5198	65.32612793766495	False
Reidispongiolide A	19185	2.6147573e-09	5199	65.33869548824934	False
(8alpha,10alpha,13alpha,17beta)-17-[(4-hydroxyphenyl)carbonyl]androsta-3,5-diene-3-carboxylic acid	19112	2.6144882e-09	5200	65.35126303883374	False
A-620223	19028	2.613152e-09	5201	65.36383058941813	False
3-(2-Aminoethyl)-4-(Aminomethyl)Heptanedioic Acid	16188	2.607735e-09	5202	65.37639814000251	False
5-(5-chloro-7H-pyrrolo[2,3-d]pyrimidin-4-yl)-4,5,6,7-tetrahydro-1H-imidazo[4,5-c]pyridine	17213	2.605433e-09	5203	65.38896569058691	False
Metocurine	17396	2.6048517e-09	5204	65.4015332411713	False
2-(2-{2-[2-(2-{2-[2-(2-Ethoxy-Ethoxy)-Ethoxy]-Ethoxy}-Ethoxy)-Ethoxy]-Ethoxy}-Ethoxy)-Ethanol, Polyethyleneglycol Peg400	19426	2.6042157e-09	5205	65.41410079175569	False
4-[(10s,14s,18s)-18-(2-Amino-2-Oxoethyl)-14-(1-Naphthylmethyl)-8,17,20-Trioxo-7,16,19-Triazaspiro[5.14]Icos-11-En-10-Yl]Benzylphosphonic Acid	18099	2.601912e-09	5206	65.42666834234008	False
Lafutidine	20830	2.600771e-09	5207	65.43923589292447	False
IDD552	17676	2.6002551e-09	5208	65.45180344350887	False
Sobetirome	16887	2.6001012e-09	5209	65.46437099409324	False
Castanospermine	20858	2.5977616e-09	5210	65.47693854467764	False
4-[(1S)-1-(3-fluoro-4-methoxyphenyl)-2-(2-methoxy-5-nitrophenyl)ethyl]-1H-imidazol-2-amine	18250	2.5945082e-09	5211	65.48950609526203	False
Dextran	20694	2.5904336e-09	5212	65.50207364584642	False
SUVN-502	18163	2.5874018e-09	5213	65.51464119643082	False
3-(1H-indol-3-yl)-4-{1-[2-(1-methylpyrrolidin-2-yl)ethyl]-1H-indol-3-yl}-1H-pyrrole-2,5-dione	19802	2.5873919e-09	5214	65.52720874701521	False
Ropinirole	15291	2.585172e-09	5215	65.53977629759959	False
(1,2,6,7-3H)Testosterone	20775	2.5845264e-09	5216	65.552343848184	False
Motuporin	18903	2.5827571e-09	5217	65.56491139876837	False
Apadenoson	18121	2.582698e-09	5218	65.57747894935278	False
Sulfaguanidine	21370	2.5824765e-09	5219	65.59004649993716	False
Mesterolone	21359	2.581073e-09	5220	65.60261405052155	False
1-(4-HEXYLPHENYL)PROP-2-EN-1-ONE	16888	2.5794635e-09	5221	65.61518160110595	False
Misonidazole	21640	2.5717999e-09	5222	65.62774915169034	False
Indobufen	20714	2.5710791e-09	5223	65.64031670227473	False
N-METHYL-1-[4-(9H-PURIN-6-YL)PHENYL]METHANAMINE	19804	2.56953e-09	5224	65.65288425285912	False
Benazeprilat	21149	2.5631566e-09	5225	65.6654518034435	False
5-Heptyl-6-hydroxy-1,3-benzothiazole-4,7-dione	18133	2.5624771e-09	5226	65.6780193540279	False
(1S,2S,5S)2-(4-GLUTARIDYLBENZYL)-5-PHENYL-1-CYCLOHEXANOL	19410	2.5568432e-09	5227	65.69058690461229	False
Amobarbital	17066	2.5567115e-09	5228	65.70315445519668	False
Cyclofenil	21883	2.5490667e-09	5229	65.71572200578107	False
CCR5 mAb	18039	2.5479683e-09	5230	65.72828955636545	False
Ramiprilat	21151	2.5453064e-09	5231	65.74085710694986	False
4-methoxybenzenesulfinate	18205	2.5427396e-09	5232	65.75342465753424	False
Rituximab	16226	2.5404951e-09	5233	65.76599220811865	False
Furazolidone	14883	2.53459e-09	5234	65.77855975870303	False
Milataxel	16029	2.5329276e-09	5235	65.79112730928742	False
Cephalosporin analog	21634	2.5327391e-09	5236	65.80369485987181	False
N-[3-(aminomethyl)benzyl]acetamidine	15918	2.5320777e-09	5237	65.8162624104562	False
Valomaciclovir	21256	2.531788e-09	5238	65.8288299610406	False
Doxofylline	15375	2.5317153e-09	5239	65.84139751162499	False
Prazepam	15517	2.5269924e-09	5240	65.85396506220937	False
Kaolin	20964	2.5263753e-09	5241	65.86653261279378	False
Sulfaperin	21332	2.5242564e-09	5242	65.87910016337815	False
Mitobronitol	21754	2.520412e-09	5243	65.89166771396255	False
Chlorpheniramine	14990	2.519374e-09	5244	65.90423526454694	False
Succimer	21937	2.5164397e-09	5245	65.91680281513132	False
(1S)-1-(1H-INDOL-3-YLMETHYL)-2-(2-PYRIDIN-4-YL-[1,7]NAPHTYRIDIN-5-YLOXY)-EHYLAMINE	19800	2.5157005e-09	5246	65.92937036571573	False
Lobucavir	20912	2.51313e-09	5247	65.9419379163001	False
Ethchlorvynol	20128	2.5128617e-09	5248	65.95450546688451	False
Ajulemic acid	21298	2.5122386e-09	5249	65.96707301746889	False
ALPHA-HYDROXYFARNESYLPHOSPHONIC ACID	19297	2.5117595e-09	5250	65.97964056805328	False
4-HYDROXY-N-PROPARGYL-1(R)-AMINOINDAN	19230	2.5103801e-09	5251	65.99220811863768	False
N'-((2S,3R)-3-AMINO-2-HYDROXY-5-(ISOPROPYLSULFANYL)PENTANOYL)-N-3-CHLOROBENZOYL HYDRAZIDE	18944	2.5077862e-09	5252	66.00477566922207	False
Chlorproethazine	21342	2.5065716e-09	5253	66.01734321980646	False
Sevelamer	20570	2.5061653e-09	5254	66.02991077039086	False
N-{2-[6-(2,4-DIAMINO-6-ETHYLPYRIMIDIN-5-YL)-2,2-DIMETHYL-3-OXO-2,3-DIHYDRO-4H-1,4-BENZOTHIAZIN-4-YL]ETHYL}ACETAMIDE	16812	2.500846e-09	5255	66.04247832097523	False
Linezolid	14882	2.5004785e-09	5256	66.05504587155964	False
Glycocyamine	17402	2.5002544e-09	5257	66.06761342214402	False
Atiprimod	17591	2.4980713e-09	5258	66.08018097272841	False
RU82209	17853	2.498038e-09	5259	66.0927485233128	False
Cariprazine	15194	2.497752e-09	5260	66.1053160738972	False
L-Phospholactate	16297	2.4970994e-09	5261	66.11788362448159	False
Tremelimumab	17992	2.496809e-09	5262	66.13045117506599	False
Rovalpituzumab Tesirine	21131	2.496528e-09	5263	66.14301872565036	False
Adenylate-3'-phosphate-[[2'-deoxy-uridine-5'-phosphate]-3'-phosphate]	19469	2.4945432e-09	5264	66.15558627623476	False
Reidispongiolide C	19186	2.4941769e-09	5265	66.16815382681915	False
Gemifloxacin	15325	2.4939533e-09	5266	66.18072137740354	False
Pilaralisib	19303	2.4937772e-09	5267	66.19328892798794	False
Influenza A virus A/Brisbane/59/2007(H1N1) hemagglutinin antigen (propiolactone inactivated)	20891	2.4930638e-09	5268	66.20585647857233	False
QR-333	17678	2.4920892e-09	5269	66.21842402915672	False
Methyl (2S)-2-[[2-[(3R)-1-carbamimidoylpiperidin-3-yl]acetyl]amino]-3-[4-(2-phenylethynyl)phenyl]propanoate	18386	2.4859366e-09	5270	66.2309915797411	False
Testosterone enantate benzilic acid hydrazone	20771	2.4847706e-09	5271	66.24355913032551	False
4-[[(2S)-2-[[(2S)-3-Carboxy-2-hydroxypropanoyl]amino]-4-methylpentanoyl]amino]butyl-(diaminomethylidene)azanium	19496	2.4832638e-09	5272	66.25612668090989	False
Olokizumab	21135	2.482222e-09	5273	66.26869423149428	False
2-(4-CHLOROBENZYLAMINO)-4-(PHENYLAMINO)PYRAZOLO[1,5-A][1,3,5]TRIAZINE-8-CARBONITRILE	18814	2.4820044e-09	5274	66.28126178207867	False
Tiracizine	21421	2.4818954e-09	5275	66.29382933266307	False
Bafilomycin B1	19703	2.481867e-09	5276	66.30639688324746	False
D-1-(4-chlorophenyl)-2-(acetamido)ethane boronic acid	19688	2.4808684e-09	5277	66.31896443383185	False
3-[1-(3-AMINOPROPYL)-1H-INDOL-3-YL]-4-(1H-INDOL-3-YL)-1H-PYRROLE-2,5-DIONE	18767	2.4764149e-09	5278	66.33153198441623	False
Etacrynic acid	14257	2.4751114e-09	5279	66.34409953500064	False
Albaconazole	21493	2.4750644e-09	5280	66.35666708558502	False
5-(2-hydroxyethyl)nonane-1,9-diol	19868	2.474111e-09	5281	66.36923463616941	False
Furafylline	15407	2.4739126e-09	5282	66.3818021867538	False
6-(Hydroxyethyldithio)-8-(Aminomethylthio)Octanoic Acid	19275	2.4726154e-09	5283	66.3943697373382	False
Fumagillin	18933	2.4711821e-09	5284	66.40693728792259	False
RU82197	17849	2.4708005e-09	5285	66.41950483850697	False
1,8-Di-Hydroxy-4-Nitro-Xanthen-9-One	18801	2.470758e-09	5286	66.43207238909137	False
2-Aminoethanimidic Acid	18139	2.4697826e-09	5287	66.44463993967575	False
Phenylacetaldehyde	21903	2.4684217e-09	5288	66.45720749026015	False
Fructose-6-phosphate	18573	2.4609799e-09	5289	66.46977504084454	False
Temocillin	21447	2.4586997e-09	5290	66.48234259142893	False
N~3~-[3-(1H-INDOL-6-YL)BENZYL]PYRIDINE-2,3-DIAMINE	18260	2.457565e-09	5291	66.49491014201332	False
(1R)-2-[(Diaminomethylene)amino]-1-{4-[(4R)-4-(hydroxymethyl)-1,3,2-dioxaborolan-2-yl]phenyl}ethyl nicotinate	18365	2.4573028e-09	5292	66.50747769259772	False
Ferrous glycine sulfate	16348	2.456937e-09	5293	66.5200452431821	False
Iguratimod	20452	2.456834e-09	5294	66.5326127937665	False
Dersalazine	20668	2.456548e-09	5295	66.54518034435088	False
Cloprostenol	20704	2.4550726e-09	5296	66.55774789493528	False
Magnesium acetate	17633	2.452648e-09	5297	66.57031544551967	False
MN-305	16859	2.4515352e-09	5298	66.58288299610406	False
PD-168393	17717	2.450516e-09	5299	66.59545054668845	False
5-(5-CHLORO-2,4-DIHYDROXYPHENYL)-N-ETHYL-4-(4-METHOXYPHENYL)-1H-PYRAZOLE-3-CARBOXAMIDE	18660	2.4503384e-09	5300	66.60801809727283	False
1,1,1-TRIFLUORO-3-((N-ACETYL)-L-LEUCYLAMIDO)-4-PHENYL-BUTAN-2-ONE(N-ACETYL-L-LEUCYL-L-PHENYLALANYL TRIFLUOROMETHYL KETONE)	19684	2.4500437e-09	5301	66.62058564785724	False
Nivolumab	19603	2.4483249e-09	5302	66.63315319844162	False
Etiracetam	21290	2.4474798e-09	5303	66.64572074902601	False
Fialuridine	21812	2.4462663e-09	5304	66.6582882996104	False
3-[(1E,7E)-8-(2,6-dioxo-1,2,3,6-tetrahydropyrimidin-4-yl)-3,6-dioxa-2,7-diazaocta-1,7-dien-1-yl]benzoic acid	19845	2.4442095e-09	5305	66.6708558501948	False
D-1-naphthyl-2-acetamido-ethane boronic acid	19687	2.438724e-09	5306	66.68342340077919	False
RU85053	17855	2.4357534e-09	5307	66.69599095136358	False
(2S)-1-{[5-(1H-Indazol-5-yl)-3-pyridinyl]oxy}-3-(7aH-indol-3-yl)-2-propanamine	19797	2.4348894e-09	5308	66.70855850194796	False
Nemolizumab	21187	2.4347362e-09	5309	66.72112605253237	False
Phensuximide	20354	2.4343694e-09	5310	66.73369360311675	False
6-ethyl-5-[(2S)-1-(3-methoxypropyl)-2-phenyl-1,2,3,4-tetrahydroquinolin-7-yl]pyrimidine-2,4-diamine	16817	2.4334037e-09	5311	66.74626115370114	False
Onasemnogene abeparvovec	21813	2.4323457e-09	5312	66.75882870428553	False
Imidacloprid	19936	2.4270812e-09	5313	66.77139625486993	False
V24343	16205	2.4267757e-09	5314	66.78396380545432	False
Clorazepic acid	15454	2.4267433e-09	5315	66.79653135603871	False
Sufugolix	16577	2.4240832e-09	5316	66.80909890662309	False
N-cyclohexyl-3-[3-(trifluoromethyl)phenyl][1,2,4]triazolo[4,3-b]pyridazin-6-amine	18860	2.422336e-09	5317	66.82166645720748	False
Sitafloxacin	15397	2.419335e-09	5318	66.83423400779188	False
N-(PARA-GLUTARAMIDOPHENYL-ETHYL)-PIPERIDINIUM-N-OXIDE	19893	2.418366e-09	5319	66.84680155837627	False
Reversine	19563	2.4157658e-09	5320	66.85936910896066	False
Limaprost	16223	2.4154894e-09	5321	66.87193665954506	False
Maribavir	21787	2.4145221e-09	5322	66.88450421012945	False
N-(2-AMINOETHYL)-2-{3-CHLORO-4-[(4-ISOPROPYLBENZYL)OXY]PHENYL} ACETAMIDE	20029	2.4130582e-09	5323	66.89707176071383	False
(S)-2-METHYL-1-[(4-METHYL-5-ISOQUINOLINE)SULFONYL]-HOMOPIPERAZINE	18308	2.4104405e-09	5324	66.90963931129824	False
Cardarine	16256	2.4092548e-09	5325	66.92220686188261	False
N,N-dimethylformamide	15823	2.4084919e-09	5326	66.93477441246701	False
Veltuzumab	21051	2.4068618e-09	5327	66.9473419630514	False
Insulin glargine	15283	2.4068527e-09	5328	66.9599095136358	False
Dexmethylphenidate	17315	2.4061226e-09	5329	66.97247706422019	False
RU79256	17835	2.405462e-09	5330	66.98504461480458	False
2-amino-6-[2-(1H-indol-6-yl)ethyl]pyrimidin-4(3H)-one	18252	2.4050262e-09	5331	66.99761216538896	False
Rolicyclidine	17518	2.403522e-09	5332	67.01017971597336	False
Indanazoline	20550	2.403082e-09	5333	67.02274726655774	False
Imipramine oxide	21210	2.3980822e-09	5334	67.03531481714215	False
Oxybuprocaine	14850	2.3978535e-09	5335	67.04788236772653	False
N1-(1-Dimethylcarbamoyl-2-Phenyl-Ethyl)-2-Oxo-N4-(2-Pyridin-2-Yl-Ethyl)-Succinamide	19937	2.3966418e-09	5336	67.06044991831092	False
3-Methylthiofentanyl	17154	2.394252e-09	5337	67.07301746889532	False
N-[1-(4-CARBAMIMIDOYL-BENZYLCARBAMOYL)-3-METHYLSULFANYL-PROPYL]-3-HYDROXY-2-PROPOXYAMINO-BUTYRAMID	17019	2.3920428e-09	5338	67.0855850194797	False
Aplaviroc	18041	2.3918967e-09	5339	67.0981525700641	False
Human adenovirus e serotype 4 strain cl-68578 antigen	20946	2.3918147e-09	5340	67.11072012064848	False
1-Methyl-2-Oxy-5,5-Dimethyl Pyrrolidine	16809	2.3914226e-09	5341	67.12328767123287	False
LY2275796	18187	2.3900086e-09	5342	67.13585522181727	False
Heparin	14510	2.389936e-09	5343	67.14842277240166	False
3-(4-DIETHYLAMINO-2-HYDROXY-PHENYL)-2-METHYL-PROPIONIC ACID	19681	2.3886826e-09	5344	67.16099032298605	False
Hexadecanal	18793	2.3879674e-09	5345	67.17355787357045	False
DPI59	17848	2.385855e-09	5346	67.18612542415482	False
Rocaglamide	20173	2.3857778e-09	5347	67.19869297473923	False
Caplacizumab	18410	2.384131e-09	5348	67.21126052532361	False
Idarucizumab	20811	2.3829263e-09	5349	67.22382807590802	False
2-[(4-fluorophenyl)sulfonylamino]-N-oxo-ethanamide	18781	2.3808728e-09	5350	67.2363956264924	False
5-benzyl-1,3-thiazol-2-amine	19815	2.3800781e-09	5351	67.24896317707679	False
Gantenerumab	21084	2.3797013e-09	5352	67.26153072766118	False
N-[2-(5-methyl-4H-1,2,4-triazol-3-yl)phenyl]-7H-pyrrolo[2,3-d]pyrimidin-4-amine	17212	2.3778728e-09	5353	67.27409827824557	False
4-METHYL-PENTANOIC ACID {1-[4-GUANIDINO-1-(THIAZOLE-2-CARBONYL)-BUTYLCARBAMOYL]-2-METHYL-PROPYL}-AMIDE	18370	2.3718347e-09	5354	67.28666582882997	False
Atracurium	20460	2.3718079e-09	5355	67.29923337941435	False
Dodecyl-Alpha-D-Maltoside	16484	2.3691311e-09	5356	67.31180092999874	False
Lawsone	21568	2.3689504e-09	5357	67.32436848058313	False
Homatropine	15767	2.364161e-09	5358	67.33693603116753	False
6-bromoindirubin-3'-oxime	18433	2.3627682e-09	5359	67.34950358175192	False
Taxifolin	20662	2.3596607e-09	5360	67.36207113233631	False
Paclitaxel poliglumex	21238	2.3592017e-09	5361	67.37463868292069	False
Protirelin	20165	2.3573665e-09	5362	67.3872062335051	False
Sar9, Met (O2)11-Substance P	14673	2.3559192e-09	5363	67.39977378408948	False
Apramycin	20792	2.3547062e-09	5364	67.41234133467387	False
Quisqualic acid	17809	2.3539428e-09	5365	67.42490888525826	False
Cis-[4,5-Bis-(4-Chlorophenyl)-2-(2-Isopropoxy-4-Methoxyphenyl)-4,5-Dihyd Roimidazol-1-Yl]-Piperazin-1-Yl-Methanone	18286	2.3536644e-09	5366	67.43747643584265	False
2,5-Anhydroglucitol-1,6-Biphosphate	19333	2.3512237e-09	5367	67.45004398642705	False
Cibenzoline	20929	2.3512055e-09	5368	67.46261153701144	False
4-Nitrocatechol sulfate	19444	2.35073e-09	5369	67.47517908759583	False
Clothiapine	21328	2.3500712e-09	5370	67.48774663818023	False
Tenocyclidine	17117	2.3485611e-09	5371	67.5003141887646	False
4-(4-chlorobenzyl)-1-(7H-pyrrolo[2,3-d]pyrimidin-4-yl)piperidin-4-aminium	19818	2.3467743e-09	5372	67.512881739349	False
Epicriptine	20185	2.346582e-09	5373	67.52544928993339	False
TRAZEOLIDE	19895	2.3464568e-09	5374	67.53801684051778	False
(2S)-2-amino-5-oxo-5-[(4-phenylmethoxyphenyl)amino]pentanoic acid	18997	2.3459914e-09	5375	67.55058439110218	False
Chlorphentermine	20305	2.3458124e-09	5376	67.56315194168656	False
L-1-naphthyl-2-acetamido-ethane boronic acid	19686	2.3457227e-09	5377	67.57571949227096	False
Cinepazide	21920	2.3407842e-09	5378	67.58828704285534	False
Remikiren	16803	2.336961e-09	5379	67.60085459343973	False
Bicine	16594	2.3364486e-09	5380	67.61342214402413	False
Paratoulene phosphate	17859	2.335357e-09	5381	67.62598969460852	False
Dextromoramide	20982	2.333736e-09	5382	67.63855724519291	False
MRK-409	21380	2.3330284e-09	5383	67.6511247957773	False
(3aS)-3a-hydroxy-7-methyl-1-phenyl-1,2,3,3a-tetrahydro-4H-pyrrolo[2,3-b]quinolin-4-one	19927	2.3307378e-09	5384	67.6636923463617	False
(5E,13E)-11-HYDROXY-9,15-DIOXOPROSTA-5,13-DIEN-1-OIC ACID	19698	2.329778e-09	5385	67.67625989694609	False
Undecyl-Phosphinic Acid Butyl Ester	19716	2.3289692e-09	5386	67.68882744753047	False
Tobramycin	20418	2.3259772e-09	5387	67.70139499811488	False
(2S)-3-(1-{[2-(2-CHLOROPHENYL)-5-METHYL-1,3-OXAZOL-4-YL]METHYL}-1H-INDOL-5-YL)-2-ETHOXYPROPANOIC ACID	16612	2.3249702e-09	5388	67.71396254869926	False
N-[(4-HYDROXY-8-IODOISOQUINOLIN-3-YL)CARBONYL]GLYCINE	19265	2.324895e-09	5389	67.72653009928365	False
Balanol Analog 2	19792	2.3226698e-09	5390	67.73909764986804	False
Ciprofibrate	16264	2.3217e-09	5391	67.75166520045242	False
p-Benzoyl-L-phenylalanine	16709	2.3150228e-09	5392	67.76423275103683	False
Dexpramipexole	21852	2.314846e-09	5393	67.77680030162121	False
SC-236	20186	2.3139854e-09	5394	67.7893678522056	False
Phenazopyridine	16476	2.311114e-09	5395	67.80193540279	False
N-(tert-butyl)-4-[5-(pyridin-2-ylamino)quinolin-3-yl]benzenesulfonamide	18597	2.309338e-09	5396	67.81450295337439	False
1,3-Propanediol	19880	2.3089066e-09	5397	67.82707050395878	False
Phenylalanine	16031	2.3087128e-09	5398	67.83963805454317	False
5-Hydroxy-N-Propargyl-1(R)-Aminoindan	14892	2.3073086e-09	5399	67.85220560512755	False
Fusafungine	21575	2.3069653e-09	5400	67.86477315571196	False
5-phospho-D-arabinohydroxamic acid	18785	2.3062217e-09	5401	67.87734070629634	False
Pipecuronium	14860	2.3047662e-09	5402	67.88990825688074	False
Lebrikizumab	19348	2.303764e-09	5403	67.90247580746512	False
Apatorsen	19597	2.3035753e-09	5404	67.91504335804952	False
N(2)-carbamimidoyl-N-{2-[4-(3-{4-[(5-carboxyfuran-2-yl)methoxy]-2,3-dichlorophenyl}-1-methyl-1H-pyrazol-5-yl)piperidin-1-yl]-2-oxoethyl}-D-leucinamide	18384	2.3032545e-09	5405	67.92761090863391	False
2,3-diphenyl-1H-indole-7-carboxylic acid	18861	2.3028373e-09	5406	67.9401784592183	False
Isosorbide dinitrate	15821	2.3001199e-09	5407	67.9527460098027	False
M0002	16868	2.292534e-09	5408	67.96531356038707	False
Cobamamide	20461	2.2922497e-09	5409	67.97788111097147	False
Enprostil	21476	2.2921711e-09	5410	67.99044866155586	False
Acefylline	15399	2.2909559e-09	5411	68.00301621214025	False
Hesperidin	19562	2.290921e-09	5412	68.01558376272465	False
WX-UK1	17611	2.2876767e-09	5413	68.02815131330904	False
Cetyl alcohol	20468	2.2876026e-09	5414	68.04071886389342	False
FLX475	20195	2.287175e-09	5415	68.05328641447782	False
4-[3-(4-chlorophenyl)-2,1-benzisoxazol-5-yl]pyrimidin-2-amine	18859	2.2866777e-09	5416	68.0658539650622	False
Cholesterol sulfate	20102	2.28649e-09	5417	68.0784215156466	False
5-Chloryl-2,4,6-Quinazolinetriamine	19948	2.2846853e-09	5418	68.09098906623099	False
Trimesic acid	16429	2.2845765e-09	5419	68.10355661681538	False
Dichlororibofuranosylbenzimidazole	18817	2.2828908e-09	5420	68.11612416739978	False
3-PYRIDIN-4-YL-2,4-DIHYDRO-INDENO[1,2-.C.] PYRAZOLE	19820	2.2805016e-09	5421	68.12869171798417	False
CTS-21166	18237	2.2787927e-09	5422	68.14125926856856	False
Platinum	21644	2.2763817e-09	5423	68.15382681915295	False
RU79073	17852	2.2729674e-09	5424	68.16639436973733	False
(2S)-6-(2,4-DIAMINO-6-ETHYLPYRIMIDIN-5-YL)-2-(3,5-DIFLUOROPHENYL)-4-(3-METHOXYPROPYL)-2H-1,4-BENZOXAZIN-3(4H)-ONE	16815	2.2708568e-09	5425	68.17896192032174	False
Umeclidinium	15229	2.2682076e-09	5426	68.19152947090612	False
Halothane	14312	2.2668842e-09	5427	68.20409702149051	False
5-METHYL-2-[(PHENYLSULFONYL)AMINO]BENZOIC ACID	18941	2.2666422e-09	5428	68.2166645720749	False
Quinagolide	17706	2.2635618e-09	5429	68.22923212265928	False
Ortataxel	21684	2.2625042e-09	5430	68.24179967324369	False
Promethazine	14295	2.25977e-09	5431	68.25436722382807	False
Adecatumumab	21042	2.2595759e-09	5432	68.26693477441246	False
AVI-4557	19957	2.259339e-09	5433	68.27950232499686	False
4'-Hydroxyflavanone	17550	2.258753e-09	5434	68.29206987558125	False
Abarelix	16573	2.255851e-09	5435	68.30463742616564	False
D-Levofloxacin	21510	2.2514235e-09	5436	68.31720497675003	False
Tedizolid phosphate	14895	2.2486297e-09	5437	68.32977252733443	False
Flavoxate	16316	2.2479307e-09	5438	68.34234007791882	False
N-METHYL-N-[(1R)-1-METHYL-2-PHENYLETHYL]PROP-2-EN-1-AMINE	19225	2.2478708e-09	5439	68.3549076285032	False
3,4-Dihydroxycinnamic Acid	19135	2.2474036e-09	5440	68.3674751790876	False
S-METHYL-4,5,6,7-TETRABROMO-BENZIMIDAZOLE	18806	2.2463449e-09	5441	68.38004272967198	False
Dioxybenzone	17551	2.2444477e-09	5442	68.39261028025638	False
Sulpiride	14839	2.243656e-09	5443	68.40517783084077	False
Tenidap	20453	2.2434505e-09	5444	68.41774538142516	False
Tetrabutylammonium Ion	19887	2.2430824e-09	5445	68.43031293200956	False
Lanosterol	18905	2.241842e-09	5446	68.44288048259394	False
[5-(5-Amino-1H-pyrrolo[3,2-b]pyridin-2-yl)-6-hydroxy-3'-nitro-3-biphenylyl]acetic acid	17022	2.2415727e-09	5447	68.45544803317833	False
Ferumoxsil	21519	2.2402775e-09	5448	68.46801558376272	False
UDP-alpha-D-glucuronic acid	18928	2.2387399e-09	5449	68.48058313434711	False
3-pyridin-4-yl-1H-indazole	19814	2.231948e-09	5450	68.4931506849315	False
2-[4-(2,4-Dichlorophenoxy)Phenoxy]Propanoic Acid	17581	2.2300757e-09	5451	68.5057182355159	False
N~3~-[3-(5-METHOXYPYRIDIN-3-YL)BENZYL]PYRIDINE-2,3-DIAMINE	18247	2.227559e-09	5452	68.51828578610028	False
2',3'-dideoxy-3'-fluoro-urididine-5'-diphosphate	19439	2.2263866e-09	5453	68.53085333668469	False
Niraparib	14761	2.2261872e-09	5454	68.54342088726906	False
4-[(4-METHYL-1-PIPERAZINYL)METHYL]-N-[3-[[4-(3-PYRIDINYL)-2-PYRIMIDINYL]AMINO]PHENYL]-BENZAMIDE	17860	2.224812e-09	5455	68.55598843785347	False
1,6-Fructose Diphosphate (Linear Form)	19008	2.2239801e-09	5456	68.56855598843785	False
Tafasitamab	19648	2.2233355e-09	5457	68.58112353902224	False
D-Methionine	18934	2.2221824e-09	5458	68.59369108960664	False
GSK-1004723	21549	2.2182862e-09	5459	68.60625864019103	False
Vilanterol	15614	2.2175715e-09	5460	68.61882619077542	False
Remogliflozin etabonate	21219	2.2161888e-09	5461	68.63139374135982	False
Etamiphylline	15400	2.21509e-09	5462	68.6439612919442	False
N-(4-{2-[(3-chlorobenzyl)amino]ethyl}phenyl)thiophene-2-carboximidamide	15926	2.214828e-09	5463	68.65652884252859	False
NF-kappaB Decoy	20155	2.212143e-09	5464	68.66909639311298	False
5-fluoro-beta-L-gulosyl fluoride	19655	2.210692e-09	5465	68.68166394369737	False
N-Acetyl-Serine	15909	2.2046032e-09	5466	68.69423149428177	False
Methionine	14645	2.2037288e-09	5467	68.70679904486614	False
Mexazolam	15751	2.2036994e-09	5468	68.71936659545055	False
Trimetrexate	14682	2.2024766e-09	5469	68.73193414603493	False
Crotonaldehyde	16467	2.2021909e-09	5470	68.74450169661934	False
(S)-(+)-2-[4-(FLUOROBENZYLOXY-BENZYLAMINO)PROPIONAMIDE]	19231	2.2016198e-09	5471	68.75706924720372	False
Penbutolol	14547	2.2007087e-09	5472	68.76963679778811	False
Famciclovir	15848	2.1998652e-09	5473	68.7822043483725	False
Luspatercept	20642	2.1988458e-09	5474	68.7947718989569	False
Nitrazepam	15519	2.1939317e-09	5475	68.80733944954129	False
Rilonacept	18417	2.1913307e-09	5476	68.81990700012568	False
Ocaperidone	16849	2.188895e-09	5477	68.83247455071006	False
(1H-indol-3-yl)-(2-mercapto-ethoxyimino)-acetic acid	18387	2.18733e-09	5478	68.84504210129447	False
Phenylethane Boronic Acid	19678	2.1862208e-09	5479	68.85760965187885	False
Cinolazepam	20135	2.1801076e-09	5480	68.87017720246324	False
ALKS 27	16075	2.1788897e-09	5481	68.88274475304763	False
Varlitinib	17353	2.1783537e-09	5482	68.89531230363201	False
Doxylamine	17230	2.1749285e-09	5483	68.90787985421642	False
(20S)-19,20,21,22-TETRAHYDRO-19-OXO-5H-18,20-ETHANO-12,14-ETHENO-6,10-METHENO-18H-BENZ[D]IMIDAZO[4,3-K][1,6,9,12]OXATRIAZA-CYCLOOCTADECOSINE-9-CARBONITRILE	19298	2.1738338e-09	5484	68.9204474048008	False
Stannsoporfin	17416	2.17189e-09	5485	68.9330149553852	False
N-{(3R,4S)-4-[(6-amino-4-methylpyridin-2-yl)methyl]pyrrolidin-3-yl}-N'-(3-chlorobenzyl)ethane-1,2-diamine	16246	2.169017e-09	5486	68.94558250596958	False
Cladribine	15804	2.1672055e-09	5487	68.95815005655398	False
Gantacurium	19713	2.1616327e-09	5488	68.97071760713837	False
Carbamoylcholine	14718	2.1610675e-09	5489	68.98328515772276	False
Ephedrine	14336	2.1569126e-09	5490	68.99585270830715	False
(2S)-2-(3-Carbamimidamidophenyl)-3-[hydroxy(3-phenylpropyl)phosphoryl]propanoic acid	19457	2.1547744e-09	5491	69.00842025889155	False
Teplizumab	21060	2.1529423e-09	5492	69.02098780947593	False
Incadronic acid	17735	2.146513e-09	5493	69.03355536006033	False
(2S)-2-(4-chlorophenyl)-2-[4-(1H-pyrazol-4-yl)phenyl]ethanamine	19808	2.1441806e-09	5494	69.04612291064471	False
Meprobamate	17064	2.1432403e-09	5495	69.0586904612291	False
Ibalizumab	18042	2.142525e-09	5496	69.0712580118135	False
Para-Mercury-Benzenesulfonic Acid	17755	2.1411932e-09	5497	69.08382556239789	False
Isocarboxazid	19222	2.1366893e-09	5498	69.09639311298228	False
2-(4-CARCOXY-5-ISOPROPYLTHIAZOLYL)BENZOPIPERIDINE	17869	2.1356257e-09	5499	69.10896066356666	False
Verdoheme	17642	2.13335e-09	5500	69.12152821415106	False
Bremelanotide	17888	2.1322069e-09	5501	69.13409576473545	False
1-(CYCLOHEXYLAMINO)-3-(6-METHYL-3,4-DIHYDRO-1H-CARBAZOL-9(2H)-YL)PROPAN-2-OL	19850	2.1319222e-09	5502	69.14666331531984	False
OPC-51803	16869	2.1301825e-09	5503	69.15923086590423	False
Diclofenamide	16795	2.1298128e-09	5504	69.17179841648863	False
Cefamandole nafate	20780	2.1273323e-09	5505	69.18436596707302	False
Guadecitabine	21695	2.1259043e-09	5506	69.19693351765741	False
CG-200745	21645	2.1257178e-09	5507	69.20950106824179	False
2-(2-QUINOLIN-3-YLPYRIDIN-4-YL)-1,5,6,7-TETRAHYDRO-4H-PYRROLO[3,2-C]PYRIDIN-4-ONE	18890	2.1248423e-09	5508	69.2220686188262	False
Anifrolumab	21083	2.1243884e-09	5509	69.23463616941058	False
[(4R)-4-(3-HYDROXYPHENYL)-1,6-DIMETHYL-2-THIOXO-1,2,3,4-TETRAHYDROPYRIMIDIN-5-YL](PHENYL)METHANONE	19129	2.1217361e-09	5510	69.24720371999497	False
Potassium cation	17629	2.121481e-09	5511	69.25977127057936	False
Tretazicar	16682	2.115408e-09	5512	69.27233882116376	False
2-butyl-1-hydroxyguanidine	16238	2.1135087e-09	5513	69.28490637174815	False
4-CHLORO-6-(4-{4-[4-(METHYLSULFONYL)BENZYL]PIPERAZIN-1-YL}-1H-PYRAZOL-5-YL)BENZENE-1,3-DIOL	18650	2.1093927e-09	5514	69.29747392233254	False
Esculin	14744	2.1080453e-09	5515	69.31004147291692	False
Citrulline	15913	2.10694e-09	5516	69.32260902350133	False
Filanesib	19124	2.1066826e-09	5517	69.33517657408571	False
ETHYL 4-[(4-METHYLPYRIDIN-2-YL)AMINO]PIPERIDINE-1-CARBOXYLATE	15943	2.1043776e-09	5518	69.3477441246701	False
Perflubutane	21523	2.1009166e-09	5519	69.3603116752545	False
Cemiplimab	19605	2.100035e-09	5520	69.37287922583889	False
(5S)-2-{[(1S)-1-(2-fluorophenyl)ethyl]amino}-5-methyl-5-(trifluoromethyl)-1,3-thiazol-4(5H)-one	16983	2.0971411e-09	5521	69.38544677642328	False
Edotreotide gallium Ga-68	17283	2.096961e-09	5522	69.39801432700766	False
ABT-288	21554	2.0959294e-09	5523	69.41058187759207	False
Brotizolam	15608	2.0949142e-09	5524	69.42314942817644	False
Sorbinil	17675	2.094351e-09	5525	69.43571697876084	False
Seletracetam	15553	2.0938717e-09	5526	69.44828452934523	False
Tryptophanamide	16704	2.0918358e-09	5527	69.46085207992962	False
Micafungin	14810	2.0894553e-09	5528	69.47341963051402	False
Metreleptin	19504	2.0886264e-09	5529	69.48598718109841	False
Indeglitazar	16261	2.0881605e-09	5530	69.49855473168279	False
Indecainide	16568	2.0870057e-09	5531	69.5111222822672	False
Arotinoid acid	16586	2.0854976e-09	5532	69.52368983285157	False
Amorolfine	21615	2.0839905e-09	5533	69.53625738343597	False
Idursulfase	17947	2.0824171e-09	5534	69.54882493402036	False
Poa compressa pollen	21834	2.0817659e-09	5535	69.56139248460475	False
Ublituximab	21075	2.0814601e-09	5536	69.57396003518915	False
Methyldopa	14809	2.0733848e-09	5537	69.58652758577352	False
PROGESTERONE-11-ALPHA-OL-HEMISUCCINATE	19877	2.0713413e-09	5538	69.59909513635793	False
Selisistat	19377	2.0708868e-09	5539	69.61166268694231	False
Alloin	21034	2.0689879e-09	5540	69.6242302375267	False
Nedaplatin	20832	2.0678044e-09	5541	69.6367977881111	False
2-{[Formyl(Hydroxy)Amino]Methyl}-4-Methylpentanoic Acid	16197	2.0638877e-09	5542	69.64936533869549	False
Meglutol	17409	2.0633524e-09	5543	69.66193288927988	False
Nafamostat	16182	2.0631123e-09	5544	69.67450043986427	False
Magnesium	14487	2.062007e-09	5545	69.68706799044865	False
Ubidecarenone	14108	2.0608588e-09	5546	69.69963554103306	False
6-(cyclohexylamino)-9-[2-(4-methylpiperazin-1-yl)-ethyl]-9H-purine-2-carbonitrile	19585	2.0572535e-09	5547	69.71220309161744	False
Pyroquilon	21563	2.0556923e-09	5548	69.72477064220183	False
17alpha-Estriol	17770	2.0552415e-09	5549	69.73733819278623	False
Arbutamine	16530	2.0547948e-09	5550	69.74990574337062	False
Ridogrel	17709	2.0546536e-09	5551	69.76247329395501	False
KH064	18975	2.054485e-09	5552	69.7750408445394	False
Gemigliptin	20513	2.0544146e-09	5553	69.78760839512378	False
Tideglusib	18442	2.0543793e-09	5554	69.80017594570818	False
Talmapimod	17589	2.0535291e-09	5555	69.81274349629257	False
Deoxyuridine-5'-Diphosphate	18796	2.05066e-09	5556	69.82531104687696	False
3-Decyl-2,5-Dioxo-4-Hydroxy-3-Pyrroline	19823	2.045726e-09	5557	69.83787859746135	False
Berberine	19566	2.044622e-09	5558	69.85044614804575	False
MIV-701	19580	2.0428486e-09	5559	69.86301369863014	False
(3R)-4,4-DIFLUORO-3-[(4-METHOXYPHENYL)SULFONYL]BUTANOIC ACID	16202	2.040831e-09	5560	69.87558124921452	False
Acetazolamide	15466	2.0387614e-09	5561	69.88814879979893	False
2-{4-[(4-imidazo[1,2-a]pyridin-3-ylpyrimidin-2-yl)amino]piperidin-1-yl}-N-methylacetamide	18606	2.0387263e-09	5562	69.9007163503833	False
7,8-dihydroxy-4-phenyl-2H-chromen-2-one	19174	2.036546e-09	5563	69.9132839009677	False
Amitriptylinoxide	21205	2.0358468e-09	5564	69.92585145155209	False
3-(2-aminoquinazolin-6-yl)-4-methyl-1-[3-(trifluoromethyl)phenyl]pyridin-2(1H)-one	17052	2.0352258e-09	5565	69.93841900213648	False
Buthionine Sulfoximine	21731	2.0326847e-09	5566	69.95098655272088	False
3'-Uridinemonophosphate	19465	2.031762e-09	5567	69.96355410330527	False
N-[(E)-3-[(2R,3S,4R,5R)-5-(6-Aminopurin-9-yl)-3,4-dihydroxyoxolan-2-yl]prop-2-enyl]-2,3-dihydroxy-5-nitrobenzamide	19171	2.0297983e-09	5568	69.97612165388965	False
1-Hexadecanosulfonic Acid	14564	2.02969e-09	5569	69.98868920447406	False
CR002	19569	2.0285986e-09	5570	70.00125675505844	False
Heptyl glucoside	17574	2.0285251e-09	5571	70.01382430564284	False
(2S,3R,4S,5S)-3,4-Dihydroxy-2-[(methylsulfanyl)methyl]-5-(4-oxo-4,5-dihydro-1H-pyrrolo[3,2-d]pyrimidin-7-yl)pyrrolidinium	16735	2.025656e-09	5572	70.02639185622722	False
(S)-famoxadone	18135	2.0251039e-09	5573	70.03895940681161	False
7-[2-METHOXY-1-(METHOXYMETHYL)ETHYL]-7H-PYRROLO[3,2-F] QUINAZOLINE-1,3-DIAMINE	19955	2.0237947e-09	5574	70.051526957396	False
1-naphthaleneacetic acid	19829	2.0227569e-09	5575	70.06409450798039	False
Technetium Tc-99m exametazime	20807	2.0197264e-09	5576	70.07666205856479	False
L-methionine (S)-S-oxide	20099	2.005217e-09	5577	70.08922960914917	False
N'-(2s,3r)-3-Amino-4-Cyclohexyl-2-Hydroxy-Butano-N-(4-Methylphenyl)Hydrazide	18935	2.0005604e-09	5578	70.10179715973356	False
Dpb-T	18925	1.9992596e-09	5579	70.11436471031796	False
Magnesium lactate	17638	1.995861e-09	5580	70.12693226090235	False
Dobutamine	14808	1.9949742e-09	5581	70.13949981148674	False
Prilocaine	16570	1.9947193e-09	5582	70.15206736207114	False
METHYLAMINO-PHENYLALANYL-LEUCYL-HYDROXAMIC ACID	18105	1.9944757e-09	5583	70.16463491265552	False
VP025	18414	1.991598e-09	5584	70.17720246323992	False
Insulin tregopil	15386	1.988641e-09	5585	70.1897700138243	False
N2-[(benzyloxy)carbonyl]-n1-[(3S)-1-cyanopyrrolidin-3-yl]-l-leucinamide	19574	1.9875641e-09	5586	70.20233756440871	False
N-(1-benzylpiperidin-4-yl)-4-sulfanylbutanamide	18254	1.9829824e-09	5587	70.21490511499309	False
(5R)-N,N-DIETHYL-5-METHYL-2-[(THIOPHEN-2-YLCARBONYL)AMINO]-4,5,6,7-TETRAHYDRO-1-BENZOTHIOPHENE-3-CARBOXAMIDE	19127	1.9791055e-09	5588	70.22747266557748	False
(R)-1-(4-(4-(hydroxymethyl)-1,3,2-dioxaborolan-2-yl)benzyl)guanidine	18371	1.9776112e-09	5589	70.24004021616187	False
2-ACETAMIDO-2-DEOXY-BETA-D-GLUCOPYRANOSE(BETA1-4)-2-ACETAMIDO-1,6-ANHYDRO-3-O-[(R)-1-CARBOXYETHYL]-2-DEOXY-BETA-D-GLUCOPYRANOSE-L-ALANYL-GAMMA-D-GLUTAMYL-MESO-DIAMINOPIMELYL-D-ALANINE	19427	1.9758017e-09	5590	70.25260776674625	False
Protein S human	16047	1.9754738e-09	5591	70.26517531733066	False
Magnesium Aluminum Silicate	21273	1.9715702e-09	5592	70.27774286791504	False
Ganaxolone	17071	1.9703073e-09	5593	70.29031041849943	False
N-Benzylformamide	17119	1.9699615e-09	5594	70.30287796908382	False
PHENYL-5-(1H-PYRAZOL-3-YL)-1,3-THIAZOLE	18721	1.9678585e-09	5595	70.31544551966822	False
Crotalus atrox antivenin	14626	1.9668902e-09	5596	70.32801307025261	False
Propentofylline	15358	1.9658701e-09	5597	70.340580620837	False
1-deoxymannojirimycin	19657	1.965859e-09	5598	70.35314817142138	False
Reproterol	20459	1.9650979e-09	5599	70.36571572200579	False
2'-Monophosphoadenosine-5'-Diphosphate	19463	1.9625435e-09	5600	70.37828327259017	False
Thymol	21562	1.9595212e-09	5601	70.39085082317456	False
Nitroarginine	16243	1.9594315e-09	5602	70.40341837375895	False
N-{2-[4-(AMINOSULFONYL)PHENYL]ETHYL}ACETAMIDE	16797	1.9559887e-09	5603	70.41598592434335	False
(S)-econazole	17982	1.9546833e-09	5604	70.42855347492774	False
Niraxostat	19244	1.9541018e-09	5605	70.44112102551213	False
Amonafide	17658	1.951167e-09	5606	70.45368857609652	False
Thiosulfuric acid	15888	1.9510478e-09	5607	70.46625612668092	False
Ethyl Oxo(Piperidin-1-Yl)Acetate	18303	1.9487645e-09	5608	70.4788236772653	False
N-((1R,2S)-2-(5-CHLORO-1H-INDOLE-2-CARBOXAMIDO)CYCLOHEXYL)-5-METHYL-4,5,6,7-TETRAHYDROTHIAZOLO[5,4-C]PYRIDINE-2-CARBOXAMIDE	16646	1.9473598e-09	5609	70.49139122784969	False
Acetylcholine	16072	1.9468436e-09	5610	70.50395877843408	False
4-{[5-chloro-4-(1H-indol-3-yl)pyrimidin-2-yl]amino}-N-ethylpiperidine-1-carboxamide	18599	1.944094e-09	5611	70.51652632901848	False
Ezatiostat	17801	1.9439568e-09	5612	70.52909387960287	False
2-[(2-chloro-4-iodophenyl)amino]-N-{[(2R)-2,3-dihydroxypropyl]oxy}-3,4-difluorobenzamide	17976	1.943197e-09	5613	70.54166143018725	False
Haloxyfop-P	17582	1.9392055e-09	5614	70.55422898077165	False
4-[(5-CHLOROINDOL-2-YL)SULFONYL]-2-(2-METHYLPROPYL)-1-[[5-(PYRIDIN-4-YL)PYRIMIDIN-2-YL]CARBONYL]PIPERAZINE	16636	1.9387616e-09	5615	70.56679653135603	False
Metolazone	17148	1.9386508e-09	5616	70.57936408194043	False
Gremubamab	21173	1.9356359e-09	5617	70.59193163252482	False
(2S) N-acetyl-L-alanyl-αL-phenylalanyl-chloroethylketone	19683	1.9349418e-09	5618	70.60449918310921	False
Sulfametomidine	21347	1.9307724e-09	5619	70.6170667336936	False
(3E)-3-[(phenylamino)methylidene]dihydrofuran-2(3H)-one	18656	1.9283948e-09	5620	70.629634284278	False
Magnesium levulinate	17637	1.9268138e-09	5621	70.64220183486239	False
Edetic acid	14816	1.926222e-09	5622	70.65476938544678	False
8-Benzo[1,3]Dioxol-,5-Ylmethyl-9-Butyl-2-Fluoro-9h-Purin-6-Ylamine	18645	1.9240631e-09	5623	70.66733693603116	False
Corticorelin ovine triflutate	21614	1.923058e-09	5624	70.67990448661557	False
2,4-Dihydroxy-Trans Cinnamic Acid	19677	1.9208253e-09	5625	70.69247203719995	False
Ornipressin	21900	1.9181308e-09	5626	70.70503958778434	False
1-cyclobutyl-3-(3,4-dimethoxyphenyl)-1H-pyrazolo[3,4-d]pyrimidin-4-amine	17867	1.9138295e-09	5627	70.71760713836873	False
Brivudine	20122	1.9124793e-09	5628	70.73017468895311	False
Etiprednol dicloacetate	18415	1.901444e-09	5629	70.74274223953752	False
Citric acid	16350	1.8999213e-09	5630	70.7553097901219	False
Rosoxacin	15313	1.8959718e-09	5631	70.76787734070629	False
FR236913	19254	1.8912514e-09	5632	70.78044489129068	False
6-fluoro-2-(2-hydroxy-3-isobutoxy-phenyl)-1H-benzoimidazole-5-carboxamidine	18018	1.8906814e-09	5633	70.79301244187508	False
(3r)-1-Acetyl-3-Methylpiperidine	18302	1.8875106e-09	5634	70.80557999245947	False
Cyclohexylformamide	17031	1.8830157e-09	5635	70.81814754304386	False
Leucine	16582	1.881917e-09	5636	70.83071509362824	False
6-ETHYL-5-[9-(3-METHOXYPROPYL)-9H-CARBAZOL-2-YL]PYRIMIDINE-2,4-DIAMINE	16813	1.8799153e-09	5637	70.84328264421265	False
Delorazepam	20132	1.879349e-09	5638	70.85585019479703	False
2-[4-(3-METHYL-1H-PYRAZOL-4-YL)PHENYL]ETHANAMINE	19813	1.8790334e-09	5639	70.86841774538144	False
Quinaprilat	21154	1.877586e-09	5640	70.88098529596581	False
Semaxanib	14675	1.874491e-09	5641	70.89355284655021	False
(S)-wiskostatin	19385	1.8666952e-09	5642	70.9061203971346	False
Temazepam	15421	1.8666169e-09	5643	70.918687947719	False
Ethinamate	16794	1.8665385e-09	5644	70.93125549830339	False
Ensituximab	21104	1.8658302e-09	5645	70.94382304888777	False
3-(2-Benzothiazolylthio)-1-Propanesulfonic Acid	19904	1.865542e-09	5646	70.95639059947216	False
AMG-510	19965	1.8654742e-09	5647	70.96895815005655	False
Pramiracetam	20523	1.8652537e-09	5648	70.98152570064094	False
CTA018	17745	1.8649975e-09	5649	70.99409325122534	False
5-METHYL-3-(9-OXO-1,8-DIAZA-TRICYCLO[10.6.1.013,18]NONADECA-12(19),13,15,17-TETRAEN-10-YLCARBAMOYL)-HEXANOIC ACID	19727	1.863536e-09	5650	71.00666080180973	False
Vintafolide	16818	1.8632518e-09	5651	71.01922835239411	False
Cyclopentolate	14851	1.8631026e-09	5652	71.03179590297852	False
Thiocoumarin	15921	1.8606023e-09	5653	71.0443634535629	False
GS-441524	21814	1.8600028e-09	5654	71.05693100414729	False
Zolazepam	21285	1.8586799e-09	5655	71.06949855473168	False
NN344	15345	1.8583609e-09	5656	71.08206610531607	False
Tesofensine	17313	1.8555486e-09	5657	71.09463365590047	False
Amibegron	18300	1.8519987e-09	5658	71.10720120648486	False
4-Oxosebacic Acid	16186	1.8500499e-09	5659	71.11976875706925	False
Cyclic 3',5'-thymidine monophosphate	18926	1.8499159e-09	5660	71.13233630765365	False
Equol	17552	1.8483464e-09	5661	71.14490385823802	False
Ulimorelin	19544	1.8454893e-09	5662	71.15747140882243	False
(5S)-4,5-difluoro-6-[(2-fluoro-4-iodophenyl)imino]-N-(2-hydroxyethoxy)cyclohexa-1,3-diene-1-carboxamide	17975	1.8436493e-09	5663	71.17003895940681	False
(6S)-1-chloro-3-[(4-fluorobenzyl)oxy]-6-(pyrrolidin-1-ylcarbonyl)pyrrolo[1,2-a]pyrazin-4(6H)-one	19204	1.8427811e-09	5664	71.1826065099912	False
N-{[(2S,3S)-3-(ETHOXYCARBONYL)OXIRAN-2-YL]CARBONYL}-L-ISOLEUCYL-L-ALANINE	18150	1.841179e-09	5665	71.1951740605756	False
FG-2216	19266	1.8410771e-09	5666	71.20774161115997	False
2-[(1S)-1-BENZYL-2-SULFANYLETHYL]-1H-IMIDAZO[4,5-C]PYRIDIN-5-IUM	16784	1.8399958e-09	5667	71.22030916174438	False
3,5-Dimethyl-1h-Pyrazole-4-Carboxylic Acid Ethyl Ester	18866	1.8375513e-09	5668	71.23287671232876	False
D-Leucine	20213	1.8371624e-09	5669	71.24544426291315	False
Fluoxymesterone	14527	1.8358313e-09	5670	71.25801181349755	False
Feruloyl Coenzyme A	20116	1.8357087e-09	5671	71.27057936408194	False
METHYL N-({(2S,3S)-3-[(PROPYLAMINO)CARBONYL]OXIRAN-2-YL}CARBONYL)-L-ISOLEUCYL-L-PROLINATE	18149	1.8331546e-09	5672	71.28314691466633	False
AEG35156	18699	1.832749e-09	5673	71.29571446525073	False
SGS518	18161	1.832029e-09	5674	71.30828201583512	False
Indigotindisulfonic acid	19730	1.8313862e-09	5675	71.32084956641951	False
Lactose	18884	1.8312464e-09	5676	71.33341711700389	False
(1S)-1-CYCLOPROPYL-2-[(2S)-4-(2,5-DIFLUOROPHENYL)-2-PHENYL-2,5-DIHYDRO-1H-PYRROL-1-YL]-2-OXOETHANAMINE	19131	1.8262726e-09	5677	71.3459846675883	False
Piracetam	20809	1.8254646e-09	5678	71.35855221817268	False
5-N-Allyl-arginine	16242	1.8252138e-09	5679	71.37111976875707	False
(3Z)-1-[(6-fluoro-4H-1,3-benzodioxin-8-yl)methyl]-4-phenyl-1H-indole-2,3-dione 3-oxime	18602	1.8241628e-09	5680	71.38368731934146	False
SB-269970	17532	1.8230046e-09	5681	71.39625486992584	False
SF1126	18180	1.8228585e-09	5682	71.40882242051025	False
DDP-225	16877	1.8228065e-09	5683	71.42138997109463	False
Interferon alfacon-1	15286	1.8226916e-09	5684	71.43395752167902	False
Afimoxifene	16373	1.8220416e-09	5685	71.44652507226341	False
Plicamycin	20541	1.8211208e-09	5686	71.4590926228478	False
5-(DIMETHYLAMINO)-1-NAPHTHALENESULFONIC ACID(DANSYL ACID)	16146	1.82085e-09	5687	71.4716601734322	False
Cefdinir	18574	1.8205167e-09	5688	71.48422772401659	False
Tuberculin purified protein derivative	18713	1.8191249e-09	5689	71.49679527460097	False
N~4~-(3-methyl-1H-indazol-6-yl)-N~2~-(3,4,5-trimethoxyphenyl)pyrimidine-2,4-diamine	17055	1.8154679e-09	5690	71.50936282518538	False
Ubenimex	18990	1.8152947e-09	5691	71.52193037576976	False
Cinazepam	20143	1.8134676e-09	5692	71.53449792635416	False
Gentian violet cation	20277	1.8122296e-09	5693	71.54706547693854	False
1,6-DI-O-PHOSPHONO-D-MANNITOL	19010	1.8121018e-09	5694	71.55963302752293	False
Margetuximab	17358	1.8118633e-09	5695	71.57220057810733	False
Tetracosactide	17886	1.8104573e-09	5696	71.58476812869172	False
Doxacurium	14855	1.8097358e-09	5697	71.59733567927611	False
(3R,4R)-1-{6-[3-(METHYLSULFONYL)PHENYL]PYRIMIDIN-4-YL}-4-(2,4,5-TRIFLUOROPHENYL)PIPERIDIN-3-AMINE	17935	1.8078005e-09	5698	71.6099032298605	False
Camrelizumab	19606	1.8075865e-09	5699	71.62247078044489	False
Bethanidine	17521	1.8075108e-09	5700	71.63503833102928	False
4-(1h-Imidazol-4-Yl)-3-(5-Ethyl-2,4-Dihydroxy-Phenyl)-1h-Pyrazole	18641	1.8064837e-09	5701	71.64760588161367	False
Gadoteric acid	20801	1.8049028e-09	5702	71.66017343219806	False
Alverine	16856	1.8043039e-09	5703	71.67274098278246	False
Oportuzumab monatox	19357	1.8031444e-09	5704	71.68530853336684	False
MMI-175	18236	1.8011818e-09	5705	71.69787608395124	False
(5S)-5-(3-AMINOPROPYL)-3-(2,5-DIFLUOROPHENYL)-N-ETHYL-5-PHENYL-4,5-DIHYDRO-1H-PYRAZOLE-1-CARBOXAMIDE	19133	1.8004775e-09	5706	71.71044363453562	False
(2s)-Pyrrolidin-2-Ylmethylamine	17898	1.800203e-09	5707	71.72301118512003	False
Aceclidine	20448	1.7996878e-09	5708	71.73557873570441	False
TRC093	19649	1.7989055e-09	5709	71.7481462862888	False
Synthetic Conjugated Estrogens, B	14518	1.7976604e-09	5710	71.7607138368732	False
Magnesium gluconate	14592	1.7930136e-09	5711	71.77328138745759	False
Neramexane	17519	1.7927194e-09	5712	71.78584893804198	False
RU85493	17837	1.7927126e-09	5713	71.79841648862637	False
4-Amino Hexanoic Acid	16746	1.7911916e-09	5714	71.81098403921075	False
2,4-Diamino-5-(3,4,5-Trimethoxy-Benzyl)-Pyrimidin-1-Ium	16998	1.7908227e-09	5715	71.82355158979516	False
Cryptenamine	17395	1.7903004e-09	5716	71.83611914037954	False
Manitimus	17080	1.7846782e-09	5717	71.84868669096393	False
Dezocine	17503	1.7846068e-09	5718	71.86125424154832	False
Diosmin	19729	1.7800175e-09	5719	71.8738217921327	False
7-methyl-GpppA	18184	1.777439e-09	5720	71.88638934271711	False
Lincomycin	20347	1.7773171e-09	5721	71.89895689330149	False
Defibrotide	15958	1.7770696e-09	5722	71.9115244438859	False
Potassium lactate	21464	1.7766019e-09	5723	71.92409199447027	False
Porfimer sodium	17335	1.776036e-09	5724	71.93665954505467	False
Lidorestat	17681	1.7739573e-09	5725	71.94922709563906	False
L-Eflornithine	17126	1.7726179e-09	5726	71.96179464622345	False
3-Fluoro-4-{[(2R)-2-hydroxy-2-(5,5,8,8-tetramethyl-5,6,7,8-tetrahydro-2-naphthalenyl)acetyl]amino}benzoic acid	16488	1.7717796e-09	5727	71.97436219680785	False
LM-609	18696	1.769679e-09	5728	71.98692974739224	False
(5E,7S)-2-amino-7-(4-fluoro-2-pyridin-3-ylphenyl)-4-methyl-7,8-dihydroquinazolin-5(6H)-one oxime	18666	1.7690579e-09	5729	71.99949729797662	False
Mersalyl	14753	1.765357e-09	5730	72.01206484856102	False
Zardaverine	18864	1.7646735e-09	5731	72.0246323991454	False
Dicyclomine	16314	1.7607836e-09	5732	72.0371999497298	False
Cytidine 3'-monophosphate	19462	1.7605417e-09	5733	72.04976750031419	False
Medazepam	20137	1.7601992e-09	5734	72.06233505089858	False
Tolazoline	16337	1.7584644e-09	5735	72.07490260148298	False
Bafilomycin A1	19702	1.7583807e-09	5736	72.08747015206735	False
Harmine	19237	1.75651e-09	5737	72.10003770265175	False
5-[(3R)-3-(5-methoxy-3',5'-dimethylbiphenyl-3-yl)but-1-yn-1-yl]-6-methylpyrimidine-2,4-diamine	17006	1.7513716e-09	5738	72.11260525323614	False
Diethylpropion	17307	1.7509039e-09	5739	72.12517280382053	False
4-({4-[(4-methoxypyridin-2-yl)amino]piperidin-1-yl}carbonyl)benzonitrile	15935	1.7499058e-09	5740	72.13774035440493	False
N-(4-CHLOROPHENYL)-3-(PHOSPHONOOXY)NAPHTHALENE-2-CARBOXAMIDE	19011	1.747141e-09	5741	72.15030790498932	False
R450	17340	1.7447632e-09	5742	72.16287545557371	False
Naphthalene Trisulfonate	17556	1.7354237e-09	5743	72.1754430061581	False
5-CHLORO-N-{(3S)-1-[(1S)-1-METHYL-2-MORPHOLIN-4-YL-2-OXOETHYL]-2-OXOPYRROLIDIN-3-YL}-1-BENZOTHIOPHENE-2-SULFONAMIDE	16650	1.734474e-09	5744	72.18801055674248	False
6-(2-fluorobenzyl)-2,4-dimethyl-4,6-dihydro-5H-thieno[2',3':4,5]pyrrolo[2,3-d]pyridazin-5-one	16298	1.733052e-09	5745	72.20057810732689	False
Methylnaltrexone	17508	1.7327347e-09	5746	72.21314565791127	False
6-METHYL-2(PROPANE-1-SULFONYL)-2H-THIENO[3,2-D][1,2,3]DIAZABORININ-1-OL	19442	1.7303866e-09	5747	72.22571320849566	False
Quizartinib	16495	1.7245875e-09	5748	72.23828075908006	False
Anisindione	17125	1.7232459e-09	5749	72.25084830966445	False
PHENYL[1-(N-SUCCINYLAMINO)PENTYL]PHOSPHONATE	19892	1.7231735e-09	5750	72.26341586024884	False
(3R)-4-[(3R)-3-AMINO-4-(2,4,5-TRIFLUOROPHENYL)BUTANOYL]-3-METHYL-1,4-DIAZEPAN-2-ONE	17918	1.7225362e-09	5751	72.27598341083323	False
(2R,6S)-6-{[methyl(3,4,5-trimethoxyphenyl)amino]methyl}-1,2,5,6,7,8-hexahydroquinazoline-2,4-diamine	17011	1.7171792e-09	5752	72.28855096141761	False
(2s,3r)-3-Amino-2-Hydroxy-5-(Ethylsulfanyl)Pentanoyl-((S)-(-)-(1-Naphthyl)Ethyl)Amide	18937	1.7148325e-09	5753	72.30111851200202	False
Clorgiline	19233	1.7132306e-09	5754	72.3136860625864	False
3-({2-[(2-AMINO-6-METHYLPYRIMIDIN-4-YL)ETHYNYL]BENZYL}AMINO)-1,3-OXAZOL-2(3H)-ONE	18658	1.7130476e-09	5755	72.32625361317079	False
Tenamfetamine	21246	1.7128581e-09	5756	72.33882116375518	False
Amifostine	15870	1.7123126e-09	5757	72.35138871433958	False
CX157	19235	1.7110655e-09	5758	72.36395626492397	False
2-{3-[4-(4-Fluorophenyl)-3,6-Dihydro-1(2h)-Pyridinyl]Propyl}-8-Methyl-4(3h)-Quinazolinone	19021	1.7094247e-09	5759	72.37652381550835	False
Oxyphencyclimine	16055	1.7083426e-09	5760	72.38909136609276	False
3-Phenylpropylamine	19084	1.7057151e-09	5761	72.40165891667714	False
N-Ethylmaleimide	19141	1.70538e-09	5762	72.41422646726153	False
Uridine 5'-triphosphate	18914	1.7043102e-09	5763	72.42679401784592	False
Canakinumab	18416	1.7032605e-09	5764	72.43936156843031	False
4-{[(2R)-2-(2-methylphenyl)pyrrolidin-1-yl]carbonyl}benzene-1,3-diol	18668	1.7025328e-09	5765	72.45192911901471	False
1-(3-bromophenyl)-7-chloro-6-methoxy-3,4-dihydroisoquinoline	18607	1.7023608e-09	5766	72.4644966695991	False
4-{4-[2-(1A,7A-DIMETHYL-4-OXY-OCTAHYDRO-1-OXA-4-AZA-CYCLOPROPA[A]NAPHTHALEN-4-YL) -ACETYLAMINO]-PHENYLCARBAMOYL}-BUTYRIC ACID	19891	1.7019809e-09	5767	72.47706422018348	False
Alfacalcidol	14562	1.7014616e-09	5768	72.48963177076789	False
Tifuvirtide	19190	1.7012021e-09	5769	72.50219932135226	False
Methyprylon	17782	1.7007284e-09	5770	72.51476687193666	False
4-{2-[(7-amino-2-furan-2-yl[1,2,4]triazolo[1,5-a][1,3,5]triazin-5-yl)amino]ethyl}phenol	18124	1.6994443e-09	5771	72.52733442252105	False
Cloxazolam	20134	1.6985985e-09	5772	72.53990197310544	False
[4-(4-ACETYLAMINO-PHENYL)-3,5-DIOXO-4-AZA-TRICYCLO[5.2.2.0 2,6]UNDEC-1-YLCARBAMOYLOXY]-ACETIC ACID	19890	1.6984462e-09	5773	72.55246952368984	False
N-(5-{3,4-difluoro-2-[(2-fluoro-4-iodophenyl)amino]phenyl}-1,3,4-oxadiazol-2-yl)ethane-1,2-diamine	17978	1.6980899e-09	5774	72.56503707427422	False
Desmoteplase	16595	1.6976656e-09	5775	72.57760462485862	False
Erenumab	20176	1.6951063e-09	5776	72.590172175443	False
5-(5-CHLORO-2,4-DIHYDROXYPHENYL)-N-ETHYL-4-(4-METHOXYPHENYL)ISOXAZOLE-3-CARBOXAMIDE	18653	1.694909e-09	5777	72.6027397260274	False
Tislelizumab	19608	1.6927993e-09	5778	72.61530727661179	False
RU78262	17838	1.6915891e-09	5779	72.62787482719618	False
Phenindione	17608	1.6895285e-09	5780	72.64044237778057	False
5-FLUORO-1-[4-(4-PHENYL-3,6-DIHYDROPYRIDIN-1(2H)-YL)BUTYL]QUINAZOLINE-2,4(1H,3H)-DIONE	19029	1.6892224e-09	5781	72.65300992836497	False
(2S)-4-(2,5-DIFLUOROPHENYL)-N-METHYL-2-PHENYL-N-PIPERIDIN-4-YL-2,5-DIHYDRO-1H-PYRROLE-1-CARBOXAMIDE	19130	1.6890517e-09	5782	72.66557747894934	False
Brimonidine	15849	1.6868784e-09	5783	72.67814502953375	False
6-Chloro-2-(2-Hydroxy-Biphenyl-3-Yl)-1h-Indole-5-Carboxamidine	16096	1.6857657e-09	5784	72.69071258011813	False
4-[4-(1-Amino-1-Methylethyl)Phenyl]-5-Chloro-N-[4-(2-Morpholin-4-Ylethyl)Phenyl]Pyrimidin-2-Amine	17695	1.6849073e-09	5785	72.70328013070252	False
Carteolol	15105	1.6844126e-09	5786	72.71584768128692	False
Silver sulfadiazine	20391	1.6807059e-09	5787	72.72841523187131	False
Mianserin	15197	1.6806032e-09	5788	72.7409827824557	False
Phendimetrazine	17309	1.6803341e-09	5789	72.7535503330401	False
3-{[(3-FLUORO-3'-METHOXYBIPHENYL-4-YL)AMINO]CARBONYL}THIOPHENE-2-CARBOXYLIC ACID	17086	1.6772953e-09	5790	72.76611788362447	False
ABT-341	17933	1.6770074e-09	5791	72.77868543420887	False
N-sulfo-flavin mononucleotide	19821	1.6755942e-09	5792	72.79125298479326	False
(4R,2S)-5'-(4-(4-CHLOROBENZYLOXY)PYRROLIDIN-2-YLMETHANESULFONYL)ISOQUINOLINE	19803	1.6740926e-09	5793	72.80382053537765	False
3-Hydroxypropyl 3-[(7-carbamimidoyl-1-naphthyl)carbamoyl]benzenesulfonate	18364	1.6728479e-09	5794	72.81638808596205	False
Procyclidine	16056	1.6674039e-09	5795	72.82895563654644	False
N-[(1S)-2-AMINO-1-(2,4-DICHLOROBENZYL)ETHYL]-5-[2-(METHYLAMINO)PYRIMIDIN-4-YL]THIOPHENE-2-CARBOXAMIDE	19801	1.6671685e-09	5796	72.84152318713083	False
Istaroxime	17632	1.6661799e-09	5797	72.85409073771521	False
Butyrfentanyl	15234	1.6644678e-09	5798	72.86665828829962	False
Nordazepam	20141	1.6643091e-09	5799	72.879225838884	False
[(1S)-4-(1-Aminobutylideneamino)-1-carboxybutyl]azanium	16241	1.6630367e-09	5800	72.89179338946839	False
Mafenide	19720	1.662041e-09	5801	72.90436094005278	False
Pipradrol	20152	1.6591998e-09	5802	72.91692849063718	False
1-[(4S)-4-amino-5-(1,3-benzothiazol-2-yl)-5-oxopentyl]guanidine	16178	1.6589845e-09	5803	72.92949604122157	False
RU84687	17834	1.658681e-09	5804	72.94206359180596	False
GC-24	16884	1.6581685e-09	5805	72.95463114239034	False
SEP-363856	16866	1.6579913e-09	5806	72.96719869297475	False
Asoprisnil	17394	1.6558581e-09	5807	72.97976624355913	False
S-Ethyl-N-Phenyl-Isothiourea	16240	1.6555676e-09	5808	72.99233379414353	False
4-Hydroxyphenylpyruvic acid	16163	1.6525988e-09	5809	73.00490134472791	False
2-Deoxy-D-Glucitol 6-(E)-Vinylhomophosphonate	20080	1.6524129e-09	5810	73.0174688953123	False
5-Thio-a/B-D-Mannopyranosylamine	19656	1.6509889e-09	5811	73.0300364458967	False
Tandutinib	16493	1.6451985e-09	5812	73.04260399648108	False
(2S)-2-(1H-indol-3-yl)hexanoic acid	19830	1.6403263e-09	5813	73.05517154706548	False
Matairesinol	19996	1.6400541e-09	5814	73.06773909764986	False
Naxifylline	15960	1.6378066e-09	5815	73.08030664823426	False
Cefepime	20208	1.6372911e-09	5816	73.09287419881865	False
Acetyldigitoxin	17624	1.6368572e-09	5817	73.10544174940304	False
Cibacron Blue	17796	1.6343894e-09	5818	73.11800929998743	False
L-N(omega)-Nitroarginine-2,4-L-diaminobutyric amide	16233	1.6342709e-09	5819	73.13057685057183	False
(2R,3R)-2,3-Dihydroxy-4-oxo-4-(propylamino)butanoic acid	18608	1.6338472e-09	5820	73.1431444011562	False
MIV-711	19590	1.6323768e-09	5821	73.15571195174061	False
Bifeprunox	16857	1.632218e-09	5822	73.16827950232499	False
N2-({[(4-Bromophenyl)Methyl]Oxy}Carbonyl)-N1-[(1s)-1-Formylpentyl]-L-Leucinamide	19577	1.6275518e-09	5823	73.1808470529094	False
3-Mercapto-1-(1,3,4,9-Tetrahydro-B-Carbolin-2-Yl)-Propan-1-One	18385	1.6267884e-09	5824	73.19341460349378	False
Benzodiazepine	15692	1.6251757e-09	5825	73.20598215407817	False
Guanosine-5'-Diphosphate	18405	1.6221253e-09	5826	73.21854970466256	False
D-alpha-Tocopherol acetate	14525	1.6213519e-09	5827	73.23111725524694	False
(2S)-2-methyl-2,3-dihydrothieno[2,3-f][1,4]oxazepin-5-amine	15936	1.6213303e-09	5828	73.24368480583135	False
(2R)-2-(4-CHLOROPHENYL)-2-PHENYLETHANAMINE	19809	1.6196675e-09	5829	73.25625235641573	False
2-deoxy-2,3-dehydro-N-acetylneuraminic acid	19448	1.6195469e-09	5830	73.26881990700012	False
Geldanamycin	18634	1.6194821e-09	5831	73.28138745758451	False
4-Methylthio-Alpha-D-Mannose	20044	1.61738e-09	5832	73.29395500816891	False
9-Butyl-8-(2,5-Dimethoxy-Benzyl)-9h-Purin-6-Ylamine	18633	1.6167847e-09	5833	73.3065225587533	False
Sarafloxacin	15383	1.609511e-09	5834	73.3190901093377	False
1-ACETYL-2-CARBOXYPIPERIDINE	19898	1.6094189e-09	5835	73.33165765992207	False
Dapiprazole	17336	1.6093638e-09	5836	73.34422521050648	False
(R)-minalrestat	17685	1.6075627e-09	5837	73.35679276109086	False
Fosinopril	16687	1.6067382e-09	5838	73.36936031167525	False
Ertapenem	20360	1.6065176e-09	5839	73.38192786225964	False
Stavudine triphosphate	19436	1.6063705e-09	5840	73.39449541284404	False
Mdl-29951	19335	1.6058129e-09	5841	73.40706296342843	False
Tigapotide	19313	1.6050535e-09	5842	73.41963051401282	False
2-[3-(5-Mercapto-[1,3,4]thiadiazol-2yl)-ureido]-N-methyl-3-pentafluorophenyl-propionamide	18627	1.6030802e-09	5843	73.43219806459722	False
9-Butyl-8-(2,5-Dimethoxy-Benzyl)-2-Fluoro-9h-Purin-6-Ylamine	18644	1.6006878e-09	5844	73.44476561518161	False
1-[4-(4-chlorophenyl)-1-(7H-pyrrolo[2,3-d]pyrimidin-4-yl)piperidin-4-yl]methanamine	19816	1.5999828e-09	5845	73.45733316576599	False
Deramciclane	15204	1.595859e-09	5846	73.46990071635038	False
Pyruvaldehyde	19945	1.5933469e-09	5847	73.48246826693477	False
INCB3284	19546	1.5922379e-09	5848	73.49503581751917	False
N(G)-Iminoethylornithine	16768	1.5920831e-09	5849	73.50760336810356	False
FavId	17772	1.5917825e-09	5850	73.52017091868794	False
Selenocysteine	19433	1.5916428e-09	5851	73.53273846927235	False
Calcium phosphate dihydrate	14486	1.5908932e-09	5852	73.54530601985672	False
Aprotinin	14871	1.5898588e-09	5853	73.55787357044112	False
Levoketoconazole	17623	1.5883402e-09	5854	73.57044112102551	False
Ceftiofur	21588	1.5871652e-09	5855	73.5830086716099	False
Levobunolol	15155	1.5860485e-09	5856	73.5955762221943	False
Ethynodiol diacetate	15467	1.5850415e-09	5857	73.60814377277869	False
3,4-Dihydro-5-Methyl-Isoquinolinone	19024	1.5833614e-09	5858	73.62071132336308	False
Bivalirudin	14770	1.5829781e-09	5859	73.63327887394748	False
Metixene	20153	1.5783169e-09	5860	73.64584642453185	False
Rociverine	16080	1.5733667e-09	5861	73.65841397511626	False
Ulixertinib	18119	1.5723707e-09	5862	73.67098152570064	False
(+)-Rutamarin alcohol	17614	1.571798e-09	5863	73.68354907628503	False
Trospium	15080	1.5689375e-09	5864	73.69611662686943	False
(S)-1-PHENYL-1-[4-(9H-PURIN-6-YL)PHENYL]METHANAMINE	19805	1.568393e-09	5865	73.7086841774538	False
2-Amino-3-(5-Tert-Butyl-3-(Phosphonomethoxy)-4-Isoxazolyl)Propionic Acid	17813	1.5682224e-09	5866	73.72125172803821	False
Arimoclomol	19308	1.5678785e-09	5867	73.73381927862259	False
N2-[(Benzyloxy)carbonyl]-N-[(3R)-1-{N-[(benzyloxy)carbonyl]-L-leucyl}-4-oxo-3-pyrrolidinyl]-L-leucinamide	19573	1.5670355e-09	5868	73.74638682920698	False
Alfuzosin	15433	1.5669697e-09	5869	73.75895437979138	False
S-NONYL-CYSTEINE	17802	1.5660374e-09	5870	73.77152193037577	False
Kabiramide C	19180	1.5654998e-09	5871	73.78408948096016	False
Thiorphan	16785	1.5621354e-09	5872	73.79665703154456	False
N-{[(2S,3S)-3-(Ethoxycarbonyl)-2-oxiranyl]carbonyl}-L-threonyl-L-isoleucine	18146	1.5617719e-09	5873	73.80922458212893	False
Tasonermin	18165	1.5616198e-09	5874	73.82179213271334	False
Droperidol	17337	1.5611822e-09	5875	73.83435968329772	False
Cabergoline	15424	1.5595035e-09	5876	73.84692723388213	False
Nisoxetine	17697	1.559349e-09	5877	73.8594947844665	False
Doxefazepam	20139	1.5591943e-09	5878	73.8720623350509	False
N-(CYCLOPROPYLMETHYL)-4-(METHYLOXY)-3-({5-[3-(3-PYRIDINYL)PHENYL]-1,3-OXAZOL-2-YL}AMINO)BENZENESULFONAMIDE	17049	1.558891e-09	5879	73.88462988563529	False
4-(2-(1H-IMIDAZOL-4-YL)ETHYLAMINO)-2-(PHENYLAMINO)PYRAZOLO[1,5-A][1,3,5]TRIAZINE-8-CARBONITRILE	18812	1.5571793e-09	5880	73.89719743621968	False
3-(3-aminophenyl)-N-(3-chlorophenyl)pyrazolo[1,5-a]pyrimidin-5-amine	19869	1.5536015e-09	5881	73.90976498680408	False
Ritodrine	15874	1.5533468e-09	5882	73.92233253738846	False
alpha-D-quinovopyranose	19391	1.5528135e-09	5883	73.93490008797285	False
[2(R,S)-2-Sulfanylheptanoyl]-Phe-Ala	16782	1.5505909e-09	5884	73.94746763855724	False
Carbidopa	19207	1.5462346e-09	5885	73.96003518914164	False
2,3,5,6-Tetrafluoro-4-Methoxy-Benzamide	18883	1.545188e-09	5886	73.97260273972603	False
Xamoterol	16538	1.5447813e-09	5887	73.98517029031042	False
Dacetuzumab	18771	1.5422789e-09	5888	73.9977378408948	False
(2S)-1-(2,5-dimethylphenoxy)-3-morpholin-4-ylpropan-2-ol	18253	1.5415847e-09	5889	74.0103053914792	False
Fisetin	19249	1.5383274e-09	5890	74.02287294206359	False
2-[(2-methoxyethyl)amino]-4-(4-oxo-1,2,3,4-tetrahydro-9H-carbazol-9-yl)benzamide	18670	1.5339939e-09	5891	74.03544049264798	False
Soraphen A	17580	1.5298331e-09	5892	74.04800804323237	False
[(3R)-7-NITRO-1,2,3,4-TETRAHYDROISOQUINOLIN-3-YL]METHANOL	17966	1.5281038e-09	5893	74.06057559381676	False
Eszopiclone	15441	1.5274103e-09	5894	74.07314314440116	False
2-[3,4-Dihydroxy-2-Hydroxymethyl-5-(2-Hydroxy-Nonyl)-Tetrahydro-Furan-2-Yloxy]-6-Hydroxymethyl-Tetra Hydro-Pyran-3,4,5-Triol	18176	1.5249128e-09	5895	74.08571069498555	False
N-Ethyl-5'-Carboxamido Adenosine	18716	1.5229682e-09	5896	74.09827824556994	False
Pancuronium	14859	1.5210725e-09	5897	74.11084579615434	False
2,3,6A,7,8,9-HEXAHYDRO-11H-[1,4]DIOXINO[2,3-G]PYRROLO[2,1-B][1,3]BENZOXAZIN-11-ONE	17824	1.5189966e-09	5898	74.12341334673872	False
5,7,2′-trihydroxy-6,8-dimethoxyflavone	20168	1.5150268e-09	5899	74.13598089732312	False
2-({2-[(3R)-3-AMINOPIPERIDIN-1-YL]-4-OXOQUINAZOLIN-3(4H)-YL}METHYL)BENZONITRILE	17941	1.5140706e-09	5900	74.1485484479075	False
1-hydroxy-2-isopropylguanidine	16237	1.5132622e-09	5901	74.1611159984919	False
CAD106	19553	1.5130803e-09	5902	74.17368354907629	False
Canavanine	16759	1.511471e-09	5903	74.18625109966067	False
2-(3-GUANIDINOPHENYL)-3-MERCAPTOPROPANOIC ACID	19452	1.5105545e-09	5904	74.19881865024507	False
Cyanamide	16907	1.510059e-09	5905	74.21138620082945	False
ETHYL 3-[4-(AMINOSULFONYL)PHENYL]PROPANOATE	16799	1.509673e-09	5906	74.22395375141384	False
Ioflupane I-123	20226	1.5085936e-09	5907	74.23652130199824	False
Diphenoxylate	17153	1.507285e-09	5908	74.24908885258263	False
Fencamfamin	17522	1.5071756e-09	5909	74.26165640316702	False
HY10275	17248	1.5065894e-09	5910	74.27422395375142	False
(2R)-2-(4-chlorophenyl)-2-[4-(1H-pyrazol-4-yl)phenyl]ethanamine	19807	1.5054518e-09	5911	74.28679150433581	False
A Disubstituted Succinyl Caprolactam Hydroxymate Mmp3inhibitor	18616	1.5049408e-09	5912	74.2993590549202	False
Theobromine	15335	1.5026806e-09	5913	74.31192660550458	False
Orbifloxacin	15381	1.499288e-09	5914	74.32449415608899	False
Methoxamine	17339	1.4991994e-09	5915	74.33706170667337	False
3,5-DIMETHYL-1-PHENYL-1H-PYRAZOLE-4-CARBOXYLIC ACID ETHYL ESTER	18869	1.4983189e-09	5916	74.34962925725776	False
Solabegron	18301	1.4928192e-09	5917	74.36219680784215	False
Remifentanil	17152	1.490273e-09	5918	74.37476435842653	False
Acitretin	14174	1.4899945e-09	5919	74.38733190901094	False
L-aminocarnityl-succinyl-leucyl-argininal-diethylacetal	19629	1.4884749e-09	5920	74.39989945959532	False
3-(HYDROXYMETHYL)-1-METHYL-5-(2-METHYLAZIRIDIN-1-YL)-2-PHENYL-1H-INDOLE-4,7-DIONE	18753	1.4868687e-09	5921	74.41246701017971	False
2-Amino-N,3,3-Trimethylbutanamide	16196	1.4853269e-09	5922	74.4250345607641	False
Glycopyrronium	16067	1.4838997e-09	5923	74.4376021113485	False
Agkistrodon piscivorus antivenin	16250	1.4835657e-09	5924	74.45016966193289	False
2,4-Diamino-6-[N-(3',4',5'-Trimethoxybenzyl)-N-Methylamino]Pyrido[2,3-D]Pyrimidine	16996	1.4827086e-09	5925	74.46273721251728	False
Remimazolam	14464	1.4785121e-09	5926	74.47530476310166	False
Lormetazepam	20140	1.4784077e-09	5927	74.48787231368607	False
methyl (3S)-3-[(tert-butoxycarbonyl)amino]-4-oxopentanoate	18705	1.4778806e-09	5928	74.50043986427045	False
Pirenzepine	16311	1.477655e-09	5929	74.51300741485485	False
3-Methoxybenzamide	19022	1.4767336e-09	5930	74.52557496543923	False
2-(1H-pyrrol-1-ylcarbonyl)benzene-1,3,5-triol	18669	1.4758524e-09	5931	74.53814251602363	False
6-hydroxydopa quinone	18284	1.4746367e-09	5932	74.55071006660802	False
6-CHLORO-N-{(3S)-1-[(1S)-1-METHYL-2-(4-MORPHOLINYL)-2-OXO ETHYL]-2-OXO-3-PYRROLIDINYL}-2-NAPHTHALENESULFONAMIDE	16652	1.474139e-09	5933	74.56327761719241	False
5-Methyl-5-(4-Phenoxy-Phenyl)-Pyrimidine-2,4,6-Trione	18620	1.4723294e-09	5934	74.5758451677768	False
Ethanesulfonic acid	18164	1.4703061e-09	5935	74.5884127183612	False
(7S)-2-(2-aminopyrimidin-4-yl)-7-(2-fluoroethyl)-1,5,6,7-tetrahydro-4H-pyrrolo[3,2-c]pyridin-4-one	18436	1.4687812e-09	5936	74.60098026894558	False
Benfluorex	21214	1.4686553e-09	5937	74.61354781952997	False
6-AMINO-BENZO[DE]ISOQUINOLINE-1,3-DIONE	19026	1.4674764e-09	5938	74.62611537011436	False
3-(5-{[4-(AMINOMETHYL)PIPERIDIN-1-YL]METHYL}-1H-INDOL-2-YL)QUINOLIN-2(1H)-ONE	19514	1.4671965e-09	5939	74.63868292069876	False
Toripalimab	19609	1.4658259e-09	5940	74.65125047128315	False
Azidocillin	20210	1.4657309e-09	5941	74.66381802186753	False
Moxonidine	16853	1.465169e-09	5942	74.67638557245193	False
Norethynodrel	15638	1.4648056e-09	5943	74.68895312303631	False
N-(5-METHYL-1H-PYRAZOL-3-YL)-2-PHENYLQUINAZOLIN-4-AMINE	20016	1.4641242e-09	5944	74.70152067362072	False
P54	18584	1.4634038e-09	5945	74.7140882242051	False
Guanidine-3-propanol	18953	1.459635e-09	5946	74.72665577478949	False
Benidipine	15039	1.4585829e-09	5947	74.73922332537389	False
5-[(3R)-3-(5-methoxy-2',6'-dimethylbiphenyl-3-yl)but-1-yn-1-yl]-6-methylpyrimidine-2,4-diamine	17007	1.4551818e-09	5948	74.75179087595828	False
5-CHLORO-N-((1R,2S)-2-(4-(2-OXOPYRIDIN-1(2H)-YL)BENZAMIDO) CYCLOPENTYL)THIOPHENE-2-CARBOXAMIDE	16660	1.454871e-09	5949	74.76435842654267	False
SR-123781A	16827	1.4536117e-09	5950	74.77692597712706	False
2-Phosphoglycolic Acid	16083	1.452891e-09	5951	74.78949352771144	False
5-Alpha-Androstane-3-Beta,17beta-Diol	14531	1.4506315e-09	5952	74.80206107829585	False
Brofaromine	19238	1.4465699e-09	5953	74.81462862888023	False
(2S)-2-Ammonio-3-[5-(2-methyl-2-propanyl)-3-oxido-1,2-oxazol-4-yl]propanoate	17817	1.4457203e-09	5954	74.82719617946462	False
(2R)-3-{[(4Z)-5,6-DIPHENYL-6,7-DIHYDRO-4H-PYRROLO[2,3-D]PYRIMIDIN-4-YLIDENE]AMINO}PROPANE-1,2-DIOL	19529	1.4427508e-09	5955	74.83976373004901	False
L-homoarginine	16773	1.44192e-09	5956	74.8523312806334	False
3-[3-(2,3-Dihydroxy-Propylamino)-Phenyl]-4-(5-Fluoro-1-Methyl-1h-Indol-3-Yl)-Pyrrole-2,5-Dione	18430	1.4409165e-09	5957	74.8648988312178	False
3-(Benzyloxy)Pyridin-2-Amine	18322	1.4392878e-09	5958	74.87746638180218	False
2-(2-{2-[(BIPHENYL-4-YLMETHYL)-AMINO]-3-MERCAPTO-PENTANOYLAMINO}-ACETYLAMINO)-3-METHYL-BUTYRIC ACID METHYL ESTER	18632	1.4343411e-09	5959	74.89003393238659	False
Thonzylamine	16079	1.4323835e-09	5960	74.90260148297097	False
VX-765	17263	1.4280898e-09	5961	74.91516903355536	False
3-nitro-L-tyrosine	17529	1.4271068e-09	5962	74.92773658413975	False
Seractide acetate	17887	1.4269462e-09	5963	74.94030413472414	False
Brexanolone	14735	1.4248438e-09	5964	74.95287168530854	False
4-bromo-6-(6-hydroxy-1,2-benzisoxazol-3-yl)benzene-1,3-diol	18661	1.4233066e-09	5965	74.96543923589293	False
2-[(4-ETHYNYL-2-FLUOROPHENYL)AMINO]-3,4-DIFLUORO-N-(2-HYDROXYETHOXY)BENZAMIDE	17979	1.4219119e-09	5966	74.97800678647731	False
Isometheptene	16357	1.421863e-09	5967	74.99057433706172	False
Alpha-1-proteinase inhibitor	17111	1.420039e-09	5968	75.0031418876461	False
Benzquinamide	16064	1.4179684e-09	5969	75.01570943823049	False
Suramin	14722	1.4154204e-09	5970	75.02827698881488	False
Eptifibatide	18695	1.4139633e-09	5971	75.04084453939927	False
(2R)-2-(3-Biphenylyl)-N-{(2R)-2-hydroxy-3-[(2-pyridinylsulfonyl)amino]propyl}-4-methylpentanamide	19578	1.4139067e-09	5972	75.05341208998367	False
4-(1,3-BENZODIOXOL-5-YLOXY)-2-[4-(1H-IMIDAZOL-1-YL)PHENOXY]-6-METHYLPYRIMIDINE	15940	1.4133674e-09	5973	75.06597964056805	False
3,6-DIAMINO-5-CYANO-4-(4-ETHOXYPHENYL)THIENO[2,3-B]PYRIDINE-2-CARBOXAMIDE	18673	1.4118477e-09	5974	75.07854719115244	False
CoA-s-acetyl tryptamine	20113	1.4104994e-09	5975	75.09111474173683	False
Siplizumab	17613	1.4049896e-09	5976	75.10368229232122	False
Butorphanol	17149	1.403811e-09	5977	75.11624984290562	False
6-chloro-N-pyrimidin-5-yl-3-{[3-(trifluoromethyl)phenyl]amino}-1,2-benzisoxazole-7-carboxamide	17048	1.4036503e-09	5978	75.12881739349001	False
Quinalizarin	18818	1.4030347e-09	5979	75.1413849440744	False
(2S)-2-(BUTYRYLOXY)-3-HYDROXYPROPYL NONANOATE	19888	1.4026573e-09	5980	75.1539524946588	False
Corifollitropin alfa	17106	1.4008448e-09	5981	75.16652004524317	False
Ethanolamine oleate	20125	1.3971623e-09	5982	75.17908759582758	False
N-Propargyl-1(S)-Aminoindan	14890	1.396198e-09	5983	75.19165514641196	False
Aluminium	14337	1.3949921e-09	5984	75.20422269699635	False
Oxtriphylline	15330	1.3936304e-09	5985	75.21679024758075	False
CRA_1144	19071	1.3929529e-09	5986	75.22935779816514	False
3-Methylphenylalanine	18141	1.392937e-09	5987	75.24192534874953	False
1-{2-[(4-CHLOROPHENYL)AMINO]-2-OXOETHYL}-N-(1-ISOPROPYLPIPERIDIN-4-YL)-1H-INDOLE-2-CARBOXAMIDE	16657	1.3917977e-09	5988	75.25449289933393	False
Mivacurium	16069	1.3910333e-09	5989	75.2670604499183	False
Metenolone	21660	1.3873424e-09	5990	75.27962800050271	False
5-(dodecylthio)-1H-1,2,3-triazole-4-carboxylic acid	19826	1.3857132e-09	5991	75.29219555108709	False
5-(5-CHLORO-2,4-DIHYDROXYPHENYL)-N-ETHYL-4-PIPERAZIN-1-YL-1H-PYRAZOLE-3-CARBOXAMIDE	18651	1.3842154e-09	5992	75.30476310167148	False
Buformin	20278	1.3837271e-09	5993	75.31733065225588	False
alpha-L-fucose	19400	1.3820732e-09	5994	75.32989820284027	False
BENZYL N-({(2S,3S)-3-[(PROPYLAMINO)CARBONYL]OXIRAN-2-YL}CARBONYL)-L-ISOLEUCYL-L-PROLINATE	18148	1.3805109e-09	5995	75.34246575342466	False
N-ethyl-N-[3-(propylamino)propyl]propane-1,3-diamine	16335	1.379716e-09	5996	75.35503330400904	False
(2R)-2-AMINO-3,3,3-TRIFLUORO-N-HYDROXY-2-{[(4-PHENOXYPHENYL)SULFONYL]METHYL}PROPANAMIDE	16201	1.3790845e-09	5997	75.36760085459345	False
Zinc chloride	14490	1.3772551e-09	5998	75.38016840517783	False
AMG-222	17905	1.3759421e-09	5999	75.39273595576222	False
CGS-27023	18103	1.3736451e-09	6000	75.40530350634661	False
5-chloro-N-[(3R)-1-(2-{[2-fluoro-4-(2-oxopyridin-1(2H)-yl)phenyl]amino}-2-oxoethyl)pyrrolidin-3-yl]thiophene-2-carboxamide	16654	1.3725138e-09	6001	75.417871056931	False
(4Z)-6-bromo-4-({[4-(pyrrolidin-1-ylmethyl)phenyl]amino}methylidene)isoquinoline-1,3(2H,4H)-dione	17956	1.3716108e-09	6002	75.4304386075154	False
Atl146e	18122	1.3679923e-09	6003	75.44300615809979	False
(10R)-10-methyl-3-(6-methylpyridin-3-yl)-9,10,11,12-tetrahydro-8H-[1,4]diazepino[5',6':4,5]thieno[3,2-f]quinolin-8-one	18888	1.3646929e-09	6004	75.45557370868417	False
[4-amino-2-(tert-butylamino)-1,3-thiazol-5-yl](phenyl)methanone	19540	1.3637771e-09	6005	75.46814125926858	False
Bisindolylmaleimide VIII	18760	1.363439e-09	6006	75.48070880985296	False
AE-941	16198	1.3599898e-09	6007	75.49327636043735	False
OPC-14523	17696	1.3560837e-09	6008	75.50584391102174	False
6-(Octahydro-1h-Indol-1-Ylmethyl)Decahydroquinazoline-2,4-Diamine	16994	1.3554656e-09	6009	75.51841146160612	False
N-oxo-2-(phenylsulfonylamino)ethanamide	18782	1.3516525e-09	6010	75.53097901219053	False
SP4160	18383	1.3483153e-09	6011	75.5435465627749	False
Rapacuronium	17397	1.3444428e-09	6012	75.55611411335931	False
4-Iodo-L-phenylalanine	17899	1.343543e-09	6013	75.56868166394369	False
4-{[4-(4-fluoro-3-methylphenyl)-1,3-thiazol-2-yl]amino}-2-hydroxybenzoic acid	18722	1.342562e-09	6014	75.58124921452809	False
Otamixaban	16642	1.3377897e-09	6015	75.59381676511248	False
Nicotinamide Mononucleotide	18838	1.3365067e-09	6016	75.60638431569687	False
Freselestat	17114	1.3355561e-09	6017	75.61895186628126	False
Talnetant	19290	1.3354136e-09	6018	75.63151941686566	False
Pyrethrum extract	18183	1.333291e-09	6019	75.64408696745004	False
9-Butyl-8-(4-Methoxybenzyl)-9h-Purin-6-Amine	18643	1.3330749e-09	6020	75.65665451803444	False
Vestipitant	17101	1.3314739e-09	6021	75.66922206861882	False
Velaglucerase alfa	18226	1.3312657e-09	6022	75.68178961920322	False
3-amino-5-phenylpentane	19149	1.3302276e-09	6023	75.69435716978761	False
4-(2-AMINOETHOXY)-3,5-DICHLORO-N-[3-(1-METHYLETHOXY)PHENYL]BENZAMIDE	18026	1.3299815e-09	6024	75.706924720372	False
1-[4-(4-chlorobenzyl)-1-(7H-pyrrolo[2,3-d]pyrimidin-4-yl)piperidin-4-yl]methanamine	19817	1.3230994e-09	6025	75.7194922709564	False
Fenoterol	16531	1.3230439e-09	6026	75.73205982154079	False
AZD-9684	19565	1.3199537e-09	6027	75.74462737212517	False
Oxazepam	14246	1.3194653e-09	6028	75.75719492270956	False
GLUTATHIONE SULFINATE	17790	1.3184365e-09	6029	75.76976247329395	False
Bis-Napthyl Beta-Ketophosphonic Acid	18298	1.3166095e-09	6030	75.78233002387834	False
Cycloleucine	17035	1.3152341e-09	6031	75.79489757446274	False
VX-702	17590	1.3135719e-09	6032	75.80746512504713	False
N-[4-(AMINOSULFONYL)BENZYL]-5-(5-CHLORO-2,4-DIHYDROXYPHENYL)-1H-PYRAZOLE-4-CARBOXAMIDE	18647	1.3102064e-09	6033	75.82003267563152	False
(3R,4S)-1-(3,4-DIMETHOXYPHENYL)-3-(3-METHYLPHENYL)PIPERIDIN-4-AMINE	17931	1.3067921e-09	6034	75.8326002262159	False
3,5,6,8-Tetramethyl-N-Methyl Phenanthrolinium	18932	1.3050635e-09	6035	75.84516777680031	False
N-(4-OXO-5,6,7,8-TETRAHYDRO-4H-[1,3]THIAZOLO[5,4-C]AZEPIN-2-YL)ACETAMIDE	19538	1.3049739e-09	6036	75.85773532738469	False
N-METHYLALANYL-3-METHYLVALYL-4-PHENOXY-N-(1,2,3,4-TETRAHYDRONAPHTHALEN-1-YL)PROLINAMIDE	18698	1.3028401e-09	6037	75.87030287796908	False
8-azaguanine	15339	1.3015536e-09	6038	75.88287042855347	False
(2S)-2-(3-bromophenyl)-3-(5-chloro-2-hydroxyphenyl)-1,3-thiazolidin-4-one	19999	1.300355e-09	6039	75.89543797913787	False
Sri-9662	16997	1.3003402e-09	6040	75.90800552972226	False
PHOSPHONIC ACID 2-DODECANOYLAMINO-HEXYL ESTER PROPYL ESTER	19946	1.2995244e-09	6041	75.92057308030665	False
Cytidine-5'-Monophosphate-5-N-Acetylneuraminic Acid	20107	1.296776e-09	6042	75.93314063089103	False
Inositol-(1,3,4,5,6)-Pentakisphosphate	20036	1.2960243e-09	6043	75.94570818147544	False
Phosphorylisopropane	14866	1.2946852e-09	6044	75.95827573205982	False
PSN9301	17904	1.2934658e-09	6045	75.97084328264422	False
Girentuximab	18391	1.2923611e-09	6046	75.9834108332286	False
6-CHLORO-N-{(3S)-1-[(1S)-1-METHYL-2-MORPHOLIN-4-YL-2-OXOETHYL]-2-OXOPYRROLIDIN-3-YL}-1-BENZOTHIOPHENE-2-SULFONAMIDE	16651	1.2919521e-09	6047	75.995978383813	False
Selenium	14716	1.2912202e-09	6048	76.00854593439739	False
N-[2-(2-methyl-1H-indol-3-yl)ethyl]thiophene-2-carboxamide	19998	1.2907155e-09	6049	76.02111348498177	False
Bretylium	17627	1.2892074e-09	6050	76.03368103556618	False
Aclidinium	14873	1.2887845e-09	6051	76.04624858615055	False
DG031	19304	1.288283e-09	6052	76.05881613673495	False
(S)-Rolipram	17326	1.2875387e-09	6053	76.07138368731934	False
DG051	18991	1.2868807e-09	6054	76.08395123790373	False
5,6,7,8-TETRAHYDRO[1]BENZOTHIENO[2,3-D]PYRIMIDIN-4(3H)-ONE	19539	1.2862182e-09	6055	76.09651878848813	False
Zopolrestat	17692	1.2852618e-09	6056	76.10908633907252	False
Eribaxaban	16643	1.2847227e-09	6057	76.1216538896569	False
METHYL 3-CHLORO-2-{3-[(2,5-DIHYDROXY-4-METHOXYPHENYL)AMINO]-3-OXOPROPYL}-4,6-DIHYDROXYBENZOATE	18717	1.2837281e-09	6058	76.1342214402413	False
N-anthracen-2-yl-5-methyl[1,2,4]triazolo[1,5-a]pyrimidin-7-amine	17089	1.2833022e-09	6059	76.14678899082568	False
N6-(2,5-Dimethoxy-Benzyl)-N6-Methyl-Pyrido[2,3-D]Pyrimidine-2,4,6-Triamine	16995	1.2815703e-09	6060	76.15935654141009	False
5-methyl-N-[4-(trifluoromethyl)phenyl][1,2,4]triazolo[1,5-a]pyrimidin-7-amine	17090	1.2785136e-09	6061	76.17192409199447	False
Interferon beta-1a	15284	1.2780552e-09	6062	76.18449164257886	False
Ecabet	19331	1.276299e-09	6063	76.19705919316326	False
O-Benzylsulfonyl-Serine	20095	1.2761601e-09	6064	76.20962674374763	False
Glycinamide Ribonucleotide	17985	1.2757877e-09	6065	76.22219429433204	False
4-Nitrophenyl Phosphate	19858	1.2754228e-09	6066	76.23476184491642	False
Adenosine monotungstate	19015	1.2703801e-09	6067	76.24732939550081	False
R-2-{[4'-Methoxy-(1,1'-Biphenyl)-4-Yl]-Sulfonyl}-Amino-6-Methoxy-Hex-4-Ynoic Acid	18623	1.2697526e-09	6068	76.2598969460852	False
2-[3-(5-Mercapto-[1,3,4]thiadiazol-2-yl)-ureido]-N-methyl-3-phenyl-propionamide	18624	1.2697163e-09	6069	76.2724644966696	False
16,17-Androstene-3-Ol	19909	1.2694356e-09	6070	76.28503204725399	False
5-CHLORO-N-(2-(4-(2-OXOPYRIDIN-1(2H)-YL)BENZAMIDO)ETHYL)THIOPHENE-2-CARBOXAMIDE	16659	1.2676546e-09	6071	76.29759959783838	False
3,5-Dinitrocatechol	19169	1.2674516e-09	6072	76.31016714842276	False
(2-{[(4-BROMO-2-FLUOROBENZYL)AMINO]CARBONYL}-5-CHLOROPHENOXY)ACETIC ACID	17679	1.2656736e-09	6073	76.32273469900717	False
Lurasidone	15590	1.2562912e-09	6074	76.33530224959155	False
Iodo-Willardiine	17814	1.2514005e-09	6075	76.34786980017594	False
Almitrine	17631	1.2495902e-09	6076	76.36043735076034	False
Hexachlorophene	16362	1.2494259e-09	6077	76.37300490134473	False
Pyrazole	16369	1.2463934e-09	6078	76.38557245192912	False
Telapristone acetate	17393	1.2436577e-09	6079	76.39814000251351	False
Synephrine	20148	1.23936e-09	6080	76.41070755309791	False
N-ISOBUTYL-N-[4-METHOXYPHENYLSULFONYL]GLYCYL HYDROXAMIC ACID	18630	1.2393102e-09	6081	76.4232751036823	False
Benzamidine	18011	1.2385966e-09	6082	76.43584265426668	False
[4-(4-PHENYL-PIPERIDIN-1-YL)-BENZENESULFONYLAMINO]-ACETIC ACID	18625	1.2384784e-09	6083	76.44841020485107	False
Etidronic acid	17428	1.2371516e-09	6084	76.46097775543547	False
Vofopitant	17102	1.2359558e-09	6085	76.47354530601986	False
Insulin aspart	15331	1.2349473e-09	6086	76.48611285660425	False
Aspartate Beryllium Trifluoride	20103	1.2319712e-09	6087	76.49868040718863	False
LI-301	16860	1.231943e-09	6088	76.51124795777304	False
RU83876	17840	1.2319196e-09	6089	76.52381550835742	False
Albiglutide	17949	1.230602e-09	6090	76.53638305894181	False
Trihexyphenidyl	16054	1.2297644e-09	6091	76.5489506095262	False
(4s)-5-Fluoro-L-Leucine	20105	1.2290281e-09	6092	76.5615181601106	False
NGX267	16319	1.2268546e-09	6093	76.57408571069499	False
Piritrexim	17000	1.2241478e-09	6094	76.58665326127938	False
7-BENZYL-1,3-DIMETHYL-8-PIPERAZIN-1-YL-3,7-DIHYDRO-PURINE-2,6-DIONE	17940	1.2237953e-09	6095	76.59922081186377	False
(2S,3S)-3-AMINO-4-[(3S)-3-FLUOROPYRROLIDIN-1-YL]-N,N-DIMETHYL-4-OXO-2-(TRANS-4-[1,2,4]TRIAZOLO[1,5-A]PYRIDIN-5-YLCYCLOHEXYL)BUTANAMIDE	17917	1.2216637e-09	6096	76.61178836244817	False
GW-590735	16260	1.2199568e-09	6097	76.62435591303255	False
D-Proline	20222	1.2198406e-09	6098	76.63692346361695	False
Carboxymethylthio-3-(3-Chlorophenyl)-1,2,4-Oxadiazol	17753	1.2180712e-09	6099	76.64949101420133	False
DIMETHYL-(4,5,6,7-TETRABROMO-1H-BENZOIMIDAZOL-2-YL)-AMINE	18805	1.2165041e-09	6100	76.66205856478572	False
5-[2-(1H-pyrrol-1-yl)ethoxy]-1H-indole	18992	1.2154372e-09	6101	76.67462611537012	False
N-(Chlorophenyl)-N'-hydroxyguanidine	16775	1.2151937e-09	6102	76.6871936659545	False
AS-8112	17413	1.2146099e-09	6103	76.6997612165389	False
(R)-N-methyl-N-2-propynyl-1-indanamine	14887	1.2140864e-09	6104	76.71232876712328	False
Periciazine	16015	1.2119024e-09	6105	76.72489631770767	False
N-(1-ISOPROPYLPIPERIDIN-4-YL)-1-(3-METHOXYBENZYL)-1H-INDOLE-2-CARBOXAMIDE	16656	1.2091846e-09	6106	76.73746386829207	False
Bufotenine	14903	1.2087328e-09	6107	76.75003141887646	False
1-[3,3-Dimethyl-2-(2-Methylamino-Propionylamino)-Butyryl]-Pyrrolidine-2-Carboxylic Acid(1,2,3,4-Tetrahydro-Naphthalen-1-Yl)-Amide	18697	1.2075645e-09	6108	76.76259896946085	False
Ranibizumab	16511	1.2075345e-09	6109	76.77516652004525	False
(S)-2-Amino-3-(1,3,5,7-Pentahydro-2,4-Dioxo-Cyclopenta[E]Pyrimidin-1-Yl) Proionic Acid	17816	1.2063237e-09	6110	76.78773407062963	False
2-AMINO-4-FLUORO-5-[(1-METHYL-1H-IMIDAZOL-2-YL)SULFANYL]-N-(1,3-THIAZOL-2-YL)BENZAMIDE	18422	1.2060936e-09	6111	76.80030162121403	False
S-Isopropyl-Isothiourea	16774	1.2058543e-09	6112	76.81286917179841	False
Propantheline	16313	1.2057485e-09	6113	76.82543672238282	False
(2R)-N-HYDROXY-2-[(3S)-3-METHYL-3-{4-[(2-METHYLQUINOLIN-4-YL)METHOXY]PHENYL}-2-OXOPYRROLIDIN-1-YL]PROPANAMIDE	19772	1.2054359e-09	6114	76.8380042729672	False
5alpha-androstane-3beta,17alpha-diol	14532	1.2023268e-09	6115	76.85057182355159	False
Calcium levulinate	17147	1.199578e-09	6116	76.86313937413598	False
1-(6-CYANO-3-PYRIDYLCARBONYL)-5',8'-DIFLUOROSPIRO[PIPERIDINE-4,2'(1'H)-QUINAZOLINE]-4'-AMINE	15945	1.1991524e-09	6117	76.87570692472038	False
Brinzolamide	15491	1.1983088e-09	6118	76.88827447530477	False
Polymyxin B	20273	1.1969542e-09	6119	76.90084202588915	False
Chymopapain	19191	1.1966826e-09	6120	76.91340957647354	False
Pelitinib	17715	1.196564e-09	6121	76.92597712705793	False
Lumichrome	17426	1.1954073e-09	6122	76.93854467764233	False
Lesopitron	16858	1.1943202e-09	6123	76.95111222822672	False
Succinylcholine	14838	1.1940811e-09	6124	76.96367977881111	False
Farletuzumab	19564	1.193908e-09	6125	76.97624732939549	False
Leukotriene B4	16267	1.1933116e-09	6126	76.9888148799799	False
Brolucizumab	16519	1.1932934e-09	6127	77.00138243056428	False
THIENO[3,2-B]PYRIDINE-2-SULFONIC ACID [2-OXO-1-(1H-PYRROLO[2,3-C]PYRIDIN-2-YLMETHYL)-PYRROLIDIN-3-YL]-AMIDE	16661	1.1922558e-09	6128	77.01394998114867	False
5-(5-CHLORO-2-THIENYL)-N-{(3S)-1-[(1S)-1-METHYL-2-MORPHOLIN-4-YL-2-OXOETHYL]-2-OXOPYRROLIDIN-3-YL}-1H-1,2,4-TRIAZOLE-3-SULFONAMIDE	16649	1.1921149e-09	6129	77.02651753173306	False
N-Acetylmethionine	18790	1.1886411e-09	6130	77.03908508231746	False
9-Butyl-8-(2-Chloro-3,4,5-Trimethoxy-Benzyl)-9h-Purin-6-Ylamine	18640	1.1881062e-09	6131	77.05165263290185	False
PG-530742	16199	1.1819267e-09	6132	77.06422018348624	False
N~2~-(biphenyl-4-ylsulfonyl)-N-hydroxy-N~2~-(2-hydroxyethyl)glycinamide	18628	1.1811875e-09	6133	77.07678773407063	False
Hexamethonium	17651	1.1803047e-09	6134	77.08935528465503	False
Levamisole	18028	1.180057e-09	6135	77.1019228352394	False
(5,6-DIPHENYL-FURO[2,3-D]PYRIMIDIN-4-YLAMINO)-ACETIC	19531	1.1793506e-09	6136	77.11449038582381	False
(6E,11E)-HEPTADECA-6,11-DIENE-9,9-DIYLBIS(PHOSPHONIC ACID)	19710	1.1785005e-09	6137	77.12705793640819	False
(2R)-1-(2,6-dimethylphenoxy)propan-2-amine	18023	1.1779073e-09	6138	77.13962548699259	False
Tetrastearoyl cardiolipin	17431	1.1771123e-09	6139	77.15219303757698	False
N-(3,5-dimethoxyphenyl)imidodicarbonimidic diamide	16970	1.1766116e-09	6140	77.16476058816136	False
2,4-Diamino-6-[N-(3',5'-Dimethoxybenzyl)-N-Methylamino]Pyrido[2,3-D]Pyrimidine	17002	1.1764636e-09	6141	77.17732813874576	False
Coenzyme M	14715	1.1755014e-09	6142	77.18989568933014	False
Etheno-NAD	17169	1.1751807e-09	6143	77.20246323991454	False
2-Acetamido-2-Deoxy-D-Glucono-1,5-Lactone	18691	1.1736082e-09	6144	77.21503079049893	False
(2R,3R)-7-(methylsulfonyl)-3-(2,4,5-trifluorophenyl)-1,2,3,4-tetrahydropyrido[1,2-a]benzimidazol-2-amine	17920	1.1733621e-09	6145	77.22759834108332	False
alpha-D-Fucopyranose	18280	1.1732882e-09	6146	77.24016589166771	False
S-(4-BROMOBENZYL)CYSTEINE	17803	1.1723934e-09	6147	77.25273344225211	False
(4Z)-2,8:7,12:11,15:14,18:17,22-PENTAANHYDRO-4,5,6,9,10,13,19,20,21-NONADEOXY-D-ARABINO-D-ALLO-D-ALLO-DOCOSA-4,9,20-TRIENITOL	19889	1.171316e-09	6148	77.2653009928365	False
N-(5,6-DIPHENYLFURO[2,3-D]PYRIMIDIN-4-YL)GLYCINE	19530	1.1692491e-09	6149	77.2778685434209	False
Eldecalcitol	17746	1.1651129e-09	6150	77.29043609400527	False
Trencam-3,2-Hopo	18582	1.1611417e-09	6151	77.30300364458968	False
Heptane-1,2,3-Triol	18794	1.1599e-09	6152	77.31557119517406	False
Depatuxizumab mafodotin	16480	1.1587789e-09	6153	77.32813874575845	False
Rivanicline	17892	1.1568443e-09	6154	77.34070629634284	False
N~3~-(3-PYRIDIN-3-YLBENZYL)PYRIDINE-2,3-DIAMINE	18246	1.1552501e-09	6155	77.35327384692722	False
CT-011	19602	1.1542216e-09	6156	77.36584139751163	False
Teprotumumab	17955	1.1535107e-09	6157	77.37840894809601	False
Arecoline	16073	1.151954e-09	6158	77.3909764986804	False
(2S,3S)-3-AMINO-4-(3,3-DIFLUOROPYRROLIDIN-1-YL)-N,N-DIMETHYL-4-OXO-2-(TRANS-4-[1,2,4]TRIAZOLO[1,5-A]PYRIDIN-6-YLCYCLOHEXYL)BUTANAMIDE	17916	1.151115e-09	6159	77.4035440492648	False
Otenabant	16207	1.1504895e-09	6160	77.41611159984919	False
N-[(2S)-4-Methyl-1-oxo-1-{[(4S)-3-oxo-1-(2-pyridinylsulfonyl)-4-azepanyl]amino}-2-pentanyl]-1-benzofuran-2-carboxamide	19575	1.1494542e-09	6161	77.42867915043358	False
Interferon alfa-2c	15410	1.1455976e-09	6162	77.44124670101797	False
2-AMINO-4-(2,4-DICHLOROPHENYL)-N-ETHYLTHIENO[2,3-D]PYRIMIDINE-6-CARBOXAMIDE	18674	1.1454513e-09	6163	77.45381425160235	False
(2S)-4-(2,5-DIFLUOROPHENYL)-N,N-DIMETHYL-2-PHENYL-2,5-DIHYDRO-1H-PYRROLE-1-CARBOXAMIDE	19132	1.1454272e-09	6164	77.46638180218676	False
Tetrabromo-2-Benzotriazole	18804	1.1445144e-09	6165	77.47894935277114	False
Pralidoxime	17171	1.1415298e-09	6166	77.49151690335555	False
(1S)-1-(3-chlorophenyl)-2-oxo-2-[(1,3,4-trioxo-1,2,3,4-tetrahydroisoquinolin-5-yl)amino]ethyl acetate	18710	1.1415253e-09	6167	77.50408445393992	False
Dibenzyl (carbonylbis{2,1-hydrazinediyl[(2S)-4-methyl-1-oxo-1,2-pentanediyl]})biscarbamate	19576	1.1378604e-09	6168	77.51665200452432	False
Olmutinib	17720	1.1377453e-09	6169	77.52921955510871	False
Carisoprodol	15832	1.137333e-09	6170	77.5417871056931	False
2-Amino-3-Oxo-4-Sulfo-Butyric Acid	18772	1.1368083e-09	6171	77.5543546562775	False
Daglutril	16783	1.1363573e-09	6172	77.56692220686189	False
2-aminoisobutyric acid	18382	1.1363118e-09	6173	77.57948975744627	False
Oxibendazole	18885	1.1348109e-09	6174	77.59205730803066	False
ATL1101	17952	1.1317673e-09	6175	77.60462485861505	False
2-Morpholinoethylamine	18154	1.1311674e-09	6176	77.61719240919945	False
2,3-Difluorobenzyl Alcohol	17298	1.1298629e-09	6177	77.62975995978384	False
3'-THIO-THYMIDINE-5'-PHOSPHATE	19332	1.1284091e-09	6178	77.64232751036822	False
Tesamorelin	17494	1.1274561e-09	6179	77.65489506095263	False
5-AMINO-6-CYCLOHEXYL-4-HYDROXY-2-ISOBUTYL-HEXANOIC ACID	18155	1.1269358e-09	6180	77.667462611537	False
Oxamic Acid	16248	1.1263513e-09	6181	77.68003016212141	False
Nicergoline	15115	1.1225036e-09	6182	77.69259771270579	False
1-[4-(2-oxo-2-phenylethyl)phenyl]guanidine	18022	1.1200229e-09	6183	77.70516526329018	False
8-BENZO[1,3]DIOXOL-,5-YLMETHYL-9-BUTYL-9H-	18667	1.1194549e-09	6184	77.71773281387458	False
Nitrosoethane	20059	1.1165654e-09	6185	77.73030036445897	False
L-methionine (R)-S-oxide	19550	1.1155351e-09	6186	77.74286791504336	False
Eplivanserin	17277	1.1147948e-09	6187	77.75543546562776	False
Metribolone	16439	1.11468e-09	6188	77.76800301621213	False
N-hydroxy-5-[(3-phenyl-5,6-dihydroimidazo[1,2-a]pyrazin-7(8H)-yl)carbonyl]thiophene-2-carboxamide	19673	1.1141317e-09	6189	77.78057056679654	False
2-Thiomethyl-3-Phenylpropanoic Acid	18735	1.1124203e-09	6190	77.79313811738092	False
1-[(2,6-difluorophenyl)sulfonyl]-4-(2,3-dihydro-1,4-benzodioxin-6-ylsulfonyl)piperazine	16299	1.1121699e-09	6191	77.80570566796531	False
4-CHLORO-6-(4-PIPERAZIN-1-YL-1H-PYRAZOL-5-YL)BENZENE-1,3-DIOL	18655	1.1097203e-09	6192	77.8182732185497	False
Human C1-esterase inhibitor	16104	1.1075972e-09	6193	77.83084076913408	False
4-[3-(1H-BENZIMIDAZOL-2-YL)-1H-INDAZOL-6-YL]-2-METHOXYPHENOL	19527	1.1071263e-09	6194	77.84340831971849	False
2-(2-Hydroxy-1,1-Dihydroxymethyl-Ethylamino)-Ethanesulfonic Acid	18930	1.1070102e-09	6195	77.85597587030287	False
Canfosfamide	17800	1.106244e-09	6196	77.86854342088728	False
N-{[(2-Methyl-2-propanyl)oxy]carbonyl}-L-alanyl-L-alaninamide	19780	1.1060731e-09	6197	77.88111097147166	False
8-(2,5-Dimethoxy-Benzyl)-2-Fluoro-9h-Purin-6-Ylamine	18638	1.1055753e-09	6198	77.89367852205605	False
Dihydralazine	15395	1.1052422e-09	6199	77.90624607264044	False
Potassium sulfate	17635	1.1041422e-09	6200	77.91881362322484	False
Idraparinux	16640	1.1038159e-09	6201	77.93138117380923	False
Protoporphyrin	16293	1.1035634e-09	6202	77.94394872439362	False
Egaptivon pegol	18380	1.1003203e-09	6203	77.956516274978	False
Linsitinib	17954	1.0985085e-09	6204	77.96908382556241	False
Clotiazepam	15516	1.0962438e-09	6205	77.98165137614679	False
N,N-dimethylarginine	15915	1.0950714e-09	6206	77.99421892673118	False
4-S-Glutathionyl-5-pentyl-tetrahydro-furan-2-ol	17791	1.0943824e-09	6207	78.00678647731557	False
Uridine-Diphosphate-N-Acetylgalactosamine	16596	1.0924032e-09	6208	78.01935402789996	False
Aleglitazar	16262	1.0908083e-09	6209	78.03192157848436	False
Amylmetacresol	19161	1.0897124e-09	6210	78.04448912906874	False
[2,4,6-Triisopropyl-Phenylsulfonyl-L-[3-Amidino-Phenylalanine]]-Piperazine-N'-Beta-Alanine	18017	1.088134e-09	6211	78.05705667965313	False
Pindolol	15133	1.0877086e-09	6212	78.06962423023752	False
Camostat	18988	1.0869993e-09	6213	78.08219178082192	False
sn-glycero-3-phosphoethanolamine	19993	1.0862966e-09	6214	78.09475933140631	False
Bromotheophylline	15406	1.0848225e-09	6215	78.1073268819907	False
Dithioerythritol	18842	1.083687e-09	6216	78.1198944325751	False
5,6-Cyclic-Tetrahydropteridine	16769	1.0835941e-09	6217	78.13246198315949	False
1-(2-Fluorobenzyl)-3-Butyl-8-(N-Acetyl-4-Aminobenzyl)-Xanthine	18030	1.0820058e-09	6218	78.14502953374387	False
Hyoscyamine	16057	1.0808302e-09	6219	78.15759708432827	False
{3-[3-(3,4-Dimethoxy-Phenyl)-1-(1-{1-[2-(3,4,5-Trimethoxy-Phenyl)-Butyryl]-Piperidin-2yl}-Vinyloxy)-Propyl]-Phenoxy}-Acetic Acid	17570	1.0803849e-09	6220	78.17016463491265	False
Anistreplase	16591	1.0802963e-09	6221	78.18273218549704	False
Lipegfilgrastim	17774	1.0777197e-09	6222	78.19529973608144	False
(1S)-1,2,3,4-TETRAHYDRO-BENZO[C]PHENANTHRENE-2,3,4-TRIOL	16343	1.0767026e-09	6223	78.20786728666583	False
RU90395	17841	1.076678e-09	6224	78.22043483725022	False
N-{5-[4-(4-METHYLPIPERAZIN-1-YL)PHENYL]-1H-PYRROLO[2,3-B]PYRIDIN-3-YL}NICOTINAMIDE	19513	1.0762078e-09	6225	78.23300238783462	False
N-[2-(6-AMINO-4-METHYLPYRIDIN-2-YL)ETHYL]-4-CYANOBENZAMIDE	15944	1.0753768e-09	6226	78.245569938419	False
D-Serine	17034	1.0751882e-09	6227	78.2581374890034	False
(3R)-3-cyclopentyl-6-methyl-7-[(4-methylpiperazin-1-yl)sulfonyl]-3,4-dihydro-2H-1,2-benzothiazine 1,1-dioxide	17827	1.0743395e-09	6228	78.27070503958778	False
Diphenidol	16070	1.0729858e-09	6229	78.28327259017217	False
Testolactone	19175	1.0715214e-09	6230	78.29584014075657	False
5-Chloro-N-{(3S)-1-[(2S)-1-(4-morpholinyl)-1-oxo-2-propanyl]-2-oxo-3-pyrrolidinyl}-1H-indole-2-sulfonamide	16653	1.0697143e-09	6231	78.30840769134096	False
(2E)-N-hydroxy-3-[1-methyl-4-(phenylacetyl)-1H-pyrrol-2-yl]prop-2-enamide	18963	1.0685316e-09	6232	78.32097524192535	False
1-(PHENYLMETHYL)CYCLOPENTYL[(1S)-1-FORMYLPENTYL]CARBAMATE	19584	1.066821e-09	6233	78.33354279250973	False
RU79072	17842	1.0641262e-09	6234	78.34611034309414	False
rhIGFBP-3	17953	1.0634648e-09	6235	78.35867789367852	False
Palivizumab	17607	1.0633044e-09	6236	78.37124544426291	False
Fenoldopam	16012	1.0631402e-09	6237	78.3838129948473	False
Tanaproget	17392	1.0628484e-09	6238	78.3963805454317	False
N-omega-propyl-L-arginine	15922	1.0602343e-09	6239	78.40894809601609	False
5,7-Dichlorokynurenic acid	17033	1.060204e-09	6240	78.42151564660048	False
Piclamilast	17321	1.0601373e-09	6241	78.43408319718486	False
(2S,3S)-3-FORMYL-2-({[(4-METHYLPHENYL)SULFONYL]AMINO}METHYL)PENTANOIC ACID	19789	1.0599593e-09	6242	78.44665074776927	False
Phenolphthalein	16377	1.0588299e-09	6243	78.45921829835365	False
1-[1-(3-aminophenyl)-3-tert-butyl-1H-pyrazol-5-yl]-3-naphthalen-1-ylurea	17862	1.0552854e-09	6244	78.47178584893804	False
Fluorescin	19406	1.054891e-09	6245	78.48435339952243	False
Aspartic acid	14921	1.0544866e-09	6246	78.49692095010681	False
Gpi-1046	17571	1.051083e-09	6247	78.50948850069122	False
3-[(2,2-DIMETHYLPROPANOYL)AMINO]-N-1,3-THIAZOL-2-YLPYRIDINE-2-CARBOXAMIDE	19977	1.0504577e-09	6248	78.5220560512756	False
Human immunoglobulin G	17606	1.04884e-09	6249	78.53462360186	False
N-(2-Aminoethyl)-5-Chloroisoquinoline-8-Sulfonamide	19484	1.048714e-09	6250	78.54719115244438	False
2,4-Diamino-6-Phenyl-5,6,7,8,-Tetrahydropteridine	16764	1.0472508e-09	6251	78.55975870302878	False
Metaraminol	17338	1.0458316e-09	6252	78.57232625361317	False
Thieno[2,3-B]Pyridine-2-Carboxamidine	18015	1.0449842e-09	6253	78.58489380419756	False
Guanabenz	15304	1.0434924e-09	6254	78.59746135478196	False
Clidinium	16312	1.0433152e-09	6255	78.61002890536635	False
1-(5-CHLORO-2,4-DIMETHOXYPHENYL)-3-(5-CYANOPYRAZIN-2-YL)UREA	19525	1.0431461e-09	6256	78.62259645595073	False
PX-478	19301	1.0427602e-09	6257	78.63516400653513	False
CAT-213	19549	1.042633e-09	6258	78.64773155711951	False
[4-(1,3,2-Dioxaborolan-2-Yloxy)Methyl]Benzamidine	18954	1.0414662e-09	6259	78.6602991077039	False
3-AMINO-3-BENZYL-[4.3.0]BICYCLO-1,6-DIAZANONAN-2-ONE	19532	1.0406939e-09	6260	78.6728666582883	False
5-(5-chloro-2,4-dihydroxyphenyl)-N-ethyl-4-[4-(morpholin-4-ylmethyl)phenyl]isoxazole-3-carboxamide	18652	1.0396601e-09	6261	78.68543420887269	False
Simoctocog alfa	18411	1.0372931e-09	6262	78.69800175945709	False
2-[5,6-BIS-(4-METHOXY-PHENYL)-FURO[2,3-D]PYRIMIDIN-4-YLAMINO]-ETHANOL	19534	1.033884e-09	6263	78.71056931004148	False
Pegfilgrastim	14694	1.0338287e-09	6264	78.72313686062586	False
1-[1-(3-aminophenyl)-3-tert-butyl-1H-pyrazol-5-yl]-3-phenylurea	17863	1.0320359e-09	6265	78.73570441121025	False
Stanolone acetate	14533	1.0273223e-09	6266	78.74827196179464	False
4-(BENZHYDRYLOXY)-1-[3-(1H-TETRAAZOL-5-YL)PROPYL]PIPERIDINE	18723	1.0260907e-09	6267	78.76083951237904	False
CHIR-124	19512	1.023124e-09	6268	78.77340706296343	False
1,2-dichlorobenzene	15830	1.0222911e-09	6269	78.78597461354782	False
2-[(5,6-DIPHENYLFURO[2,3-D]PYRIMIDIN-4-YL)AMINO]ETHANOL	19535	1.0219012e-09	6270	78.79854216413221	False
CNS-5161	17036	1.0196893e-09	6271	78.8111097147166	False
7-(aminomethyl)-6-(2-chlorophenyl)-1-methyl-1H-benzimidazole-5-carbonitrile	17921	1.019073e-09	6272	78.823677265301	False
Adipiplon	20167	1.0180745e-09	6273	78.83624481588538	False
4'-Deoxy-4'-Acetylyamino-Pyridoxal-5'-Phosphate	17094	1.0180551e-09	6274	78.84881236646977	False
Sotalol	15102	1.0152608e-09	6275	78.86137991705417	False
Potassium acetate	17634	1.0148852e-09	6276	78.87394746763856	False
Dihydro-alpha-ergocryptine	15641	1.0143568e-09	6277	78.88651501822295	False
Homatropine methylbromide	16062	1.0134866e-09	6278	78.89908256880734	False
Gonadorelin	16574	1.0126151e-09	6279	78.91165011939172	False
(1S)-2-[(2S,5R)-2-(AMINOMETHYL)-5-PROP-1-YN-1-YLPYRROLIDIN-1-YL]-1-CYCLOPENTYL-2-OXOETHANAMINE	17907	1.0119008e-09	6280	78.92421766997613	False
Cefuroxime	20249	1.0093159e-09	6281	78.93678522056051	False
4-(2-aminoethoxy)-N-(3-chloro-5-piperidin-1-ylphenyl)-3,5-dimethylbenzamide	18027	1.0092082e-09	6282	78.9493527711449	False
APD791	17269	1.0087886e-09	6283	78.9619203217293	False
Tezampanel	16676	1.0085442e-09	6284	78.97448787231369	False
Iron Dextran	14114	1.0083326e-09	6285	78.98705542289808	False
WRR-112	18920	1.0057319e-09	6286	78.99962297348246	False
Propylhexedrine	16358	1.0030001e-09	6287	79.01219052406687	False
(2R)-4-(2-BENZOYL-1,2-DIAZEPAN-1-YL)-4-OXO-1-(2,4,5-TRIFLUOROPHENYL)BUTAN-2-AMINE	17934	1.0005679e-09	6288	79.02475807465125	False
[2'-HYDROXY-3'-(1H-PYRROLO[3,2-C]PYRIDIN-2-YL)-BIPHENYL-3-YLMETHYL]-UREA	17021	9.995054e-10	6289	79.03732562523564	False
Azoxystrobin	18132	9.990232e-10	6290	79.04989317582003	False
(TERT-BUTYLOXYCARBONYL)-ALANYL-AMINO ETHYL-FORMAMIDE	19783	9.982346e-10	6291	79.06246072640442	False
Pentaglyme	20008	9.979928e-10	6292	79.07502827698882	False
Anthranilic acid	19986	9.971937e-10	6293	79.08759582757321	False
(1S)-2-[(2S,5R)-2-(AMINOMETHYL)-5-ETHYNYLPYRROLIDIN-1-YL]-1-CYCLOPENTYL-2-OXOETHANAMINE	17924	9.971157e-10	6294	79.10016337815759	False
({[(3E)-2'-Oxo-2',7'-dihydro-2,3'-biindol-3(7H)-ylidene]amino}oxy)acetic acid	18093	9.963286e-10	6295	79.112730928742	False
N-({(2S)-1-[(3R)-3-amino-4-(3-chlorophenyl)butanoyl]pyrrolidin-2-yl}methyl)-3-(methylsulfonyl)benzamide	17937	9.960303e-10	6296	79.12529847932637	False
3h-Indole-5,6-Diol	18278	9.946349e-10	6297	79.13786602991078	False
Yohimbine	15164	9.941551e-10	6298	79.15043358049516	False
Thioridazine	15114	9.931317e-10	6299	79.16300113107955	False
6-[(Z)-AMINO(IMINO)METHYL]-N-[3-(CYCLOPENTYLOXY)PHENYL]-2-NAPHTHAMIDE	18021	9.913924e-10	6300	79.17556868166395	False
Eldelumab	18128	9.909916e-10	6301	79.18813623224833	False
Tarenflurbil	19310	9.900828e-10	6302	79.20070378283273	False
S-Benzylcysteine	18686	9.892127e-10	6303	79.21327133341711	False
Panitumumab	17711	9.88958e-10	6304	79.2258388840015	False
Rubidium Rb-82	14051	9.873258e-10	6305	79.2384064345859	False
Z-Pro-Prolinal	19202	9.864637e-10	6306	79.25097398517029	False
Balanol	19795	9.849896e-10	6307	79.26354153575468	False
Flutemetamol (18F)	19558	9.801059e-10	6308	79.27610908633908	False
(4aS)-5-[(2,4-diaminopteridin-6-yl)methyl]-4a,5-dihydro-2H-dibenzo[b,f]azepin-8-ol	17010	9.797975e-10	6309	79.28867663692346	False
Quinonoid 7,8-Tetrahydrobiopterin	17699	9.783876e-10	6310	79.30124418750786	False
3,4-Dihydro-2h-Pyrrolium-5-Carboxylate	19982	9.77634e-10	6311	79.31381173809224	False
FX06	19561	9.775034e-10	6312	79.32637928867663	False
Indoramin	17342	9.761898e-10	6313	79.33894683926103	False
Scopolamine	16063	9.738986e-10	6314	79.35151438984542	False
N-naphthalen-1-ylmethyl-2'-[3,5-dimethoxybenzamido]-2'-deoxy-adenosine	17615	9.733656e-10	6315	79.36408194042981	False
2,3-DIMETHOXY-12H-[1,3]DIOXOLO[5,6]INDENO[1,2-C]ISOQUINOLIN-6-IUM	18220	9.720984e-10	6316	79.3766494910142	False
2-(CYCLOHEXYLMETHYLAMINO)-4-(PHENYLAMINO)PYRAZOLO[1,5-A][1,3,5]TRIAZINE-8-CARBONITRILE	18813	9.71333e-10	6317	79.3892170415986	False
Protoporphyrin Ix Containing Zn	18296	9.712348e-10	6318	79.40178459218299	False
D-Malic acid	16497	9.708921e-10	6319	79.41435214276737	False
(7R,8R)-8-(2,4,5-trifluorophenyl)-6,7,8,9-tetrahydroimidazo[1,2-a:4,5-c']dipyridin-7-amine	17912	9.7067e-10	6320	79.42691969335176	False
Iclaprim	17003	9.70533e-10	6321	79.43948724393616	False
(2-BROMOETHYL)(2-'FORMYL-4'-AMINOPHENYL) ACETATE	19784	9.701703e-10	6322	79.45205479452055	False
Etelcalcetide	17350	9.691845e-10	6323	79.46462234510494	False
Veglin	16514	9.667621e-10	6324	79.47718989568932	False
Myxothiazol	18287	9.666293e-10	6325	79.48975744627373	False
Procainamide	14852	9.642245e-10	6326	79.5023249968581	False
Cephaloglycin	20205	9.636086e-10	6327	79.5148925474425	False
8-(Pyrimidin-2-Ylamino)Naphthalene-2-Carboximidamide	18016	9.632778e-10	6328	79.52746009802689	False
Mangafodipir	14389	9.617688e-10	6329	79.54002764861129	False
N-(3-Propylcarbamoyloxirane-2-Carbonyl)-Isoleucyl-Proline	18142	9.617045e-10	6330	79.55259519919568	False
Dihydrexidine	16017	9.615835e-10	6331	79.56516274978007	False
Alvespimycin	18675	9.613249e-10	6332	79.57773030036446	False
Benzoylformic Acid	19822	9.611892e-10	6333	79.59029785094886	False
Bisegliptin	17906	9.594857e-10	6334	79.60286540153324	False
N-(1-adamantyl)-N'-(4-guanidinobenzyl)urea	18014	9.569672e-10	6335	79.61543295211764	False
Ramosetron	15376	9.568468e-10	6336	79.62800050270202	False
Ferric cation	14119	9.565639e-10	6337	79.64056805328642	False
5-(PARA-NITROPHENYL PHOSPHONATE)-PENTANOIC ACID	19412	9.557797e-10	6338	79.65313560387081	False
Elinogrel	16333	9.516068e-10	6339	79.66570315445519	False
PCL-016	19376	9.513473e-10	6340	79.6782707050396	False
Mepyramine	15210	9.505693e-10	6341	79.69083825562397	False
S,S'-(1,4-Phenylene-Bis(1,2-Ethanediyl))Bis-Isothiourea	16761	9.485552e-10	6342	79.70340580620837	False
Altropane	17523	9.476131e-10	6343	79.71597335679276	False
Ularitide	17391	9.437189e-10	6344	79.72854090737715	False
3-Phenyl-1,2-Propandiol	16805	9.431089e-10	6345	79.74110845796154	False
4-(Hydroxymethyl)Benzamidine	18951	9.429686e-10	6346	79.75367600854594	False
2-[4-({[(3,5-DICHLOROPHENYL)AMINO]CARBONYL}AMINO)PHENOXY]-2-METHYLPROPANOIC ACID	16426	9.425766e-10	6347	79.76624355913032	False
5'-{[4-(aminooxy)butyl](methyl)amino}-5'-deoxy-8-ethenyladenosine	16327	9.423663e-10	6348	79.77881110971472	False
Spaglumic Acid	17406	9.415847e-10	6349	79.7913786602991	False
CP-122721	17097	9.41091e-10	6350	79.80394621088351	False
5-[(3R)-3-(5-methoxy-4'-methylbiphenyl-3-yl)but-1-yn-1-yl]-6-methylpyrimidine-2,4-diamine	17005	9.39321e-10	6351	79.81651376146789	False
gamma-Hydroxybutyric acid	19279	9.38465e-10	6352	79.82908131205228	False
Archexin	17209	9.373701e-10	6353	79.84164886263667	False
Myristoyl-Coa	19848	9.367911e-10	6354	79.85421641322107	False
Lisuride	15448	9.35932e-10	6355	79.86678396380546	False
Methacrylyl-Coenzyme A	17433	9.354341e-10	6356	79.87935151438984	False
6-(3-BROMO-2-NAPHTHYL)-1,3,5-TRIAZINE-2,4-DIAMINE	18657	9.336871e-10	6357	79.89191906497423	False
4-({4-[(4-AMINOBUT-2-YNYL)OXY]PHENYL}SULFONYL)-N-HYDROXY-2,2-DIMETHYLTHIOMORPHOLINE-3-CARBOXAMIDE	19771	9.336018e-10	6358	79.90448661555862	False
Dihydrolipoic Acid	16225	9.332723e-10	6359	79.91705416614302	False
Abatacept	17883	9.332314e-10	6360	79.92962171672741	False
5-(Aminomethyl)-6-(2,4-Dichlorophenyl)-2-(3,5-Dimethoxyphenyl)Pyrimidin-4-Amine	17897	9.329929e-10	6361	79.9421892673118	False
1-{(1R,2S)-2-HYDROXY-1-[2-(2-NAPHTHYLOXY)ETHYL]PROPYL}-1H-IMIDAZONE-4-CARBOXAMIDE	19263	9.325393e-10	6362	79.95475681789618	False
4-{[(2S)-3-(tert-butylamino)-2-hydroxypropyl]oxy}-3H-indole-2-carbonitrile	16534	9.318689e-10	6363	79.96732436848059	False
Rindopepimut	17713	9.318512e-10	6364	79.97989191906497	False
Custirsen	16379	9.310836e-10	6365	79.99245946964936	False
(3S)-1-(1,3-BENZODIOXOL-5-YLMETHYL)-3-[4-(1H-IMIDAZOL-1-YL)PHENOXY]PIPERIDINE	15939	9.3083147e-10	6366	80.00502702023375	False
N-[[2-METHYL-4-HYDROXYCARBAMOYL]BUT-4-YL-N]-BENZYL-P-[PHENYL]-P-[METHYL]PHOSPHINAMID	18631	9.3003105e-10	6367	80.01759457081815	False
XEN2174	17311	9.2974917e-10	6368	80.03016212140254	False
Willardiine	17820	9.286662e-10	6369	80.04272967198693	False
Omacetaxine mepesuccinate	19886	9.2803054e-10	6370	80.05529722257133	False
Mogamulizumab	20194	9.278801e-10	6371	80.06786477315572	False
N-Dodecyl-N,N-Dimethyl-3-Ammonio-1-Propanesulfonate	19224	9.2629565e-10	6372	80.0804323237401	False
Enoxacin	15300	9.2600955e-10	6373	80.09299987432449	False
6-(N-Phenylcarbamyl)-2-Naphthalenecarboxamidine	18003	9.250334e-10	6374	80.10556742490888	False
(S)-2-CHLORO-N-(1-(2-(2-HYDROXYETHYLAMINO)-2-OXOETHYL)-2-OXO-1,2,3,4-TETRAHYDROQUINOLIN-3-YL)-6H-THIENO[2,3-B]PYRROLE-5-CARBOXAMIDE	18090	9.212653e-10	6375	80.11813497549328	False
Sodium ferric gluconate complex	16295	9.1994484e-10	6376	80.13070252607767	False
1-(adamantan-1-yl)-2-(1H-imidazol-1-yl)ethanone	17644	9.1981855e-10	6377	80.14327007666205	False
THIENO[3,2-B]PYRIDINE-2-SULFONIC ACID [1-(1-AMINO-ISOQUINOLIN-7-YLMETHYL)-2-OXO-PYRROLDIN-3-YL]-AMIDE	16644	9.1946767e-10	6378	80.15583762724646	False
4-{[(E)-2-(5-CHLOROTHIEN-2-YL)VINYL]SULFONYL}-1-(1H-PYRROLO[3,2-C]PYRIDIN-2-YLMETHYL)PIPERAZIN-2-ONE	16663	9.1946767e-10	6379	80.16840517783083	False
Florbetaben (18F)	15883	9.187016e-10	6380	80.18097272841523	False
Tipiracil	19217	9.161206e-10	6381	80.19354027899962	False
Alteplase	16589	9.1315494e-10	6382	80.20610782958401	False
Cordycepin Triphosphate	20090	9.128572e-10	6383	80.2186753801684	False
Relacatib	19581	9.127597e-10	6384	80.2312429307528	False
8-(2,5-Dimethoxy-Benzyl)-2-Fluoro-9-Pent-9h-Purin-6-Ylamine	18639	9.103065e-10	6385	80.24381048133719	False
Coagulation factor VII human	16670	9.097163e-10	6386	80.25637803192159	False
1-[2-(S)-AMINO-3-BIPHENYL-4-YL-PROPIONYL]-PYRROLIDINE-2-(S)-CARBONITRILE	17932	9.0954805e-10	6387	80.26894558250596	False
Chromic citrate	14121	9.0816826e-10	6388	80.28151313309037	False
N-(2-Flouro-Benzyl)-4-Sulfamoyl-Benzamide	16897	9.074756e-10	6389	80.29408068367475	False
1-Hydroxy-2-Amino-3-Cyclohexylpropane	16810	9.070533e-10	6390	80.30664823425914	False
REL-(9R,12S)-9,10,11,12-TETRAHYDRO-9,12-EPOXY-1H-DIINDOLO[1,2,3-FG:3',2',1'-KL]PYRROLO[3,4-I][1,6]BENZODIAZOCINE-1,3(2H)-DIONE	19536	9.065223e-10	6391	80.31921578484354	False
Nicotinamide 8-bromo-adenine dinucleotide phosphate	19697	9.0558744e-10	6392	80.33178333542791	False
(2S,3S)-4-cyclopropyl-3-{(3R,5R)-3-[2-fluoro-4-(methylsulfonyl)phenyl]-1,2,4-oxadiazolidin-5-yl}-1-[(3S)-3-fluoropyrrolidin-1-yl]-1-oxobutan-2-amine	17909	9.0553737e-10	6393	80.34435088601232	False
2-Nonyl-4-quinolinol 1-oxide	18137	9.051626e-10	6394	80.3569184365967	False
Carboxin	16540	9.050987e-10	6395	80.3694859871811	False
(4R)-N-[4-({[2-(DIMETHYLAMINO)ETHYL]AMINO}CARBONYL)-1,3-THIAZOL-2-YL]-4-METHYL-1-OXO-2,3,4,9-TETRAHYDRO-1H-BETA-CARBOLINE-6-CARBOXAMIDE	18887	9.0402386e-10	6396	80.38205353776549	False
Diphenylpyraline	17241	9.034516e-10	6397	80.39462108834988	False
Bisphenol A	19167	9.0300717e-10	6398	80.40718863893427	False
Carboprost tromethamine	16218	9.01933e-10	6399	80.41975618951867	False
N-{2-[6-(2,4-DIAMINO-6-ETHYLPYRIMIDIN-5-YL)-2,2-DIMETHYL-3-OXO-2,3-DIHYDRO-4H-1,4-BENZOXAZIN-4-YL]ETHYL}ACETAMIDE	16814	9.006454e-10	6400	80.43232374010304	False
alpha-Ketoisovalerate	17618	8.9693053e-10	6401	80.44489129068745	False
N~3~-[5-(1H-INDOL-6-YL)-2-(PYRIDIN-2-YLMETHOXY)BENZYL]PYRIDINE-2,3-DIAMINE	18261	8.9597135e-10	6402	80.45745884127183	False
6-[N-(4-(Aminomethyl)Phenyl)Carbamyl]-2-Naphthalenecarboxamidine	18004	8.9256336e-10	6403	80.47002639185624	False
Metocurine iodide	17645	8.925174e-10	6404	80.48259394244062	False
5-Chloro-thiophene-2-carboxylic acid ((3S,4S)-1-{[2-fluoro-4-(2-oxo-2H-pyridin-1-yl)-phenylcarbamoyl]-methyl}-4-hydroxy-pyrrolidin-3-yl)-amide	16655	8.9212593e-10	6405	80.49516149302501	False
(3R,4R,5R)-5-(HYDROXYMETHYL)-1-(3-PHENYLPROPYL)PIPERIDINE-3,4-DIOL	18092	8.9191327e-10	6406	80.5077290436094	False
Zalutumumab	17719	8.869021e-10	6407	80.5202965941938	False
Butylscopolamine	16078	8.855616e-10	6408	80.53286414477819	False
ES-936	18749	8.8496055e-10	6409	80.54543169536258	False
Piribedil	17414	8.847563e-10	6410	80.55799924594696	False
N-cyclohexyltaurine	18845	8.847344e-10	6411	80.57056679653135	False
2'-O-Acetyl Adenosine-5-Diphosphoribose	19501	8.8389274e-10	6412	80.58313434711575	False
Nitroglycerin	14635	8.8385393e-10	6413	80.59570189770014	False
Isopentyl Pyrophosphate	17732	8.82875e-10	6414	80.60826944828453	False
4-(2,4-dichlorophenyl)-5-phenyldiazenyl-pyrimidin-2-amine	18672	8.820587e-10	6415	80.62083699886891	False
FR117016	19253	8.820099e-10	6416	80.63340454945332	False
Butyrylthiocholine	14867	8.8131374e-10	6417	80.6459721000377	False
Lindane	16193	8.80944e-10	6418	80.6585396506221	False
2-[3-(2-Hydroxy-1,1-Dihydroxymethyl-Ethylamino)-Propylamino]-2-Hydroxymethyl-Propane-1,3-Diol	18863	8.8041313e-10	6419	80.67110720120648	False
Tiotropium	15166	8.787204e-10	6420	80.68367475179087	False
Dichlorobenzene	15831	8.7777735e-10	6421	80.69624230237527	False
Rubitecan	18219	8.776953e-10	6422	80.70880985295966	False
4-chloro-6-{5-[(2-morpholin-4-ylethyl)amino]-1,2-benzisoxazol-3-yl}benzene-1,3-diol	18663	8.767366e-10	6423	80.72137740354405	False
Hexafluronium	19209	8.7615815e-10	6424	80.73394495412845	False
Aluminum chloride	16548	8.755969e-10	6425	80.74651250471283	False
Lixisenatide	17951	8.753331e-10	6426	80.75908005529723	False
Brompheniramine	16066	8.742418e-10	6427	80.77164760588161	False
S-Acetyl-Cysteine	20110	8.733085e-10	6428	80.784215156466	False
Purvalanol	18109	8.7180735e-10	6429	80.7967827070504	False
(6R)-2-amino-6-[2-(3'-methoxybiphenyl-3-yl)ethyl]-3,6-dimethyl-5,6-dihydropyrimidin-4(3H)-one	18251	8.712405e-10	6430	80.80935025763478	False
Bevantolol	15161	8.697877e-10	6431	80.82191780821918	False
Aminocaproic acid	15850	8.666546e-10	6432	80.83448535880356	False
ISOQUINOLINE-5-SULFONIC ACID (2-(2-(4-CHLOROBENZYLOXY)ETHYLAMINO)ETHYL)AMIDE	18440	8.6589286e-10	6433	80.84705290938797	False
FKB-001	17573	8.656484e-10	6434	80.85962045997235	False
(3R,5Z,8S,9S,11E)-8,9,16-TRIHYDROXY-14-METHOXY-3-METHYL-3,4,9,10-TETRAHYDRO-1H-2-BENZOXACYCLOTETRADECINE-1,7(8H)-DIONE	18114	8.6561047e-10	6435	80.87218801055674	False
N-[2-(1,3-BENZODIOXOL-5-YL)ETHYL]-1-[2-(1H-IMIDAZOL-1-YL)-6-METHYLPYRIMIDIN-4-YL]-D-PROLINAMIDE	15934	8.6434665e-10	6436	80.88475556114113	False
Fusicoccin	20109	8.640698e-10	6437	80.89732311172553	False
4R-Fluoro-N6-ethanimidoyl-L-lysine	15916	8.587071e-10	6438	80.90989066230992	False
Papain	19355	8.566655e-10	6439	80.92245821289431	False
4-{2-[(3-Nitrobenzoyl)Amino]Phenoxy}Phthalic Acid	18079	8.564384e-10	6440	80.93502576347869	False
[N-(3-dibenzylcarbamoyl-oxiranecarbonyl)-hydrazino]-acetic acid	18707	8.555291e-10	6441	80.9475933140631	False
1,2,4-Triazole-Carboxamidine	16760	8.543924e-10	6442	80.96016086464748	False
p-Cumylphenol	19166	8.5292867e-10	6443	80.97272841523187	False
{4-[3-(4-acetyl-3-hydroxy-2-propylphenoxy)propoxy]phenoxy}acetic acid	18293	8.521465e-10	6444	80.98529596581626	False
(1S)-2-(1H-INDOL-3-YL)-1-[({5-[(E)-2-PYRIDIN-4-YLVINYL]PYRIDIN-3-YL}OXY)METHYL]ETHYLAMINE	19798	8.5159896e-10	6445	80.99786351640066	False
Clonazepam	14294	8.490299e-10	6446	81.01043106698505	False
Benserazide	19208	8.479311e-10	6447	81.02299861756943	False
2-({2-[(3-HYDROXYPHENYL)AMINO]PYRIMIDIN-4-YL}AMINO)BENZAMIDE	19864	8.4790364e-10	6448	81.03556616815382	False
PT2977	20190	8.472634e-10	6449	81.04813371873821	False
Argininosuccinate	17367	8.46417e-10	6450	81.0607012693226	False
Dipivefrin	16843	8.459748e-10	6451	81.073268819907	False
Ovalicin	18938	8.458457e-10	6452	81.08583637049139	False
AICA ribonucleotide	18835	8.448009e-10	6453	81.09840392107579	False
[2(Formyl-Hydroxy-Amino)-Ethyl]-Phosphonic Acid	19905	8.44147e-10	6454	81.11097147166018	False
4-Deoxy-Alpha-D-Glucose	20111	8.4249663e-10	6455	81.12353902224456	False
Zinc sulfate, unspecified form	14491	8.41501e-10	6456	81.13610657282896	False
Nitrofural	14909	8.4025154e-10	6457	81.14867412341334	False
Threonine	16713	8.38956e-10	6458	81.16124167399774	False
Fica	19118	8.3858487e-10	6459	81.17380922458213	False
Uridylyl-2'-5'-phospho-adenosine	19471	8.3812113e-10	6460	81.18637677516652	False
4-(5,11-DIOXO-5H-INDENO[1,2-C]ISOQUINOLIN-6(11H)-YL)BUTANOATE	18221	8.3762886e-10	6461	81.19894432575092	False
Piceatannol	19900	8.370507e-10	6462	81.21151187633531	False
Isatuximab	20159	8.347899e-10	6463	81.22407942691969	False
2'-deoxy-N-(naphthalen-1-ylmethyl)guanosine 5'-(dihydrogen phosphate)	19913	8.338924e-10	6464	81.23664697750408	False
4-(Aminosulfonyl)-N-[(2,3,4-Trifluorophenyl)Methyl]-Benzamide	16935	8.327861e-10	6465	81.24921452808847	False
2,4-Diamino-5-phenyl-6-ethylpyrimidine	16968	8.314878e-10	6466	81.26178207867287	False
Denufosol	19311	8.3117857e-10	6467	81.27434962925726	False
N-(4-CARBAMIMIDOYL-3-CHORO-PHENYL)-2-HYDROXY-3-IODO-5-METHYL-BENZAMIDE	18020	8.270574e-10	6468	81.28691717984165	False
SNS-032	16515	8.2689333e-10	6469	81.29948473042604	False
(3S,5E)-3-propyl-3,4-dihydrothieno[2,3-f][1,4]oxazepin-5(2H)-imine	16776	8.2611307e-10	6470	81.31205228101042	False
Sarpogrelate	17276	8.2502344e-10	6471	81.32461983159483	False
CRx-139	17592	8.24929e-10	6472	81.33718738217921	False
Milnacipran	15542	8.2266166e-10	6473	81.3497549327636	False
IGN311	17352	8.214638e-10	6474	81.362322483348	False
1-(1-phenylcyclopentyl)methylamine	17901	8.21008e-10	6475	81.37489003393239	False
8,9,10-Trihydroxy-7-hydroxymethyl-2-thioxo-6-oxa-1,3-diaza-spiro[4.5]decan-4-one	18066	8.146685e-10	6476	81.38745758451678	False
(2S,3S)-3-FORMYL-2-({[(4-NITROPHENYL)SULFONYL]AMINO}METHYL)PENTANOIC ACID	19790	8.141761e-10	6477	81.40002513510117	False
GTS-21	15350	8.119538e-10	6478	81.41259268568555	False
D-Tryptophan	19984	8.109493e-10	6479	81.42516023626996	False
METHYL 4-{[({[(2R,5S)-5-{[(2S)-2-(AMINOMETHYL)PYRROLIDIN-1-YL]CARBONYL}PYRROLIDIN-2-YL]METHYL}AMINO)CARBONYL]AMINO}BENZOATE	17923	8.108117e-10	6480	81.43772778685434	False
1-Acetyl-4-(4-{4-[(2-Ethoxyphenyl)Thio]-3-Nitrophenyl}Pyridin-2-Yl)Piperazine	17361	8.103741e-10	6481	81.45029533743873	False
AZD 3355	19509	8.08415e-10	6482	81.46286288802312	False
Mepenzolate	16074	8.083996e-10	6483	81.4754304386075	False
2'-Deoxy-2'-[(3,5-dimethoxybenzoyl)amino]-N-[(1R)-1,2,3,4-tetrahydro-1-naphthalenyl]adenosine	17616	8.0818835e-10	6484	81.48799798919191	False
ETHYL 4-[(4-CHLOROPYRIDIN-2-YL)AMINO]PIPERIDINE-1-CARBOXYLATE	15941	8.0628076e-10	6485	81.50056553977629	False
1-(5-CHLORO-2-METHOXYPHENYL)-3-{6-[2-(DIMETHYLAMINO)-1-METHYLETHOXY]PYRAZIN-2-YL}UREA	19522	8.0535706e-10	6486	81.5131330903607	False
2,2'-{[9-(HYDROXYIMINO)-9H-FLUORENE-2,7-DIYL]BIS(OXY)}DIACETIC ACID	19515	8.053002e-10	6487	81.52570064094508	False
Gemtuzumab ozogamicin	17545	8.045755e-10	6488	81.53826819152947	False
6-hydroxy-1,6-dihydro purine nucleoside	19255	8.0456486e-10	6489	81.55083574211386	False
Carbocisteine	17799	8.0362617e-10	6490	81.56340329269825	False
Glyoxylic acid	20219	8.031083e-10	6491	81.57597084328265	False
(S)-N-(1-(3-CHLORO-4-FLUOROPHENYL)-2-HYDROXYETHYL)-4-(4-(3-CHLOROPHENYL)-1H-PYRAZOL-3-YL)-1H-PYRROLE-2-CARBOXAMIDE	18113	8.0277596e-10	6492	81.58853839386704	False
Halofuginone	16024	8.024636e-10	6493	81.60110594445142	False
Edotecarin	18215	8.0230145e-10	6494	81.61367349503583	False
12-Phenylheme	17640	8.0221263e-10	6495	81.6262410456202	False
(1S,3S,5S)-2-{(2S)-2-amino-2-[(1R,3S,5R,7S)-3-hydroxytricyclo[3.3.1.1~3,7~]dec-1-yl]acetyl}-2-azabicyclo[3.1.0]hexane-3-carbonitrile	17926	8.020535e-10	6496	81.6388085962046	False
(3Z)-6-(4-HYDROXY-3-METHOXYPHENYL)-3-(1H-PYRROL-2-YLMETHYLENE)-1,3-DIHYDRO-2H-INDOL-2-ONE	19519	8.0120344e-10	6497	81.65137614678899	False
3-{[(1R)-1-phenylethyl]amino}-4-(pyridin-4-ylamino)cyclobut-3-ene-1,2-dione	18886	8.0063367e-10	6498	81.66394369737338	False
1-deoxy-1-methoxycarbamido-beta-D-glucopyranose	18076	8.003588e-10	6499	81.67651124795778	False
Tiratricol	16883	8.002062e-10	6500	81.68907879854217	False
(3S,5R,7R,8S,9S,10R)-7-(hydroxymethyl)-3-(2-naphthyl)-1,6-dioxa-2-azaspiro[4.5]decane-8,9,10-triol	18096	7.9927565e-10	6501	81.70164634912655	False
Aripiprazole lauroxil	14485	7.9910956e-10	6502	81.71421389971094	False
6-[N-(4-Ethyl-1,2,3,4-Tetrahydro-6-Isoquinolinyl)Carbamyl]-2-Naphthalenecarboxamidine	18007	7.9690254e-10	6503	81.72678145029533	False
CRA_10655	18006	7.965697e-10	6504	81.73934900087973	False
5-(DIMETHYLAMINO)-2-NAPHTHALENESULFONIC ACID	18587	7.9655754e-10	6505	81.75191655146412	False
Doxapram	19712	7.9465917e-10	6506	81.76448410204851	False
Tetrodotoxin	16477	7.9441664e-10	6507	81.7770516526329	False
2-(Biphenyl-4-Sulfonyl)-1,2,3,4-Tetrahydro-Isoquinoline-3-Carboxylic Acid	18736	7.9431217e-10	6508	81.78961920321728	False
(3E)-5-fluoro-1-[(6-fluoro-4H-1,3-benzodioxin-8-yl)methyl]-1H-indole-2,3-dione 3-oxime	18601	7.9183893e-10	6509	81.80218675380169	False
3,4-Dichloroisocoumarin	19121	7.913859e-10	6510	81.81475430438607	False
Ibritumomab tiuxetan	16227	7.9093326e-10	6511	81.82732185497046	False
Raltitrexed	16962	7.886916e-10	6512	81.83988940555486	False
S-(Dimethylarsenic)Cysteine	16772	7.883473e-10	6513	81.85245695613925	False
Dimercaprol	19556	7.881428e-10	6514	81.86502450672364	False
Pregabalin	17558	7.880331e-10	6515	81.87759205730804	False
3-(4-Amino-1-Tert-Butyl-1h-Pyrazolo[3,4-D]Pyrimidin-3-Yl)Phenol	15814	7.866094e-10	6516	81.89015960789241	False
3-(5-{[4-(AMINOMETHYL)PIPERIDIN-1-YL]METHYL}-1H-INDOL-2-YL)-1H-INDAZOLE-6-CARBONITRILE	19518	7.838088e-10	6517	81.90272715847682	False
7-(1-ETHYL-PROPYL)-7H-PYRROLO-[3,2-F]QUINAZOLINE-1,3-DIAMINE	19954	7.830482e-10	6518	81.9152947090612	False
(3R)-3-[(1,2,3,4-tetrahydroisoquinolin-7-yloxy)methyl]-2,3-dihydrothieno[2,3-f][1,4]oxazepin-5-amine	15937	7.811939e-10	6519	81.9278622596456	False
5'-Deoxy-5'-(Methylthio)-Tubercidin	18679	7.809049e-10	6520	81.94042981022999	False
Sri-9439	16999	7.8009504e-10	6521	81.95299736081438	False
Levallorphan	17722	7.797053e-10	6522	81.96556491139877	False
Perifosine	17211	7.794079e-10	6523	81.97813246198315	False
(R)-3-hydroxydecanoyl-CoA	17131	7.793202e-10	6524	81.99070001256756	False
5-(4-PHENOXYPHENYL)-5-(4-PYRIMIDIN-2-YLPIPERAZIN-1-YL)PYRIMIDINE-2,4,6(2H,3H)-TRIONE	16200	7.7617535e-10	6525	82.00326756315194	False
Methylumbelliferyl chitotriose	19754	7.755168e-10	6526	82.01583511373633	False
2-[4-[(Z)-2-Acetamido-3-oxo-3-[[(3S)-2-oxo-1-[(4-phenylphenyl)methyl]azepan-3-yl]amino]prop-1-enyl]-2-formylphenyl]acetic acid	17846	7.7443335e-10	6527	82.02840266432072	False
Clove oil	16025	7.723402e-10	6528	82.04097021490512	False
5-ETHYL-3-METHYL-1,5-DIHYDRO-4H-PYRAZOLO[4,3-C]QUINOLIN-4-ONE	19520	7.713685e-10	6529	82.05353776548951	False
Celiprolol	15186	7.712567e-10	6530	82.0661053160739	False
Chloropyramine	17253	7.65208e-10	6531	82.07867286665828	False
Eugenol	16409	7.6511464e-10	6532	82.09124041724269	False
9-Butyl-8-(3-Methoxybenzyl)-9h-Purin-6-Amine	18642	7.612775e-10	6533	82.10380796782707	False
Nipecotic acid	20225	7.6046336e-10	6534	82.11637551841147	False
Corticotropin	14625	7.5950524e-10	6535	82.12894306899585	False
(3R,4R)-3-Hydroxy-4-(hydroxymethyl)-1-[(4-oxo-4,4a,5,7a-tetrahydro-3H-pyrrolo[3,2-d]pyrimidin-7-yl)methyl]pyrrolidinium	16733	7.5948203e-10	6536	82.14151061958025	False
Pimavanserin	17270	7.588883e-10	6537	82.15407817016464	False
Tropisetron	16878	7.5818807e-10	6538	82.16664572074902	False
Zinc	14679	7.5597006e-10	6539	82.17921327133342	False
(3R)-3-cyclopentyl-7-[(4-methylpiperazin-1-yl)sulfonyl]-3,4-dihydro-2H-1,2-benzothiazine 1,1-dioxide	17826	7.549815e-10	6540	82.1917808219178	False
CP-320626	18073	7.5339057e-10	6541	82.2043483725022	False
Gosogliptin	17936	7.5183454e-10	6542	82.21691592308659	False
Ghavamiol	19654	7.5181733e-10	6543	82.22948347367098	False
Ambenonium	14854	7.5057077e-10	6544	82.24205102425537	False
S-(2-oxo)pentadecylcoa	19849	7.48121e-10	6545	82.25461857483977	False
1,4:3,6-Dianhydro-2-O-(3-carbamimidoylphenyl)-5-O-(4-carbamimidoylphenyl)-D-glucitol	19094	7.475633e-10	6546	82.26718612542415	False
KB002	17496	7.4625695e-10	6547	82.27975367600855	False
Framycetin	18101	7.4585566e-10	6548	82.29232122659293	False
Benazepril	14835	7.450651e-10	6549	82.30488877717733	False
Cerliponase alfa	19718	7.442214e-10	6550	82.31745632776172	False
2-Methyl-3-(2-Aminothiazolo)Propanal	16806	7.4268997e-10	6551	82.33002387834611	False
N-[(5S,7R,8S,9S,10R)-8,9,10-Trihydroxy-7-(hydroxymethyl)-2,4-dioxo-6-oxa-1,3-diazaspiro[4.5]dec-3-yl]acetamide	18077	7.382609e-10	6552	82.3425914289305	False
5-(4'-AMINO-1'-ETHYL-5',8'-DIFLUORO-1'H-SPIRO[PIPERIDINE-4,2'-QUINAZOLINE]-1-YLCARBONYL)PICOLINONITRILE	15933	7.3814965e-10	6553	82.3551589795149	False
AUROVERTIN B	19899	7.3739403e-10	6554	82.36772653009929	False
ROX-888	19382	7.3737005e-10	6555	82.38029408068367	False
N-(2-(((5-CHLORO-2-PYRIDINYL)AMINO)SULFONYL)PHENYL)-4-(2-OXO-1(2H)-PYRIDINYL)BENZAMIDE	16648	7.3467327e-10	6556	82.39286163126806	False
(3R,4S)-1-[6-(6-METHOXYPYRIDIN-3-YL)PYRIMIDIN-4-YL]-4-(2,4,5-TRIFLUOROPHENYL)PYRROLIDIN-3-AMINE	17938	7.3299783e-10	6557	82.40542918185245	False
Ganirelix	16579	7.312621e-10	6558	82.41799673243685	False
Pirbuterol	16532	7.296988e-10	6559	82.43056428302124	False
9-N-Phenylmethylamino-Tacrine	19211	7.2953604e-10	6560	82.44313183360563	False
Propiverine	15684	7.293273e-10	6561	82.45569938419001	False
(2S)-2-{3-[({[2-fluoro-4-(trifluoromethyl)phenyl]carbonyl}amino)methyl]-4-methoxybenzyl}butanoic acid	18291	7.28678e-10	6562	82.46826693477442	False
Coagulation Factor IX (Recombinant)	15975	7.27907e-10	6563	82.4808344853588	False
Sofalcone	15815	7.268706e-10	6564	82.49340203594319	False
SNX-5422	18648	7.262997e-10	6565	82.50596958652758	False
1,4-Dioxane	18282	7.259382e-10	6566	82.51853713711198	False
LLL-3348	19383	7.256129e-10	6567	82.53110468769637	False
CEP-1347	19398	7.254524e-10	6568	82.54367223828076	False
2-(Beta-D-Glucopyranosyl)-5-Methyl-1,2,3-Benzimidazole	18068	7.250761e-10	6569	82.55623978886516	False
Anileridine	17723	7.239526e-10	6570	82.56880733944955	False
KD3010	18290	7.2306255e-10	6571	82.58137489003393	False
Varespladib methyl	16249	7.2044554e-10	6572	82.59394244061833	False
N-Acetylglucosamine	16330	7.193018e-10	6573	82.60650999120271	False
Volixibat	19722	7.177395e-10	6574	82.6190775417871	False
N-{4-[(Carboxymethyl)carbamoyl]benzoyl}-L-valyl-N-[(3S)-1,1,1-trifluoro-4-methyl-2-oxo-3-pentanyl]-L-prolinamide	19779	7.170635e-10	6575	82.6316450923715	False
Jaspisamide A	19181	7.1543504e-10	6576	82.64421264295588	False
(1S,3R,6S)-4-oxo-6-{4-[(2-phenylquinolin-4-yl)methoxy]phenyl}-5-azaspiro[2.4]heptane-1-carboxylic acid	19774	7.1542144e-10	6577	82.65678019354029	False
Arsanilic acid	19747	7.1527406e-10	6578	82.66934774412466	False
(2S)-2-{[HYDROXY(4-IODOBENZYL)PHOSPHORYL]METHYL}PENTANEDIOIC ACID	17404	7.1415895e-10	6579	82.68191529470906	False
Dextroamphetamine	15173	7.1410583e-10	6580	82.69448284529345	False
Kifunensine	18894	7.115023e-10	6581	82.70705039587784	False
Lasofoxifene	16321	7.0819595e-10	6582	82.71961794646224	False
Cilomilast	17328	7.076532e-10	6583	82.73218549704663	False
(2R)-4-[(8R)-8-METHYL-2-(TRIFLUOROMETHYL)-5,6-DIHYDRO[1,2,4]TRIAZOLO[1,5-A]PYRAZIN-7(8H)-YL]-4-OXO-1-(2,4,5-TRIFLUOROPHENYL)BUTAN-2-AMINE	17915	7.0715933e-10	6584	82.74475304763101	False
beta-D-Galactosamine	18294	7.0584144e-10	6585	82.75732059821541	False
Serotonin	16359	7.051821e-10	6586	82.7698881487998	False
2-(5-CHLORO-2-THIENYL)-N-{(3S)-1-[(1S)-1-METHYL-2-MORPHOLIN-4-YL-2-OXOETHYL]-2-OXOPYRROLIDIN-3-YL}ETHANESULFONAMIDE	16141	7.04569e-10	6587	82.7824556993842	False
AL-4623	16925	7.0365574e-10	6588	82.79502324996858	False
Isoetharine	16529	7.027652e-10	6589	82.80759080055297	False
CCT-018159	18662	7.027062e-10	6590	82.82015835113737	False
Bamifylline	15396	7.014408e-10	6591	82.83272590172176	False
Emricasan	17262	7.0012685e-10	6592	82.84529345230615	False
Seocalcitol	17741	6.9929806e-10	6593	82.85786100289053	False
2'-fluoro-2'-deoxyuridine 3'-monophosphate	19468	6.9895406e-10	6594	82.87042855347492	False
N-(4-ACETYLPHENYL)-5-(5-CHLORO-2,4-DIHYDROXYPHENYL)-1H-PYRAZOLE-4-CARBOXAMIDE	18649	6.9602857e-10	6595	82.88299610405932	False
Hexocyclium	16077	6.9270695e-10	6596	82.89556365464371	False
KD7040	15930	6.9258804e-10	6597	82.9081312052281	False
6-CHLORO-3-(DICHLOROMETHYL)-3,4-DIHYDRO-2H-1,2,4-BENZOTHIADIAZINE-7-SULFONAMIDE 1,1-DIOXIDE	16958	6.914028e-10	6598	82.9206987558125	False
4-(1,3-BENZODIOXOL-5-YLOXY)-2-[4-(1H-IMIDAZOL-1-YL)PHENOXY]PYRIMIDINE	15938	6.9021044e-10	6599	82.93326630639687	False
2-{[2-Oxo-2-(1-piperidinyl)ethyl]sulfanyl}-6-(trifluoromethyl)-4(1H)-pyrimidinone	14565	6.8866e-10	6600	82.94583385698128	False
N-[(2',4'-DIFLUORO-4-HYDROXY-5-IODOBIPHENYL-3-YL)CARBONYL]-BETA-ALANINE	14096	6.8808226e-10	6601	82.95840140756566	False
Alefacept	17612	6.876467e-10	6602	82.97096895815005	False
6-MORPHOLIN-4-YL-9H-PURINE	19542	6.870882e-10	6603	82.98353650873445	False
4'-[(1R)-1-amino-2-(2,5-difluorophenyl)ethyl]biphenyl-3-carboxamide	17919	6.870515e-10	6604	82.99610405931884	False
Bromo-Willardiine	17819	6.861963e-10	6605	83.00867160990323	False
Dotarizine	15567	6.8173606e-10	6606	83.02123916048762	False
Balanol Analog 1	19794	6.8098494e-10	6607	83.03380671107202	False
(4s-Trans)-4-(Methylamino)-5,6-Dihydro-6-Methyl-4h-Thieno(2,3-B)Thiopyran-2-Sulfonamide-7,7-Dioxide	16929	6.780687e-10	6608	83.04637426165641	False
(9BETA,13ALPHA,14BETA,17ALPHA)-2-METHOXYESTRA-1,3,5(10)-TRIENE-3,17-DIYL DISULFAMATE	16956	6.776562e-10	6609	83.05894181224079	False
2-OXOHEPTYLPHOSPHONIC ACID	19979	6.774869e-10	6610	83.07150936282518	False
{4-[2-BENZYL-3-METHOXY-2-(METHOXYCARBONYL)-3-OXOPROPYL]PHENYL}SULFAMIC ACID	19839	6.773216e-10	6611	83.08407691340958	False
N4-HYDROXY-2-ISOBUTYL-N1-(9-OXO-1,8-DIAZA-TRICYCLO[10.6.1.013,18]NONADECA-12(19),13,15,17-TETRAEN-10-YL)-SUCCINAMIDE	19726	6.7590195e-10	6612	83.09664446399397	False
(2R)-2-Acetamido-3-(octadecyloxy)propyl 2-(methylsulfanyl)ethyl hydrogen phosphate	18974	6.724122e-10	6613	83.10921201457836	False
(1S)-menthyl hexyl phosphonate group	19215	6.7090816e-10	6614	83.12177956516274	False
1-Deoxy-1-methoxycarbamido-beta-D-gluco-2-heptulopyranosonamide	18078	6.70706e-10	6615	83.13434711574715	False
Nocodazole	18724	6.705116e-10	6616	83.14691466633153	False
Chlorotrianisene	14814	6.671209e-10	6617	83.15948221691592	False
(3,4,5-Trihydroxy-6-Hydroxymethyl-Tetrahydro-Pyran-2-Yl)-Phosphoramidic Acid Dimethyl Ester	18074	6.67042e-10	6618	83.17204976750031	False
4-(6-{[(4-METHYLCYCLOHEXYL)AMINO]METHYL}-1,4-DIHYDROINDENO[1,2-C]PYRAZOL-3-YL)BENZOIC ACID	19526	6.6469746e-10	6619	83.1846173180847	False
1,4-Butanediol	18892	6.6332584e-10	6620	83.1971848686691	False
Copper	14012	6.6313993e-10	6621	83.20975241925349	False
Oxazepam acetate	20142	6.6207323e-10	6622	83.22231996983788	False
CP-744809	17684	6.605735e-10	6623	83.23488752042228	False
4-Sulfonamide-[1-(4-Aminobutane)]Benzamide	16923	6.605495e-10	6624	83.24745507100666	False
5-bromo-N-(3-chloro-2-(4-(prop-2-ynyl)piperazin-1-yl)phenyl)furan-2-carboxamide	18603	6.58071e-10	6625	83.26002262159106	False
Sodium phosphate, monobasic, unspecified form	20292	6.564926e-10	6626	83.27259017217544	False
Oxybenzone	16364	6.562347e-10	6627	83.28515772275983	False
Azacitidine	15414	6.557092e-10	6628	83.29772527334423	False
9-(5,5-Difluoro-5-Phosphonopentyl)Guanine	16736	6.553266e-10	6629	83.3102928239286	False
(1R,2R,3R,4S,5R)-4-(BENZYLAMINO)-5-(METHYLTHIO)CYCLOPENTANE-1,2,3-TRIOL	19658	6.521831e-10	6630	83.32286037451301	False
Troxacitabine	15807	6.520774e-10	6631	83.33542792509739	False
4,4'-BIS([H]METHYLSULFONYL)-2,2',5,5'-TETRACHLOROBIPHENYL	20006	6.51708e-10	6632	83.34799547568178	False
VIR201	18158	6.5121597e-10	6633	83.36056302626618	False
MDX-1303	19451	6.503236e-10	6634	83.37313057685057	False
Cyproheptadine	15877	6.4866357e-10	6635	83.38569812743496	False
N6-ISOPENTENYL-ADENOSINE-5'-MONOPHOSPHATE	16708	6.483667e-10	6636	83.39826567801936	False
3'-Deoxy 3'-Amino Adenosine-5'-Diphosphate	19440	6.4600647e-10	6637	83.41083322860374	False
Phosphonoacetohydroxamic Acid	20051	6.45988e-10	6638	83.42340077918814	False
3-Nitro-4-(2-Oxo-Pyrrolidin-1-Yl)-Benzenesulfonamide	16934	6.4587713e-10	6639	83.43596832977252	False
7-(5-DEOXY-BETA-D-RIBOFURANOSYL)-5-IODO-7H-PYRROLO[2,3-D]PYRIMIDIN-4-AMINE	19690	6.452098e-10	6640	83.44853588035693	False
N-(2-hydroxybenzyl)-2,5-dimethoxy-4-cyanophenylethylamine	17281	6.441707e-10	6641	83.46110343094131	False
4-(2-methoxyethoxy)-6-methylpyrimidin-2-amine	18671	6.4342287e-10	6642	83.4736709815257	False
5-(3-carbamoylbenzyl)-5,6,7,8,9,10-hexahydrocyclohepta[b]indole-4-carboxylic acid	14570	6.4200945e-10	6643	83.4862385321101	False
ETHYL HYDROGEN DIETHYLAMIDOPHOSPHATE	19216	6.407201e-10	6644	83.49880608269449	False
Zoledronic acid	17728	6.4048916e-10	6645	83.51137363327888	False
PX-12	19159	6.386959e-10	6646	83.52394118386327	False
(4R)-4-(3-butoxy-4-methoxybenzyl)imidazolidin-2-one	18682	6.386825e-10	6647	83.53650873444765	False
Enoxaparin	14774	6.3838046e-10	6648	83.54907628503204	False
6-{4-[HYDROXY-(4-NITRO-PHENOXY)-PHOSPHORYL]-BUTYRYLAMINO}-HEXANOIC ACID	19419	6.360566e-10	6649	83.56164383561644	False
Mecobalamin	17639	6.356418e-10	6650	83.57421138620083	False
Dibromotyrosine	17538	6.348543e-10	6651	83.58677893678522	False
3-FLUORO-4-HYDROXYBENZALDEHYDE O-(CYCLOHEXYLCARBONYL)OXIME	19139	6.3421285e-10	6652	83.5993464873696	False
Dihydroquinidine barbiturate	17783	6.340012e-10	6653	83.61191403795401	False
Insulin glulisine	15332	6.336143e-10	6654	83.62448158853839	False
Phenserine	17196	6.291213e-10	6655	83.6370491391228	False
Bromazepam	15337	6.2783634e-10	6656	83.64961668970717	False
Acetophenazine	16434	6.2691247e-10	6657	83.66218424029157	False
(2R)-N-[(2R)-2-(DIHYDROXYBORYL)-1-L-PROLYLPYRROLIDIN-2-YL]-N-[(5R)-5-(DIHYDROXYBORYL)-1-L-PROLYLPYRROLIDIN-2-YL]-L-PROLINAMIDE	17927	6.2638417e-10	6658	83.67475179087596	False
Romosozumab	20189	6.2635797e-10	6659	83.68731934146035	False
Tetryzoline	17341	6.2594946e-10	6660	83.69988689204474	False
liposomal prostaglandin E1	18381	6.25484e-10	6661	83.71245444262914	False
(3R)-3-(aminomethyl)-9-methoxy-1,2,3,4-tetrahydro-5H-[1]benzothieno[3,2-e][1,4]diazepin-5-one	18491	6.243445e-10	6662	83.72502199321352	False
Fluspirilene	15538	6.2317623e-10	6663	83.73758954379792	False
THIO-ATPA	17822	6.204768e-10	6664	83.7501570943823	False
4-[(3R)-3-{[2-(4-FLUOROPHENYL)-2-OXOETHYL]AMINO}BUTYL]BENZAMIDE	17942	6.189567e-10	6665	83.7627246449667	False
4-hydroxybutan-2-one	17577	6.1759114e-10	6666	83.77529219555109	False
4-{3-CHLORO-4-[3-(2,4-DICHLORO-BENZOYL)-UREIDO]-PHENOXY}-BUTYRIC ACID	18085	6.175829e-10	6667	83.78785974613547	False
Danazol	14528	6.172755e-10	6668	83.80042729671987	False
2-Hexyloxy-6-Hydroxymethyl-Tetrahydro-Pyran-3,4,5-Triol	16539	6.168801e-10	6669	83.81299484730425	False
[3-(Dodecanoylamino)Propyl](Hydroxy)Dimethylammonium	17429	6.166377e-10	6670	83.82556239788866	False
Zeranol	16414	6.16439e-10	6671	83.83812994847304	False
octyl 3-deoxy-2-O-(6-deoxy-alpha-L-galactopyranosyl)-beta-D-xylo-hexopyranoside	16607	6.149593e-10	6672	83.85069749905743	False
N-(4-CHLOROPHENYL)-1,2,3,4-TETRAHYDROISOQUINOLINE-7-SULFONAMIDE	17970	6.1388e-10	6673	83.86326504964183	False
Edonerpic	19555	6.134598e-10	6674	83.87583260022622	False
4-Methylimidazole	16918	6.1228966e-10	6675	83.88840015081061	False
Mito-4509	19554	6.090736e-10	6676	83.900967701395	False
XMT-1001	18218	6.049877e-10	6677	83.91353525197938	False
Hydroxyfasudil	18307	6.0286365e-10	6678	83.92610280256379	False
D-Phenylalanine	16820	6.0257627e-10	6679	83.93867035314817	False
ANZ-100	19626	6.025257e-10	6680	83.95123790373256	False
(1R,3R)-5-[(2E)-3-{(1S,3R)-2,2,3-trimethyl-3-[6,6,6-trifluoro-5-hydroxy-5-(trifluoromethyl)hex-3-yn-1-yl]cyclopentyl}prop-2-en-1-ylidene]cyclohexane-1,3-diol	17748	6.021098e-10	6681	83.96380545431695	False
Monofluorophosphate ion	18058	6.020088e-10	6682	83.97637300490135	False
Dinitrochlorobenzene	17804	5.993976e-10	6683	83.98894055548574	False
Etafedrine	17567	5.9786187e-10	6684	84.00150810607012	False
(3,4-DIHYDROXY-2-NITROPHENYL)(PHENYL)METHANONE	19173	5.9669986e-10	6685	84.01407565665451	False
Rolofylline	15962	5.966794e-10	6686	84.0266432072389	False
Acetohydroxamic acid	18773	5.9591965e-10	6687	84.0392107578233	False
1-METHYL-3-TRIFLUOROMETHYL-1H-THIENO[2,3-C]PYRAZOLE-5-CARBOXYLIC ACID (2-MERCAPTO-ETHYL)-AMIDE	17264	5.9573324e-10	6688	84.05177830840769	False
indane-5-sulfonamide	16952	5.956764e-10	6689	84.06434585899208	False
5-iodotubercidin	18429	5.9464456e-10	6690	84.07691340957648	False
Dulaglutide	17950	5.946253e-10	6691	84.08948096016087	False
Doramapimod	18325	5.9357597e-10	6692	84.10204851074525	False
6-[2-(3'-METHOXYBIPHENYL-3-YL)ETHYL]PYRIDIN-2-AMINE	18244	5.932093e-10	6693	84.11461606132966	False
(1R)-N,6-DIHYDROXY-7-METHOXY-2-[(4-METHOXYPHENYL)SULFONYL]-1,2,3,4-TETRAHYDROISOQUINOLINE-1-CARBOXAMIDE	19725	5.9312893e-10	6694	84.12718361191403	False
Plinabulin	17598	5.929717e-10	6695	84.13975116249843	False
PHENYLALANYLAMINODI(ETHYLOXY)ETHYL BENZENESULFONAMIDEAMINOCARBONYLBENZENESULFONAMIDE	16948	5.9295135e-10	6696	84.15231871308282	False
N-acetyl-D-glucosamine-6-phosphate	18948	5.908819e-10	6697	84.16488626366721	False
N-(2,3,4,5,6-Pentaflouro-Benzyl)-4-Sulfamoyl-Benzamide	16906	5.901026e-10	6698	84.1774538142516	False
Dimenhydrinate	17238	5.897189e-10	6699	84.190021364836	False
Fluoroestradiol F-18	14501	5.889006e-10	6700	84.20258891542038	False
Methyl Methylsulfinylmethyl Sulfide	17572	5.888354e-10	6701	84.21515646600477	False
4-(2-aminoethoxy)-N-(2,5-diethoxyphenyl)-3,5-dimethylbenzamide	18024	5.886221e-10	6702	84.22772401658916	False
2-(4-HYDROXY-5-PHENYL-1H-PYRAZOL-3-YL)-1H-BENZOIMIDAZOLE-5-CARBOXAMIDINE	17020	5.872618e-10	6703	84.24029156717356	False
Sulfamic Acid 2,3-O-(1-Methylethylidene)-4,5-O-Sulfonyl-Beta-Fructopyranose Ester	16910	5.867681e-10	6704	84.25285911775795	False
Lanoteplase	16639	5.851028e-10	6705	84.26542666834234	False
Cysteine-S-acetamide	19467	5.837674e-10	6706	84.27799421892674	False
AL6528	16933	5.831976e-10	6707	84.29056176951111	False
2-(3,5-DIMETHYLPHENYL)-1,3-BENZOXAZOLE	14104	5.8308525e-10	6708	84.30312932009552	False
(2S)-4-METHYL-2-(3-PHENYLTHIOUREIDO)-N-((3S)-TETRAHYDRO-2-HYDROXY-3-FURANYL)PENTANAMIDE	19498	5.82894e-10	6709	84.3156968706799	False
5-ACETAMIDO-5,6-DIHYDRO-4-HYDROXY-6-ISOBUTOXY-4H-PYRAN-2-CARBOXYLIC ACID	19449	5.824739e-10	6710	84.3282644212643	False
Enzacamene	16413	5.823584e-10	6711	84.34083197184869	False
Cumidine	19777	5.82053e-10	6712	84.35339952243308	False
1-N-(4-SULFAMOYLPHENYL-ETHYL)-2,4,6-TRIMETHYLPYRIDINIUM	16938	5.8179217e-10	6713	84.36596707301747	False
AV-412	17354	5.8093946e-10	6714	84.37853462360187	False
UNDECA-3,7-DIENE-1,3,7,11-TETRACARBALDEHYDE	19755	5.8086186e-10	6715	84.39110217418624	False
(3R,4R)-4-(pyrrolidin-1-ylcarbonyl)-1-(quinoxalin-2-ylcarbonyl)pyrrolidin-3-amine	17911	5.803281e-10	6716	84.40366972477065	False
Contulakin-G	19268	5.7894617e-10	6717	84.41623727535503	False
N-{[(2S,3S)-3-(ETHOXYCARBONYL)OXIRAN-2-YL]CARBONYL}-L-ISOLEUCYL-L-ISOLEUCINE	18151	5.7771954e-10	6718	84.42880482593942	False
N-{[(2S,3S)-3-(ETHOXYCARBONYL)OXIRAN-2-YL]CARBONYL}-L-ISOLEUCINE	18147	5.7753885e-10	6719	84.44137237652382	False
acetylleucyl-leucyl-norleucinal	19930	5.754288e-10	6720	84.4539399271082	False
S-Hydroxymethyl Glutathione	15953	5.7411e-10	6721	84.4665074776926	False
(21S)-1AZA-4,4-DIMETHYL-6,19-DIOXA-2,3,7,20-TETRAOXOBICYCLO[19.4.0] PENTACOSANE	17578	5.740771e-10	6722	84.47907502827698	False
4-Hydroxy-1,2,5-oxadiazole-3-carboxylic acid	16247	5.7242827e-10	6723	84.49164257886139	False
N-[amino(imino)methyl]-2-(2,5-diphenyl-1H-pyrrol-1-yl)acetamide	18238	5.7193067e-10	6724	84.50421012944577	False
Ribostamycin	19380	5.718717e-10	6725	84.51677768003016	False
Matuzumab	17712	5.7163835e-10	6726	84.52934523061455	False
1-(2-DEOXY-5-O-PHOSPHONO-BETA-D-ERYTHRO-PENTOFURANOSYL)-4-METHYL-1H-INDOLE	19844	5.7094535e-10	6727	84.54191278119895	False
Lefradafiban	17227	5.709105e-10	6728	84.55448033178334	False
Edrophonium	17175	5.707646e-10	6729	84.56704788236773	False
DODECANESULFONATE ION	19212	5.7069927e-10	6730	84.57961543295211	False
Roxadustat	19247	5.7014987e-10	6731	84.59218298353652	False
Mecasermin rinfabate	16041	5.6762384e-10	6732	84.6047505341209	False
N-Hydroxy-1-(4-Methoxyphenyl)Sulfonyl-4-Benzyloxycarbonyl-Piperazine-2-Carboxamide	18622	5.6742244e-10	6733	84.61731808470529	False
1-Methyl-3-Oxo-1,3-Dihydro-Benzo[C]Isothiazole-5-Sulfonic Acid Amide	16916	5.66687e-10	6734	84.62988563528968	False
D-erythrose 4-phosphate	18789	5.6644384e-10	6735	84.64245318587407	False
PD150606	19988	5.649915e-10	6736	84.65502073645847	False
5-(2-methylpiperazine-1-sulfonyl)isoquinoline	19811	5.643453e-10	6737	84.66758828704286	False
(1-Benzyl-5-methoxy-2-methyl-1H-indol-3-yl)acetic acid	18971	5.642054e-10	6738	84.68015583762724	False
(S)-AMPA	17812	5.6383104e-10	6739	84.69272338821163	False
2,6-dimethyl-4-[(E)-2-phenylethenyl]phenol	14097	5.633129e-10	6740	84.70529093879603	False
Al-6619, [2h-Thieno[3,2-E]-1,2-Thiazine-6-Sulfonamide,2-(3-Hydroxyphenyl)-3-(4-Morpholinyl)-, 1,1-Dioxide]	16914	5.6327204e-10	6741	84.71785848938042	False
Sapropterin	14664	5.6282745e-10	6742	84.73042603996481	False
4-[(3-BROMO-4-O-SULFAMOYLBENZYL)(4-CYANOPHENYL)AMINO]-4H-[1,2,4]-TRIAZOLE	16936	5.613126e-10	6743	84.7429935905492	False
Phenylalanylmethylchloride	19685	5.610108e-10	6744	84.7555611411336	False
Loracarbef	20248	5.60677e-10	6745	84.76812869171798	False
+/-METHYL 4-(AMINOIMINOMETHYL)-BETA-[3- INH (AMINOIMINO)PHENYL]BENZENE PENTANOATE	19101	5.604151e-10	6746	84.78069624230238	False
Dihydroxyacetone phosphate	19009	5.597549e-10	6747	84.79326379288676	False
N-Alpha-Acetyl-3,5-Diiodotyrosylglycine	19239	5.594411e-10	6748	84.80583134347116	False
(S)-N-(4-carbamimidoylbenzyl)-1-(2-(cyclopentyloxy)ethanoyl)pyrrolidine-2-carboxamide	16129	5.587426e-10	6749	84.81839889405555	False
Darbepoetin alfa	17536	5.5786836e-10	6750	84.83096644463994	False
Ziconotide	17028	5.574737e-10	6751	84.84353399522433	False
Indoleacetic acid	16822	5.5740995e-10	6752	84.85610154580873	False
R411	17421	5.5697846e-10	6753	84.8686690963931	False
Phosphomethylphosphonic acid guanosyl ester	19107	5.559288e-10	6754	84.88123664697751	False
Follitropin	17104	5.5587046e-10	6755	84.89380419756189	False
Apraclonidine	16847	5.554879e-10	6756	84.90637174814628	False
Sodium phosphate, dibasic	20291	5.55455e-10	6757	84.91893929873068	False
1,3-CYCLOHEXANEDIOL, 4-METHYLENE-5-[(2E)-[(1S,3AS,7AS)-OCTAHYDRO-1-(5-HYDROXY-5-METHYL-1,3-HEXADIYNYL)-7A-METHYL-4H-INDEN-4-YLIDENE]ETHYLIDENE]-, (1R,3S,5Z)	17749	5.5542954e-10	6758	84.93150684931507	False
N-[2-Chloro-5-(trifluoromethyl)phenyl]imidodicarbonimidic diamide	16969	5.536104e-10	6759	84.94407439989946	False
Ethylmercurithiosalicylic acid	19274	5.534457e-10	6760	84.95664195048384	False
9-Butyl-8-(3,4,5-Trimethoxybenzyl)-9h-Purin-6-Amine	18636	5.531238e-10	6761	84.96920950106825	False
GSK-923295	19600	5.528475e-10	6762	84.98177705165263	False
2-(cycloheptylmethyl)-1,1-dioxido-1-benzothiophen-6-yl sulfamate	16940	5.508623e-10	6763	84.99434460223702	False
Robalzotan	16864	5.4998883e-10	6764	85.00691215282141	False
PR-104	17597	5.497015e-10	6765	85.0194797034058	False
AT2220	17983	5.493933e-10	6766	85.0320472539902	False
Carbinoxamine	17233	5.4831717e-10	6767	85.04461480457459	False
Mesobiliverdin IV alpha	17427	5.482858e-10	6768	85.05718235515897	False
Clofedanol	17246	5.4786137e-10	6769	85.06974990574338	False
4-(Aminosulfonyl)-N-[(2,4,6-Trifluorophenyl)Methyl]-Benzamide	16900	5.477663e-10	6770	85.08231745632776	False
2-(4-Chlorophenyl)-5-Quinoxalinecarboxamide	19023	5.4768373e-10	6771	85.09488500691216	False
Raclopride	17707	5.4746235e-10	6772	85.10745255749654	False
Aflibercept	16517	5.4682364e-10	6773	85.12002010808094	False
N-HYDROXY-2-[4-(4-PHENOXY-BENZENESULFONYL)-TETRAHYDRO-PYRAN-4-YL]-ACETAMIDE	18107	5.461982e-10	6774	85.13258765866533	False
(17beta)-17-(cyanomethyl)-2-methoxyestra-1(10),2,4-trien-3-yl sulfamate	16946	5.436103e-10	6775	85.14515520924971	False
GUANOSINE-2',3'-O-METHYLIDENEPHOSPHONATE	16739	5.426407e-10	6776	85.15772275983412	False
[3-(1-Benzyl-3-Carbamoylmethyl-2-Methyl-1h-Indol-5-Yloxy)-Propyl-]-Phosphonic Acid	18969	5.4252064e-10	6777	85.1702903104185	False
5-fluorotryptophan	17788	5.425155e-10	6778	85.18285786100289	False
Tonapofylline	15961	5.3646504e-10	6779	85.19542541158728	False
Abexinostat	19284	5.3565014e-10	6780	85.20799296217167	False
Afelimomab	17586	5.353049e-10	6781	85.22056051275607	False
Isothipendyl	17255	5.347335e-10	6782	85.23312806334046	False
Sinapoyl coenzyme A	20115	5.346376e-10	6783	85.24569561392484	False
Pegademase	18098	5.331773e-10	6784	85.25826316450924	False
Bevasiranib	16516	5.3307153e-10	6785	85.27083071509362	False
Xylazine	20150	5.3288857e-10	6786	85.28339826567802	False
S-oxy-L-cysteine	19201	5.307037e-10	6787	85.29596581626241	False
3-(4-HYDROXYPHENYL)-4,5-DIHYDRO-5-ISOXAZOLE-ACETIC ACID METHYL ESTER	19137	5.305114e-10	6788	85.3085333668468	False
Naluzotan	16861	5.2997234e-10	6789	85.3211009174312	False
HYDROXY(OXO)(3-{[(2Z)-4-[3-(1H-1,2,4-TRIAZOL-1-YLMETHYL)PHENYL]PYRIMIDIN-2(5H)-YLIDENE]AMINO}PHENYL)AMMONIUM	18543	5.297288e-10	6790	85.33366846801559	False
AL5300	16930	5.2873955e-10	6791	85.34623601859998	False
Degarelix	16578	5.279092e-10	6792	85.35880356918436	False
4-{2,4-Bis[(3-Nitrobenzoyl)Amino]Phenoxy}Phthalic Acid	18067	5.273336e-10	6793	85.37137111976875	False
Pagoclone	17070	5.255122e-10	6794	85.38393867035315	False
N-[4-(AMINOSULFONYL)PHENYL]-2-MERCAPTOBENZAMIDE	16945	5.2357024e-10	6795	85.39650622093754	False
Tmr	19182	5.227859e-10	6796	85.40907377152193	False
DDP733	16876	5.223603e-10	6797	85.42164132210632	False
AZD3409	19292	5.218325e-10	6798	85.4342088726907	False
1,2,4-Triazole	16920	5.214266e-10	6799	85.44677642327511	False
Trastuzumab	17351	5.196722e-10	6800	85.45934397385949	False
Alimemazine	17243	5.1867005e-10	6801	85.47191152444388	False
3-(3,5-Dibromo-4-Hydroxy-Benzoyl)-2-Ethyl-Benzofuran-6-Sulfonic Acid (4-Sulfamoyl-Phenyl)-Amide	17445	5.1863547e-10	6802	85.48447907502828	False
N-(2,6-Diflouro-Benzyl)-4-Sulfamoyl-Benzamide	16924	5.183101e-10	6803	85.49704662561267	False
1-PHENYL-1H-PYRAZOLE-4-CARBOXYLIC ACID	18726	5.1766297e-10	6804	85.50961417619706	False
(3S)-1-{[4-(but-2-yn-1-yloxy)phenyl]sulfonyl}pyrrolidine-3-thiol	19769	5.167633e-10	6805	85.52218172678145	False
[2-(3-DIBENZOFURAN-4-YL-PHENYL)-1-HYDROXY-1-PHOSPHONO-ETHYL]-PHOSPHONIC ACID	19708	5.159321e-10	6806	85.53474927736585	False
Butyric Acid	14864	5.1553073e-10	6807	85.54731682795024	False
[4-({4-[(5-cyclopropyl-1H-pyrazol-3-yl)amino]quinazolin-2-yl}amino)phenyl]acetonitrile	17865	5.1517685e-10	6808	85.55988437853462	False
3,5-Difluorobenzenesulfonamide	16898	5.1513266e-10	6809	85.57245192911903	False
Se-Ethyl-Isoselenourea	16763	5.1505994e-10	6810	85.5850194797034	False
(5R,7R,8S,9S,10R)-7-(hydroxymethyl)-3-phenyl-1,6-dioxa-2-azaspiro[4.5]dec-2-ene-8,9,10-triol	18094	5.1427756e-10	6811	85.5975870302878	False
Trichlormethiazide	14763	5.1400595e-10	6812	85.61015458087219	False
3-BROMO-6-HYDROXY-2-(4-HYDROXYPHENYL)-1H-INDEN-1-ONE	17768	5.135659e-10	6813	85.62272213145657	False
Pentabromophenol	14073	5.1234883e-10	6814	85.63528968204098	False
Setmelanotide	20191	5.1224425e-10	6815	85.64785723262536	False
3-(Prop-2-Ene-1-Sulfinyl)-Propene-1-Thiol	17527	5.118692e-10	6816	85.66042478320975	False
SGN-30	18586	5.091593e-10	6817	85.67299233379414	False
3-(1-NAPHTHYLMETHOXY)PYRIDIN-2-AMINE	18351	5.068146e-10	6818	85.68555988437853	False
AZD-7325	17072	5.0595306e-10	6819	85.69812743496293	False
Thiethylperazine	17702	5.0576004e-10	6820	85.71069498554732	False
CRA_11092	19069	5.052375e-10	6821	85.7232625361317	False
SB220025	18110	5.046539e-10	6822	85.7358300867161	False
2,5-O,O-BIS-{4',4''-AMIDINOPHENYL}-1,4:3,6-DIANHYDRO-D-SORBITOL	19093	5.0387383e-10	6823	85.74839763730049	False
5,8-Di-Amino-1,4-Dihydroxy-Anthraquinone	18803	5.0274396e-10	6824	85.76096518788489	False
N,N-DIETHYL-2-[(2-THIENYLCARBONYL)AMINO]-4,5,6,7-TETRAHYDRO-1-BENZOTHIOPHENE-3-CARBOXAMIDE	19126	5.002197e-10	6825	85.77353273846927	False
Trans-O-Hydroxy-Alpha-Methyl Cinnamate	19676	5.0020255e-10	6826	85.78610028905366	False
Didesmethylrocaglamide	20174	5.000547e-10	6827	85.79866783963806	False
Evolocumab	15901	4.9990023e-10	6828	85.81123539022245	False
Dihydrotachysterol	17739	4.99782e-10	6829	85.82380294080684	False
Triprolidine	17232	4.9941135e-10	6830	85.83637049139122	False
Dinor-N(Omega)-Hydroxy-L-Arginine	16834	4.9917515e-10	6831	85.84893804197561	False
Rilmenidine	16854	4.988734e-10	6832	85.86150559256001	False
3-{3-[(DIMETHYLAMINO)METHYL]-1H-INDOL-7-YL}PROPAN-1-OL	19838	4.987459e-10	6833	85.8740731431444	False
2-(1,3-thiazol-4-yl)-1H-benzimidazole-5-sulfonamide	16951	4.98128e-10	6834	85.8866406937288	False
(R)-N-(3-Indol-1-Yl-2-Methyl-Propyl)-4-Sulfamoyl-Benzamide	16903	4.9752596e-10	6835	85.89920824431319	False
Estazolam	15495	4.944806e-10	6836	85.91177579489757	False
N~3~-cyclopropyl-N~4~'-(cyclopropylmethyl)-6-methylbiphenyl-3,4'-dicarboxamide	18343	4.941346e-10	6837	85.92434334548197	False
3-(1H-BENZIMIDAZOL-2-YL)-1H-INDAZOLE	19533	4.937841e-10	6838	85.93691089606635	False
N-(1-BENZYL-3,3,3-TRIFLUORO-2,2-DIHYDROXY-PROPYL)-ACETAMIDE	19680	4.9100046e-10	6839	85.94947844665074	False
2-(2-METHYLPHENYL)-1H-INDOLE-6-CARBOXIMIDAMIDE	19096	4.903042e-10	6840	85.96204599723514	False
N-{[2-({[1-(4-CARBOXYBUTANOYL)AMINO]-2-PHENYLETHYL}-HYDROXYPHOSPHINYL)OXY]ACETYL}-2-PHENYLETHYLAMINE	19408	4.90091e-10	6841	85.97461354781953	False
Pavinetant	19291	4.888242e-10	6842	85.98718109840392	False
3-({4-[(1E)-3-morpholin-4-yl-3-oxoprop-1-en-1-yl]-2,3-bis(trifluoromethyl)phenyl}sulfanyl)aniline	17365	4.8777543e-10	6843	85.99974864898832	False
Methdilazine	17235	4.862632e-10	6844	86.01231619957271	False
1-(3,5-DICHLOROPHENYL)-5-METHYL-1H-1,2,4-TRIAZOLE-3-CARBOXYLIC ACID	18520	4.855171e-10	6845	86.0248837501571	False
Glycinamide	18738	4.851913e-10	6846	86.03745130074148	False
(6S)-2-amino-6-(3'-methoxybiphenyl-3-yl)-3,6-dimethyl-5,6-dihydropyrimidin-4(3H)-one	18259	4.850858e-10	6847	86.05001885132587	False
INCB-9471	18043	4.839519e-10	6848	86.06258640191027	False
9-(4-Hydroxyphenyl)-2,7-Phenanthroline	18596	4.837489e-10	6849	86.07515395249466	False
12-Bromododecanoic Acid	19931	4.81008e-10	6850	86.08772150307905	False
N-(3-TERT-BUTYL-1H-PYRAZOL-5-YL)-N'-{4-CHLORO-3-[(PYRIDIN-3-YLOXY)METHYL]PHENYL}UREA	18347	4.8009874e-10	6851	86.10028905366343	False
Itopride	17197	4.7786414e-10	6852	86.11285660424784	False
2-Amino-3-Hydroxy-3-Phosphonooxy-Propionic Acid	19445	4.7696624e-10	6853	86.12542415483222	False
(9aS)-4-bromo-9a-butyl-7-hydroxy-1,2,9,9a-tetrahydro-3H-fluoren-3-one	17771	4.7684984e-10	6854	86.13799170541661	False
(3S,5R,7R,8S,9S,10R)-7-(hydroxymethyl)-3-(4-methylphenyl)-1,6-dioxa-2-azaspiro[4.5]decane-8,9,10-triol	18097	4.748531e-10	6855	86.150559256001	False
3,8,9,10-tetrahydroxy-7-hydroxymethyl-6-oxa-1,3-diaza-spiro[4.5]decane-2,4-dione	18059	4.746674e-10	6856	86.1631268065854	False
N-ethyl-4-{[5-(methoxycarbamoyl)-2-methylphenyl]amino}-5-methylpyrrolo[2,1-f][1,2,4]triazine-6-carboxamide	18332	4.738994e-10	6857	86.17569435716979	False
2-(4-HYDROXY-3-NITROPHENYL)ACETIC ACID	19411	4.734314e-10	6858	86.18826190775418	False
5-amino-2,4,6-tribromobenzene-1,3-dicarboxylic acid	19100	4.728277e-10	6859	86.20082945833857	False
N,4-dimethyl-3-[(1-phenyl-1H-pyrazolo[3,4-d]pyrimidin-4-yl)amino]benzamide	18355	4.7280874e-10	6860	86.21339700892297	False
6-O-Cyclohexylmethyl Guanine	18448	4.726573e-10	6861	86.22596455950735	False
2,3-Dicarboxy-4-(2-Chloro-Phenyl)-1-Ethyl-5-Isopropoxycarbonyl-6-Methyl-Pyridinium	18080	4.724446e-10	6862	86.23853211009175	False
AL5424	16896	4.717764e-10	6863	86.25109966067613	False
2-Naphthalenesulfonic acid	16175	4.713438e-10	6864	86.26366721126053	False
Carotuximab	19643	4.7089543e-10	6865	86.27623476184492	False
Bambuterol	14862	4.701326e-10	6866	86.2888023124293	False
8-(2-CHLOROPHENYLAMINO)-2-(2,6-DIFLUOROPHENYLAMINO)-9-ETHYL-9H-PURINE-1,7-DIIUM	18353	4.70129e-10	6867	86.3013698630137	False
Dexanabinol	17599	4.696898e-10	6868	86.31393741359808	False
RPR128515	19085	4.675233e-10	6869	86.32650496418248	False
N,N'-DIMETHYL-N-(ACETYL)-N'-(7-NITROBENZ-2-OXA-1,3-DIAZOL-4-YL)ETHYLENEDIAMINE	18575	4.673699e-10	6870	86.33907251476687	False
Phosphoramidon	16780	4.671605e-10	6871	86.35164006535126	False
3,8-Diamino-6-Phenyl-5-[6-[1-[2-[(1,2,3,4-Tetrahydro-9-Acridinyl)Amino]Ethyl]-1h-1,2,3-Triazol-4-Yl]Hexyl]-Phenanthridinium	17178	4.6685583e-10	6872	86.36420761593565	False
(2S)-N-[(3E)-5-Cyclopropyl-3H-pyrazol-3-ylidene]-2-[4-(2-oxo-1-imidazolidinyl)phenyl]propanamide	18484	4.6677123e-10	6873	86.37677516652005	False
(4aS,6R,8aS)-11-[8-(1,3-Dioxo-1,3-dihydro-2H-isoindol-2-yl)octyl]-6-hydroxy-3-methoxy-5,6,9,10-tetrahydro-4aH-[1]benzofuro[3a,3,2-ef][2]benzazepin-11-ium	17181	4.661369e-10	6874	86.38934271710443	False
3-[({(1E)-[2-(trifluoromethyl)phenyl]methylidene}amino)oxy]propanoic acid	14082	4.6489826e-10	6875	86.40191026768883	False
Neostigmine	14861	4.625985e-10	6876	86.41447781827321	False
Indirubin-5-sulphonate	18061	4.6199977e-10	6877	86.42704536885762	False
Bepotastine	17247	4.6099893e-10	6878	86.439612919442	False
N-(4-PHENYLAMINO-QUINAZOLIN-6-YL)-ACRYLAMIDE	17870	4.6073875e-10	6879	86.45218047002639	False
AL7099A	16913	4.5926565e-10	6880	86.46474802061078	False
3',5'-DIBROMO-2',4,4',6'-TETRAHYDROXY AURONE	14094	4.5873946e-10	6881	86.47731557119518	False
Emedastine	17239	4.5832668e-10	6882	86.48988312177957	False
4-Phenylbutylamine	19080	4.5827334e-10	6883	86.50245067236395	False
Ketotifen	17236	4.5786616e-10	6884	86.51501822294834	False
N-Benzyl-4-Sulfamoyl-Benzamide	16894	4.5781992e-10	6885	86.52758577353273	False
9-(3-IODOBENZYLAMINO)-1,2,3,4-TETRAHYDROACRIDINE	19213	4.577579e-10	6886	86.54015332411713	False
Methylphosphinate	17182	4.5768372e-10	6887	86.55272087470152	False
S-Ethylisothiourea	15920	4.570408e-10	6888	86.56528842528591	False
Becatecarin	17663	4.5695975e-10	6889	86.57785597587029	False
Cyclotheonamide A	19078	4.560742e-10	6890	86.5904235264547	False
Alcaftadine	17251	4.5576898e-10	6891	86.60299107703908	False
5-(4-METHOXYBIPHENYL-3-YL)-1,2,5-THIADIAZOLIDIN-3-ONE 1,1-DIOXIDE	17490	4.5522508e-10	6892	86.61555862762349	False
4-methyl-7,8-dihydro-5H-thiopyrano[4,3-d]pyrimidin-2-amine	18665	4.5420254e-10	6893	86.62812617820786	False
2',6'-DIFLUOROBIPHENYL-4-CARBOXYLIC ACID	14084	4.5409948e-10	6894	86.64069372879226	False
RTA 744	17661	4.538215e-10	6895	86.65326127937665	False
Heptulose-2-Phosphate	18081	4.5154816e-10	6896	86.66582882996104	False
CRA_10972	19057	4.5117624e-10	6897	86.67839638054544	False
4-(4-HYDROXYPHENYL)-1-NAPHTHALDEHYDE OXIME	17766	4.4996618e-10	6898	86.69096393112983	False
Chloroprocaine	14856	4.4957416e-10	6899	86.70353148171421	False
[(4-{4-[4-(Difluoro-Phosphono-Methyl)-Phenyl]-Butyl}-Phenyl)-Difluoro-Methyl]-Phosphonic Acid	17467	4.4934356e-10	6900	86.71609903229862	False
Arundic acid	18731	4.4898202e-10	6901	86.728666582883	False
4-(Aminosulfonyl)-N-[(4-Fluorophenyl)Methyl]-Benzamide	16902	4.4870033e-10	6902	86.74123413346739	False
{4-[(CARBOXYMETHOXY)CARBONYL]-3,3-DIOXIDO-1-OXONAPHTHO[1,2-D]ISOTHIAZOL-2(1H)-YL}ACETIC ACID	17687	4.484428e-10	6903	86.75380168405178	False
4-(6-CYCLOHEXYLMETHOXY-9H-PURIN-2-YLAMINO)--BENZAMIDE	18546	4.462483e-10	6904	86.76636923463616	False
Mirococept	19619	4.4598447e-10	6905	86.77893678522057	False
N-(Benzoylcarbamoyl)-beta-D-glucopyranosylamine	18082	4.4522128e-10	6906	86.79150433580494	False
Phenoxybenzamine	16845	4.447163e-10	6907	86.80407188638935	False
N-(3,5-dibromo-4-hydroxyphenyl)benzamide	14101	4.437055e-10	6908	86.81663943697373	False
4-(2-aminoethoxy)-N-(3-chloro-2-ethoxy-5-piperidin-1-ylphenyl)-3,5-dimethylbenzamide	18025	4.4340007e-10	6909	86.82920698755812	False
Propidium	17177	4.4325296e-10	6910	86.84177453814252	False
Methadyl acetate	17724	4.4313886e-10	6911	86.85434208872691	False
Andrographolide	17594	4.4273163e-10	6912	86.8669096393113	False
5-{[(4-AMINO-3-CHLORO-5-FLUOROPHENYL)SULFONYL]AMINO}-1,3,4-THIADIAZOLE-2-SULFONAMIDE	16939	4.4249862e-10	6913	86.8794771898957	False
(4-sulfamoyl-phenyl)-thiocarbamic acid O-(2-thiophen-3-yl-ethyl) ester	16917	4.4228263e-10	6914	86.89204474048007	False
Mercuribenzoic Acid	16927	4.400494e-10	6915	86.90461229106448	False
p-Hydroxymercuribenzoic acid	16893	4.3998646e-10	6916	86.91717984164886	False
Paraldehyde	14639	4.3904e-10	6917	86.92974739223325	False
Sodium fluoride	15886	4.3847428e-10	6918	86.94231494281765	False
nor-NOHA	16833	4.3793016e-10	6919	86.95488249340204	False
4-{5-[(Z)-(2-IMINO-4-OXO-1,3-THIAZOLIDIN-5-YLIDENE)METHYL]FURAN-2-YL}BENZOIC ACID	18501	4.3748352e-10	6920	86.96745004398643	False
(3R)-3-ethyl-N-[(4-methylphenyl)sulfonyl]-L-aspartic acid	19782	4.3663825e-10	6921	86.98001759457081	False
Aripiprazole	14323	4.3641507e-10	6922	86.9925851451552	False
2-[(3-Hydroxy-2-Methyl-5-Phosphonooxymethyl-Pyridin-4-Ylmethyl)-Imino]-5-Phosphono-Pent-3-Enoic Acid	17752	4.354456e-10	6923	87.0051526957396	False
Patupilone	15526	4.3480486e-10	6924	87.01772024632399	False
MRTX849	19964	4.3467882e-10	6925	87.03028779690838	False
(R)-Atenolol	18281	4.3429435e-10	6926	87.04285534749278	False
Tetraferric tricitrate decahydrate	14120	4.3263584e-10	6927	87.05542289807717	False
(5S,7R,8S,9S,10R)-3-Amino-8,9,10-trihydroxy-7-(hydroxymethyl)-6-oxa-1,3-diazaspiro[4.5]decane-2,4-dione	18056	4.3222095e-10	6928	87.06799044866156	False
Metipranolol	15156	4.3134882e-10	6929	87.08055799924594	False
Pegpleranib	19644	4.311152e-10	6930	87.09312554983035	False
Diethylene glycol diethyl ether	17204	4.307963e-10	6931	87.10569310041473	False
N-cycloheptylglycyl-N-(4-carbamimidoylbenzyl)-L-prolinamide	16109	4.3003937e-10	6932	87.11826065099912	False
1-[3-({[(4-AMINO-5-FLUORO-2-METHYLQUINOLIN-3-YL)METHYL]THIO}METHYL)PHENYL]-2,2,2-TRIFLUOROETHANE-1,1-DIOL	17201	4.295688e-10	6933	87.13082820158351	False
(R)-tacrine(10)-hupyridone	17190	4.2949508e-10	6934	87.1433957521679	False
Adalimumab	17584	4.2901202e-10	6935	87.1559633027523	False
2-DEOXY-3,4-BIS-O-[3-(4-HYDROXYPHENYL)PROPANOYL]-L-THREO-PENTARIC ACID	18095	4.2851234e-10	6936	87.16853085333669	False
Calyculin A	18902	4.2825496e-10	6937	87.18109840392107	False
4-(Aminosulfonyl)-N-[(2,4-Difluorophenyl)Methyl]-Benzamide	16931	4.2781412e-10	6938	87.19366595450546	False
Zanapezil	17194	4.2475856e-10	6939	87.20623350508986	False
4-(2-HYDROXYBENZYLAMINO)-N-(3-(4-FLUOROPHENOXY)PHENYL)PIPERIDINE-1-SULFONAMIDE	18328	4.2455608e-10	6940	87.21880105567425	False
2,4,6-Tribromophenol	14070	4.2431966e-10	6941	87.23136860625864	False
6-[4-(2-fluorophenyl)-1,3-oxazol-5-yl]-N-(1-methylethyl)-1,3-benzothiazol-2-amine	18358	4.2371476e-10	6942	87.24393615684303	False
Imino[2-(2-oxo-1,2-dihydro-3-pyridinyl)-1H-benzimidazol-5-yl]methanaminium	19087	4.22219e-10	6943	87.25650370742743	False
Inositol 1,3-Bisphosphate	19114	4.2156242e-10	6944	87.2690712580118	False
Phosphorylcolamine	17981	4.2146753e-10	6945	87.28163880859621	False
1-(2-Amidinophenyl)-3-(Phenoxyphenyl)Urea	19064	4.209116e-10	6946	87.29420635918059	False
Gossypol	19665	4.1999015e-10	6947	87.30677390976498	False
Ramipril	14836	4.1951462e-10	6948	87.31934146034938	False
N-(2-AMINOETHYL)-N~2~-{(1S)-1-[4'-(AMINOSULFONYL)BIPHENYL-4-YL]-2,2,2-TRIFLUOROETHYL}-L-LEUCINAMIDE	19587	4.1920667e-10	6949	87.33190901093377	False
(S)-N-(4-carbamimidoylbenzyl)-1-(3-cyclopentylpropanoyl)pyrrolidine-2-carboxamide	16131	4.1892928e-10	6950	87.34447656151816	False
Drostanolone	14526	4.1889173e-10	6951	87.35704411210256	False
Huperzine A	17195	4.186002e-10	6952	87.36961166268694	False
Soybean oil	16265	4.172539e-10	6953	87.38217921327134	False
N-(2-Thienylmethyl)-2,5-Thiophenedisulfonamide	16911	4.163309e-10	6954	87.39474676385572	False
Crizanlizumab	18700	4.163174e-10	6955	87.40731431444011	False
(3AS,4R,9BR)-4-(4-HYDROXYPHENYL)-6-(METHOXYMETHYL)-1,2,3,3A,4,9B-HEXAHYDROCYCLOPENTA[C]CHROMEN-8-OL	16401	4.15151e-10	6956	87.41988186502451	False
MYO-029	19601	4.1470938e-10	6957	87.43244941560889	False
RWJ-56423	19055	4.144152e-10	6958	87.4450169661933	False
(S)-N-(4-carbamimidoylbenzyl)-1-(2-(cyclohexyloxy)ethanoyl)pyrrolidine-2-carboxamide	16130	4.1435913e-10	6959	87.45758451677767	False
2,6-dibromo-4-[(E)-2-phenylethenyl]phenol	14098	4.1427695e-10	6960	87.47015206736208	False
ICI-164384	17756	4.1422163e-10	6961	87.48271961794646	False
6-CYCLOHEXYLMETHYLOXY-2-(4'-HYDROXYANILINO)PURINE	18545	4.140431e-10	6962	87.49528716853085	False
N-[(benzyloxy)carbonyl]-L-leucyl-N-[(1S)-3-fluoro-1-(4-hydroxybenzyl)-2-oxopropyl]-L-leucinamide	19497	4.1381415e-10	6963	87.50785471911524	False
Valrubicin	17654	4.1362636e-10	6964	87.52042226969964	False
N-alpha-Acetyl-3,5-diiodotyrosyl-D-threonine	19240	4.1280823e-10	6965	87.53298982028403	False
Elotuzumab	19641	4.1249262e-10	6966	87.54555737086842	False
4-{[(1R,2S)-1,2-dihydroxy-2-methyl-3-(4-nitrophenoxy)propyl]amino}-2-(trifluoromethyl)benzonitrile	16448	4.1234713e-10	6967	87.5581249214528	False
[3,5-Dibromo-4-(4-Hydroxy-3-Phenethylcarbamoyl-Phenoxy)-Phenyl]-Acetic Acid	16880	4.1222048e-10	6968	87.57069247203721	False
2-chloro-5-[(1S)-1-hydroxy-3-oxo-2H-isoindol-1-yl]benzenesulfonamide	16950	4.1200277e-10	6969	87.58326002262159	False
PASBN	17845	4.114091e-10	6970	87.59582757320598	False
Isopropamide	16071	4.1120668e-10	6971	87.60839512379037	False
Irofulven	19591	4.1041842e-10	6972	87.62096267437477	False
5-HYDROXY-2-(4-HYDROXYPHENYL)-1-BENZOFURAN-7-CARBONITRILE	17767	4.0989584e-10	6973	87.63353022495916	False
2-ACETYLAMINO-4-METHYL-PENTANOIC ACID (1-FORMYL-2-PHENYL-ETHYL)-AMIDE	19682	4.0902584e-10	6974	87.64609777554354	False
Evening primrose oil	14750	4.0889012e-10	6975	87.65866532612793	False
Bentazepam	20144	4.0667186e-10	6976	87.67123287671232	False
3-[(9H-fluoren-9-ylideneamino)oxy]propanoic acid	14088	4.0664705e-10	6977	87.68380042729672	False
Dibenzofuran-4,6-Dicarboxylic Acid	14076	4.0636328e-10	6978	87.69636797788111	False
Pralnacasan	17260	4.061897e-10	6979	87.7089355284655	False
Carbazole Butanoic Acid	14567	4.05866e-10	6980	87.7215030790499	False
Phenindamine	17245	4.0529505e-10	6981	87.73407062963429	False
Paclitaxel docosahexaenoic acid	16717	4.052765e-10	6982	87.74663818021867	False
CRA_10433	19060	4.0501225e-10	6983	87.75920573080307	False
[N-(2,4-DIAMINOPTERIDIN-6-YL)-METHYL]-DIBENZ[B,F]AZEPINE	17009	4.0499448e-10	6984	87.77177328138745	False
O2-Sulfo-Glucuronic Acid	17554	4.0404624e-10	6985	87.78434083197185	False
Deferoxamine	14912	4.020306e-10	6986	87.79690838255624	False
Teverelix	16576	4.0199152e-10	6987	87.80947593314063	False
(1Z)-4-(4-FLUOROPHENYL)-2-METHYLIDENEBUTAN-1-IMINE	19229	4.0123008e-10	6988	87.82204348372503	False
7-Nitroindazole	15919	4.0063972e-10	6989	87.83461103430942	False
MK-0731	19128	4.0051212e-10	6990	87.8471785848938	False
Lithium cation	17828	3.9897655e-10	6991	87.8597461354782	False
Finafloxacin	17666	3.988997e-10	6992	87.87231368606258	False
Potassium nitrate	16305	3.980614e-10	6993	87.88488123664698	False
2,6-Difluorobenzenesulfonamide	16915	3.979088e-10	6994	87.89744878723137	False
SO-101	17250	3.9777678e-10	6995	87.91001633781576	False
2,6,8-Trimethyl-3-Amino-9-Benzyl-9-Methoxynonanoic Acid	19276	3.970559e-10	6996	87.92258388840015	False
Nalpha-(2-Naphthylsulfonylglycyl)-3-Amidino-D,L-Phenylalanine-Isopropylester	19034	3.9625395e-10	6997	87.93515143898453	False
L-1-(4-chlorophenyl)-2-(acetamido)ethane boronic acid	19689	3.9602877e-10	6998	87.94771898956894	False
N-[2-(1h-Indol-5-Yl)-Butyl]-4-Sulfamoyl-Benzamide	16921	3.958717e-10	6999	87.96028654015332	False
4-(4-methoxy-1H-pyrrolo[2,3-b]pyridin-3-yl)pyrimidin-2-amine	18541	3.9347486e-10	7000	87.97285409073771	False
(2R,3R,4R,5S)-2-(HYDROXYMETHYL)-1-NONYLPIPERIDINE-3,4,5-TRIOL	18227	3.9196402e-10	7001	87.9854216413221	False
4-[5-[2-(1-phenyl-ethylamino)-pyrimidin-4-yl]-1-methyl-4-(3-trifluoromethylphenyl)-1H-imidazol-2-yl]-piperidine	18315	3.9161205e-10	7002	87.9979891919065	False
[4-(6-Chloro-Naphthalene-2-Sulfonyl)-Piperazin-1-Yl]-(3,4,5,6-Tetrahydro-2h-[1,4']Bipyridinyl-4-Yl)-Methanone	19038	3.9152395e-10	7003	88.01055674249089	False
8,9,10-trihydroxy-7-hydroxymethyl-3-methyl-6-oxa-1,3-diaza-spiro[4.5]decane-2,4-dione	18075	3.9100304e-10	7004	88.02312429307528	False
Levocabastine	17240	3.9051934e-10	7005	88.03569184365966	False
Hydroxy(oxo)(2-{(1S)-2,2,2-trifluoro-1-[2-(trimethylarsonio)ethoxy]ethyl}phenyl)ammonium	17199	3.9039197e-10	7006	88.04825939424407	False
Mibolerone	16460	3.901143e-10	7007	88.06082694482845	False
Iobenguane sulfate I-123	20221	3.8971568e-10	7008	88.07339449541286	False
Levonordefrin	20149	3.893353e-10	7009	88.08596204599723	False
Isatin	14886	3.8835035e-10	7010	88.09852959658163	False
Gallium citrate Ga-67	20201	3.881704e-10	7011	88.11109714716602	False
3-[5-(1H-IMIDAZOL-1-YL)-7-METHYL-1H-BENZIMIDAZOL-2-YL]-4-[(PYRIDIN-2-YLMETHYL)AMINO]PYRIDIN-2(1H)-ONE	17957	3.8734946e-10	7012	88.1236646977504	False
N-(2,3-DIFLUORO-BENZYL)-4-SULFAMOYL-BENZAMIDE	16949	3.8701348e-10	7013	88.1362322483348	False
Rasagiline	15333	3.8622222e-10	7014	88.14879979891919	False
4-(METHYLSULFONYL)BENZENECARBOXIMIDAMIDE	19099	3.8610143e-10	7015	88.16136734950358	False
m-Chlorophenylpiperazine	17381	3.860344e-10	7016	88.17393490008797	False
Mocetinostat	19283	3.847216e-10	7017	88.18650245067236	False
2'-cytidylic acid	19474	3.845888e-10	7018	88.19907000125676	False
4-(2-AMINOETHYL)BENZENESULFONAMIDE	16961	3.8399436e-10	7019	88.21163755184115	False
SSR-126517E	16637	3.8393358e-10	7020	88.22420510242553	False
Pirlindole	14905	3.8387354e-10	7021	88.23677265300994	False
Canertinib	17714	3.838135e-10	7022	88.24934020359431	False
(R,R)-2,3-Butanediol	20096	3.8369347e-10	7023	88.26190775417871	False
KB-141	16881	3.8338768e-10	7024	88.2744753047631	False
4-[(4-O-SULFAMOYLBENZYL)(4-CYANOPHENYL)AMINO]-4H-[1,2,4]-TRIAZOLE	16937	3.8263231e-10	7025	88.2870428553475	False
Bb-3497	19242	3.8182596e-10	7026	88.29961040593189	False
Triptorelin	16581	3.8147513e-10	7027	88.31217795651628	False
1D09C3	20127	3.8060588e-10	7028	88.32474550710067	False
Bromopride	17705	3.8043899e-10	7029	88.33731305768505	False
5-(2-chlorophenyl)-1,3,4-thiadiazole-2-sulfonamide	16947	3.8013795e-10	7030	88.34988060826944	False
RWJ-51084	19063	3.800647e-10	7031	88.36244815885384	False
Guanidinoethylmercaptosuccinic acid	20108	3.7909748e-10	7032	88.37501570943823	False
CRA_16847	19042	3.7850933e-10	7033	88.38758326002262	False
4-PHENOXY-N-(PYRIDIN-2-YLMETHYL)BENZAMIDE	18336	3.781601e-10	7034	88.40015081060702	False
2',4'-DICHLORO-4-HYDROXY-1,1'-BIPHENYL-3-CARBOXYLIC ACID	14085	3.7690928e-10	7035	88.4127183611914	False
5-Amidino-Benzimidazole	19040	3.7679426e-10	7036	88.4252859117758	False
ISIS 113715	17471	3.7525516e-10	7037	88.43785346236018	False
6-CARBAMIMIDOYL-2-[2-HYDROXY-6-(4-HYDROXY-PHENYL)-INDAN-1-YL]-HEXANOIC ACID	16113	3.7508055e-10	7038	88.45042101294457	False
3-Fluoro-L-tyrosine	20041	3.7414596e-10	7039	88.46298856352897	False
(2S)-1-AMINO-3-[(5-NITROQUINOLIN-8-YL)AMINO]PROPAN-2-OL	19516	3.7414027e-10	7040	88.47555611411336	False
Avelumab	19616	3.740468e-10	7041	88.48812366469775	False
Octocrylene	16411	3.738e-10	7042	88.50069121528215	False
4-[3-(dibenzylamino)phenyl]-2,4-dioxobutanoic acid	17487	3.7337033e-10	7043	88.51325876586654	False
Phenoxymethylpenicillin	18312	3.730059e-10	7044	88.52582631645093	False
5-{[1-(2-fluorobenzyl)piperidin-4-yl]methoxy}quinazoline-2,4-diamine	18824	3.7069164e-10	7045	88.53839386703531	False
Pinazepam	20136	3.7031922e-10	7046	88.55096141761972	False
[4-({[5-Benzyloxy-1-(3-Carbamimidoyl-Benzyl)-1h-Indole-2-Carbonyl]-Amino}-Methyl)-Phenyl]-Trimethyl-Ammonium	19046	3.702938e-10	7047	88.5635289682041	False
13-deoxydoxorubicin	17660	3.6974965e-10	7048	88.57609651878849	False
Mercaptoethanol	16549	3.6974052e-10	7049	88.58866406937288	False
N-(M-Trifluoromethylphenyl) Phenoxazine-4,6-Dicarboxylic Acid	14071	3.6837486e-10	7050	88.60123161995726	False
Nandrolone phenpropionate	16433	3.6812062e-10	7051	88.61379917054167	False
ZK-805623	19086	3.6772133e-10	7052	88.62636672112605	False
Lenograstim	17773	3.6598324e-10	7053	88.63893427171044	False
Domoic Acid	17808	3.658583e-10	7054	88.65150182229483	False
S-[(1-Hydroxy-2,2,5,5-tetramethyl-2,5-dihydro-1H-pyrrol-3-yl)methyl] methanesulfonothioate	18188	3.6536107e-10	7055	88.66406937287923	False
Triazolopyridine	18329	3.6517855e-10	7056	88.67663692346362	False
N-acetyl-N'-beta-D-glucopyranosyl urea	18069	3.650379e-10	7057	88.68920447404801	False
Cangrelor	16334	3.6468367e-10	7058	88.70177202463239	False
3-(3,5-Dibromo-4-Hydroxy-Benzoyl)-2-Ethyl-Benzofuran-6-Sulfonic Acid Dimethylamide	17466	3.623464e-10	7059	88.7143395752168	False
Dansylamide	16909	3.6202377e-10	7060	88.72690712580118	False
2-(2-hydroxy-phenyl)-3H-benzoimidazole-5-carboxamidine	16091	3.6123265e-10	7061	88.73947467638558	False
4-{[5-(CYCLOHEXYLOXY)[1,2,4]TRIAZOLO[1,5-A]PYRIMIDIN-7-YL]AMINO}BENZENESULFONAMIDE	18512	3.6092135e-10	7062	88.75204222696996	False
Aeruginosin 98-B	19083	3.608587e-10	7063	88.76460977755436	False
Methylthioninium	17203	3.6073347e-10	7064	88.77717732813875	False
Zinc acetate	14680	3.5994788e-10	7065	88.78974487872313	False
(1R,2R)-N-(2-Aminoethyl)-2-{[(4-methoxyphenyl)sulfonyl]methyl}cyclohexanecarboxamide	19588	3.5975845e-10	7066	88.80231242930753	False
4-(2,4-Dimethyl-1,3-thiazol-5-yl)-N-[4-(trifluoromethyl)phenyl]-2-pyrimidinamine	18454	3.5968983e-10	7067	88.81487997989191	False
Bopindolol	15220	3.5867725e-10	7068	88.8274475304763	False
2-(Oxalyl-Amino)-4,7-Dihydro-5h-Thieno[2,3-C]Pyran-3-Carboxylic Acid	17455	3.5849534e-10	7069	88.8400150810607	False
Pefloxacin	15301	3.5839212e-10	7070	88.85258263164509	False
Metenkefalin	15905	3.5798015e-10	7071	88.86515018222948	False
L-2-amino-3-butynoic acid	17754	3.5706843e-10	7072	88.87771773281388	False
Acrivastine	17258	3.5689957e-10	7073	88.89028528339826	False
3-[(3-sec-butyl-4-hydroxybenzoyl)amino]azepan-4-yl 4-(2-hydroxy-5-methoxybenzoyl)benzoate	19793	3.5634384e-10	7074	88.90285283398266	False
M-Cresol	19640	3.549559e-10	7075	88.91542038456704	False
Flurazepam	15457	3.5448638e-10	7076	88.92798793515144	False
N-Methylphenylalanyl-N-[(trans-4-aminocyclohexyl)methyl]-L-prolinamide	16174	3.544134e-10	7077	88.94055548573583	False
2-fluoro-4-[4-(4-fluorophenyl)-1H-pyrazol-3-yl]pyridine	18345	3.5429576e-10	7078	88.95312303632022	False
Kynurenic Acid	19731	3.5428224e-10	7079	88.96569058690461	False
3-Mercuri-4-Aminobenzenesulfonamide	16932	3.5404177e-10	7080	88.97825813748901	False
Cycrimine	16315	3.5190825e-10	7081	88.9908256880734	False
1-BENZYL-4-[(5,6-DIMETHOXY-1-INDANON-2-YL)METHYL]PIPERIDINE	17200	3.5105352e-10	7082	89.0033932386578	False
Loxapine	16011	3.5098724e-10	7083	89.01596078924217	False
Omapatrilat	16691	3.5043402e-10	7084	89.02852833982656	False
{4-[(2s,4e)-2-(1,3-Benzothiazol-2-Yl)-2-(1h-1,2,3-Benzotriazol-1-Yl)-5-Phenylpent-4-Enyl]Phenyl}(Difluoro)Methylphosphonic Acid	17468	3.500953e-10	7085	89.04109589041096	False
4-[5-(3-IODO-PHENYL)-2-(4-METHANESULFINYL-PHENYL)-1H-IMIDAZOL-4-YL]-PYRIDINE	18337	3.4999714e-10	7086	89.05366344099535	False
Antazoline	17252	3.4930026e-10	7087	89.06623099157974	False
N-cyclopropyl-2',6-dimethyl-4'-(5-methyl-1,3,4-oxadiazol-2-yl)biphenyl-3-carboxamide	18338	3.4770295e-10	7088	89.07879854216412	False
2-({8-[(3R)-3-AMINOPIPERIDIN-1-YL]-1,3-DIMETHYL-2,6-DIOXO-1,2,3,6-TETRAHYDRO-7H-PURIN-7-YL}METHYL)BENZONITRILE	17943	3.4766848e-10	7089	89.09136609274853	False
N-cyclopropyl-4-methyl-3-{2-[(2-morpholin-4-ylethyl)amino]quinazolin-6-yl}benzamide	18357	3.473775e-10	7090	89.10393364333291	False
1,2,5-THIADIAZOLIDIN-3-ONE-1,1-DIOXIDE	17491	3.4735428e-10	7091	89.1165011939173	False
Sparfosic acid	19269	3.469517e-10	7092	89.1290687445017	False
Susoctocog alfa	18412	3.4664147e-10	7093	89.14163629508609	False
(1-Methyl-1h-Imidazol-2-Yl)-(3-Methyl-4-{3-[(Pyridin-3-Ylmethyl)-Amino]-Propoxy}-Benzofuran-2-Yl)-Methanone	20017	3.4637115e-10	7094	89.15420384567048	False
2-(2,6-DICHLOROPHENYL)-1,3-BENZOXAZOLE-6-CARBOXYLIC ACID	14083	3.454554e-10	7095	89.16677139625487	False
Purine Riboside-5'-Monophosphate	19473	3.447432e-10	7096	89.17933894683927	False
4-Fluorobenzylamine	19062	3.446781e-10	7097	89.19190649742366	False
Sanglifehrin A	18304	3.4453482e-10	7098	89.20447404800804	False
N-{2-[(4'-CYANO-1,1'-BIPHENYL-4-YL)OXY]ETHYL}-N'-HYDROXY-N-METHYLUREA	18740	3.4432787e-10	7099	89.21704159859244	False
(9S)-9-[(8-AMMONIOOCTYL)AMINO]-1,2,3,4,9,10-HEXAHYDROACRIDINIUM	17193	3.4328848e-10	7100	89.22960914917682	False
4-[4-(4-methoxyphenyl)-5-methyl-1H-pyrazol-3-yl]benzene-1,3-diol	20005	3.4246447e-10	7101	89.24217669976122	False
Apoptone	16718	3.4242462e-10	7102	89.25474425034561	False
3-phenyl-5-(1H-pyrazol-3-yl)isoxazole	18720	3.410389e-10	7103	89.26731180092999	False
7-methyl-guanosine-5'-triphosphate	18186	3.4088735e-10	7104	89.2798793515144	False
Sulthiame	16955	3.405819e-10	7105	89.29244690209877	False
[[1-[N-HYDROXY-ACETAMIDYL]-3-METHYL-BUTYL]-CARBONYL-LEUCINYL]-ALANINE ETHYL ESTER	18106	3.3987133e-10	7106	89.30501445268317	False
2-[4-(DIMETHYLAMINO)PHENYL]-6-HYDROXY-3-METHYL-1,3-BENZOTHIAZOL-3-IUM	17205	3.39743e-10	7107	89.31758200326756	False
M-(N,N,N-Trimethylammonio)-2,2,2-Trifluoro-1,1-Dihydroxyethylbenzene	17186	3.3934797e-10	7108	89.33014955385195	False
5'-O-(N-(Alanyl)sulfamoyl)adenosine	16564	3.389288e-10	7109	89.34271710443635	False
Bis(5-Amidino-2-Benzimidazolyl)Methanone	19039	3.3821326e-10	7110	89.35528465502074	False
Orciprenaline	17560	3.3770725e-10	7111	89.36785220560512	False
3-(4-Fluorophenyl)-1-Hydroxy-2-(Pyridin-4-Yl)-1h-Pyrrolo[3,2-B]Pyridine	18320	3.372985e-10	7112	89.38041975618953	False
2-[2-(2-Cyclohexyl-2-guanidino-acetylamino)-acetylamino]-N-(3-mercapto-propyl)-propionamide	18389	3.3715827e-10	7113	89.3929873067739	False
(S)-N-(4-carbamimidoylbenzyl)-1-(2-(cyclohexylamino)ethanoyl)pyrrolidine-2-carboxamide	16108	3.3681183e-10	7114	89.40555485735831	False
THIOPHENE-2,5-DISULFONIC ACID 2-AMIDE-5-(4-METHYL-BENZYLAMIDE)	16943	3.3612835e-10	7115	89.41812240794269	False
N-(3-Phenyl-2-Sulfanylpropanoyl)Phenylalanylalanine	16781	3.358957e-10	7116	89.43068995852708	False
Zinc;[amino-[2-[[5-[amino(azaniumylidene)methyl]benzimidazol-1-id-2-yl]methyl]benzimidazol-1-id-5-yl]methylidene]azanium	19072	3.358201e-10	7117	89.44325750911148	False
N-(3-Carboxypropanoyl)-L-phenylalanyl-3-carboxy-O-(carboxymethyl)-N-pentyl-L-tyrosinamide	17469	3.3503575e-10	7118	89.45582505969587	False
Diglyme	18715	3.3398873e-10	7119	89.46839261028026	False
N,N'-[biphenyl-4,4'-diyldi(2R)propane-2,1-diyl]dimethanesulfonamide	17823	3.3322073e-10	7120	89.48096016086464	False
Butamben	14439	3.3262826e-10	7121	89.49352771144903	False
Cyclohexyl-{4-[5-(3,4-Dichlorophenyl)-2-Piperidin-4-Yl-3-Propyl-3h-Imidazol-4-Yl]-Pyrimidin-2-Yl}Amine	18594	3.3231182e-10	7122	89.50609526203343	False
7-(1,1-Dioxo-1h-Benzo[D]Isothiazol-3-Yloxymethyl)-2-(Oxalyl-Amino)-4,7-Dihydro-5h-Thieno[2,3-C]Pyran-3-Carboxylic Acid	17453	3.31733e-10	7123	89.51866281261782	False
Binodenoson	18120	3.3125816e-10	7124	89.53123036320221	False
Neflamapimod	18334	3.3121395e-10	7125	89.5437979137866	False
2-({[3-(3,4-dihydroisoquinolin-2(1H)-ylsulfonyl)phenyl]carbonyl}amino)benzoic acid	18292	3.3077704e-10	7126	89.55636546437098	False
Nimodipine	15440	3.2973269e-10	7127	89.56893301495539	False
[N-(BENZYLOXYCARBONYL)AMINO](4-AMIDINOPHENYL)METHANE-PHOSPHONATE	19104	3.2860506e-10	7128	89.58150056553977	False
3-[[(METHYLAMINO)SULFONYL]AMINO]-2-OXO-6-PHENYL-N-[3,3,3-TRIFLUORO-1-(1-METHYLETHYL)-2-OXOPHENYL]-1(2H)-PYRIDINE ACETAMIDE	19788	3.2857875e-10	7129	89.59406811612418	False
Guanosine-3'-monophosphate-5'-diphosphate	19881	3.2850542e-10	7130	89.60663566670856	False
6((S)-3-Benzylpiperazin-1-Yl)-3-(Naphthalen-2-Yl)-4-(Pyridin-4-Yl)Pyrazine	18319	3.2774128e-10	7131	89.61920321729295	False
[{2-bromo-4-[(2R)-3-oxo-2,3-diphenylpropyl]phenyl}(difluoro)methyl]phosphonic acid	17477	3.2629732e-10	7132	89.63177076787734	False
6,4'-Dihydroxy-3-Methyl-3',5'-Dibromoflavone	14067	3.258265e-10	7133	89.64433831846173	False
(2S)-1-(1H-INDOL-3-YL)-3-{[5-(3-METHYL-1H-INDAZOL-5-YL)PYRIDIN-3-YL]OXY}PROPAN-2-AMINE	18441	3.249874e-10	7134	89.65690586904613	False
Bis(5-Amidino-2-Benzimidazolyl)Methane Ketone Hydrate	19079	3.2457048e-10	7135	89.66947341963052	False
S-(4-nitrobenzyl)glutathione	17798	3.244337e-10	7136	89.6820409702149	False
2-({4-[(5-CHLORO-1H-INDOL-2-YL)SULFONYL]PIPERAZIN-1-YL}CARBONYL)THIENO[3,2-B]PYRIDINE 4-OXIDE	16645	3.240404e-10	7137	89.6946085207993	False
6-(DIFLUORO-PHOSPHONO-METHYL)-NAPHTHALENE-2-CARBOXYLIC ACID	17488	3.2324718e-10	7138	89.70717607138369	False
2,4-Diamino-6-[N-(2',5'-Dimethoxybenzyl)-N-Methylamino]Quinazoline	16993	3.229926e-10	7139	89.71974362196808	False
3-(2-CHLOROPHENYL)-1-(2-{[(1S)-2-HYDROXY-1,2-DIMETHYLPROPYL]AMINO}PYRIMIDIN-4-YL)-1-(4-METHOXYPHENYL)UREA	18352	3.2185554e-10	7140	89.73231117255247	False
NXN-188	16244	3.216616e-10	7141	89.74487872313685	False
4-[(7-OXO-7H-THIAZOLO[5,4-E]INDOL-8-YLMETHYL)-AMINO]-N-PYRIDIN-2-YL-BENZENESULFONAMIDE	18474	3.214886e-10	7142	89.75744627372126	False
Hemi-Babim	16090	3.210101e-10	7143	89.77001382430564	False
Zk-806450	19045	3.210052e-10	7144	89.78258137489004	False
RPR131247	19054	3.2084357e-10	7145	89.79514892547442	False
2-(2,6-DIFLUOROPHENOXY)-N-(2-FLUOROPHENYL)-9-ISOPROPYL-9H-PURIN-8-AMINE	18354	3.2013453e-10	7146	89.80771647605881	False
[1-(3-CHLORO-2-FORMYL-PHENYLCARBAMOYL)-2-METHYL-PROPYL]-CARBAMIC ACID TERT-BUTYL ESTER	19785	3.1978725e-10	7147	89.82028402664321	False
(4S)-5-[[(2S)-1-[[(2S)-1-Amino-3-[4-[difluoro(phosphono)methyl]phenyl]-1-oxopropan-2-yl]amino]-3-[4-[difluoro(phosphono)methyl]phenyl]-1-oxopropan-2-yl]amino]-4-benzamido-5-oxopentanoic acid	17458	3.1895697e-10	7148	89.8328515772276	False
3-(Oxalyl-Amino)-Naphthalene-2-Carboxylic Acid	17441	3.1843117e-10	7149	89.845419127812	False
4-PHOSPHONOOXY-PHENYL-METHYL-[4-PHOSPHONOOXY]BENZEN	17481	3.1809186e-10	7150	89.85798667839639	False
2-[(Formyl-Hydroxy-Amino)-Methyl]-Heptanoic Acid [1-(2-Hydroxymethyl-Pyrrolidine-1-Carbonyl)-2-Methyl-Propyl]-Amide	19241	3.1747965e-10	7151	89.87055422898077	False
2-(2-Hydroxy-5-Methoxy-Phenyl)-1h-Benzoimidazole-5-Carboxamidine	18002	3.1744635e-10	7152	89.88312177956517	False
{[2-(1h-1,2,3-Benzotriazol-1-Yl)-2-(3,4-Difluorophenyl)Propane-1,3-Diyl]Bis[4,1-Phenylene(Difluoromethylene)]}Bis(Phosphonic Acid)	17450	3.1730046e-10	7153	89.89568933014955	False
N-Alpha-(2-Naphthylsulfonyl)-N(3-Amidino-L-Phenylalaninyl)Isopipecolinic Acid Methyl Ester	19036	3.1681305e-10	7154	89.90825688073394	False
PD-0325901	17977	3.1607728e-10	7155	89.92082443131834	False
[5-AMINO-1-(4-FLUOROPHENYL)-1H-PYRAZOL-4-YL][3-(PIPERIDIN-4-YLOXY)PHENYL]METHANONE	18360	3.157393e-10	7156	89.93339198190272	False
3-Chloro-9-Ethyl-6,7,8,9,10,11-Hexahydro-7,11-Methanocycloocta[B]Quinolin-12-Amine	17188	3.1565436e-10	7157	89.94595953248712	False
[N-[N-(4-Methoxy-2,3,6-trimethylphenylsulfonyl)-L-aspartyl]-D-(4-amidino-phenylalanyl)]-piperidine	19059	3.1471895e-10	7158	89.9585270830715	False
keyhole limpet hemocyanin	18390	3.1440994e-10	7159	89.9710946336559	False
Pardoprunox	16865	3.142151e-10	7160	89.98366218424029	False
N-[3-(N'-HYDROXYCARBOXAMIDO)-2-(2-METHYLPROPYL)-PROPANOYL]-O-TYROSINE-N-METHYLAMIDE	18104	3.1385813e-10	7161	89.99622973482468	False
ZK-806711	19065	3.1037972e-10	7162	90.00879728540907	False
4-TERT-BUTYLBENZENESULFONIC ACID	16148	3.092416e-10	7163	90.02136483599347	False
3-(4-nitrophenyl)-1H-pyrazole	18725	3.0910302e-10	7164	90.03393238657786	False
(R)-1-(4-(4-(Hydroxymethyl)-1,3,2-dioxaborolan-2-YL)phenyl)guanidine	18368	3.0873124e-10	7165	90.04649993716225	False
4-[(1S,2S,5S)-5-(HYDROXYMETHYL)-8-METHYL-3-OXABICYCLO[3.3.1]NON-7-EN-2-YL]PHENOL	16388	3.0856873e-10	7166	90.05906748774663	False
SD-0006	18346	3.082123e-10	7167	90.07163503833104	False
2-(5-HYDROXY-NAPHTHALEN-1-YL)-1,3-BENZOOXAZOL-6-OL	17762	3.0739097e-10	7168	90.08420258891542	False
(S)-DES-ME-AMPA	17811	3.0718816e-10	7169	90.09677013949981	False
Drotaverine	17214	3.0669758e-10	7170	90.1093376900842	False
S-2-(Boronoethyl)-L-Cysteine	16836	3.0645722e-10	7171	90.1219052406686	False
8-(2-Chloro-3,4,5-Trimethoxy-Benzyl)-9-Pent-4-Ylnyl-9h-Purin-6-Ylamine	18646	3.0622935e-10	7172	90.13447279125299	False
Ferumoxytol	20200	3.0612718e-10	7173	90.14704034183738	False
2-chloro-4-{[(1R,3Z,7S,7aS)-7-hydroxy-1-(trifluoromethyl)tetrahydro-1H-pyrrolo[1,2-c][1,3]oxazol-3-ylidene]amino}-3-methylbenzonitrile	16456	3.0609973e-10	7174	90.15960789242176	False
Demeclocycline	16867	3.059188e-10	7175	90.17217544300615	False
Di-Stearoyl-3-Sn-Phosphatidylethanolamine	18730	3.0590827e-10	7176	90.18474299359055	False
5-[3-(BENZYLAMINO)PHENYL]-4-BROMO-3-(CARBOXYMETHOXY)THIOPHENE-2-CARBOXYLIC ACID	17478	3.0537603e-10	7177	90.19731054417494	False
(20S)-19,20,22,23-TETRAHYDRO-19-OXO-5H,21H-18,20-ETHANO-12,14-ETHENO-6,10-METHENOBENZ[D]IMIDAZO[4,3-L][1,6,9,13]OXATRIAZACYCLONOADECOSINE-9-CARBONITRILE	19299	3.053242e-10	7178	90.20987809475933	False
Thiocitrulline	15927	3.0514313e-10	7179	90.22244564534373	False
N-[4-CHLORO-3-(PYRIDIN-3-YLOXYMETHYL)-PHENYL]-3-FLUORO-	18348	3.0465697e-10	7180	90.23501319592812	False
Benzo[B]Thiophene-2-Carboxamidine	19088	3.0417677e-10	7181	90.2475807465125	False
1-GUANIDINO-4-(N-PHENYLMETHANESULFONYL-L-LEUCYL-L-PROLYLAMINO)BUTANE	16102	3.0307645e-10	7182	90.2601482970969	False
Tridihexethyl	16059	3.0176764e-10	7183	90.27271584768128	False
Nandrolone decanoate	14825	3.0130579e-10	7184	90.28528339826568	False
2-(3-METHYLPHENYL)-1H-INDOLE-5-CARBOXIMIDAMIDE	19097	3.0081884e-10	7185	90.29785094885007	False
3-[(4-AMINO-1-TERT-BUTYL-1H-PYRAZOLO[3,4-D]PYRIMIDIN-3-YL)METHYL]PHENOL	16458	3.0059286e-10	7186	90.31041849943446	False
(2R)-1-[(5,6-DIPHENYL-7H-PYRROLO[2,3-D]PYRIMIDIN-4-YL)AMINO]PROPAN-2-OL	19528	3.004215e-10	7187	90.32298605001886	False
1-METHYL-3-PHENYL-1H-PYRAZOL-5-YLSULFAMIC ACID	17470	3.0040087e-10	7188	90.33555360060325	False
1-(2,6-Dichlorophenyl)-5-(2,4-Difluorophenyl)-7-Piperazin-1-Yl-3,4-Dihydroquinazolin-2(1h)-One	18323	3.00343e-10	7189	90.34812115118763	False
3-{5-[AMINO(IMINIO)METHYL]-1H-INDOL-2-YL}-5-METHOXY-1,1'-BIPHENYL-2-OLATE	19098	3.0031094e-10	7190	90.36068870177203	False
alpha-D-glucopyranosyl-2-carboxylic acid amide	18064	3.0003153e-10	7191	90.37325625235641	False
[5-AMINO-1-(4-FLUOROPHENYL)-1H-PYRAZOL-4-YL](3-{[(2R)-2,3-DIHYDROXYPROPYL]OXY}PHENYL)METHANONE	18361	2.9983074e-10	7192	90.3858238029408	False
Thrombomodulin Alfa	16046	2.997901e-10	7193	90.3983913535252	False
1-{[1-(2-AMINO-3-PHENYL-PROPIONYL)-PYRROLIDINE-2-CARBONYL]-AMINO}-2-(3-CYANO-PHENYL)-ETHANEBORONIC ACID	19103	2.995478e-10	7194	90.41095890410958	False
3-(3,5-Dibromo-4-Hydroxy-Benzoyl)-2-Ethyl-Benzofuran-6-Sulfonic Acid [4-(Thiazol-2-Ylsulfamoyl)-Phenyl]-Amide	17457	2.9886638e-10	7195	90.42352645469398	False
1-[(2S)-4-(5-phenyl-1H-pyrazolo[3,4-b]pyridin-4-yl)morpholin-2-yl]methanamine	19537	2.9803754e-10	7196	90.43609400527836	False
Dienestrol	16363	2.9766714e-10	7197	90.44866155586277	False
4-({[(4-METHYLPIPERAZIN-1-YL)AMINO]CARBONOTHIOYL}AMINO)BENZENESULFONAMIDE	16953	2.9695263e-10	7198	90.46122910644715	False
Moxifloxacin	15289	2.9583327e-10	7199	90.47379665703154	False
Brasofensine	17704	2.9550168e-10	7200	90.48636420761594	False
3-[5-(3-nitrophenyl)thiophen-2-yl]propanoic acid	17683	2.9547237e-10	7201	90.49893175820033	False
N-cyclohexyl-4-imidazo[1,2-a]pyridin-3-yl-N-methylpyrimidin-2-amine	18604	2.948261e-10	7202	90.51149930878472	False
Verpasep caltespen	19375	2.9442207e-10	7203	90.52406685936911	False
TG4010	18392	2.9288685e-10	7204	90.53663440995349	False
[[4-(Aminomethyl)Phenyl]Amino]Oxo-Acetic Acid,	17446	2.9277122e-10	7205	90.5492019605379	False
Plozalizumab	19548	2.9035604e-10	7206	90.56176951112228	False
N-(3-cyclopropyl-1H-pyrazol-5-yl)-2-(2-naphthyl)acetamide	18476	2.9027686e-10	7207	90.57433706170667	False
SR12813	18182	2.9009142e-10	7208	90.58690461229106	False
4-{5-[(Z)-(2-IMINO-4-OXO-1,3-THIAZOLIDIN-5-YLIDENE)METHYL]FURAN-2-YL}BENZENESULFONAMIDE	18499	2.898199e-10	7209	90.59947216287546	False
Compound 5, 2-(Naphthalen-1-Yl-Oxalyl-Amino)-Benzoicacid	17463	2.8954142e-10	7210	90.61203971345985	False
Cyclopropyl-{4-[5-(3,4-Dichlorophenyl)-2-[(1-Methyl)-Piperidin]-4-Yl-3-Propyl-3h-Imidazol-4-Yl]-Pyrimidin-2-Yl}Amine	18595	2.8946023e-10	7211	90.62460726404423	False
18-CHLORO-11,12,13,14-TETRAHYDRO-1H,10H-8,4-(AZENO)-9,15,1,3,6-BENZODIOXATRIAZACYCLOHEPTADECIN-2-ONE	19524	2.890878e-10	7212	90.63717481462862	False
Magnesium cation	17630	2.882487e-10	7213	90.64974236521302	False
N6-Benzyl Adenosine-5'-Diphosphate	17836	2.8787564e-10	7214	90.66230991579741	False
N-cyclopropyl-4-pyrazolo[1,5-b]pyridazin-3-ylpyrimidin-2-amine	18486	2.8654393e-10	7215	90.6748774663818	False
N-(cyclopropylmethyl)-2'-methyl-5'-(5-methyl-1,3,4-oxadiazol-2-yl)biphenyl-4-carboxamide	18342	2.8636854e-10	7216	90.6874450169662	False
4-(1,3-Benzodioxol-5-Yl)-5-(5-Ethyl-2,4-Dihydroxyphenyl)-2h-Pyrazole-3-Carboxylic Acid	18637	2.8622765e-10	7217	90.70001256755059	False
4-(6-HYDROXY-1H-INDAZOL-3-YL)BENZENE-1,3-DIOL	16403	2.861556e-10	7218	90.71258011813498	False
3-(6-CYCLOHEXYLMETHOXY-9H-PURIN-2-YLAMINO)-BENZENESULFONAMIDE	18548	2.8579122e-10	7219	90.72514766871936	False
Zanamivir	19447	2.8494976e-10	7220	90.73771521930377	False
[4-(2-Amino-4-Methyl-Thiazol-5-Yl)-Pyrimidin-2-Yl]-(3-Nitro-Phenyl)-Amine	18452	2.8467814e-10	7221	90.75028276988814	False
Irosustat	16901	2.8451855e-10	7222	90.76285032047254	False
Ketodarolutamide	16464	2.8444042e-10	7223	90.77541787105693	False
Procaterol	17562	2.8341687e-10	7224	90.78798542164132	False
Calcium chloride	17987	2.8277594e-10	7225	90.80055297222572	False
Butriptyline	17257	2.8260233e-10	7226	90.81312052281011	False
(Rp)-cAMPS	19593	2.8212677e-10	7227	90.82568807339449	False
S-23	16447	2.8187613e-10	7228	90.8382556239789	False
Ethyl loflazepate	20133	2.807638e-10	7229	90.85082317456327	False
CR665	17506	2.8045927e-10	7230	90.86339072514767	False
Deserpidine	16354	2.802256e-10	7231	90.87595827573206	False
5-Nitroindazole	15929	2.8019084e-10	7232	90.88852582631645	False
Guselkumab	19571	2.8009414e-10	7233	90.90109337690085	False
17-METHYL-17-ALPHA-DIHYDROEQUILENIN	16385	2.7997715e-10	7234	90.91366092748522	False
4-(1R,3AS,4R,8AS,8BR)-[1-DIFLUOROMETHYL-2-(4-FLUOROBENZYL)-3-OXODECAHYDROPYRROLO[3,4-A]PYRROLIZIN-4-YL]BENZAMIDINE	16164	2.7948469e-10	7235	90.92622847806963	False
6-CARBAMIMIDOYL-2-[2-HYDROXY-5-(3-METHOXY-PHENYL)-INDAN-1-YL]-HEXANOIC ACID	16114	2.7918526e-10	7236	90.93879602865401	False
4-[3-(4-FLUOROPHENYL)-1H-PYRAZOL-4-YL]PYRIDINE	18339	2.7897024e-10	7237	90.9513635792384	False
bis(5-amidino-benzimidazolyl)methanone zinc	19068	2.7821195e-10	7238	90.9639311298228	False
1-(2,6-Dichlorophenyl)-5-(2,4-Difluorophenyl)-7-Piperidin-4-Yl-3,4-Dihydroquinolin-2(1h)-One	18317	2.7817854e-10	7239	90.97649868040719	False
R-1487	18331	2.7712732e-10	7240	90.98906623099158	False
S-Ethyl-N-[4-(Trifluoromethyl)Phenyl]Isothiourea	16239	2.76441e-10	7241	91.00163378157598	False
Deslanoside	17625	2.7628289e-10	7242	91.01420133216035	False
4-[[(2S)-1-[[6-[(1-Amino-1-oxo-3-sulfanylpropan-2-yl)amino]-6-oxohexyl]amino]-3-[4-[difluoro(phosphono)methyl]phenyl]-1-oxopropan-2-yl]amino]-3-[[2-[4-[difluoro(phosphono)methyl]phenyl]acetyl]amino]-4-oxobutanoic acid	17459	2.7610217e-10	7243	91.02676888274476	False
N-(7-CARBAMIMIDOYL-NAPHTHALEN-1-YL)-3-HYDROXY-2-METHYL-BENZAMIDE	18369	2.7520575e-10	7244	91.03933643332914	False
OPC-28326	17024	2.749649e-10	7245	91.05190398391355	False
D-leucyl-N-(4-carbamimidoylbenzyl)-L-prolinamide	16124	2.73024e-10	7246	91.06447153449793	False
C-(1-hydrogyl-beta-D-glucopyranosyl) formamide	18063	2.7286104e-10	7247	91.0770390850823	False
methyl (1R,2S)-2-(hydroxycarbamoyl)-1-{4-[(2-methylquinolin-4-yl)methoxy]benzyl}cyclopropanecarboxylate	19773	2.7273303e-10	7248	91.08960663566671	False
Necitumumab	17718	2.7264566e-10	7249	91.10217418625109	False
(3aS,4R,9bR)-2,2-difluoro-4-(4-hydroxyphenyl)-6-(methoxymethyl)-1,2,3,3a,4,9b-hexahydrocyclopenta[c]chromen-8-ol	17764	2.7230007e-10	7250	91.1147417368355	False
Ado-P-Ch2-P-Ps-Ado	19016	2.7224034e-10	7251	91.12730928741988	False
BMS-181156	16482	2.7149466e-10	7252	91.13987683800427	False
(1-HYDROXYHEPTANE-1,1-DIYL)BIS(PHOSPHONIC ACID)	19705	2.7098662e-10	7253	91.15244438858866	False
(2S,3S)-3-{3-[4-(METHYLSULFONYL)PHENYL]-1,2,4-OXADIAZOL-5-YL}-1-OXO-1-PYRROLIDIN-1-YLBUTAN-2-AMINE	17913	2.70906e-10	7254	91.16501193917306	False
3-(7-DIAMINOMETHYL-NAPHTHALEN-2-YL)-PROPIONIC ACID ETHYL ESTER	16158	2.7068753e-10	7255	91.17757948975745	False
Bis(5-Amidino-Benzimidazolyl)Methane	19033	2.7032585e-10	7256	91.19014704034184	False
N-Hydroxy 1n(4-Methoxyphenyl)Sulfonyl-4-(Z,E-N-Methoxyimino)Pyrrolidine-2r-Carboxamide	18615	2.6975977e-10	7257	91.20271459092622	False
2-[METHYL-(5-GERANYL-4-METHYL-PENT-3-ENYL)-AMINO]-ETHYL-DIPHOSPHATE	18685	2.693151e-10	7258	91.21528214151063	False
CRA-9334	19047	2.6876806e-10	7259	91.227849692095	False
Cysteine-Methylene-Carbamoyl-1,10-Phenanthroline	14568	2.6809377e-10	7260	91.2404172426794	False
N-[(3Z)-5-Tert-butyl-2-phenyl-1,2-dihydro-3H-pyrazol-3-ylidene]-N'-(4-chlorophenyl)urea	18316	2.6806257e-10	7261	91.25298479326379	False
CRA_10762	19049	2.6770697e-10	7262	91.26555234384819	False
Nonoxynol-9	14676	2.673957e-10	7263	91.27811989443258	False
Amyl Nitrite	14636	2.6558514e-10	7264	91.29068744501697	False
cis-Vaccenic acid	18289	2.651716e-10	7265	91.30325499560136	False
3-(BUTYLSULPHONYL)-PROPANOIC ACID	19908	2.6501334e-10	7266	91.31582254618574	False
Urokinase	14801	2.6497596e-10	7267	91.32839009677014	False
3',5'-Dinitro-N-Acetyl-L-Thyronine	14074	2.6481023e-10	7268	91.34095764735453	False
D-phenylalanyl-N-benzyl-L-prolinamide	16137	2.648087e-10	7269	91.35352519793892	False
4-{5-[(Z)-(2-IMINO-4-OXO-1,3-THIAZOLIDIN-5-YLIDENE)METHYL]-2-FURYL}-N-METHYLBENZENESULFONAMIDE	18498	2.644322e-10	7270	91.36609274852331	False
Dostarlimab	19610	2.639701e-10	7271	91.37866029910771	False
Inecalcitol	17743	2.638815e-10	7272	91.39122784969209	False
N-(3-cyano-4,5,6,7-tetrahydro-1-benzothien-2-yl)-2-fluorobenzamide	18598	2.6376576e-10	7273	91.4037954002765	False
4-(1H-IMIDAZOL-1-YL)PHENOL	15946	2.6373456e-10	7274	91.41636295086087	False
6-Nitroindazole	15923	2.6369432e-10	7275	91.42893050144527	False
3-[(5s)-1-Acetyl-3-(2-Chlorophenyl)-4,5-Dihydro-1h-Pyrazol-5-Yl]Phenol	19122	2.633686e-10	7276	91.44149805202966	False
2-(6-CHLORO-3-{[2,2-DIFLUORO-2-(2-PYRIDINYL)ETHYL]AMINO}-2-OXO-1(2H)-PYRAZINYL)-N-[(2-FLUORO-3-METHYL-6-PYRIDINYL)METHYL]ACETAMIDE	16156	2.6302524e-10	7277	91.45406560261405	False
5-(3-HYDROXYPHENYL)ISOTHIAZOL-3(2H)-ONE 1,1-DIOXIDE	17484	2.629535e-10	7278	91.46663315319844	False
Xylometazoline	16851	2.6248698e-10	7279	91.47920070378284	False
[[CYCLOHEXANESULFONYL-GLYCYL]-3[PYRIDIN-4-YL-AMINOMETHYL]ALANYL]PIPERIDINE	16168	2.6169317e-10	7280	91.49176825436723	False
CYT997	16026	2.6125827e-10	7281	91.50433580495162	False
N-{3-METHYL-5-[2-(PYRIDIN-4-YLAMINO)-ETHOXY]-PHENYL}-BENZENESULFONAMIDE	16169	2.611367e-10	7282	91.516903355536	False
6-{4-[4-(4-CHLOROPHENYL)PIPERIDIN-4-YL]PHENYL}-9H-PURINE	19806	2.611143e-10	7283	91.52947090612041	False
2-CHLORO-5-(3-CHLORO-PHENYL)-6-[(4-CYANO-PHENYL)-(3-METHYL-3H-IMIDAZOL-4-YL)- METHOXYMETHYL]-NICOTINONITRILE	19294	2.6079175e-10	7284	91.54203845670479	False
CRA_9785	19070	2.599252e-10	7285	91.55460600728918	False
1-[2-AMINO-2-CYCLOHEXYL-ACETYL]-PYRROLIDINE-3-CARBOXYLIC ACID 5-CHLORO-2-(2-ETHYLCARBAMOYL-ETHOXY)-BENZYLAMIDE	16116	2.5982955e-10	7286	91.56717355787357	False
3,20-Pregnanedione	17138	2.593819e-10	7287	91.57974110845795	False
1-Phenylsulfonamide-3-Trifluoromethyl-5-Parabromophenylpyrazole	16755	2.5937252e-10	7288	91.59230865904236	False
5-[5,6-BIS(METHYLOXY)-1H-BENZIMIDAZOL-1-YL]-3-{[1-(2-CHLOROPHENYL)ETHYL]OXY}-2-THIOPHENECARBOXAMIDE	18492	2.5896518e-10	7289	91.60487620962674	False
2s,4r-4-Methylglutamate	17810	2.5852892e-10	7290	91.61744376021113	False
Elaidamide	18973	2.583214e-10	7291	91.63001131079552	False
5-[3-(2,5-dimethoxyphenyl)prop-1-yn-1-yl]-6-ethylpyrimidine-2,4-diamine	17008	2.5811603e-10	7292	91.64257886137992	False
D-phenylalanyl-N-{4-[amino(iminio)methyl]benzyl}-L-prolinamide	16125	2.5766544e-10	7293	91.65514641196431	False
Tyrothricin	17207	2.5740218e-10	7294	91.6677139625487	False
(3,4,8b-Trimethyl-3-oxido-2,3a-dihydro-1H-pyrrolo[2,3-b]indol-3-ium-7-yl) N-(2-ethylphenyl)carbamate	17202	2.5715632e-10	7295	91.68028151313308	False
(3-ENDO)-8-METHYL-8-AZABICYCLO[3.2.1]OCT-3-YL 1H-PYRROLO[2,3-B]PYRIDINE-3-CARBOXYLATE	19523	2.5702343e-10	7296	91.69284906371749	False
(1R,2S)-2-Phenylcyclopropanaminium	19053	2.5698077e-10	7297	91.70541661430187	False
Oxyphenonium	16308	2.569166e-10	7298	91.71798416488627	False
(2S)-1-(3H-Indol-3-yl)-3-{[5-(6-isoquinolinyl)-3-pyridinyl]oxy}-2-propanamine	19796	2.5502958e-10	7299	91.73055171547065	False
Erteberel	16399	2.5474808e-10	7300	91.74311926605505	False
N-{(4S)-4-Amino-5-[(2-aminoethyl)amino]pentyl}-N'-nitroguanidine	16235	2.5342892e-10	7301	91.75568681663944	False
5-(4-CHLORO-5-PHENYL-3-THIENYL)-1,2,5-THIADIAZOLIDIN-3-ONE 1,1-DIOXIDE	17475	2.5328395e-10	7302	91.76825436722382	False
N-[2-(4-AMINO-5,8-DIFLUORO-1,2-DIHYDROQUINAZOLIN-2-YL)ETHYL]-3-FURAMIDE	15942	2.5272512e-10	7303	91.78082191780823	False
Golodirsen	20196	2.5271596e-10	7304	91.7933894683926	False
Proflavine	16087	2.5163233e-10	7305	91.805957018977	False
Tizanidine	15306	2.5121463e-10	7306	91.81852456956139	False
Iniparib	19031	2.5116625e-10	7307	91.83109212014578	False
3-OXO-N-[(3S)-2-OXOPYRROLIDIN-3-YL]DODECANAMIDE	19875	2.5052227e-10	7308	91.84365967073018	False
1-(2,3-dihydro-1,4-benzodioxin-6-ylsulfonyl)-4-[(4-methoxyphenyl)sulfonyl]piperazine	16300	2.5034075e-10	7309	91.85622722131457	False
3,3',5,5'-tetrachlorobiphenyl-4,4'-diol	14075	2.4991278e-10	7310	91.86879477189895	False
2-[5-Methanesulfonylamino-2-(4-Aminophenyl)-6-Oxo-1,6-Dihydro-1-Pyrimidinyl]-N-(3,3,3-Trifluoro-1-Isopropyl-2-Oxopropyl)Acetamide	19778	2.4987895e-10	7311	91.88136232248335	False
6-(Oxalyl-Amino)-1h-Indole-5-Carboxylic Acid	17464	2.4919644e-10	7312	91.89392987306773	False
3-cyclohexyl-D-alanyl-N-(3-chlorobenzyl)-L-prolinamide	16139	2.4814395e-10	7313	91.90649742365213	False
4-{4-[4-(3-AMINOPROPOXY)PHENYL]-1H-PYRAZOL-5-YL}-6-CHLOROBENZENE-1,3-DIOL	19144	2.4802235e-10	7314	91.91906497423652	False
N-(3,5-dibromo-4-hydroxyphenyl)-4-hydroxy-3,5-dimethylbenzamide	14092	2.4799823e-10	7315	91.93163252482091	False
4-{[4-AMINO-6-(CYCLOHEXYLMETHOXY)-5-NITROSOPYRIMIDIN-2-YL]AMINO}BENZAMIDE	18565	2.4772545e-10	7316	91.9442000754053	False
S,S'-(1,3-Phenylene-Bis(1,2-Ethanediyl))Bis-Isothiourea	16770	2.4667118e-10	7317	91.9567676259897	False
Eprotirome	16885	2.4625563e-10	7318	91.96933517657409	False
Cambinol	19378	2.4561814e-10	7319	91.98190272715848	False
Firocoxib	16757	2.4455746e-10	7320	91.99447027774286	False
3-(4-CHLOROPHENYL)-5-(METHYLTHIO)-4H-1,2,4-TRIAZOLE	16172	2.444987e-10	7321	92.00703782832726	False
2-[(7-HYDROXY-NAPHTHALEN-1-YL)-OXALYL-AMINO]-BENZOIC ACID	17479	2.4354782e-10	7322	92.01960537891165	False
(3R)-8-(dioxidosulfanyl)-3-methyl-1,2,3,4-tetrahydroquinoline	16126	2.432159e-10	7323	92.03217292949604	False
1-ETHOXYCARBONYL-D-PHE-PRO-2(4-AMINOBUTYL)HYDRAZINE	16147	2.4233285e-10	7324	92.04474048008043	False
1-(HYDROXYMETHYLENEAMINO)-8-HYDROXY-OCTANE	16167	2.4161564e-10	7325	92.05730803066481	False
3-Carbamimidamido-1,1-diphenylurea	16133	2.4159214e-10	7326	92.06987558124922	False
Histrelin	16580	2.4096028e-10	7327	92.0824431318336	False
Tetrathiomolybdate	19552	2.4072325e-10	7328	92.09501068241799	False
Tromethamine	19551	2.4049837e-10	7329	92.10757823300239	False
5-Phosphoarabinonic Acid	18787	2.398003e-10	7330	92.12014578358678	False
(5Z)-12-CHLORO-13,15-DIHYDROXY-4,7,8,9-TETRAHYDRO-2-BENZOXACYCLOTRIDECINE-1,10(3H,11H)-DIONE	19146	2.3960325e-10	7331	92.13271333417117	False
Benzylamine	19052	2.374735e-10	7332	92.14528088475556	False
3-[4-(AMINOSULFONYL)PHENYL]PROPANOIC ACID	16798	2.3735805e-10	7333	92.15784843533996	False
1-TERT-BUTYL-3-(2,5-DIMETHYLBENZYL)-1H-PYRAZOLO[3,4-D]PYRIMIDIN-4-AMINE	16454	2.3555943e-10	7334	92.17041598592435	False
Certolizumab pegol	15887	2.353524e-10	7335	92.18298353650873	False
4-(2-{[4-{[3-(4-Chlorophenyl)Propyl]Sulfanyl}-6-(1-Piperazinyl)-1,3,5-Triazin-2-Yl]Amino}Ethyl)Phenol	17757	2.3531516e-10	7336	92.19555108709314	False
Sodium citrate	20218	2.3449254e-10	7337	92.20811863767752	False
Loprazolam	20138	2.3349772e-10	7338	92.22068618826191	False
Latrunculin A	19178	2.334011e-10	7339	92.2332537388463	False
LGD-2226	16457	2.3240158e-10	7340	92.24582128943068	False
LGD2941	16441	2.3172791e-10	7341	92.25838884001509	False
N-ALLYL-5-AMIDINOAMINOOXY-PROPYLOXY-3-CHLORO-N-CYCLOPENTYLBENZAMIDE	16111	2.3161391e-10	7342	92.27095639059947	False
N-{2,2-DIFLUORO-2-[(2R)-PIPERIDIN-2-YL]ETHYL}-2-[2-(1H-1,2,4-TRIAZOL-1-YL)BENZYL][1,3]OXAZOLO[4,5-C]PYRIDIN-4-AMINE	16098	2.3119903e-10	7343	92.28352394118386	False
Tiopronin	14779	2.3090553e-10	7344	92.29609149176825	False
3,8-Diamino-6-Phenyl-5-[6-[1-[2-[(1,2,3,4-Tetrahydro-9-Acridinyl)Amino]Ethyl]-1h-1,2,3-Triazol-5-Yl]Hexyl]-Phenanthridinium	17183	2.3033721e-10	7345	92.30865904235264	False
(5-{3-[5-(PIPERIDIN-1-YLMETHYL)-1H-INDOL-2-YL]-1H-INDAZOL-6-YL}-2H-1,2,3-TRIAZOL-4-YL)METHANOL	19521	2.3018085e-10	7346	92.32122659293704	False
Cilansetron	16875	2.2966863e-10	7347	92.33379414352143	False
6-[3-(4-Morpholinyl)Propyl]-2-(3-Nitrophenyl)-5-Thioxo-5,6,-Dihydro-7h-Thienol[2',3':4,5]Pyrrolo[1,2-C]Imidazol-7-One	18683	2.2915667e-10	7348	92.34636169410581	False
(3S)-3-cyclopentyl-6-methyl-7-[(4-methylpiperazin-1-yl)sulfonyl]-3,4-dihydro-2H-1,2,4-benzothiadiazine 1,1-dioxide	17825	2.2910422e-10	7349	92.35892924469022	False
2-amino-4-[2,4-dichloro-5-(2-pyrrolidin-1-ylethoxy)phenyl]-N-ethylthieno[2,3-d]pyrimidine-6-carboxamide	18654	2.2902909e-10	7350	92.3714967952746	False
5'-O-(L-Cysteinylsulfamoyl)adenosine	16563	2.2823192e-10	7351	92.384064345859	False
METHYL(2-ACETOXY-2-(2-CARBOXY-4-AMINO-PHENYL))ACETATE	19786	2.2806916e-10	7352	92.39663189644338	False
Gevokizumab	18418	2.2789089e-10	7353	92.40919944702777	False
2-(Oxalyl-Amino)-Benzoic Acid	17449	2.2759682e-10	7354	92.42176699761217	False
Fluoro-Willardiine	17815	2.273326e-10	7355	92.43433454819656	False
Diphenylacetic acid	18144	2.2670689e-10	7356	92.44690209878095	False
N-{2'-[(4-FLUOROPHENYL)AMINO]-4,4'-BIPYRIDIN-2-YL}-4-METHOXYCYCLOHEXANECARBOXAMIDE	18605	2.2659753e-10	7357	92.45946964936533	False
D-phenylalanyl-N-(3-methylbenzyl)-L-prolinamide	16136	2.265474e-10	7358	92.47203719994972	False
Belimumab	18283	2.2624512e-10	7359	92.48460475053412	False
2-[2-(2-FLUOROPHENYL)PYRIDIN-4-YL]-1,5,6,7-TETRAHYDRO-4H-PYRROLO[3,2-C]PYRIDIN-4-ONE	18889	2.2601652e-10	7360	92.49717230111851	False
(2S)-2-(1H-indol-3-yl)pentanoic acid	19831	2.2583986e-10	7361	92.5097398517029	False
D-phenylalanyl-N-(3-chlorobenzyl)-L-prolinamide	16119	2.256138e-10	7362	92.5223074022873	False
N-ETHYL-N-ISOPROPYL-3-METHYL-5-{[(2S)-2-(PYRIDIN-4-YLAMINO)PROPYL]OXY}BENZAMIDE	16143	2.2501818e-10	7363	92.53487495287168	False
N-Hydroxy-4-[(4-Methoxylphenyl)Sulfonyl]-2,2-Dimethyl-Hexahydro-1,4-Thiazepine-3(S)-Carboxamide	18617	2.2462196e-10	7364	92.54744250345608	False
2-Methoxy-6-{(E)-[(4-methylphenyl)imino]methyl}phenol	16417	2.2379532e-10	7365	92.56001005404046	False
1-(4-Methoxyphenyl)-3,5-Dimethyl-1h-Pyrazole-4-Carboxylic Acid Ethyl Ester	18867	2.2334672e-10	7366	92.57257760462487	False
Droxidopa	14831	2.2305469e-10	7367	92.58514515520925	False
CHF 4227	16381	2.2253285e-10	7368	92.59771270579364	False
[(2R)-1-[(2S)-2-[[(2S,3S)-1-Chloro-6-(diaminomethylideneamino)-2-hydroxyhexan-3-yl]carbamoyl]pyrrolidin-1-yl]-1-oxo-3-phenylpropan-2-yl]azanium	16106	2.225231e-10	7369	92.61028025637803	False
Pegaptanib	16512	2.2178072e-10	7370	92.62284780696243	False
Calusterone	16437	2.2073539e-10	7371	92.63541535754682	False
(1n)-4-N-Butoxyphenylsulfonyl-(2r)-N-Hydroxycarboxamido-(4s)-Methanesulfonylamino-Pyrrolidine	18618	2.206756e-10	7372	92.64798290813121	False
N-[(2-AMINO-6-METHYLPYRIMIDIN-4-YL)METHYL]-3-{[(E)-(2-OXODIHYDROFURAN-3(2H)-YLIDENE)METHYL]AMINO}BENZENESULFONAMIDE	18659	2.2043793e-10	7373	92.66055045871559	False
2-Aminothiazoline	16762	2.196116e-10	7374	92.6731180093	False
7-methyl-guanosine-5'-triphosphate-5'-guanosine	18823	2.1957308e-10	7375	92.68568555988438	False
Aldoxorubicin	17662	2.1937215e-10	7376	92.69825311046877	False
2-[2-(4-Chloro-Phenylsulfanyl)-Acetylamino]-3-(4-Guanidino-Phenyl)-Propionamide	16132	2.1898419e-10	7377	92.71082066105316	False
Novo Nordisk a/S Compound	17451	2.1877544e-10	7378	92.72338821163754	False
Ciclopirox	17628	2.1726262e-10	7379	92.73595576222195	False
Cositecan	18217	2.1725767e-10	7380	92.74852331280633	False
BIA	19170	2.1686931e-10	7381	92.76109086339073	False
PP-121	17866	2.1648994e-10	7382	92.77365841397511	False
Leuprolide	16572	2.1614006e-10	7383	92.7862259645595	False
methyl L-phenylalaninate	16105	2.1566976e-10	7384	92.7987935151439	False
Monastrol	19123	2.1563933e-10	7385	92.81136106572829	False
AGRO100	19309	2.1551762e-10	7386	92.82392861631268	False
Isosorbide	16719	2.1537419e-10	7387	92.83649616689708	False
4-{4-[(5-hydroxy-2-methylphenyl)amino]quinolin-7-yl}-1,3-thiazole-2-carbaldehyde	18340	2.1497365e-10	7388	92.84906371748146	False
Ligandrol	16462	2.1494535e-10	7389	92.86163126806586	False
Bis-Benzamidine	19043	2.1474579e-10	7390	92.87419881865024	False
TACRINE(8)-4-AMINOQUINOLINE	17192	2.1366228e-10	7391	92.88676636923464	False
(2R)-3-Methyl-1-phenyl-2-butanyl [(2S)-1-oxo-2-hexanyl]carbamate	19583	2.1353598e-10	7392	92.89933391981903	False
Bardoxolone	19622	2.127741e-10	7393	92.91190147040341	False
3-CHLORO-2-(4-HYDROXYPHENYL)-2H-INDAZOL-5-OL	16395	2.1260413e-10	7394	92.92446902098781	False
4-(2,4-Dimethyl-Thiazol-5-Yl)-Pyrimidin-2-Ylamine	18445	2.1199267e-10	7395	92.9370365715722	False
BMS-564929	16446	2.1195871e-10	7396	92.94960412215659	False
6-(2-HYDROXY-CYCLOPENTYL)-7-OXO-HEPTANAMIDINE	16112	2.1170579e-10	7397	92.96217167274098	False
beta-Hydroxyasparagine	20121	2.1157055e-10	7398	92.97473922332537	False
Alvimopan	17162	2.115056e-10	7399	92.98730677390976	False
Benzophenone	16366	2.1068705e-10	7400	92.99987432449416	False
Tibolone	14624	2.1028518e-10	7401	93.01244187507855	False
Candoxatrilat	16787	2.0995454e-10	7402	93.02500942566294	False
4-[[(1E)-2-(4-CHLOROPHENYL)ETHENYL]SULFONYL]-1-[[1-(4-PYRIDINYL)-4-PIPERIDINYL]METHYL]PIPERAZINONE	16665	2.0990688e-10	7403	93.03757697624732	False
Tributyltin	17140	2.093615e-10	7404	93.05014452683173	False
Zinc Substituted Heme C	18297	2.0924013e-10	7405	93.06271207741611	False
1-[(2R)-2-aminobutanoyl]-N-(4-carbamimidoylbenzyl)-L-prolinamide	16123	2.0914677e-10	7406	93.0752796280005	False
(3AALPHA,4ALPHA,7ALPHA,7AALPHA)- 3A,4,7,7A-TETRAHYDRO-2-(4-NITRO-1-NAPHTHALENYL)-4,7-ETHANO-1H-ISOINDOLE-1,3(2H)-DIONE	16440	2.0853097e-10	7407	93.0878471785849	False
1-butanoyl-N-(4-carbamimidoylbenzyl)-L-prolinamide	16120	2.0771243e-10	7408	93.10041472916929	False
Muscimol	17784	2.0696896e-10	7409	93.11298227975368	False
4-(2,5-DIAMINO-5-HYDROXY-PENTYL)-PHENOL	16144	2.065395e-10	7410	93.12554983033807	False
Carba-nicotinamide-adenine-dinucleotide	19019	2.0651113e-10	7411	93.13811738092245	False
2-Amino-3-(3-Hydroxy-7,8-Dihydro-6h-Cyclohepta[D]-4-Isoxazolyl)Propionic Acid	17821	2.064808e-10	7412	93.15068493150685	False
Arzoxifene	16383	2.0626666e-10	7413	93.16325248209124	False
4-BROMO-3-(CARBOXYMETHOXY)-5-(4-HYDROXYPHENYL)THIOPHENE-2-CARBOXYLIC ACID	17476	2.0580766e-10	7414	93.17582003267563	False
3-(1h-Indol-3-Yl)-2-[4-(4-Phenyl-Piperidin-1-Yl)-Benzenesulfonylamino]-Propionic Acid	18619	2.0567778e-10	7415	93.18838758326002	False
3-[(4'-cyanobiphenyl-4-yl)oxy]-N-hydroxypropanamide	18629	2.0563148e-10	7416	93.20095513384442	False
Phenethylamine	19081	2.0539041e-10	7417	93.21352268442881	False
(3AS,4R,9BR)-2,2-DIFLUORO-4-(4-HYDROXYPHENYL)-1,2,3,3A,4,9B-HEXAHYDROCYCLOPENTA[C]CHROMEN-8-OL	16392	2.049361e-10	7418	93.22609023501319	False
Diphthamide	20004	2.0475871e-10	7419	93.2386577855976	False
(S)-carazolol	17566	2.0475052e-10	7420	93.25122533618197	False
1-Benzyl-3-(4-Methoxy-Benzenesulfonyl)-6-Oxo-Hexahydro-Pyrimidine-4-Carboxylic Acid Hydroxyamide	18621	2.0427851e-10	7421	93.26379288676637	False
Gallamine triethiodide	16310	2.0398339e-10	7422	93.27636043735076	False
Dihydro-2-thioxo-5-((5-(2-(trifluoromethyl)phenyl)-2-furanyl)methyl)-4,6(1H,5H)-pyrimidinedione	17069	2.0341304e-10	7423	93.28892798793515	False
1-[4-(AMINOMETHYL)BENZOYL]-5'-FLUORO-1'H-SPIRO[PIPERIDINE-4,2'-QUINAZOLIN]-4'-AMINE	15947	2.0338627e-10	7424	93.30149553851955	False
alpha-D-glucose 6-phosphate	17668	2.0329513e-10	7425	93.31406308910394	False
8-(2-Chloro-3,4,5-Trimethoxy-Benzyl)-2-Fluoro-9-Pent-4-Ylnyl-9h-Purin-6-Ylamine	18635	2.0293252e-10	7426	93.32663063968832	False
CRA_23653	19077	2.0201571e-10	7427	93.33919819027273	False
7-Nitroindazole-2-Carboxamidine	16767	2.0186548e-10	7428	93.3517657408571	False
[(1S)-1-(5-CHLORO-1-BENZOTHIEN-3-YL)-2-(2-NAPHTHYLAMINO)-2-OXOETHYL]PHOSPHONIC ACID	18408	2.0163382e-10	7429	93.3643332914415	False
2-Amino-1-methyl-6-phenylimidazo(4,5-b)pyridine	16405	2.0149118e-10	7430	93.37690084202589	False
CRA_9076	19075	2.0136864e-10	7431	93.38946839261027	False
Florbetapir (18F)	19557	2.0110034e-10	7432	93.40203594319468	False
TRANS-4-(GUANIDINOMETHYL)-CYCLOHEXANE-L-YL-D-3-CYCLOHEXYLALANYL-L-AZETIDINE-2-YL-D-TYROSINYL-L-HOMOARGININAMIDE	16099	2.0090828e-10	7433	93.41460349377905	False
BL-1020	17271	2.0073934e-10	7434	93.42717104436346	False
3-{[4-(but-2-yn-1-yloxy)phenyl]sulfonyl}propane-1-thiol	19770	2.0035913e-10	7435	93.43973859494784	False
4-[3-(4-CHLOROPHENYL)-1H-PYRAZOL-5-YL]PIPERIDINE	16171	2.000937e-10	7436	93.45230614553223	False
1-[[(1E)-2-(4-CHLOROPHENYL)ETHENYL]SULFONYL]-4-[[1-(4-PYRIDINYL)-4-PIPERIDINYL]METHYL]PIPERAZINE	16666	2.0001167e-10	7437	93.46487369611663	False
Pembrolizumab	19604	1.9916921e-10	7438	93.47744124670102	False
Glatiramer	19324	1.9901504e-10	7439	93.49000879728541	False
(1S,2R,5S)-5-[3-(TRIFLUOROMETHYL)-5,6-DIHYDRO[1,2,4]TRIAZOLO[4,3-A]PYRAZIN-7(8H)-YL]-2-(2,4,5-TRIFLUOROPHENYL)CYCLOHEXANAMINE	17914	1.9898544e-10	7440	93.5025763478698	False
5-[(3R)-3-(5-methoxybiphenyl-3-yl)but-1-yn-1-yl]-6-methylpyrimidine-2,4-diamine	17004	1.9875139e-10	7441	93.51514389845418	False
Palifosfamide	18000	1.9846312e-10	7442	93.52771144903859	False
6-[N-(1-Isopropyl-1,2,3,4-Tetrahydro-7-Isoquinolinyl)Carbamyl]-2-Naphthalenecarboxamidine	18008	1.9688562e-10	7443	93.54027899962297	False
(2R)-2-({9-(1-methylethyl)-6-[(4-pyridin-2-ylbenzyl)amino]-9H-purin-2-yl}amino)butan-1-ol	18554	1.9682066e-10	7444	93.55284655020736	False
(5E)-14-CHLORO-15,17-DIHYDROXY-4,7,8,9,10,11-HEXAHYDRO-2-BENZOXACYCLOPENTADECINE-1,12(3H,13H)-DIONE	19145	1.9672795e-10	7445	93.56541410079176	False
CA4P	16479	1.9658654e-10	7446	93.57798165137615	False
Filgrastim	17112	1.9621531e-10	7447	93.59054920196054	False
5-Bromo-N-[(2S)-2,3-dihydroxypropoxy]-3,4-difluoro-2-[(2-fluoro-4-iodophenyl)amino]benzamide	17974	1.9587652e-10	7448	93.60311675254492	False
Amylamine	19041	1.9503586e-10	7449	93.61568430312931	False
EVT-101	17137	1.9502805e-10	7450	93.6282518537137	False
N-ACETYL-L-PHENYLALANYL-4-[DIFLUORO(PHOSPHONO)METHYL]-L-PHENYLALANINAMIDE	17482	1.9450759e-10	7451	93.6408194042981	False
Dilmapimod	17602	1.9318801e-10	7452	93.65338695488249	False
N-(3-chlorobenzyl)-1-(4-methylpentanoyl)-L-prolinamide	16115	1.9316039e-10	7453	93.66595450546689	False
Dimethylthiambutene	17155	1.9265262e-10	7454	93.67852205605128	False
3-({[(1Z)-(2-methoxyphenyl)methylidene]amino}oxy)propanoic acid	14089	1.921484e-10	7455	93.69108960663567	False
4-({4-[(6-CHLORO-1-BENZOTHIEN-2-YL)SULFONYL]-2-OXOPIPERAZIN-1-YL}METHYL)BENZENECARBOXIMIDAMIDE	16664	1.9169485e-10	7456	93.70365715722005	False
2-(methylsulfanyl)-5-(thiophen-2-ylmethyl)-1H-imidazol-4-ol	19541	1.9164001e-10	7457	93.71622470780446	False
Thiocolchicoside	17218	1.9158483e-10	7458	93.72879225838884	False
(S)-2-[(R)-3-amino-4-(2-fluorophenyl)butyryl]-1,2,3,4-tetrahydroisoquinoline-3-carboxamide	17902	1.9101161e-10	7459	93.74135980897323	False
Tridolgosir	19652	1.901269e-10	7460	93.75392735955762	False
PH-797804	18344	1.8994276e-10	7461	93.76649491014201	False
2-ANILINO-6-CYCLOHEXYLMETHOXYPURINE	18477	1.897248e-10	7462	93.77906246072641	False
Cixutumumab	17958	1.8903415e-10	7463	93.7916300113108	False
2-(6-CHLORO-3-{[2,2-DIFLUORO-2-(1-OXIDO-2-PYRIDINYL)ETHYL]AMINO}-2-OXO-1(2H)-PYRAZINYL)-N-[(2-FLUOROPHENYL)METHYL]ACETAMIDE	16157	1.8888206e-10	7464	93.80419756189518	False
Flupirtine	16850	1.8840171e-10	7465	93.81676511247959	False
Buclizine	16309	1.8821963e-10	7466	93.82933266306397	False
(3S)-4-{[4-(BUT-2-YNYLOXY)PHENYL]SULFONYL}-N-HYDROXY-2,2-DIMETHYLTHIOMORPHOLINE-3-CARBOXAMIDE	19776	1.8798067e-10	7467	93.84190021364836	False
AC-(D)PHE-PRO-BOROHOMOLYS-OH	16160	1.879477e-10	7468	93.85446776423275	False
NPS-2143	17349	1.8779647e-10	7469	93.86703531481714	False
Lysophosphotidylserine	16097	1.8751874e-10	7470	93.87960286540154	False
(2S,3R)-2-[[4-(Tert-butylcarbamoyl)piperazine-1-carbonyl]amino]-6-(diaminomethylideneamino)-3-formylhexanoic acid	19067	1.8739645e-10	7471	93.89217041598592	False
1-(2-{[(6-amino-2-methylpyridin-3-yl)methyl]amino}ethyl)-6-chloro-3-[(2,2-difluoro-2-pyridin-2-ylethyl)amino]-1,4-dihydropyrazin-2-ol	16151	1.8656938e-10	7472	93.90473796657032	False
Fenoxaprop-ethyl	15931	1.8617873e-10	7473	93.9173055171547	False
N-[(2R,3S)-3-AMINO-2-HYDROXY-4-PHENYLBUTYL]-4-METHOXY-2,3,6-TRIMETHYLBENZENESULFONAMIDE	16154	1.8614606e-10	7474	93.9298730677391	False
(3aS)-3a-hydroxy-1-phenyl-1,2,3,3a-tetrahydro-4H-pyrrolo[2,3-b]quinolin-4-one	19928	1.8510761e-10	7475	93.94244061832349	False
[(3R)-3-(Methylcarbamoyl)-2-{[(2-methyl-2-propanyl)oxy]carbonyl}-1,2,3,4-tetrahydro-7-isoquinolinyl]sulfamic acid	17483	1.8502537e-10	7476	93.95500816890788	False
Flovagatran	16103	1.839374e-10	7477	93.96757571949227	False
1-GUANIDINO-4-(N-NITRO-BENZOYLAMINO-L-LEUCYL-L-PROLYLAMINO)BUTANE	16101	1.8259164e-10	7478	93.98014327007667	False
3-(CARBOXYMETHOXY)THIENO[2,3-B]PYRIDINE-2-CARBOXYLIC ACID	17480	1.8169842e-10	7479	93.99271082066105	False
Clenoliximab	19638	1.8161146e-10	7480	94.00527837124545	False
6-FLUORO-2-[2-HYDROXY-3-(2-METHYL-CYCLOHEXYLOXY)-PHENYL]-1H-INDOLE-5-CARBOXAMIDINE	18019	1.8014523e-10	7481	94.01784592182983	False
4-(5-BENZENESULFONYLAMINO-1-METHYL-1H-BENZOIMIDAZOL-2-YLMETHYL)-BENZAMIDINE	16150	1.8009094e-10	7482	94.03041347241424	False
Terbutaline	14848	1.7949392e-10	7483	94.04298102299862	False
(2S)-2-({6-[(3-Amino-5-chlorophenyl)amino]-9-isopropyl-9H-purin-2-yl}amino)-3-methyl-1-butanol	19248	1.7918299e-10	7484	94.055548573583	False
AC-(D)Phe-pro-borolys-OH	16159	1.7867584e-10	7485	94.0681161241674	False
{(2S)-1-[N-(tert-butoxycarbonyl)glycyl]pyrrolidin-2-yl}methyl (3-chlorophenyl)acetate	16173	1.7855387e-10	7486	94.08068367475178	False
2-(Oxalyl-Amino)-4,5,6,7-Tetrahydro-Thieno[2,3-C]Pyridine-3-Carboxylic Acid	17461	1.7832992e-10	7487	94.09325122533619	False
5-Bromoindirubin	18493	1.7791137e-10	7488	94.10581877592057	False
6S-5,6,7,8-Tetrahydrobiopterin	16771	1.7782723e-10	7489	94.11838632650496	False
4-Carbamoyl-4-{[6-(Difluoro-Phosphono-Methyl)-Naphthalene-2-Carbonyl]-Amino}-Butyric Acid	17462	1.7775365e-10	7490	94.13095387708935	False
[1-(4-Fluorobenzyl)Cyclobutyl]Methyl (1s)-1-[Oxo(1h-Pyrazol-5-Ylamino)Acetyl]Pentylcarbamate	19572	1.7552734e-10	7491	94.14352142767375	False
4-[1-allyl-7-(trifluoromethyl)-1H-indazol-3-yl]benzene-1,3-diol	16402	1.7552164e-10	7492	94.15608897825814	False
N-(2-AMINOETHYL)-P-CHLOROBENZAMIDE	19228	1.7541756e-10	7493	94.16865652884253	False
2,4-Diamino-5-Methyl-6-[(3,4,5-Trimethoxy-N-Methylanilino)Methyl]Pyrido[2,3-D]Pyrimidine	16992	1.75351e-10	7494	94.18122407942691	False
TERT-BUTYL 2-CYANO-2-METHYLHYDRAZINECARBOXYLATE	19589	1.7472901e-10	7495	94.19379163001132	False
4'-FLUORO-1,1'-BIPHENYL-4-CARBOXYLIC ACID	19664	1.7447058e-10	7496	94.2063591805957	False
4-[(1S,2S,5S,9R)-5-(HYDROXYMETHYL)-8,9-DIMETHYL-3-OXABICYCLO[3.3.1]NON-7-EN-2-YL]PHENOL	16389	1.7416568e-10	7497	94.21892673118009	False
3-({4-[(6-CHLORO-1-BENZOTHIEN-2-YL)SULFONYL]-2-OXOPIPERAZIN-1-YL}METHYL)BENZENECARBOXIMIDAMIDE	16662	1.739436e-10	7498	94.23149428176448	False
2-[4-(4-Hydroxy-3-Isopropyl-Phenoxy)-3,5-Dimethyl-Phenyl]-2h-[1,2,4]Triazine-3,5-Dione	16882	1.7355452e-10	7499	94.24406183234888	False
Morphine glucuronide	17163	1.7346816e-10	7500	94.25662938293327	False
Podofilox	16478	1.7344631e-10	7501	94.26919693351766	False
6-CYCLOHEXYLMETHYLOXY-5-NITROSO-PYRIMIDINE-2,4-DIAMINE	18551	1.7334313e-10	7502	94.28176448410206	False
9-CYCLOPENTYL-6-[2-(3-IMIDAZOL-1-YL-PROPOXY)-PHENYLAMINO]-9H-PURINE-2-CARBONITRILE	19586	1.7251689e-10	7503	94.29433203468643	False
Glutethimide	15841	1.7250669e-10	7504	94.30689958527083	False
Carphenazine	16013	1.7230084e-10	7505	94.31946713585522	False
Methacholine	16076	1.7183743e-10	7506	94.33203468643961	False
CYT007-TNFQb	17593	1.7070094e-10	7507	94.344602237024	False
(2R)-3-{[(BENZYLAMINO)CARBONYL]AMINO}-2-HYDROXYPROPANOIC ACID	19787	1.7065734e-10	7508	94.3571697876084	False
Anisotropine methylbromide	16060	1.6988601e-10	7509	94.36973733819278	False
N-[(2R)-5-(aminosulfonyl)-2,3-dihydro-1H-inden-2-yl]-2-propylpentanamide	16941	1.6960691e-10	7510	94.38230488877718	False
1-[(2S)-4-(5-BROMO-1H-PYRAZOLO[3,4-B]PYRIDIN-4-YL)MORPHOLIN-2-YL]METHANAMINE	19543	1.6948273e-10	7511	94.39487243936156	False
2-(6-CHLORO-3-{[2,2-DIFLUORO-2-(2-PYRIDINYL)ETHYL]AMINO}-2-OXO-1(2H)-PYRAZINYL)-N-[(2-FLUORO-6-PYRIDINYL)METHYL]ACETAMIDE	16155	1.6945365e-10	7512	94.40743998994596	False
6-HYDROXY-1,3-BENZOTHIAZOLE-2-SULFONAMIDE	16960	1.6840647e-10	7513	94.42000754053035	False
6-CARBAMIMIDOYL-4-(3-HYDROXY-2-METHYL-BENZOYLAMINO)-NAPHTHALENE-2-CARBOXYLIC ACID METHYL ESTER	18367	1.6828638e-10	7514	94.43257509111474	False
(9ALPHA,13BETA,17BETA)-2-[(1Z)-BUT-1-EN-1-YL]ESTRA-1,3,5(10)-TRIENE-3,17-DIOL	16393	1.6824081e-10	7515	94.44514264169914	False
N-BENZYL-4-[4-(3-CHLOROPHENYL)-1H-PYRAZOL-3-YL]-1H-PYRROLE-2-CARBOXAMIDE	18112	1.6811859e-10	7516	94.45771019228353	False
scyllo-inositol	18225	1.6565839e-10	7517	94.47027774286792	False
Trimethyllysine	17144	1.6465665e-10	7518	94.48284529345231	False
Sucrosofate	17553	1.6419656e-10	7519	94.4954128440367	False
NCX 950	17564	1.6328962e-10	7520	94.5079803946211	False
N-beta-D-glucopyranosylacetamide	18057	1.631573e-10	7521	94.52054794520548	False
FG-9041	17818	1.6304062e-10	7522	94.53311549578987	False
Artenimol	15242	1.6236938e-10	7523	94.54568304637426	False
Dimethylcurcumin	16442	1.6227063e-10	7524	94.55825059695864	False
Cirazoline	17343	1.6220626e-10	7525	94.57081814754305	False
Chlordiazepoxide	20129	1.6103761e-10	7526	94.58338569812743	False
Mdl 101,146	17113	1.6058949e-10	7527	94.59595324871182	False
(3Z,6S)-6-Chloro-1-(2-{[(5-chloro-1-benzothiophen-3-yl)methyl]amino}ethyl)-3-({2-[(2R)-2-piperidinyl]ethyl}imino)-2-piperazinol	16152	1.591967e-10	7528	94.60852079929622	False
N-(4-{[(3S)-3-(dimethylamino)pyrrolidin-1-yl]carbonyl}phenyl)-5-fluoro-4-[2-methyl-1-(1-methylethyl)-1H-imidazol-5-yl]pyrimidin-2-amine	18522	1.5910168e-10	7529	94.62108834988061	False
GW 468816	17217	1.5848532e-10	7530	94.633655900465	False
L-N(omega)-nitroarginine-(4R)-amino-L-proline amide	16236	1.5833063e-10	7531	94.6462234510494	False
2-{[4-(2-Acetylamino-2-pentylcarbamoyl-ethyl)-naphthalen-1-YL]-oxalyl-amino}-benzoic acid	17442	1.5811064e-10	7532	94.65879100163377	False
4-Hydroxybutan-1-Aminium	18950	1.58e-10	7533	94.67135855221818	False
4-(2-amino-1-methyl-1H-imidazo[4,5-b]pyridin-6-yl)phenol	16386	1.5797015e-10	7534	94.68392610280256	False
Decyl(dimethyl)phosphine oxide	19236	1.5687632e-10	7535	94.69649365338697	False
N-(4-carbamimidoylbenzyl)-1-(3-phenylpropanoyl)-L-prolinamide	16122	1.562212e-10	7536	94.70906120397134	False
(3R,4S)-1-{6-[3-(METHYLSULFONYL)PHENYL]PYRIMIDIN-4-YL}-4-(2,4,5-TRIFLUOROPHENYL)PYRROLIDIN-3-AMINE	17928	1.556442e-10	7537	94.72162875455574	False
LY-517717	16638	1.5563709e-10	7538	94.73419630514013	False
2,5-Dimethoxy-4-ethylthioamphetamine	17280	1.5523507e-10	7539	94.74676385572451	False
5-(2-Fluoro-5-{(1E)-3-[3-hydroxy-2-(methoxycarbonyl)phenoxy]-1-propen-1-yl}phenyl)-1,2-oxazole-3-carboxylic acid	17443	1.5504303e-10	7540	94.75933140630892	False
Neomycin	17347	1.5379453e-10	7541	94.7718989568933	False
Spirapril	16694	1.5376285e-10	7542	94.78446650747769	False
[2-(5-Mercapto-[1,3,4]thiadiazol-2-ylcarbamoyl)-1-phenyl-ethyl]-carbamic acid benzyl ester	18626	1.5354744e-10	7543	94.79703405806208	False
Propiomazine	17234	1.532528e-10	7544	94.80960160864647	False
2-[3-chloro-6-[2,2-difluoro-2-(1-oxidopyridin-1-ium-2-yl)ethyl]imino-1-hydroxypyridin-2-yl]-N-[(1R)-1-(3-chlorophenyl)ethyl]acetamide	16100	1.530962e-10	7545	94.82216915923087	False
O6-CYCLOHEXYLMETHOXY-2-(4'-SULPHAMOYLANILINO) PURINE	18483	1.529211e-10	7546	94.83473670981526	False
N-[2-(carbamimidamidooxy)ethyl]-2-{6-cyano-3-[(2,2-difluoro-2-pyridin-2-ylethyl)amino]-2-fluorophenyl}acetamide	16162	1.5217506e-10	7547	94.84730426039964	False
2,6-Diamino-(S)-9-[2-(Phosphonomethoxy)Propyl]Purine	16725	1.5192943e-10	7548	94.85987181098405	False
2-(3-AMINO-2,5,6-TRIMETHOXYPHENYL)ETHYL 5-CHLORO-2,4-DIHYDROXYBENZOATE	18718	1.5139659e-10	7549	94.87243936156842	False
Compound 19	16367	1.5095859e-10	7550	94.88500691215282	False
Pholcodine	17164	1.5084634e-10	7551	94.89757446273721	False
[(3S)-3-(Methylcarbamoyl)-2-{[(2-methyl-2-propanyl)oxy]carbonyl}-1,2,3,4-tetrahydro-7-isoquinolinyl]sulfamic acid	17473	1.5062668e-10	7552	94.9101420133216	False
4-[(6-chloropyrazin-2-yl)amino]benzenesulfonamide	18532	1.5012704e-10	7553	94.922709563906	False
Dutogliptin	17944	1.497781e-10	7554	94.93527711449039	False
N-(5-Isopropyl-thiazol-2-YL)-2-pyridin-3-YL-acetamide	18567	1.49693e-10	7555	94.94784466507478	False
(2R)-1-(DIMETHYLAMINO)-3-{4-[(6-{[2-FLUORO-5-(TRIFLUOROMETHYL)PHENYL]AMINO}PYRIMIDIN-4-YL)AMINO]PHENOXY}PROPAN-2-OL	18481	1.492921e-10	7556	94.96041221565918	False
(S)-blebbistatin	19924	1.49015e-10	7557	94.97297976624355	False
7-[(3-CHLOROBENZYL)OXY]-2-OXO-2H-CHROMENE-4-CARBALDEHYDE	19226	1.4855585e-10	7558	94.98554731682795	False
Carfentanil	17157	1.484652e-10	7559	94.99811486741234	False
[2-Amino-6-(2,6-Difluoro-Benzoyl)-Imidazo[1,2-a]Pyridin-3-Yl]-Phenyl-Methanone	18465	1.4822667e-10	7560	95.01068241799673	False
Adenosine-5-Diphosphoribose	17385	1.4805798e-10	7561	95.02324996858113	False
3-bromo-5-phenyl-N-(pyridin-3-ylmethyl)pyrazolo[1,5-a]pyrimidin-7-amine	18560	1.480083e-10	7562	95.0358175191655	False
Mechlorethamine	14849	1.4776909e-10	7563	95.04838506974991	False
Thionicotinamide-Adenine-Dinucleotide	17386	1.4768513e-10	7564	95.06095262033429	False
4-{5-[(Z)-(2,4-DIOXO-1,3-THIAZOLIDIN-5-YLIDENE)METHYL]FURAN-2-YL}BENZENESULFONAMIDE	18497	1.4762683e-10	7565	95.07352017091868	False
Ginseng	16754	1.474217e-10	7566	95.08608772150308	False
N-[5-(1,1-DIOXIDOISOTHIAZOLIDIN-2-YL)-1H-INDAZOL-3-YL]-2-(4-PIPERIDIN-1-YLPHENYL)ACETAMIDE	18490	1.4601077e-10	7567	95.09865527208747	False
(1aR,8S,13S,14S,15aR)-5,13,14-trihydroxy-3-methoxy-8-methyl-8,9,13,14,15,15a-hexahydro-6H-oxireno[k][2]benzoxacyclotetradecine-6,12(1aH)-dione	18116	1.4598654e-10	7568	95.11122282267186	False
Cimicoxib	14671	1.4580538e-10	7569	95.12379037325626	False
(3aS)-3a-hydroxy-5-methyl-1-phenyl-1,2,3,3a-tetrahydro-4H-pyrrolo[2,3-b]quinolin-4-one	19926	1.4569473e-10	7570	95.13635792384065	False
(4R,5R)-5-AMINO-1-[2-(1,3-BENZODIOXOL-5-YL)ETHYL]-4-(2,4,5-TRIFLUOROPHENYL)PIPERIDIN-2-ONE	17930	1.4497954e-10	7571	95.14892547442504	False
Trodusquemine	17314	1.4443553e-10	7572	95.16149302500942	False
Tropicamide	16065	1.4431079e-10	7573	95.17406057559383	False
Eribulin	16028	1.4416443e-10	7574	95.1866281261782	False
Flucytosine	17999	1.439199e-10	7575	95.1991956767626	False
GW-813893	16142	1.421198e-10	7576	95.21176322734699	False
4-{[5-(CYCLOHEXYLMETHOXY)[1,2,4]TRIAZOLO[1,5-A]PYRIMIDIN-7-YL]AMINO}BENZENESULFONAMIDE	18509	1.4177136e-10	7577	95.22433077793137	False
4-[(3R)-3-Amino-4-(2,4,5-trifluorophenyl)butanoyl]-3-(2,2,2-trifluoroethyl)-1,4-diazepan-2-one	17922	1.413658e-10	7578	95.23689832851578	False
N-[2-({[amino(imino)methyl]amino}oxy)ethyl]-2-{6-chloro-3-[(2,2-difluoro-2-phenylethyl)amino]-2-fluorophenyl}acetamide	16170	1.4135824e-10	7579	95.24946587910016	False
O-Trifluoromethylphenyl Anthranilic Acid	14068	1.4132993e-10	7580	95.26203342968455	False
N-((1R,2R)-2-(5-CHLORO-1H-INDOLE-2-CARBOXAMIDO)CYCLOHEXYL)-5-METHYL-4,5,6,7-TETRAHYDROTHIAZOLO[5,4-C]PYRIDINE-2-CARBOXAMIDE	16647	1.4094632e-10	7581	95.27460098026894	False
3-[4-(2,4-Dimethyl-Thiazol-5-Yl)-Pyrimidin-2-Ylamino]-Phenol	18470	1.4079667e-10	7582	95.28716853085334	False
5-CHLORO-THIOPHENE-2-CARBOXYLIC ACID ((3S,4S)-4-FLUORO- 1-{[2-FLUORO-4-(2-OXO-2H-PYRIDIN-1-YL)-PHENYLCARBAMOYL]-METHYL}-PYRROLIDIN-3-YL)-AMIDE	16658	1.3938e-10	7583	95.29973608143773	False
5-(2-PHENYLPYRAZOLO[1,5-A]PYRIDIN-3-YL)-1H-PYRAZOLO[3,4-C]PYRIDAZIN-3-AMINE	18115	1.3905578e-10	7584	95.31230363202212	False
Methantheline	14703	1.3716599e-10	7585	95.3248711826065	False
Nitrilotriacetic acid	18279	1.3699682e-10	7586	95.33743873319091	False
4-BROMO-3-(CARBOXYMETHOXY)-5-[3-(CYCLOHEXYLAMINO)PHENYL]THIOPHENE-2-CARBOXYLIC ACID	17472	1.367329e-10	7587	95.35000628377529	False
1-{7-cyclohexyl-6-[4-(4-methylpiperazin-1-yl)benzyl]-7H-pyrrolo[2,3-d]pyrimidin-2-yl}methanamine	19582	1.3627778e-10	7588	95.3625738343597	False
4-(Fluorophenyl)-1-Cyclopropylmethyl-5-(2-Amino-4-Pyrimidinyl)Imidazole	18327	1.3622736e-10	7589	95.37514138494407	False
N1,N14-Bis((S-Methyl)Isothioureido)Tetradecane	16765	1.3606144e-10	7590	95.38770893552847	False
N-[2-(1-Formyl-2-Methyl-Propyl)-1-(4-Piperidin-1-Yl-but-2-Enoyl)-Pyrrolidin-3-Yl]-Methanesulfonamide	19781	1.3581357e-10	7591	95.40027648611286	False
Aminophosphonic acid-guanylate ester	20120	1.3575556e-10	7592	95.41284403669725	False
N-{[4-(but-2-yn-1-yloxy)phenyl]sulfonyl}-5-methyl-D-tryptophan	19775	1.3530989e-10	7593	95.42541158728164	False
Adenosine Phosphonoacetic Acid	19435	1.352575e-10	7594	95.43797913786602	False
Sumanirole	17107	1.3404375e-10	7595	95.45054668845042	False
(2S)-N-(4-cyano-3-iodophenyl)-3-(4-cyanophenoxy)-2-hydroxy-2-methylpropanamide	16445	1.3284444e-10	7596	95.46311423903481	False
2-{2-hydroxy-[1,1'-biphenyl]-3-yl}-1H-1,3-benzodiazole-5-carboximidamide	16088	1.318222e-10	7597	95.4756817896192	False
(2S,3S)-3-{3-[2-chloro-4-(methylsulfonyl)phenyl]-1,2,4-oxadiazol-5-yl}-1-cyclopentylidene-4-cyclopropyl-1-fluorobutan-2-amine	17910	1.31406e-10	7598	95.4882493402036	False
Turpentine	18118	1.3091042e-10	7599	95.50081689078799	False
Risedronic acid	14667	1.3022133e-10	7600	95.51338444137237	False
Alclofenac	16758	1.2994197e-10	7601	95.52595199195677	False
8-(6-BROMO-BENZO[1,3]DIOXOL-5-YLSULFANYL)-9-(3-ISOPROPYLAMINO-PROPYL)-ADENINE	18664	1.2937515e-10	7602	95.53851954254115	False
N-((2-aminopyrimidin-5-yl)methyl)-5-(2,6-difluorophenyl)-3-ethylpyrazolo[1,5-a]pyrimidin-7-amine	18563	1.2918946e-10	7603	95.55108709312556	False
D-phenylalanyl-N-(3-fluorobenzyl)-L-prolinamide	16127	1.2894255e-10	7604	95.56365464370994	False
4-[3-Hydroxyanilino]-6,7-Dimethoxyquinazoline	18459	1.2875283e-10	7605	95.57622219429433	False
N-(5-Cyclopropyl-1h-Pyrazol-3-Yl)Benzamide	18451	1.286355e-10	7606	95.58878974487872	False
(Z)-3-BENZYL-5-(2-HYDROXY-3-NITROBENZYLIDENE)-2-THIOXOTHIAZOLIDIN-4-ONE	19851	1.2812496e-10	7607	95.60135729546312	False
Nalbuphine	17150	1.2721836e-10	7608	95.61392484604751	False
Acetylcarnitine	20211	1.2668033e-10	7609	95.6264923966319	False
3-bromo-6-phenyl-N-(pyrimidin-5-ylmethyl)imidazo[1,2-a]pyridin-8-amine	18562	1.2586386e-10	7610	95.63905994721628	False
Lexacalcitol	17740	1.2521449e-10	7611	95.65162749780069	False
(9BETA,11ALPHA,13ALPHA,14BETA,17ALPHA)-11-(METHOXYMETHYL)ESTRA-1(10),2,4-TRIENE-3,17-DIOL	16394	1.2521138e-10	7612	95.66419504838507	False
V1003	17504	1.2503311e-10	7613	95.67676259896946	False
Eritoran	19353	1.2494347e-10	7614	95.68933014955385	False
2-(cyclohexylamino)benzoic acid	19517	1.2485032e-10	7615	95.70189770013823	False
6-(4-{(1S,2S)-2-AMINO-1-[(DIMETHYLAMINO)CARBONYL]-3-[(3S)-3-FLUOROPYRROLIDIN-1-YL]-3-OXOPROPYL}PHENYL)-1H-[1,2,4]TRIAZOLO[1,5-A]PYRIDIN-4-IUM	17939	1.2443879e-10	7616	95.71446525072264	False
Naphazoline	16852	1.2437663e-10	7617	95.72703280130702	False
2-(4-(AMINOMETHYL)PIPERIDIN-1-YL)-N-(3_CYCLOHEXYL-4-OXO-2,4-DIHYDROINDENO[1,2-C]PYRAZOL-5-YL)ACETAMIDE	18507	1.2430595e-10	7618	95.73960035189143	False
4-(5-Bromo-2-Oxo-2h-Indol-3-Ylazo)-Benzenesulfonamide	18456	1.2405395e-10	7619	95.7521679024758	False
3-Amino-4-Oxybenzyl-2-Butanone	18140	1.2356323e-10	7620	95.7647354530602	False
4-{4-[3-(2,4-DICHLORO-BENZOYL)-UREIDO]-2,3-DIMETHYL-PHENOXY}-BUTYRIC ACID	18086	1.2275563e-10	7621	95.77730300364459	False
(5E)-2-Amino-5-(2-pyridinylmethylene)-1,3-thiazol-4(5H)-one	18496	1.2257453e-10	7622	95.78987055422898	False
ADL5859	17161	1.2231437e-10	7623	95.80243810481338	False
2H-Benzimidazol-2-amine	19032	1.2185052e-10	7624	95.81500565539777	False
(5-Chloropyrazolo[1,5-a]Pyrimidin-7-Yl)-(4-Methanesulfonylphenyl)Amine	18455	1.2182147e-10	7625	95.82757320598215	False
4-(acetylamino)-N-(4-fluorophenyl)-1H-pyrazole-3-carboxamide	18534	1.2136019e-10	7626	95.84014075656656	False
4-[(3-CHLORO-4-{[(2R)-3,3,3-TRIFLUORO-2-HYDROXY-2-METHYLPROPANOYL]AMINO}PHENYL)SULFONYL]-N,N-DIMETHYLBENZAMIDE	19910	1.2125306e-10	7627	95.85270830715093	False
NP-50301	16380	1.2073773e-10	7628	95.86527585773533	False
6-(3,4-DIHYDROXYBENZYL)-3-ETHYL-1-(2,4,6-TRICHLOROPHENYL)-1H-PYRAZOLO[3,4-D]PYRIMIDIN-4(5H)-ONE	18505	1.2070733e-10	7629	95.87784340831972	False
Butobarbital	17067	1.2062816e-10	7630	95.8904109589041	False
Trovafloxacin	15305	1.2016796e-10	7631	95.9029785094885	False
2-Deoxy-Glucose-6-Phosphate	18062	1.1987014e-10	7632	95.91554606007288	False
Quinethazone	16796	1.1957123e-10	7633	95.92811361065728	False
Dimetindene	17254	1.1864208e-10	7634	95.94068116124167	False
Oxymetazoline	16846	1.1805991e-10	7635	95.95324871182606	False
2-Pyridinethiol	18143	1.175698e-10	7636	95.96581626241046	False
N-Methyl-4-{[(2-oxo-1,2-dihydro-3H-indol-3-ylidene)methyl]amino}benzenesulfonamide	18525	1.1689051e-10	7637	95.97838381299485	False
N-methyl-{4-[2-(7-oxo-6,7-dihydro-8H-[1,3]thiazolo[5,4-e]indol-8-ylidene)hydrazino]phenyl}methanesulfonamide	18526	1.1682254e-10	7638	95.99095136357924	False
Tetomilast	18868	1.16318274e-10	7639	96.00351891416364	False
Monoisopropylphosphorylserine	17176	1.1563805e-10	7640	96.01608646474801	False
Methscopolamine bromide	16058	1.1563253e-10	7641	96.02865401533242	False
(1R)-menthyl hexyl phosphonate group	19214	1.1552738e-10	7642	96.0412215659168	False
Methylphosphinic Acid	14863	1.1542782e-10	7643	96.05378911650119	False
Amperozide	17274	1.1537345e-10	7644	96.06635666708559	False
5-(4-Methoxyphenoxy)-2,4-Quinazolinediamine	19951	1.14397034e-10	7645	96.07892421766998	False
Vildagliptin	17903	1.1398843e-10	7646	96.09149176825437	False
4-Iodobenzo[B]Thiophene-2-Carboxamidine	16093	1.138092e-10	7647	96.10405931883876	False
Cyclacillin	20206	1.13775774e-10	7648	96.11662686942314	False
N'-[4-(2,4-Dimethyl-1,3-thiazol-5-yl)-2-pyrimidinyl]-N-hydroxyimidoformamide	18466	1.13741495e-10	7649	96.12919442000754	False
A-674563	19819	1.12644956e-10	7650	96.14176197059193	False
2-[(3,5-Dichloro-4-trioxidanylphenyl)amino]benzoic acid	14079	1.12394066e-10	7651	96.15432952117632	False
3-methyl-N-(pyridin-4-ylmethyl)imidazo[1,2-a]pyrazin-8-amine	18558	1.1136446e-10	7652	96.16689707176072	False
(R)-Bicalutamide	16438	1.11345766e-10	7653	96.17946462234511	False
7-Methoxy-8-[1-(Methylsulfonyl)-1h-Pyrazol-4-Yl]Naphthalene-2-Carboximidamide	18009	1.0881334e-10	7654	96.1920321729295	False
N'-(Pyrrolidino[2,1-B]Isoindolin-4-On-8-Yl)-N-(Pyridin-2-Yl)Urea	18467	1.08655925e-10	7655	96.20459972351388	False
Sodium phosphate, monobasic	20290	1.0802072e-10	7656	96.21716727409829	False
2-CHLORO-N-[(1R,2R)-1-HYDROXY-2,3-DIHYDRO-1H-INDEN-2-YL]-6H-THIENO[2,3-B]PYRROLE-5-CARBOXAMIDE	18088	1.074427e-10	7657	96.22973482468267	False
Magnesium carbonate	20146	1.0728134e-10	7658	96.24230237526706	False
CPI-1205	20187	1.0700545e-10	7659	96.25486992585145	False
Huperzine B	17185	1.06046234e-10	7660	96.26743747643584	False
(R)-3-BROMO-2-HYDROXY-2-METHYL-N-[4-NITRO-3-(TRIFLUOROMETHYL)PHENYL]PROPANAMIDE	16451	1.0577111e-10	7661	96.28000502702024	False
RO-4584820	18524	1.0575194e-10	7662	96.29257257760463	False
(2R,3R,4S)-3-(4-HYDROXYPHENYL)-4-METHYL-2-[4-(2-PYRROLIDIN-1-YLETHOXY)PHENYL]CHROMAN-6-OL	16391	1.0508499e-10	7663	96.30514012818901	False
4-{[(2-Oxo-1,2-dihydro-3H-indol-3-ylidene)methyl]amino}-N-(1,3-thiazol-2-yl)benzenesulfonamide	18528	1.0493558e-10	7664	96.31770767877342	False
Onercept	17600	1.0476119e-10	7665	96.3302752293578	False
Protokylol	17565	1.0463419e-10	7666	96.34284277994219	False
D-glucitol 6-phosphate	18786	1.04627404e-10	7667	96.35541033052658	False
N-(3-cyanophenyl)-2'-methyl-5'-(5-methyl-1,3,4-oxadiazol-2-yl)-4-biphenylcarboxamide	18341	1.04101686e-10	7668	96.36797788111096	False
Bisphenol Z	19168	1.0339426e-10	7669	96.38054543169537	False
N-cyclopropyl-3-{[1-(2,4-difluorophenyl)-7-methyl-6-oxo-6,7-dihydro-1H-pyrazolo[3,4-b]pyridin-4-yl]amino}-4-methylbenzamide	18356	1.0337651e-10	7670	96.39311298227975	False
Sodium stibogluconate	18216	1.0321003e-10	7671	96.40568053286415	False
4-[5-(Trans-4-Aminocyclohexylamino)-3-Isopropylpyrazolo[1,5-a]Pyrimidin-7-Ylamino]-N,N-Dimethylbenzenesulfonamide	18444	1.0307075e-10	7672	96.41824808344853	False
1-Amino-6-Cyclohex-3-Enylmethyloxypurine	18450	1.0306387e-10	7673	96.43081563403292	False
7-{2,6-DICHLORO-4-[3-(2-CHLORO-BENZOYL)-UREIDO]-PHENOXY}-HEPTANOIC ACID	18084	1.0294069e-10	7674	96.44338318461732	False
N-({[4-(AMINOSULFONYL)PHENYL]AMINO}CARBONYL)-4-METHYLBENZENESULFONAMIDE	16954	1.0279196e-10	7675	96.45595073520171	False
(S)-N-(3-Indol-1-Yl-2-Methyl-Propyl)-4-Sulfamoyl-Benzamide	16926	1.019506e-10	7676	96.4685182857861	False
N-[4-(2-Methylimidazo[1,2-a]Pyridin-3-Yl)-2-Pyrimidinyl]Acetamide	18449	1.0163337e-10	7677	96.4810858363705	False
Dodecyltrimethylammonium	18443	1.0015583e-10	7678	96.49365338695488	False
5-chloro-7-[(1-methylethyl)amino]pyrazolo[1,5-a]pyrimidine-3-carbonitrile	18537	9.975071e-11	7679	96.50622093753928	False
Spartalizumab	19607	9.922243e-11	7680	96.51878848812366	False
5-(2,3-dichlorophenyl)-N-(pyridin-4-ylmethyl)pyrazolo[1,5-a]pyrimidin-7-amine	18556	9.886614e-11	7681	96.53135603870805	False
(2E,3S)-3-hydroxy-5'-[(4-hydroxypiperidin-1-yl)sulfonyl]-3-methyl-1,3-dihydro-2,3'-biindol-2'(1'H)-one	18461	9.84544e-11	7682	96.54392358929245	False
AME-527	17596	9.804214e-11	7683	96.55649113987684	False
(3r)-4-(P-Toluenesulfonyl)-1,4-Thiazane-3-Carboxylicacid-L-Leucine	17576	9.786894e-11	7684	96.56905869046123	False
ERB-196	17760	9.7835906e-11	7685	96.58162624104561	False
SC-74020	17520	9.769811e-11	7686	96.59419379163	False
(5-phenyl-7-(pyridin-3-ylmethylamino)pyrazolo[1,5-a]pyrimidin-3-yl)methanol	18479	9.769474e-11	7687	96.6067613422144	False
4-[(5-ISOPROPYL-1,3-THIAZOL-2-YL)AMINO]BENZENESULFONAMIDE	18566	9.7644816e-11	7688	96.61932889279879	False
Infliximab	17585	9.7208866e-11	7689	96.63189644338318	False
Nelotanserin	17279	9.646931e-11	7690	96.64446399396758	False
Phentolamine	16844	9.60573e-11	7691	96.65703154455197	False
Elocalcitol	17747	9.598331e-11	7692	96.66959909513636	False
YKP-1358	17272	9.582928e-11	7693	96.68216664572074	False
1-methyl-8-(phenylamino)-4,5-dihydro-1H-pyrazolo[4,3-h]quinazoline-3-carboxylic acid	18552	9.499616e-11	7694	96.69473419630515	False
Diethyl phosphonate	19210	9.4951595e-11	7695	96.70730174688953	False
3-bromo-5-phenyl-N-(pyrimidin-5-ylmethyl)pyrazolo[1,5-a]pyridin-7-amine	18561	9.491556e-11	7696	96.71986929747392	False
Rivastigmine	17174	9.48495e-11	7697	96.73243684805831	False
(4aS,4bR,10bS,12aS)-12a-methyl-1,3-dioxo-2-(pyridin-3-ylmethyl)-1,2,3,4,4a,4b,5,6,10b,11,12,12a-dodecahydronaphtho[2,1-f]isoquinolin-8-yl sulfamate	16957	9.4219146e-11	7698	96.7450043986427	False
AP1081	16378	9.3925236e-11	7699	96.7575719492271	False
Aceprometazine	17244	9.290697e-11	7700	96.77013949981149	False
dATP	16342	9.186644e-11	7701	96.78270705039587	False
1-[(2-Amino-6,9-Dihydro-1h-Purin-6-Yl)Oxy]-3-Methyl-2-Butanol	18462	9.169978e-11	7702	96.79527460098028	False
L-709,587	17575	9.090672e-11	7703	96.80784215156466	False
PHENYLAMINOIMIDAZO(1,2-ALPHA)PYRIDINE	18471	9.050327e-11	7704	96.82040970214905	False
Ethyl dihydrogen phosphate	14865	8.967163e-11	7705	96.83297725273344	False
CRA_8696	16094	8.9023025e-11	7706	96.84554480331784	False
Homosalate	16412	8.872468e-11	7707	96.85811235390223	False
4-((3r,4s,5r)-4-Amino-3,5-Dihydroxy-Hex-1-Ynyl)-5-Fluoro-3-[1-(3-Methoxy-1h-Pyrrol-2-Yl)-Meth-(Z)-Ylidene]-1,3-Dihydro-Indol-2-One	18463	8.807856e-11	7708	96.87067990448661	False
E5531	19354	8.796389e-11	7709	96.88324745507101	False
Tirapazamine	15825	8.736146e-11	7710	96.8958150056554	False
2-Amino-6-Chloropyrazine	18447	8.7250554e-11	7711	96.90838255623979	False
1-biphenyl-2-ylmethanamine	17925	8.7059054e-11	7712	96.92095010682418	False
(2S)-1-[4-({6-[(2,6-Difluorophenyl)amino]-4-pyrimidinyl}amino)phenoxy]-3-(dimethylamino)-2-propanol	18515	8.5810255e-11	7713	96.93351765740857	False
5-(2-fluorophenyl)-N-(pyridin-4-ylmethyl)pyrazolo[1,5-a]pyrimidin-7-amine	18559	8.559709e-11	7714	96.94608520799297	False
Fleroxacin	17655	8.543904e-11	7715	96.95865275857736	False
3-Pyridin-4-Yl-2,4-Dihydro-Indeno[1,2-.C.]Pyrazole	18460	8.500212e-11	7716	96.97122030916174	False
4-Flourobenzenesulfonamide	16895	8.4886924e-11	7717	96.98378785974614	False
Tert-Butyl(1s)-1-Cyclohexyl-2-Oxoethylcarbamate	19579	8.452486e-11	7718	96.99635541033052	False
CRA_10656	19089	8.451938e-11	7719	97.00892296091493	False
N-phenyl-1H-pyrazole-3-carboxamide	18533	8.401951e-11	7720	97.02149051149931	False
2-[{4-[(2S)-2-{[(Allyloxy)carbonyl]amino}-3-({4-[3-hydroxy-2-(methoxycarbonyl)phenoxy]butyl}amino)-3-oxopropyl]phenyl}(carboxycarbonyl)amino]benzoic acid	17465	8.3738565e-11	7721	97.03405806208369	False
2,5-dichloro-N-(3,5-dibromo-4-hydroxyphenyl)benzamide	14091	8.358394e-11	7722	97.0466256126681	False
Oxacillin	18313	8.309975e-11	7723	97.05919316325247	False
PN0621	17588	8.305015e-11	7724	97.07176071383688	False
9-benzyl-2,3,4,9-tetrahydro-1H-carbazole-8-carboxylic acid	14569	8.256999e-11	7725	97.08432826442126	False
1-Deoxy-1-acetylamino-beta-D-gluco-2-heptulopyranosonamide	18083	8.1713775e-11	7726	97.09689581500565	False
3-(6-HYDROXY-NAPHTHALEN-2-YL)-BENZO[D]ISOOXAZOL-6-OL	17769	8.168745e-11	7727	97.10946336559005	False
(5Z)-5-(3-BROMOCYCLOHEXA-2,5-DIEN-1-YLIDENE)-N-(PYRIDIN-4-YLMETHYL)-1,5-DIHYDROPYRAZOLO[1,5-A]PYRIMIDIN-7-AMINE	18504	8.115694e-11	7728	97.12203091617444	False
4-Sulfonamide-[4-(Thiomethylaminobutane)]Benzamide	16928	8.11099e-11	7729	97.13459846675883	False
N-Alpha-(2-Naphthylsulfonyl)-N-(3-Amidino-L-Phenylalaninyl)-D-Pipecolinic Acid	19076	8.089684e-11	7730	97.14716601734322	False
METHYL N-[(2',4'-DIFLUORO-4-HYDROXY-5-IODOBIPHENYL-3-YL)CARBONYL]-BETA-ALANINATE	14095	7.976442e-11	7731	97.1597335679276	False
Ketanserin	17278	7.954169e-11	7732	97.17230111851201	False
(3R)-4-(p-toluenesulfonyl)-1,4-thiazane-3-carboxylicacid-L-phenylalanine ethyl ester	17569	7.942497e-11	7733	97.18486866909639	False
(2S)-N-[(3S)-1-(2-AMINO-2-OXOETHYL)-2-OXO-1,2,3,4-TETRAHYDROQUINOLIN-3-YL]-2-CHLORO-2H-THIENO[2,3-B]PYRROLE-5-CARBOXAMIDE	18091	7.8993936e-11	7734	97.19743621968078	False
Chlorcyclizine	17256	7.872725e-11	7735	97.21000377026517	False
4-[(6-Amino-4-Pyrimidinyl)Amino]Benzenesulfonamide	18458	7.83124e-11	7736	97.22257132084957	False
2-Amino-3-Methyl-1-Pyrrolidin-1-Yl-Butan-1-One	17896	7.8128885e-11	7737	97.23513887143396	False
N-cyclopropyl-4-methyl-3-[1-(2-methylphenyl)phthalazin-6-yl]benzamide	18335	7.8095516e-11	7738	97.24770642201835	False
beta-L-fucose	17184	7.8016316e-11	7739	97.26027397260275	False
5-[(4-AMINOCYCLOHEXYL)AMINO]-7-(PROPAN-2-YLAMINO)PYRAZOLO[1,5-A]PYRIMIDINE-3-CARBONITRILE	18538	7.781197e-11	7740	97.27284152318713	False
4-(1,3-BENZOXAZOL-2-YL)-2,6-DIBROMOPHENOL	14103	7.769956e-11	7741	97.28540907377152	False
Quinestrol	16376	7.7695114e-11	7742	97.29797662435591	False
4-[(7R,7AS)-7-HYDROXY-1,3-DIOXOTETRAHYDRO-1H-PYRROLO[1,2-C]IMIDAZOL-2(3H)-YL]-1-NAPHTHONITRILE	16455	7.758035e-11	7743	97.3105441749403	False
6-(2-fluorophenyl)-N-(pyridin-3-ylmethyl)imidazo[1,2-a]pyrazin-8-amine	18557	7.726271e-11	7744	97.3231117255247	False
N(5)-[(hydroxyamino)(imino)methyl]-L-ornithine	15924	7.633811e-11	7745	97.33567927610909	False
2,6-dibromo-4-phenoxyphenol	14100	7.631889e-11	7746	97.34824682669347	False
(2S)-1-{4-[(4-Anilino-5-bromo-2-pyrimidinyl)amino]phenoxy}-3-(dimethylamino)-2-propanol	18494	7.6288184e-11	7747	97.36081437727788	False
NAP-226-90	17189	7.627e-11	7748	97.37338192786225	False
4-(6-HYDROXY-BENZO[D]ISOXAZOL-3-YL)BENZENE-1,3-DIOL	17761	7.555113e-11	7749	97.38594947844665	False
AL5927	16919	7.5475945e-11	7750	97.39851702903104	False
(2R)-1-[4-({6-[(2,6-Difluorophenyl)amino]-4-pyrimidinyl}amino)phenoxy]-3-(dimethylamino)-2-propanol	18517	7.496405e-11	7751	97.41108457961543	False
2-(Beta-D-Glucopyranosyl)-5-Methyl-1,3,4-Oxadiazole	18072	7.475572e-11	7752	97.42365213019983	False
(R)-3-hydroxytetradecanoic acid	19352	7.448019e-11	7753	97.43621968078422	False
1-Naphthylamine-5-sulfonic acid	14086	7.446499e-11	7754	97.44878723136861	False
AL7182	16905	7.4024294e-11	7755	97.461354781953	False
Fx-1006A	14081	7.3074866e-11	7756	97.47392233253738	False
2-Chlorophenol	18326	7.242312e-11	7757	97.48648988312178	False
Ractopamine	16415	7.238018e-11	7758	97.49905743370617	False
N-(TRANS-4-{(1S,2S)-2-AMINO-3-[(3S)-3-FLUOROPYRROLIDIN-1-YL]-1-METHYL-3-OXOPROPYL}CYCLOHEXYL)-N-METHYLACETAMIDE	17908	7.22927e-11	7759	97.51162498429056	False
6-BROMO-13-THIA-2,4,8,12,19-PENTAAZATRICYCLO[12.3.1.1~3,7~]NONADECA-1(18),3(19),4,6,14,16-HEXAENE 13,13-DIOXIDE	18553	7.215302e-11	7760	97.52419253487496	False
Aminomethylcyclohexane	19050	7.209428e-11	7761	97.53676008545933	False
6-(3-AMINOPHENYL)-N-(TERT-BUTYL)-2-(TRIFLUOROMETHYL)QUINAZOLIN-4-AMINE	18506	7.1297454e-11	7762	97.54932763604374	False
4-[3-Methylsulfanylanilino]-6,7-Dimethoxyquinazoline	18324	7.114884e-11	7763	97.56189518662812	False
N(6)-dimethylallyladenine	18569	7.0853615e-11	7764	97.57446273721251	False
Phenothiazine	16461	7.026468e-11	7765	97.5870302877969	False
Golimumab	17601	6.9582916e-11	7766	97.5995978383813	False
Polyestradiol phosphate	16410	6.9368504e-11	7767	97.61216538896569	False
4-Methyl-5-[(2Z)-2-{[4-(4-morpholinyl)phenyl]imino}-2,5-dihydro-4-pyrimidinyl]-1,3-thiazol-2-amine	18544	6.935422e-11	7768	97.62473293955009	False
TAS-108	16382	6.9079215e-11	7769	97.63730049013446	False
(2R)-1-[4-({4-[(2,5-Dichlorophenyl)amino]-2-pyrimidinyl}amino)phenoxy]-3-(dimethylamino)-2-propanol	18514	6.8368894e-11	7770	97.64986804071887	False
alpha-D-glucose-1-phosphate	18065	6.7731085e-11	7771	97.66243559130325	False
dimethyl (1R,4S)-5,6-bis(4-hydroxyphenyl)-7-oxabicyclo[2.2.1]hepta-2,5-diene-2,3-dicarboxylate	16398	6.7134305e-11	7772	97.67500314188766	False
(5Z)-13-CHLORO-14,16-DIHYDROXY-3,4,7,8,9,10-HEXAHYDRO-1H-2-BENZOXACYCLOTETRADECINE-1,11(12H)-DIONE	19148	6.709386e-11	7773	97.68757069247204	False
4-{5-[(1Z)-1-(2-IMINO-4-OXO-1,3-THIAZOLIDIN-5-YLIDENE)ETHYL]-2-FURYL}BENZENESULFONAMIDE	18502	6.688635e-11	7774	97.70013824305643	False
Beta-D-Glucopyranose Spirohydantoin	18055	6.6883034e-11	7775	97.71270579364082	False
4-{[4-(1-CYCLOPROPYL-2-METHYL-1H-IMIDAZOL-5-YL)PYRIMIDIN-2-YL]AMINO}-N-METHYLBENZENESULFONAMIDE	18519	6.677596e-11	7776	97.7252733442252	False
Bethanechol	16068	6.621437e-11	7777	97.73784089480961	False
Trans-6-(2-Phenylcyclopropyl)-Naphthalene-2-Carboxamidine	18012	6.588078e-11	7778	97.75040844539399	False
2-Phenyl-1-[4-(2-Piperidin-1-Yl-Ethoxy)-Phenyl]-1,2,3,4-Tetrahydro-Isoquinolin-6-Ol	16374	6.583606e-11	7779	97.76297599597838	False
C-(1-Azido-Alpha-D-Glucopyranosyl) Formamide	18071	6.5667756e-11	7780	97.77554354656277	False
{[7-(Difluoro-Phosphono-Methyl)-Naphthalen-2-Yl]-Difluoro-Methyl}-Phosphonic Acid	17456	6.547741e-11	7781	97.78811109714717	False
(S)-tacrine(10)-hupyridone	17191	6.545867e-11	7782	97.80067864773156	False
2-(2-METHYLPHENYL)-1H-INDOLE-5-CARBOXIMIDAMIDE	19102	6.5414237e-11	7783	97.81324619831595	False
Dimetacrine	17206	6.535662e-11	7784	97.82581374890033	False
Tetrahydrogestrinone	16444	6.518668e-11	7785	97.83838129948474	False
4-(Aminosulfonyl)-N-[(3,4,5-Trifluorophenyl)Methyl]-Benzamide	16908	6.516344e-11	7786	97.85094885006912	False
6-[N-(1-Isopropyl-3,4-Dihydro-7-Isoquinolinyl)Carbamyl]-2-Naphthalenecarboxamidine	18005	6.493589e-11	7787	97.86351640065351	False
Cefixime	20204	6.493366e-11	7788	97.8760839512379	False
Tetraiodothyroacetic acid	14066	6.4717655e-11	7789	97.8886515018223	False
3-FLUORO-5-MORPHOLIN-4-YL-N-[1-(2-PYRIDIN-4-YLETHYL)-1H-INDOL-6-YL]BENZAMIDE	18363	6.439124e-11	7790	97.90121905240669	False
1-[4-(AMINOSULFONYL)PHENYL]-1,6-DIHYDROPYRAZOLO[3,4-E]INDAZOLE-3-CARBOXAMIDE	18555	6.4351094e-11	7791	97.91378660299108	False
2-(Beta-D-Glucopyranosyl)-5-Methyl-1,3,4-Benzothiazole	18070	6.420128e-11	7792	97.92635415357547	False
Bitolterol	17561	6.4186954e-11	7793	97.93892170415987	False
1-(3-(2,4-DIMETHYLTHIAZOL-5-YL)-4-OXO-2,4-DIHYDROINDENO[1,2-C]PYRAZOL-5-YL)-3-(4-METHYLPIPERAZIN-1-YL)UREA	18508	6.3346536e-11	7794	97.95148925474425	False
(2R)-1-{4-[(4-Anilino-5-bromo-2-pyrimidinyl)amino]phenoxy}-3-(dimethylamino)-2-propanol	18495	6.33144e-11	7795	97.96405680532864	False
2-Amino-1H-benzimidazol-5-ol	18013	6.265798e-11	7796	97.97662435591303	False
N-(3,5-dibromo-4-hydroxyphenyl)-2,6-dimethylbenzamide	14090	6.162e-11	7797	97.98919190649742	False
Antithrombin Alfa	16181	6.12579e-11	7798	98.00175945708182	False
Boldenone undecylenate	16463	6.122438e-11	7799	98.0143270076662	False
(3AS,4R,9BR)-4-(4-HYDROXYPHENYL)-1,2,3,3A,4,9B-HEXAHYDROCYCLOPENTA[C]CHROMEN-9-OL	16407	6.096638e-11	7800	98.0268945582506	False
N-[(1R)-3-(4-HYDROXYPHENYL)-1-METHYLPROPYL]-2-(2-PHENYL-1H-INDOL-3-YL)ACETAMIDE	16400	5.970525e-11	7801	98.03946210883498	False
N-(Bromoacetyl)-beta-alanyl-N-(2-{4-[(carboxycarbonyl)amino]phenyl}ethyl)-L-serinamide	17452	5.969329e-11	7802	98.05202965941938	False
[(1-{2[(4-Carbamimidoyl-Phenylamino)-Methyl]-1-Methyl-1h-Benzoimidazol-5-Yl}-Cyclopropyl)-Pyridin-2-Yl-Methyleneaminooxy]-Acetic Acid Ethyl Ester	19073	5.912029e-11	7803	98.06459721000377	False
Alizapride	17703	5.900966e-11	7804	98.07716476058816	False
S-{3-[(4-ANILINOQUINAZOLIN-6-YL)AMINO]-3-OXOPROPYL}-L-CYSTEINE	17716	5.896983e-11	7805	98.08973231117255	False
2-CHLORO-N-[(3R)-2-OXO-1,2,3,4-TETRAHYDROQUINOLIN-3-YL]-6H-THIENO[2,3-B]PYRROLE-5-CARBOXAMIDE	18089	5.894363e-11	7806	98.10229986175695	False
Tulobuterol	17568	5.8206266e-11	7807	98.11486741234134	False
3,6,9,12,15-Pentaoxaheptadecane	17179	5.6885368e-11	7808	98.12743496292573	False
Inhibitor of P38 Kinase	18318	5.630741e-11	7809	98.14000251351011	False
TRIAZOLOPYRIMIDINE	18473	5.6073025e-11	7810	98.15257006409452	False
(5E)-12-CHLORO-13,15-DIHYDROXY-4,7,8,9-TETRAHYDRO-2-BENZOXACYCLOTRIDECINE-1,10(3H,11H)-DIONE	19147	5.6067782e-11	7811	98.1651376146789	False
Elacestrant	16384	5.5707272e-11	7812	98.17770516526329	False
3-(4-{2-[2-(2-bromo-acetylamino)-ethyldisulfanyl]-ethylcarbamoyl}-cyclohexylcarbamoyl)-pyrazine-2-carboxylic acid	17448	5.5652687e-11	7813	98.19027271584768	False
1-Testosterone	16435	5.562382e-11	7814	98.20284026643206	False
3-bromo-5-phenyl-N-(pyridin-4-ylmethyl)pyrazolo[1,5-a]pyrimidin-7-amine	18489	5.562074e-11	7815	98.21540781701647	False
2-(ETHOXYMETHYL)-4-(4-FLUOROPHENYL)-3-[2-(2-HYDROXYPHENOXY)PYRIMIDIN-4-YL]ISOXAZOL-5(2H)-ONE	18359	5.5123933e-11	7816	98.22797536760085	False
SP1049C	17657	5.5118153e-11	7817	98.24054291818524	False
1-[4-(Octahydro-Pyrido[1,2-a]Pyrazin-2-Yl)-Phenyl]-2-Phenyl-1,2,3,4-Tetrahydro-Isoquinolin-6-Ol	16372	5.503264e-11	7818	98.25311046876963	False
2-[N'-(4-AMINO-BUTYL)-HYDRAZINOCARBONYL]-PYRROLIDINE-1-CARBOXYLIC ACID BENZYL ESTER	16145	5.4904734e-11	7819	98.26567801935403	False
Prinaberel	17759	5.487364e-11	7820	98.27824556993842	False
6-[(Z)-Amino(Imino)Methyl]-N-[4-(Aminomethyl)Phenyl]-4-(Pyrimidin-2-Ylamino)-2-Naphthamide	18010	5.4805337e-11	7821	98.29081312052281	False
(2S)-3-[(9H-fluoren-9-ylideneamino)oxy]-2-methylpropanoic acid	14087	5.4628753e-11	7822	98.30338067110719	False
2-(Oxalyl-Amino)-4,7-Dihydro-5h-Thieno[2,3-C]Thiopyran-3-Carboxylic Acid	17444	5.4571892e-11	7823	98.3159482216916	False
4-[(1S,2S,5S)-5-(HYDROXYMETHYL)-6,8,9-TRIMETHYL-3-OXABICYCLO[3.3.1]NON-7-EN-2-YL]PHENOL	16390	5.3897956e-11	7824	98.32851577227598	False
Obatoclax	16720	5.2968508e-11	7825	98.34108332286038	False
N-[2-methyl-5-(methylcarbamoyl)phenyl]-2-{[(1R)-1-methylpropyl]amino}-1,3-thiazole-5-carboxamide	18333	5.282403e-11	7826	98.35365087344476	False
3-fluoro-N-1H-indol-5-yl-5-morpholin-4-ylbenzamide	18350	5.2729508e-11	7827	98.36621842402916	False
(2R)-2-(5-CHLORO-2-THIENYL)-N-{(3S)-1-[(1S)-1-METHYL-2-MORPHOLIN-4-YL-2-OXOETHYL]-2-OXOPYRROLIDIN-3-YL}PROPENE-1-SULFONAMIDE	16140	5.2215086e-11	7828	98.37878597461355	False
(S)-N-(4-carbamimidoylbenzyl)-1-(3-cyclohexylpropanoyl)pyrrolidine-2-carboxamide	16135	5.208836e-11	7829	98.39135352519794	False
1-CHLORO-6-(4-HYDROXYPHENYL)-2-NAPHTHOL	17765	5.1973835e-11	7830	98.40392107578234	False
Demecarium	17172	5.1903898e-11	7831	98.41648862636671	False
CRA_1801	19058	5.1775948e-11	7832	98.42905617695111	False
JNJ-37822681	17708	5.145795e-11	7833	98.4416237275355	False
1-Deoxy-1-Thio-Heptaethylene Glycol	17180	5.059103e-11	7834	98.4541912781199	False
Aniracetam	17268	4.986924e-11	7835	98.46675882870429	False
2,5-bis-O-{3-[amino(imino)methyl]phenyl}-1,4:3,6-dianhydro-D-glucitol	19091	4.954849e-11	7836	98.47932637928868	False
6-CYCLOHEXYLMETHOXY-2-(3'-CHLOROANILINO) PURINE	18488	4.938668e-11	7837	98.49189392987306	False
CRA_10991	19037	4.9330377e-11	7838	98.50446148045746	False
1-(4-Amidinophenyl)-3-(4-Chlorophenyl)Urea	19082	4.8961522e-11	7839	98.51702903104184	False
Regramostim	14870	4.8957692e-11	7840	98.52959658162625	False
5-(3-{3-[3-HYDROXY-2-(METHOXYCARBONYL)PHENOXY]PROPENYL}PHENYL)-4-(HYDROXYMETHYL)ISOXAZOLE-3-CARBOXYLIC ACID	17485	4.894723e-11	7841	98.54216413221063	False
2-(4-HYDROXY-PHENYL)BENZOFURAN-5-OL	17763	4.8363143e-11	7842	98.55473168279502	False
AL7089A	16899	4.818865e-11	7843	98.56729923337942	False
Andarine	16450	4.7928602e-11	7844	98.57986678396381	False
Boldenone	16436	4.7754675e-11	7845	98.5924343345482	False
1-(5-Tert-Butyl-2-Methyl-2h-Pyrazol-3-Yl)-3-(4-Chloro-Phenyl)-Urea	18321	4.757358e-11	7846	98.6050018851326	False
DIETHYL (1R,2S,3R,4S)-5,6-BIS(4-HYDROXYPHENYL)-7-OXABICYCLO[2.2.1]HEPT-5-ENE-2,3-DICARBOXYLATE	16404	4.6890276e-11	7847	98.61756943571697	False
4-{[1-Methyl-5-(2-Methyl-Benzoimidazol-1-Ylmethyl)-1h-Benzoimidazol-2-Ylmethyl]-Amino}-Benzamidine	19048	4.6850857e-11	7848	98.63013698630137	False
Elsamitrucin	17659	4.564595e-11	7849	98.64270453688576	False
2-(hydrazinocarbonyl)-3-phenyl-1H-indole-5-sulfonamide	16959	4.532037e-11	7850	98.65527208747015	False
Compound 4-D	16371	4.5263265e-11	7851	98.66783963805455	False
Allylestrenol	16365	4.508379e-11	7852	98.68040718863892	False
Diphemanil	16081	4.4793225e-11	7853	98.69297473922333	False
N,N-DIMETHYL-4-(4-PHENYL-1H-PYRAZOL-3-YL)-1H-PYRROLE-2-CARBOXAMIDE	18111	4.4621827e-11	7854	98.70554228980771	False
N-({(2S)-1-[(3R)-3-AMINO-4-(2-FLUOROPHENYL)BUTANOYL]PYRROLIDIN-2-YL}METHYL)BENZAMIDE	17929	4.3846066e-11	7855	98.71810984039212	False
[5-HYDROXY-2-(4-HYDROXYPHENYL)-1-BENZOFURAN-7-YL]ACETONITRILE	16387	4.3623345e-11	7856	98.7306773909765	False
diethyl [(1R)-1,5-diaminopentyl]boronate	19095	4.3124577e-11	7857	98.74324494156089	False
CRA_9678	19090	4.2628095e-11	7858	98.75581249214528	False
Dexbrompheniramine	17231	4.2600375e-11	7859	98.76838004272967	False
(2S)-2-hydroxy-2-methyl-N-[4-nitro-3-(trifluoromethyl)phenyl]-3-(pentafluorophenoxy)propanamide	16449	4.2463928e-11	7860	98.78094759331407	False
PNU177836	17454	4.24194e-11	7861	98.79351514389846	False
CRA_17693	19035	4.098495e-11	7862	98.80608269448284	False
Mifamurtide	19356	4.090818e-11	7863	98.81865024506725	False
ISOTHIAZOLIDINONE ANALOG	17486	3.898865e-11	7864	98.83121779565163	False
4-Bromo-2,5-dimethoxyphenethylamine	17267	3.8871923e-11	7865	98.84378534623602	False
(2R)-2-{[4-(benzylamino)-8-(1-methylethyl)pyrazolo[1,5-a][1,3,5]triazin-2-yl]amino}butan-1-ol	18549	3.848381e-11	7866	98.85635289682041	False
MF101	17758	3.803314e-11	7867	98.86892044740479	False
CRA_1802	19056	3.7415075e-11	7868	98.8814879979892	False
4-{5-[(Z)-(2-IMINO-4-OXO-1,3-THIAZOLIDIN-5-YLIDENE)METHYL]FURAN-2-YL}-2-(TRIFLUOROMETHYL)BENZENESULFONAMIDE	18500	3.7056844e-11	7869	98.89405554857358	False
S-3-(4-FLUOROPHENOXY)-2-HYDROXY-2-METHYL-N-[4-NITRO-3-(TRIFLUOROMETHYL)PHENYL]PROPANAMIDE	16453	3.7036423e-11	7870	98.90662309915797	False
(R)-1-Para-Nitro-Phenyl-2-Azido-Ethanol	20018	3.675963e-11	7871	98.91919064974236	False
(2S)-1-(Dimethylamino)-3-(4-{[4-(2-methylimidazo[1,2-a]pyridin-3-yl)-2-pyrimidinyl]amino}phenoxy)-2-propanol	18521	3.60243e-11	7872	98.93175820032675	False
N-[(2R,3S)-3-AMINO-2-HYDROXY-4-PHENYLBUTYL]NAPHTHALENE-2-SULFONAMIDE	16153	3.600308e-11	7873	98.94432575091115	False
(3R)-METHYLCARBAMOYL-7-SULFOAMINO-3,4-DIHYDRO-1H-ISOQUINOLINE-2-CARBOXYLIC ACID BENZYL ESTER	17489	3.5947842e-11	7874	98.95689330149554	False
4-[(1S,2R,5S)-4,4,8-TRIMETHYL-3-OXABICYCLO[3.3.1]NON-7-EN-2-YL]PHENOL	16406	3.5708526e-11	7875	98.96946085207993	False
3-ETHYL-2-(4-HYDROXYPHENYL)-2H-INDAZOL-5-OL	16396	3.5514605e-11	7876	98.98202840266433	False
N-cyclooctylglycyl-N-(4-carbamimidoylbenzyl)-L-prolinamide	16110	3.535112e-11	7877	98.9945959532487	False
N7-BUTYL-N2-(5-CHLORO-2-METHYLPHENYL)-5-METHYL[1,2,4]TRIAZOLO[1,5-A]PYRIMIDINE-2,7-DIAMINE	16134	3.533993e-11	7878	99.00716350383311	False
5-hydroxynaphthalene-1-sulfonamide	18530	3.5281875e-11	7879	99.01973105441749	False
4-(4-FLUOROPHENYL)-1-CYCLOROPROPYLMETHYL-5-(4-PYRIDYL)-IMIDAZOLE	18362	3.5191548e-11	7880	99.03229860500188	False
4-BROMO-3-(CARBOXYMETHOXY)-5-PHENYLTHIOPHENE-2-CARBOXYLIC ACID	17474	3.4461153e-11	7881	99.04486615558628	False
(5S,8R,9S,10S,13R,14S,17S)-13-{2-[(3,5-DIFLUOROBENZYL)OXY]ETHYL}-17-HYDROXY-10-METHYLHEXADECAHYDRO-3H-CYCLOPENTA[A]PHENANTHREN-3-ONE	16452	3.4262437e-11	7882	99.05743370617067	False
Stanozolol	16443	3.3915756e-11	7883	99.07000125675506	False
(S)-N-(4-carbamimidoylbenzyl)-1-(2-(cyclopentylamino)ethanoyl)pyrrolidine-2-carboxamide	16107	3.3356585e-11	7884	99.08256880733946	False
Tretamine	14875	3.297539e-11	7885	99.09513635792383	False
[PHENYLALANINYL-PROLINYL]-[2-(PYRIDIN-4-YLAMINO)-ETHYL]-AMINE	16176	3.2539162e-11	7886	99.10770390850823	False
3',5'-DIFLUOROBIPHENYL-4-CARBOXYLIC ACID	14093	3.2312184e-11	7887	99.12027145909262	False
(S)-Indapamide	16944	3.2176636e-11	7888	99.13283900967701	False
2-(2-Hydroxy-Phenyl)-1h-Indole-5-Carboxamidine	19051	3.192514e-11	7889	99.1454065602614	False
5-{3-[3-(2,4-DICHLORO-BENZOYL)-UREIDO]-2-METHYL-PHENOXY}-PENTANOIC ACID	18087	3.166534e-11	7890	99.1579741108458	False
N-(4-sulfamoylphenyl)-1H-indazole-3-carboxamide	18531	3.1353427e-11	7891	99.17054166143019	False
OLOMOUCINE II	18472	3.112249e-11	7892	99.18310921201457	False
Ganstigmine	17198	3.0804876e-11	7893	99.19567676259898	False
Moexipril	16689	3.0769408e-11	7894	99.20824431318336	False
3-FLUORO-5-MORPHOLIN-4-YL-N-[3-(2-PYRIDIN-4-YLETHYL)-1H-INDOL-5-YL]BENZAMIDE	18349	3.048585e-11	7895	99.22081186376775	False
1-[(2R)-2-aminobutanoyl]-N-(3-chlorobenzyl)-L-prolinamide	16117	2.9952135e-11	7896	99.23337941435214	False
Variolin B	18568	2.9842077e-11	7897	99.24594696493654	False
Bis(5-Amidino-2-Benzimidazolyl)Methane Ketone	19061	2.934067e-11	7898	99.25851451552093	False
3-({2-[(4-{[6-(CYCLOHEXYLMETHOXY)-9H-PURIN-2-YL]AMINO}PHENYL)SULFONYL]ETHYL}AMINO)PROPAN-1-OL	18550	2.9068558e-11	7899	99.27108206610532	False
beta-phenyl-D-phenylalanyl-N-propyl-L-prolinamide	16128	2.867127e-11	7900	99.2836496166897	False
N-(4-carbamimidoylbenzyl)-1-(4-methylpentanoyl)-L-prolinamide	16121	2.7249581e-11	7901	99.29621716727411	False
Lepirudin	16086	2.7192415e-11	7902	99.30878471785849	False
Deacetoxyvinzolidine	17142	2.6938535e-11	7903	99.32135226844288	False
D-leucyl-N-(3-chlorobenzyl)-L-prolinamide	16118	2.6257448e-11	7904	99.33391981902727	False
4-[(3AS,4R,7R,8AS,8BR)-2-(1,3-BENZODIOXOL-5-YLMETHYL)-7-HYDROXY-1,3-DIOXODECAHYDROPYRROLO[3,4-A]PYRROLIZIN-4-YL]BENZENECARBOXIMIDAMIDE	16177	2.6222914e-11	7905	99.34648736961165	False
2-O-(4'-AMIDINOPHENYL)-5-O-(3''-AMIDINOPHENYL)-1,4:3,6-DIANHYDRO-D-SORBITOL	19092	2.5328963e-11	7906	99.35905492019606	False
MF268	17187	2.5313847e-11	7907	99.37162247078044	False
2-(4-hydroxyphenyl)benzo[b]thiophen-6-ol	16408	2.5242248e-11	7908	99.38419002136484	False
N-Alpha-(2-Naphthylsulfonyl)-N(3-Amidino-L-Phenylalaninyl)-4-Acetyl-Piperazine	19074	2.460142e-11	7909	99.39675757194922	False
(13R,15S)-13-METHYL-16-OXA-8,9,12,22,24-PENTAAZAHEXACYCLO[15.6.2.16,9.1,12,15.0,2,7.0,21,25]HEPTACOSA-1(24),2,4,6,17(25),18,20-HEPTAENE-23,26-DIONE	18475	2.3128844e-11	7910	99.40932512253362	False
{4-[(2S)-2-({[(1S)-1-Carboxy-2-phenylethyl]carbamoyl}amino)-3-oxo-3-(pentylamino)propyl]phenoxy}malonic acid	17447	2.2158442e-11	7911	99.42189267311801	False
2-[Trans-(4-Aminocyclohexyl)Amino]-6-(Benzyl-Amino)-9-Cyclopentylpurine	18468	2.1914871e-11	7912	99.4344602237024	False
4-[4-(4-Fluorophenyl)-2-[4-[(R)-methylsulfinyl]phenyl]-1H-imidazol-5-yl]pyridine	18117	2.1890432e-11	7913	99.4470277742868	False
2-{4-[4-({4-[2-methyl-1-(1-methylethyl)-1H-imidazol-5-yl]pyrimidin-2-yl}amino)phenyl]piperazin-1-yl}-2-oxoethanol	18523	2.1333926e-11	7914	99.45959532487119	False
Bedoradrine	17563	2.0675302e-11	7915	99.47216287545557	False
4-(1,3-BENZOXAZOL-2-YL)-2,6-DIMETHYLPHENOL	14102	2.0542793e-11	7916	99.48473042603997	False
5-[(phenylsulfonyl)amino]-1,3,4-thiadiazole-2-sulfonamide	16942	2.0384599e-11	7917	99.49729797662435	False
Prostaglandin G2	16756	2.0207726e-11	7918	99.50986552720875	False
Dipyrithione	15948	1.9909694e-11	7919	99.52243307779314	False
Aminodi(Ethyloxy)Ethylaminocarbonylbenzenesulfonamide	16904	1.9884493e-11	7920	99.53500062837753	False
5-[(2-AMINOETHYL)AMINO]-6-FLUORO-3-(1H-PYRROL-2-YL)BENZO[CD]INDOL-2(1H)-ONE	18485	1.937281e-11	7921	99.54756817896192	False
(4E)-N-(4-fluorophenyl)-4-[(phenylcarbonyl)imino]-4H-pyrazole-3-carboxamide	18535	1.9164942e-11	7922	99.5601357295463	False
Al-6629, [2h-Thieno[3,2-E]-1,2-Thiazine-6-Sulfonamide,2-(3-Methoxyphenyl)-3-(4-Morpholinyl)-, 1,1-Dioxide]	16922	1.8828846e-11	7923	99.5727032801307	False
2-(3,4-DIHYDROXYPHENYL)-8-(1,1-DIOXIDOISOTHIAZOLIDIN-2-YL)-3-HYDROXY-6-METHYL-4H-CHROMEN-4-ONE	18480	1.8784151e-11	7924	99.58527083071509	False
4-({5-[(4-AMINOCYCLOHEXYL)AMINO][1,2,4]TRIAZOLO[1,5-A]PYRIMIDIN-7-YL}AMINO)BENZENESULFONAMIDE	18511	1.8118718e-11	7925	99.59783838129948	False
4-[(4-Imidazo[1,2-a]Pyridin-3-Ylpyrimidin-2-Yl)Amino]Benzenesulfonamide	18446	1.791952e-11	7926	99.61040593188388	False
3-cyclopropyl-5-phenyl-N-(pyridin-3-ylmethyl)pyrazolo[1,5-a]pyrimidin-7-amine	18564	1.7823666e-11	7927	99.62297348246827	False
3-{[4-([amino(imino)methyl]aminosulfonyl)anilino]methylene}-2-oxo-2,3-dihydro-1H-indole	18529	1.740102e-11	7928	99.63554103305266	False
4-{[5-(CYCLOHEXYLAMINO)[1,2,4]TRIAZOLO[1,5-A]PYRIMIDIN-7-YL]AMINO}BENZENESULFONAMIDE	18510	1.7166896e-11	7929	99.64810858363705	False
4-(4-propoxy-1H-pyrrolo[2,3-b]pyridin-3-yl)pyrimidin-2-amine	18542	1.6269604e-11	7930	99.66067613422143	False
3-AMINO-3-BENZYL-9-CARBOXAMIDE[4.3.0]BICYCLO-1,6-DIAZANONAN-2-ONE	16149	1.6102893e-11	7931	99.67324368480584	False
4-(2,5-Dichloro-Thiophen-3-Yl)-Pyrimidin-2-Ylamine	18457	1.55999e-11	7932	99.68581123539022	False
CRA_17312	19044	1.4913635e-11	7933	99.69837878597461	False
5-(2,3-dichlorophenyl)-N-(pyridin-4-ylmethyl)-3-thiocyanatopyrazolo[1,5-a]pyrimidin-7-amine	18482	1.4911104e-11	7934	99.710946336559	False
4-(Aminosulfonyl)-N-[(2,5-Difluorophenyl)Methyl]-Benzamide	16912	1.4842492e-11	7935	99.7235138871434	False
3-((3-bromo-5-o-tolylpyrazolo[1,5-a]pyrimidin-7-ylamino)methyl)pyridine 1-oxide	18487	1.4465105e-11	7936	99.73608143772779	False
(3ASR,4RS,8ASR,8BRS)-4-(2-(4-FLUOROBENZYL)-1,3-DIOXODEACAHYDROPYRROLO[3,4-A] PYRROLIZIN-4-YL)BENZAMIDINE	16165	1.443856e-11	7937	99.74864898831218	False
N-(2-METHOXYETHYL)-4-({4-[2-METHYL-1-(1-METHYLETHYL)-1H-IMIDAZOL-5-YL]PYRIMIDIN-2-YL}AMINO)BENZENESULFONAMIDE	18518	1.4252121e-11	7938	99.76121653889656	False
4-{[(2,6-difluorophenyl)carbonyl]amino}-N-[(3S)-piperidin-3-yl]-1H-pyrazole-3-carboxamide	18539	1.418795e-11	7939	99.77378408948096	False
Lysine Nz-Carboxylic Acid	18464	1.3415673e-11	7940	99.78635164006535	False
Compound 18	16368	1.2836092e-11	7941	99.79891919064974	False
AC-(D)PHE-PRO-BOROHOMOORNITHINE-OH	16161	1.2683136e-11	7942	99.81148674123413	False
4-Oxo-2-Phenylmethanesulfonyl-Octahydro-Pyrrolo[1,2-a]Pyrazine-6-Carboxylic Acid [1-(N-Hydroxycarbamimidoyl)-Piperidin-4-Ylmethyl]-Amide	16092	1.1607065e-11	7943	99.82405429181853	False
(5R)-5-{[(2-Amino-3H-purin-6-yl)oxy]methyl}-2-pyrrolidinone	18453	1.15511455e-11	7944	99.83662184240292	False
(4-{(2S)-2-[(tert-butoxycarbonyl)amino]-3-methoxy-3-oxopropyl}phenyl)methaneseleninic acid	17492	1.1544757e-11	7945	99.8491893929873	False
N-[4-(2,4-DIMETHYL-THIAZOL-5-YL)-PYRIMIDIN-2-YL]-N',N'-DIMETHYL-BENZENE-1,4-DIAMINE	18503	1.1507648e-11	7946	99.8617569435717	False
4-({[4-(3-METHYLBENZOYL)PYRIDIN-2-YL]AMINO}METHYL)BENZENECARBOXIMIDAMIDE	16166	1.1384628e-11	7947	99.87432449415608	False
3,5-dibromobiphenyl-4-ol	14099	1.0921917e-11	7948	99.88689204474048	False
1-(5-OXO-2,3,5,9B-TETRAHYDRO-1H-PYRROLO[2,1-A]ISOINDOL-9-YL)-3-(5-PYRROLIDIN-2-YL-1H-PYRAZOL-3-YL)-UREA	18478	1.081357e-11	7949	99.89945959532487	False
N-(5-CHLORO-BENZO[B]THIOPHEN-3-YLMETHYL)-2-[6-CHLORO-OXO-3-(2-PYRIDIN-2-YL-ETHYLAMINO)-2H-PYRAZIN-1-YL]-ACETAMIDE	16138	1.0066732e-11	7950	99.91202714590926	False
6-(CYCLOHEXYLMETHOXY)-8-ISOPROPYL-9H-PURIN-2-AMINE	18547	9.558462e-12	7951	99.92459469649366	False
{[(2,6-difluorophenyl)carbonyl]amino}-N-(4-fluorophenyl)-1H-pyrazole-3-carboxamide	18536	8.967022e-12	7952	99.93716224707805	False
Propyl Gallate	16416	8.94594e-12	7953	99.94972979766243	False
(2S)-1-[4-({4-[(2,5-Dichlorophenyl)amino]-2-pyrimidinyl}amino)phenoxy]-3-(dimethylamino)-2-propanol	18516	8.6749375e-12	7954	99.96229734824684	False
3-{[(2,2-dioxido-1,3-dihydro-2-benzothien-5-yl)amino]methylene}-5-(1,3-oxazol-5-yl)-1,3-dihydro-2H-indol-2-one	18527	7.313158e-12	7955	99.97486489883121	False
4-[4-(4-Methyl-2-Methylamino-Thiazol-5-Yl)-Pyrimidin-2-Ylamino]-Phenol	18469	6.5686263e-12	7956	99.98743244941562	False
CAN-508	18513	5.8235448e-12	7957	100.0	False
