ensembl_id	gene_symbol	gene_name	biotype	ot_overall_score	ot_genetic_score	hit_alignment
ENSG00000161955	TNFSF13	TNF superfamily member 13	protein_coding	0.5756611141862813	0.7807453608922129	2
ENSG00000000971	CFH	complement factor H	protein_coding	0.4444119040211378	0.7021710815186513	3
ENSG00000187796	CARD9	caspase recruitment domain family member 9	protein_coding	0.40699049104407853	0.6493596853611407	0
ENSG00000112679	DUSP22	dual specificity phosphatase 22	protein_coding	0.37556050889393383	0.6037894887044359	0
ENSG00000144460	NYAP2	neuronal tyrosine-phosphorylated phosphoinositide-3-kinase adaptor 2	protein_coding	0.36309109890984625	0.5972572870733363	0
ENSG00000163518	FCRL4	Fc receptor like 4	protein_coding	0.34919792683026	0.5710309023756517	0
ENSG00000242110	AMACR	alpha-methylacyl-CoA racemase	protein_coding	0.3466926771707761	0.5702831284955925	0
ENSG00000110455	ACCS	1-aminocyclopropane-1-carboxylate synthase homolog (inactive)	protein_coding	0.34643518767836007	0.5672758719426946	0
ENSG00000275342	PRAG1	PEAK1 related, kinase-activating pseudokinase 1	protein_coding	0.3423699019734968	0.5631724915377969	0
ENSG00000105877	DNAH11	dynein axonemal heavy chain 11	protein_coding	0.341781449952721	0.5622045326466079	0
ENSG00000250305	TRMT9B	tRNA methyltransferase 9B (putative)	protein_coding	0.34139744607348005	0.5615728754238621	0
ENSG00000136158	SPRY2	sprouty RTK signaling antagonist 2	protein_coding	0.48853641012675564	0.5611876740619275	0
ENSG00000206047	DEFA1	defensin alpha 1	protein_coding	0.34665978420517046	0.5605570119445011	0
ENSG00000106952	TNFSF8	TNF superfamily member 8	protein_coding	0.34067504525208864	0.5587127712333765	0
ENSG00000142409	ZNF787	zinc finger protein 787	protein_coding	0.33284957558629813	0.5469043467411558	0
ENSG00000112715	VEGFA	vascular endothelial growth factor A	protein_coding	0.35478820458045707	0.5445871228002788	0
ENSG00000162493	PDPN	podoplanin	protein_coding	0.3291764433134026	0.541470253862181	0
ENSG00000101489	CELF4	CUGBP Elav-like family member 4	protein_coding	0.3245374244441187	0.5338394200773008	0
ENSG00000155087	ODF1	outer dense fiber of sperm tails 1	protein_coding	0.3223082766382427	0.5301726412027419	0
ENSG00000240505	TNFRSF13B	TNF receptor superfamily member 13B	protein_coding	0.3229295877410871	0.5156053907404105	2
ENSG00000178562	CD28	CD28 molecule	protein_coding	0.315268334278296	0.5145237248526073	2
ENSG00000254087	LYN	LYN proto-oncogene, Src family tyrosine kinase	protein_coding	0.31943122374768335	0.5051532247492311	2
ENSG00000162924	REL	REL proto-oncogene, NF-kB subunit	protein_coding	0.3015999554629886	0.496109025316508	4
ENSG00000160856	FCRL3	Fc receptor like 3	protein_coding	0.30951514243250305	0.49256140461648	0
ENSG00000144468	RHBDD1	rhomboid domain containing 1	protein_coding	0.29128156944511197	0.47913606382415636	0
ENSG00000218336	TENM3	teneurin transmembrane protein 3	protein_coding	0.2911807662239436	0.4789702501796357	0
ENSG00000105443	CYTH2	cytohesin 2	protein_coding	0.28573529955663696	0.4700128710030908	0
ENSG00000124782	RREB1	ras responsive element binding protein 1	protein_coding	0.2845568975651204	0.4680744892067644	0
ENSG00000073849	ST6GAL1	ST6 beta-galactoside alpha-2,6-sialyltransferase 1	protein_coding	0.30804786935447265	0.46692441069639684	0
ENSG00000134215	VAV3	vav guanine nucleotide exchange factor 3	protein_coding	0.2860781997314699	0.46113702169983517	0
ENSG00000176635	HORMAD2	HORMA domain containing 2	protein_coding	0.2816679284932712	0.46106668722439803	0
ENSG00000107957	SH3PXD2A	SH3 and PX domains 2A	protein_coding	0.27169501453549516	0.4469176682657038	0
ENSG00000137265	IRF4	interferon regulatory factor 4	protein_coding	0.27100531263032684	0.44214401970053724	0
ENSG00000105329	TGFB1	transforming growth factor beta 1	protein_coding	0.2826892792482084	0.42802063799922535	4
ENSG00000112159	MDN1	midasin AAA ATPase 1	protein_coding	0.26004999556560326	0.427762496302642	0
ENSG00000158683	PKD1L1	polycystin 1 like 1, transient receptor potential channel interacting	protein_coding	0.2574284068975956	0.4234501820091285	0
ENSG00000161243	FBXO27	F-box protein 27	protein_coding	0.2358922480799669	0.38802483606146826	0
ENSG00000240247	DEFA1B	defensin alpha 1B	protein_coding	0.23669217501786724	0.37985017990399933	0
ENSG00000144357	UBR3	ubiquitin protein ligase E3 component n-recognin 3	protein_coding	0.22629318644671245	0.37223510856128844	0
ENSG00000028528	SNX1	sorting nexin 1	protein_coding	0.21591479431553537	0.3551634415690079	0
ENSG00000213221	DNLZ	DNL-type zinc finger	protein_coding	0.21366863364083802	0.35146867781707786	0
ENSG00000175866	BAIAP2	BAR/IMD domain containing adaptor protein 2	protein_coding	0.21045727796248156	0.346186241574379	0
ENSG00000116785	CFHR3	complement factor H related 3	protein_coding	0.2192330824382025	0.3433494725421329	3
ENSG00000171988	JMJD1C	jumonji domain containing 1C	protein_coding	0.20714471581580524	0.340737328376215	0
ENSG00000164821	DEFA4	defensin alpha 4	protein_coding	0.21203521919287105	0.3400428298647306	0
ENSG00000140678	ITGAX	integrin subunit alpha X	protein_coding	0.1954181186250823	0.3118503381810931	0
ENSG00000072310	SREBF1	sterol regulatory element binding transcription factor 1	protein_coding	0.18438173685805875	0.30177412946029053	0
ENSG00000277481	PKD1L3	polycystin 1 like 3, transient receptor potential channel interacting	protein_coding	0.1820531468507295	0.2985517065129075	0
ENSG00000154864	PIEZO2	piezo type mechanosensitive ion channel component 2	protein_coding	0.1792595731722531	0.29486838613294564	0
ENSG00000153820	SPHKAP	SPHK1 interactor, AKAP domain containing	protein_coding	0.17729902101229175	0.2916434267006159	0
ENSG00000165684	SNAPC4	small nuclear RNA activating complex polypeptide 4	protein_coding	0.1753584562043132	0.2884513449445962	0
ENSG00000137642	SORL1	sortilin related receptor 1	protein_coding	0.17277152231502815	0.2841960351306365	0
ENSG00000186431	FCAR	Fc alpha receptor	protein_coding	0.19734800922781695	0.2816450378664148	2
ENSG00000196415	PRTN3	proteinase 3	protein_coding	0.15358297128256485	0.24480940628834696	0
ENSG00000141854	MISP3	MISP family member 3	protein_coding	0.14795023806662463	0.24336690729911534	0
ENSG00000166797	CIAO2A	cytosolic iron-sulfur assembly component 2A	protein_coding	0.13776503742356958	0.22661302563516664	0
ENSG00000108175	ZMIZ1	zinc finger MIZ-type containing 1	protein_coding	0.13134195089402886	0.2130078820308971	0
ENSG00000100330	MTMR3	myotubularin related protein 3	protein_coding	0.1315826717892419	0.20690526960612698	0
ENSG00000071909	MYO3B	myosin IIIB	protein_coding	0.12466370268631762	0.2050623248173709	0
ENSG00000172818	OVOL1	ovo like transcriptional repressor 1	protein_coding	0.113419778345648	0.18595899226540888	0
ENSG00000162896	PIGR	polymeric immunoglobulin receptor	protein_coding	0.11775407300670347	0.18237923928348632	0
ENSG00000138382	METTL5	methyltransferase 5, N6-adenosine	protein_coding	0.11075732998630397	0.18218739767986178	0
ENSG00000140968	IRF8	interferon regulatory factor 8	protein_coding	0.0965720990970513	0.15778989109980138	2
ENSG00000165476	REEP3	receptor accessory protein 3	protein_coding	0.09477894002599857	0.15590415948387018	0
ENSG00000169896	ITGAM	integrin subunit alpha M	protein_coding	0.09968273759966195	0.1556018767055093	0
ENSG00000241657	TRBV11-2	T cell receptor beta variable 11-2	protein_coding	0.08341014963823966	0.13720336256352414	0
ENSG00000181634	TNFSF15	TNF superfamily member 15	protein_coding	0.08344503843492984	0.13574092499083587	0
ENSG00000164816	DEFA5	defensin alpha 5	protein_coding	0.08141583053596847	0.129667343491842	0
ENSG00000239839	DEFA3	defensin alpha 3	protein_coding	0.07879941205603262	0.12870715315198214	0
ENSG00000169047	IRS1	insulin receptor substrate 1	protein_coding	0.0748160196805281	0.12306667136203323	0
ENSG00000142039	CCDC97	coiled-coil domain containing 97	protein_coding	0.07167141517366782	0.11789403572782206	0
ENSG00000108179	PPIF	peptidylprolyl isomerase F	protein_coding	0.07144220680035998	0.1175170053582334	0
ENSG00000198674	OR10G6	olfactory receptor family 10 subfamily G member 6	protein_coding	0.0703413842983866	0.11570623593135426	0
ENSG00000151348	EXT2	exostosin glycosyltransferase 2	protein_coding	0.06599328801924449	0.10703412072257364	0
ENSG00000157734	SNX22	sorting nexin 22	protein_coding	0.06386427618594209	0.10505188491329244	0
ENSG00000244414	CFHR1	complement factor H related 1	protein_coding	0.08860703665310164	0.10314291086677084	3
ENSG00000143297	FCRL5	Fc receptor like 5	protein_coding	0.05640920500449213	0.09278885890648589	0
ENSG00000083099	LYRM2	LYR motif containing 2	protein_coding	0.05477300857645561	0.09009744002383567	0
ENSG00000183128	CALHM3	calcium homeostasis modulator 3	protein_coding	0.053183638857354644	0.08687511672407557	0
ENSG00000205126	ACCSL	1-aminocyclopropane-1-carboxylate synthase homolog (inactive) like	protein_coding	0.04618596359164795	0.0759724030647877	0
ENSG00000164822	DEFA6	defensin alpha 6	protein_coding	0.044878103426492934	0.0710853838137344	0
ENSG00000181409	AATK	apoptosis associated tyrosine kinase	protein_coding	0.04222706081737158	0.06946030861287027	0
ENSG00000185933	CALHM1	calcium homeostasis modulator 1	protein_coding	0.04191653909394623	0.0689495239567132	0
ENSG00000104517	UBR5	ubiquitin protein ligase E3 component n-recognin 5	protein_coding	0.03891189377976363	0.06400711056692121	0
ENSG00000128342	LIF	LIF interleukin 6 family cytokine	protein_coding	0.08537099306906426	0.06327998412727245	0
ENSG00000162927	PUS10	pseudouridine synthase 10	protein_coding	0.03799883269728949	0.06250519441781134	0
ENSG00000239697	TNFSF12	TNF superfamily member 12	protein_coding	0.04546490513599107	0.060479847423309745	0
ENSG00000107954	NEURL1	neuralized E3 ubiquitin protein ligase 1	protein_coding	0.03763736741379414	0.06008681908080677	0
ENSG00000134265	NAPG	NSF attachment protein gamma	protein_coding	0.03499197074758896	0.05755913483090836	0
ENSG00000259571	BLID	BH3-like motif containing, cell death inducer	protein_coding	0.03464774239636855	0.05699290533147721	0
ENSG00000142235	LMTK3	lemur tyrosine kinase 3	protein_coding	0.03436739169824756	0.056531749720966265	0
ENSG00000169900	PYDC1	pyrin domain containing 1	protein_coding	0.035344449162877344	0.05449135027360865	0
ENSG00000161956	SENP3	SUMO specific peptidase 3	protein_coding	0.03272448785389774	0.05382929764779561	0
ENSG00000165689	ENTR1	endosome associated trafficking regulator 1	protein_coding	0.03160976012310925	0.05199565517538276	0
ENSG00000124783	SSR1	signal sequence receptor subunit 1	protein_coding	0.030811971659925032	0.05068335373199727	0
ENSG00000127540	UQCR11	ubiquinol-cytochrome c reductase, complex III subunit XI	protein_coding	0.03013669085928957	0.04957256809111769	0
ENSG00000197561	ELANE	elastase, neutrophil expressed	protein_coding	0.032883894351110915	0.047176296408649315	0
ENSG00000109929	SC5D	sterol-C5-desaturase	protein_coding	0.02857134966746109	0.04699770069177184	0
ENSG00000089280	FUS	FUS RNA binding protein	protein_coding	0.028519270091325682	0.046912033743592846	0
ENSG00000129226	CD68	CD68 molecule	protein_coding	0.03762268551475779	0.046104964998465295	0
ENSG00000099377	HSD3B7	hydroxy-delta-5-steroid dehydrogenase, 3 beta- and steroid delta-isomerase 7	protein_coding	0.027720876872146888	0.04559873752251729	0
ENSG00000148396	SEC16A	SEC16 homolog A, endoplasmic reticulum export factor	protein_coding	0.027717616857570983	0.04559337504608294	0
ENSG00000258223	PRSS58	serine protease 58	protein_coding	0.027446810542238076	0.04514791922052381	0
ENSG00000148384	INPP5E	inositol polyphosphate-5-phosphatase E	protein_coding	0.028169951644565924	0.045022294015920256	0
ENSG00000115009	CCL20	C-C motif chemokine ligand 20	protein_coding	0.09948202931770597	0.04500208492439639	0
ENSG00000165688	PMPCA	peptidase, mitochondrial processing subunit alpha	protein_coding	0.02824210167101286	0.04495354376154255	0
ENSG00000254470	AP5B1	adaptor related protein complex 5 subunit beta 1	protein_coding	0.027198645804875157	0.04473970707148006	0
ENSG00000071564	TCF3	transcription factor 3	protein_coding	0.02629548179346975	0.04325407085276295	0
ENSG00000150477	KIAA1328	KIAA1328	protein_coding	0.025089670621896654	0.0412706030365076	0
ENSG00000123977	DAW1	dynein assembly factor with WD repeats 1	protein_coding	0.024876578978634115	0.04092008346405015	0
ENSG00000182324	KCNJ14	potassium inwardly rectifying channel subfamily J member 14	protein_coding	0.024841374400874132	0.04086217460682776	0
ENSG00000257335	MGAM	maltase-glucoamylase	protein_coding	0.024782447692695518	0.04076524464636167	0
ENSG00000225180	PVALEF	parvalbumin like EF-hand containing	protein_coding	0.022314722442269647	0.03670602399144367	0
ENSG00000257138	TAS2R38	taste 2 receptor member 38	protein_coding	0.02229571864496807	0.03561088529207951	0
ENSG00000187867	PALM3	paralemmin 3	protein_coding	0.02155693323584615	0.035459518288161934	0
ENSG00000165131	SOFU1	sperm-oocyte fusion factor 1	protein_coding	0.021098599096765293	0.034705593432106746	0
ENSG00000106123	EPHB6	EPH receptor B6	protein_coding	0.02108246997558977	0.03467906225250721	0
ENSG00000155090	KLF10	KLF transcription factor 10	protein_coding	0.020914081399800392	0.03440207583160054	0
ENSG00000163923	RPL39L	ribosomal protein L39 like	protein_coding	0.020598988726114462	0.033883772309351246	0
ENSG00000166794	PPIB	peptidylprolyl isomerase B	protein_coding	0.022386717301432817	0.03348927416441036	0
ENSG00000165125	TRPV6	transient receptor potential cation channel subfamily V member 6	protein_coding	0.02029674427767907	0.03338660314203348	0
ENSG00000162631	NTNG1	netrin G1	protein_coding	0.02028449082667931	0.03336644714558142	0
ENSG00000035664	DAPK2	death associated protein kinase 2	protein_coding	0.019961839563556454	0.03283571031765552	0
ENSG00000175662	TOM1L2	target of myb1 like 2 membrane trafficking protein	protein_coding	0.019318788092634858	0.03177793947688227	0
ENSG00000099985	OSM	oncostatin M	protein_coding	0.019690360753132564	0.030767999495105364	0
ENSG00000115421	PAPOLG	poly(A) polymerase gamma	protein_coding	0.01865900171194898	0.03069264098028038	0
ENSG00000148572	NRBF2	nuclear receptor binding factor 2	protein_coding	0.018556158084670333	0.030523471022642624	0
ENSG00000204983	PRSS1	serine protease 1	protein_coding	0.018527655731569545	0.030476586816063907	0
ENSG00000101144	BMP7	bone morphogenetic protein 7	protein_coding	0.0042501683288740716	0.0	0
ENSG00000019549	SNAI2	snail family transcriptional repressor 2	protein_coding	0.0042501683288740716	0.0	0
ENSG00000215788	TNFRSF25	TNF receptor superfamily member 25	protein_coding	0.0042501683288740716	0.0	0
ENSG00000128268	MGAT3	beta-1,4-mannosyl-glycoprotein 4-beta-N-acetylglucosaminyltransferase	protein_coding	0.0036957985468470188	0.0	0
ENSG00000122566	HNRNPA2B1	heterogeneous nuclear ribonucleoprotein A2/B1	protein_coding	0.0042501683288740716	0.0	0
ENSG00000198125	MB	myoglobin	protein_coding	0.0042501683288740716	0.0	0
ENSG00000145358	DDIT4L	DNA damage inducible transcript 4 like	protein_coding	0.004246712041518792	0.0	0
ENSG00000254550	OMP	olfactory marker protein	protein_coding	0.0042501683288740716	0.0	0
ENSG00000259370	ENSG00000259370	novel transcript, antisense to TLN2	lncRNA	0.004248842061260676	0.0	0
ENSG00000152217	SETBP1	SET binding protein 1	protein_coding	0.0042501683288740716	0.0	0
ENSG00000153064	BANK1	B cell scaffold protein with ankyrin repeats 1	protein_coding	0.004238064015912225	0.0	0
ENSG00000238045	MVP-DT	MVP divergent transcript	lncRNA	0.00423103078626775	0.0	0
ENSG00000120563	LYZL1	lysozyme like 1	protein_coding	0.004229636114724921	0.0	0
ENSG00000172738	TMEM217	transmembrane protein 217	protein_coding	0.0036957985468470188	0.0	0
ENSG00000159189	C1QC	complement C1q C chain	protein_coding	0.004229636114724921	0.0	0
ENSG00000171766	GATM	glycine amidinotransferase	protein_coding	0.0042501683288740716	0.0	0
ENSG00000135318	NT5E	5'-nucleotidase ecto	protein_coding	0.0042501683288740716	0.0	0
ENSG00000117091	CD48	CD48 molecule	protein_coding	0.0042501683288740716	0.0	0
ENSG00000167323	STIM1	stromal interaction molecule 1	protein_coding	0.0036957985468470188	0.0	0
ENSG00000033178	UBA6	ubiquitin like modifier activating enzyme 6	protein_coding	0.004283464049795201	0.0	0
ENSG00000179598	PLD6	phospholipase D family member 6	protein_coding	0.0036957985468470188	0.0	0
ENSG00000146834	MEPCE	methylphosphate capping enzyme	protein_coding	0.004278494988307313	0.0	0
ENSG00000107779	BMPR1A	bone morphogenetic protein receptor type 1A	protein_coding	0.004274884438822505	0.0	0
ENSG00000109184	DCUN1D4	defective in cullin neddylation 1 domain containing 4	protein_coding	0.0042731850781046075	0.0	0
ENSG00000164930	FZD6	frizzled class receptor 6	protein_coding	0.0042731850781046075	0.0	0
ENSG00000121350	PYROXD1	pyridine nucleotide-disulphide oxidoreductase domain 1	protein_coding	0.004268119485295235	0.0	0
ENSG00000140526	ABHD2	abhydrolase domain containing 2, acylglycerol lipase	protein_coding	0.0036957985468470188	0.0	0
ENSG00000272841	MAP3K4-AS1	MAP3K4 antisense RNA 1	lncRNA	0.004260558998243603	0.0	0
ENSG00000144674	GOLGA4	golgin A4	protein_coding	0.0036957985468470188	0.0	0
ENSG00000112818	MEP1A	meprin A subunit alpha	protein_coding	0.0036957985468470188	0.0	0
ENSG00000104870	FCGRT	Fc gamma receptor and transporter	protein_coding	0.0042501683288740716	0.0	0
ENSG00000187955	COL14A1	collagen type XIV alpha 1 chain	protein_coding	0.0036957985468470188	0.0	0
ENSG00000150281	CTF1	cardiotrophin 1	protein_coding	0.0042501683288740716	0.0	0
ENSG00000112149	CD83	CD83 molecule	protein_coding	0.0042501683288740716	0.0	0
ENSG00000149428	HYOU1	hypoxia up-regulated 1	protein_coding	0.0036957985468470188	0.0	0
ENSG00000149968	MMP3	matrix metallopeptidase 3	protein_coding	0.0042501683288740716	0.0	0
ENSG00000165973	NELL1	neural EGFL like 1	protein_coding	0.004229636114724921	0.0	0
ENSG00000146674	IGFBP3	insulin like growth factor binding protein 3	protein_coding	0.004229636114724921	0.0	0
ENSG00000067900	ROCK1	Rho associated coiled-coil containing protein kinase 1	protein_coding	0.0036957985468470188	0.0	0
ENSG00000153310	CYRIB	CYFIP related Rac1 interactor B	protein_coding	0.004229636114724921	0.0	0
ENSG00000117500	TMED5	transmembrane p24 trafficking protein 5	protein_coding	0.004226136789869264	0.0	0
ENSG00000145331	TRMT10A	tRNA methyltransferase 10A	protein_coding	0.0041185130570452234	0.0	0
ENSG00000061794	MRPS35	mitochondrial ribosomal protein S35	protein_coding	0.004108838328416254	0.0	0
ENSG00000100221	JOSD1	Josephin domain containing 1	protein_coding	0.004108674027782043	0.0	0
ENSG00000107282	APBA1	amyloid beta precursor protein binding family A member 1	protein_coding	0.004103857595343241	0.0	0
ENSG00000164023	SGMS2	sphingomyelin synthase 2	protein_coding	0.004102387954630344	0.0	0
ENSG00000172766	NAA16	N-alpha-acetyltransferase 16, NatA auxiliary subunit	protein_coding	0.004093853374786375	0.0	0
ENSG00000137124	ALDH1B1	aldehyde dehydrogenase 1 family member B1	protein_coding	0.004086974198107921	0.0	0
ENSG00000189227	C15orf61	chromosome 15 open reading frame 61	protein_coding	0.00408262439284122	0.0	0
ENSG00000101166	PRELID3B	PRELI domain containing 3B	protein_coding	0.0040779022899682296	0.0	0
ENSG00000205084	TMEM231	transmembrane protein 231	protein_coding	0.004077435471845466	0.0	0
ENSG00000163159	VPS72	vacuolar protein sorting 72 homolog	protein_coding	0.00407230209164115	0.0	0
ENSG00000174851	YIF1A	Yip1 interacting factor homolog A, membrane trafficking protein	protein_coding	0.004071525952835449	0.0	0
ENSG00000156639	ZFAND3	zinc finger AN1-type containing 3	protein_coding	0.004068364740344724	0.0	0
ENSG00000184922	FMNL1	formin like 1	protein_coding	0.00406537840153172	0.0	0
ENSG00000187474	FPR3	formyl peptide receptor 3	protein_coding	0.00406537840153172	0.0	0
ENSG00000134013	LOXL2	lysyl oxidase like 2	protein_coding	0.00406537840153172	0.0	0
ENSG00000038427	VCAN	versican	protein_coding	0.00406537840153172	0.0	0
ENSG00000004948	CALCR	calcitonin receptor	protein_coding	0.00406537840153172	0.0	0
ENSG00000132109	TRIM21	tripartite motif containing 21	protein_coding	0.00406537840153172	0.0	0
ENSG00000047634	SCML1	Scm polycomb group protein like 1	protein_coding	0.00413002108023111	0.0	0
ENSG00000279364	ENSG00000279364			0.0041300774494443795	0.0	0
ENSG00000151883	PARP8	poly(ADP-ribose) polymerase family member 8	protein_coding	0.0041442137735021095	0.0	0
ENSG00000159905	ZNF221	zinc finger protein 221	protein_coding	0.004181502182890734	0.0	0
ENSG00000231999	LRRC8C-DT	LRRC8C divergent transcript	lncRNA	0.004283464049795201	0.0	0
ENSG00000006831	ADIPOR2	adiponectin receptor 2	protein_coding	0.004201063762490826	0.0	0
ENSG00000241058	NSUN6	NOP2/Sun RNA methyltransferase 6	protein_coding	0.0036957985468470188	0.0	0
ENSG00000144331	ZNF385B	zinc finger protein 385B	protein_coding	0.004200434353615564	0.0	0
ENSG00000140280	LYSMD2	LysM domain containing 2	protein_coding	0.004199273428746124	0.0	0
ENSG00000279530	ENSG00000279530			0.0041961974880824916	0.0	0
ENSG00000173692	PSMD1	proteasome 26S subunit, non-ATPase 1	protein_coding	0.0036957985468470188	0.0	0
ENSG00000197646	PDCD1LG2	programmed cell death 1 ligand 2	protein_coding	0.00418655561008501	0.0	0
ENSG00000138640	FAM13A	family with sequence similarity 13 member A	protein_coding	0.004171576586775015	0.0	0
ENSG00000143368	SF3B4	splicing factor 3b subunit 4	protein_coding	0.004148399749783629	0.0	0
ENSG00000116604	MEF2D	myocyte enhancer factor 2D	protein_coding	0.0036957985468470188	0.0	0
ENSG00000165185	KIAA1958	KIAA1958	protein_coding	0.004163963477089049	0.0	0
ENSG00000215386	MIR99AHG	mir-99a-let-7c cluster host gene	lncRNA	0.004160907824719379	0.0	0
ENSG00000130635	COL5A1	collagen type V alpha 1 chain	protein_coding	0.0036957985468470188	0.0	0
ENSG00000271843	ENSG00000271843	novel transcript	lncRNA	0.004159151616207308	0.0	0
ENSG00000188163	CIMIP2A	ciliary microtubule inner protein 2A	protein_coding	0.00415778554987754	0.0	0
ENSG00000077498	TYR	tyrosinase	protein_coding	0.0036957985468470188	0.0	0
ENSG00000110876	SELPLG	selectin P ligand	protein_coding	0.0036957985468470188	0.0	0
ENSG00000100422	CERK	ceramide kinase	protein_coding	0.004217345973289205	0.0	0
ENSG00000170827	CELP	carboxyl ester lipase pseudogene	transcribed_unprocessed_pseudogene	0.0036957985468470188	0.0	0
ENSG00000240583	AQP1	aquaporin 1 (Colton blood group)	protein_coding	0.0036957985468470188	0.0	0
ENSG00000106588	PSMA2	proteasome 20S subunit alpha 2	protein_coding	0.0044349582562164215	0.0	0
ENSG00000117586	TNFSF4	TNF superfamily member 4	protein_coding	0.0036957985468470188	0.0	0
ENSG00000161203	AP2M1	adaptor related protein complex 2 subunit mu 1	protein_coding	0.0036957985468470188	0.0	0
ENSG00000182934	SRPRA	SRP receptor subunit alpha	protein_coding	0.0044349582562164215	0.0	0
ENSG00000184304	PRKD1	protein kinase D1	protein_coding	0.0044349582562164215	0.0	0
ENSG00000133055	MYBPH	myosin binding protein H	protein_coding	0.0044349582562164215	0.0	0
ENSG00000198788	MUC2	mucin 2, oligomeric mucus/gel-forming	protein_coding	0.0044349582562164215	0.0	0
ENSG00000171533	MAP6	microtubule associated protein 6	protein_coding	0.0044349582562164215	0.0	0
ENSG00000062038	CDH3	cadherin 3	protein_coding	0.0044349582562164215	0.0	0
ENSG00000091136	LAMB1	laminin subunit beta 1	protein_coding	0.0044349582562164215	0.0	0
ENSG00000183878	UTY	ubiquitously transcribed tetratricopeptide repeat containing, Y-linked	protein_coding	0.0044349582562164215	0.0	0
ENSG00000187554	TLR5	toll like receptor 5	protein_coding	0.0044349582562164215	0.0	0
ENSG00000145113	MUC4	mucin 4, cell surface associated	protein_coding	0.0044349582562164215	0.0	0
ENSG00000107984	DKK1	dickkopf Wnt signaling pathway inhibitor 1	protein_coding	0.0044349582562164215	0.0	0
ENSG00000096696	DSP	desmoplakin	protein_coding	0.0044349582562164215	0.0	0
ENSG00000204614	TRIM40	tripartite motif containing 40	protein_coding	0.0044349582562164215	0.0	0
ENSG00000164850	GPER1	G protein-coupled estrogen receptor 1	protein_coding	0.0044349582562164215	0.0	0
ENSG00000188428	BLOC1S5	biogenesis of lysosomal organelles complex 1 subunit 5	protein_coding	0.0044349582562164215	0.0	0
ENSG00000205846	CLEC6A	C-type lectin domain containing 6A	protein_coding	0.0044349582562164215	0.0	0
ENSG00000161610	HCRT	hypocretin neuropeptide precursor	protein_coding	0.0044349582562164215	0.0	0
ENSG00000088827	SIGLEC1	sialic acid binding Ig like lectin 1	protein_coding	0.0044349582562164215	0.0	0
ENSG00000115604	IL18R1	interleukin 18 receptor 1	protein_coding	0.00406537840153172	0.0	0
ENSG00000164978	NUDT2	nudix hydrolase 2	protein_coding	0.0036957985468470188	0.0	0
ENSG00000211899	IGHM	immunoglobulin heavy constant mu	IG_C_gene	0.0044349582562164215	0.0	0
ENSG00000163734	CXCL3	C-X-C motif chemokine ligand 3	protein_coding	0.0044349582562164215	0.0	0
ENSG00000137270	GCM1	glial cells missing transcription factor 1	protein_coding	0.0044349582562164215	0.0	0
ENSG00000204681	GABBR1	gamma-aminobutyric acid type B receptor subunit 1	protein_coding	0.0044349582562164215	0.0	0
ENSG00000101158	NELFCD	negative elongation factor complex member C/D	protein_coding	0.0044349582562164215	0.0	0
ENSG00000100911	PSME2	proteasome activator subunit 2	protein_coding	0.0044349582562164215	0.0	0
ENSG00000213145	CRIP1	cysteine rich protein 1	protein_coding	0.0036957985468470188	0.0	0
ENSG00000166523	CLEC4E	C-type lectin domain family 4 member E	protein_coding	0.0044349582562164215	0.0	0
ENSG00000121578	B4GALT4	beta-1,4-galactosyltransferase 4	protein_coding	0.0044349582562164215	0.0	0
ENSG00000090316	MAEA	macrophage erythroblast attacher, E3 ubiquitin ligase	protein_coding	0.0044349582562164215	0.0	0
ENSG00000172232	AZU1	azurocidin 1	protein_coding	0.0044349582562164215	0.0	0
ENSG00000105642	KCNN1	potassium calcium-activated channel subfamily N member 1	protein_coding	0.0044349582562164215	0.0	0
ENSG00000144283	PKP4	plakophilin 4	protein_coding	0.0036957985468470188	0.0	0
ENSG00000114988	LMAN2L	lectin, mannose binding 2 like	protein_coding	0.0044349582562164215	0.0	0
ENSG00000168229	PTGDR	prostaglandin D2 receptor	protein_coding	0.0044349582562164215	0.0	0
ENSG00000127838	PNKD	PNKD metallo-beta-lactamase domain containing	protein_coding	0.0044349582562164215	0.0	0
ENSG00000105357	MYH14	myosin heavy chain 14	protein_coding	0.0044349582562164215	0.0	0
ENSG00000198369	SPRED2	sprouty related EVH1 domain containing 2	protein_coding	0.0036957985468470188	0.0	0
ENSG00000074603	DPP8	dipeptidyl peptidase 8	protein_coding	0.0044349582562164215	0.0	0
ENSG00000145715	RASA1	RAS p21 protein activator 1	protein_coding	0.0036957985468470188	0.0	0
ENSG00000106025	TSPAN12	tetraspanin 12	protein_coding	0.0044347613042068626	0.0	0
ENSG00000278156	TSC22D1-AS1	TSC22D1 antisense RNA 1	lncRNA	0.00433494126161152	0.0	0
ENSG00000241935	HOGA1	4-hydroxy-2-oxoglutarate aldolase 1	protein_coding	0.004366030832182099	0.0	0
ENSG00000154928	EPHB1	EPH receptor B1	protein_coding	0.0036957985468470188	0.0	0
ENSG00000272144	ENSG00000272144	novel transcript	lncRNA	0.00436160050766665	0.0	0
ENSG00000211598	IGKV4-1	immunoglobulin kappa variable 4-1	IG_V_gene	0.0036957985468470188	0.0	0
ENSG00000161558	TMEM143	transmembrane protein 143	protein_coding	0.0043584277180829445	0.0	0
ENSG00000180340	FZD2	frizzled class receptor 2	protein_coding	0.0043485490075610206	0.0	0
ENSG00000063176	SPHK2	sphingosine kinase 2	protein_coding	0.00434581254789401	0.0	0
ENSG00000101447	SACK1D	scaffolding CK1 anchoring protein D	protein_coding	0.00434581254789401	0.0	0
ENSG00000121957	GPSM2	G protein signaling modulator 2	protein_coding	0.00433170796516064	0.0	0
ENSG00000075223	SEMA3C	semaphorin 3C	protein_coding	0.004434596658109108	0.0	0
ENSG00000136937	NCBP1	nuclear cap binding protein subunit 1	protein_coding	0.00433170796516064	0.0	0
ENSG00000198780	FAM169A	family with sequence similarity 169 member A	protein_coding	0.0043158520670518435	0.0	0
ENSG00000008517	IL32	interleukin 32	protein_coding	0.0043089891150176	0.0	0
ENSG00000185436	IFNLR1	interferon lambda receptor 1	protein_coding	0.004303524526417546	0.0	0
ENSG00000148671	ADIRF	adipogenesis regulatory factor	protein_coding	0.004292422915498039	0.0	0
ENSG00000137073	UBAP2	ubiquitin associated protein 2	protein_coding	0.0042851967859053736	0.0	0
ENSG00000154734	ADAMTS1	ADAM metallopeptidase with thrombospondin type 1 motif 1	protein_coding	0.0036957985468470188	0.0	0
ENSG00000147654	EBAG9	estrogen receptor binding site associated antigen 9	protein_coding	0.004284910859543144	0.0	0
ENSG00000176783	RUFY1	RUN and FYVE domain containing 1	protein_coding	0.004368857649458317	0.0	0
ENSG00000104205	SGK3	serum/glucocorticoid regulated kinase family member 3	protein_coding	0.004371821090032285	0.0	0
ENSG00000073711	PPP2R3A	protein phosphatase 2 regulatory subunit B''alpha	protein_coding	0.004371981437237611	0.0	0
ENSG00000187097	ENTPD5	ectonucleoside triphosphate diphosphohydrolase 5 (inactive)	protein_coding	0.004374194695738165	0.0	0
ENSG00000134982	APC	APC regulator of Wnt signaling pathway	protein_coding	0.004420206969196867	0.0	0
ENSG00000170835	CEL	carboxyl ester lipase	protein_coding	0.0036957985468470188	0.0	0
ENSG00000164484	TMEM200A	transmembrane protein 200A	protein_coding	0.0036957985468470188	0.0	0
ENSG00000038002	AGA	aspartylglucosaminidase	protein_coding	0.0044144260420672715	0.0	0
ENSG00000019582	CD74	CD74 molecule	protein_coding	0.0044144260420672715	0.0	0
ENSG00000119514	GALNT12	polypeptide N-acetylgalactosaminyltransferase 12	protein_coding	0.0044144260420672715	0.0	0
ENSG00000204178	MACO1	macoilin 1	protein_coding	0.004412067708809332	0.0	0
ENSG00000046604	DSG2	desmoglein 2	protein_coding	0.004404503724334037	0.0	0
ENSG00000164548	TRA2A	transformer 2 alpha homolog	protein_coding	0.004401152880695129	0.0	0
ENSG00000137745	MMP13	matrix metallopeptidase 13	protein_coding	0.0036957985468470188	0.0	0
ENSG00000213760	ATP6V1G2	ATPase H+ transporting V1 subunit G2	protein_coding	0.0036957985468470188	0.0	0
ENSG00000162755	KLHDC9	kelch domain containing 9	protein_coding	0.004396849195127681	0.0	0
ENSG00000185052	SLC24A3	solute carrier family 24 member 3	protein_coding	0.004396168579318672	0.0	0
ENSG00000155970	MICU3	mitochondrial calcium uptake 3	protein_coding	0.004390366399477174	0.0	0
ENSG00000265666	RARA-AS1	RARA antisense RNA 1	lncRNA	0.004386695832645086	0.0	0
ENSG00000197619	ZNF615	zinc finger protein 615	protein_coding	0.004383385440733752	0.0	0
ENSG00000111860	CEP85L	centrosomal protein 85L	protein_coding	0.004379025499063717	0.0	0
ENSG00000116747	RO60	Ro60, Y RNA binding protein	protein_coding	0.00406537840153172	0.0	0
ENSG00000126709	IFI6	interferon alpha inducible protein 6	protein_coding	0.00406537840153172	0.0	0
ENSG00000085276	MECOM	MDS1 and EVI1 complex locus	protein_coding	0.00406537840153172	0.0	0
ENSG00000153006	SREK1IP1	SREK1 interacting protein 1	protein_coding	0.00369674875025079	0.0	0
ENSG00000129353	SLC44A2	solute carrier family 44 member 2 (CTL2 blood group)	protein_coding	0.003719883349893186	0.0	0
ENSG00000152409	JMY	junction mediating and regulatory protein, p53 cofactor	protein_coding	0.003719837028301919	0.0	0
ENSG00000251369	ZNF550	zinc finger protein 550	protein_coding	0.003719091142963543	0.0	0
ENSG00000160124	MIX23	mitochondrial matrix import factor 23	protein_coding	0.003716676074470572	0.0	0
ENSG00000197119	SLC25A29	solute carrier family 25 member 29	protein_coding	0.00371218465072847	0.0	0
ENSG00000180787	ZFP3	ZFP3 zinc finger protein	protein_coding	0.003709880453036963	0.0	0
ENSG00000100276	RASL10A	RAS like family 10 member A	protein_coding	0.0037071427722148373	0.0	0
ENSG00000178852	EFCAB13	EF-hand calcium binding domain 13	protein_coding	0.0037027973753546144	0.0	0
ENSG00000198369	SPRED2	sprouty related EVH1 domain containing 2	protein_coding	0.0036957985468470188	0.0	0
ENSG00000078399	HOXA9	homeobox A9	protein_coding	0.0036957985468470188	0.0	0
ENSG00000204625	HCG9	HLA complex group 9	lncRNA	0.0036957985468470188	0.0	0
ENSG00000197062	ZSCAN26	zinc finger and SCAN domain containing 26	protein_coding	0.0036957985468470188	0.0	0
ENSG00000145715	RASA1	RAS p21 protein activator 1	protein_coding	0.0036957985468470188	0.0	0
ENSG00000116604	MEF2D	myocyte enhancer factor 2D	protein_coding	0.0036957985468470188	0.0	0
ENSG00000164761	TNFRSF11B	TNF receptor superfamily member 11b	protein_coding	0.0036957985468470188	0.0	0
ENSG00000128268	MGAT3	beta-1,4-mannosyl-glycoprotein 4-beta-N-acetylglucosaminyltransferase	protein_coding	0.0036957985468470188	0.0	0
ENSG00000117410	ATP6V0B	ATPase H+ transporting V0 subunit b	protein_coding	0.0036957985468470188	0.0	0
ENSG00000263639	MSMB	microseminoprotein beta	protein_coding	0.0036957985468470188	0.0	0
ENSG00000114904	NEK4	NIMA related kinase 4	protein_coding	0.003719898889205875	0.0	0
ENSG00000278588	H2BC10	H2B clustered histone 10	protein_coding	0.0037211000909238914	0.0	0
ENSG00000075856	SART3	spliceosome associated factor 3, U4/U6 recycling protein	protein_coding	0.0037213301701527193	0.0	0
ENSG00000094880	CDC23	cell division cycle 23	protein_coding	0.0037238408124986595	0.0	0
ENSG00000164187	LMBRD2	LMBR1 domain containing 2	protein_coding	0.0037731136291663343	0.0	0
ENSG00000130856	ZNF236	zinc finger protein 236	protein_coding	0.0037701950223775755	0.0	0
ENSG00000198408	OGA	O-GlcNAcase	protein_coding	0.0037676612963690433	0.0	0
ENSG00000124786	SLC35B3	solute carrier family 35 member B3	protein_coding	0.0037654091928700875	0.0	0
ENSG00000078098	FAP	fibroblast activation protein alpha	protein_coding	0.0037573951892944687	0.0	0
ENSG00000163291	PAQR3	progestin and adipoQ receptor family member 3	protein_coding	0.003753774839085294	0.0	0
ENSG00000118496	FBXO30	F-box protein 30	protein_coding	0.0037533468554330693	0.0	0
ENSG00000184384	MAML2	mastermind like transcriptional coactivator 2	protein_coding	0.003745117215526765	0.0	0
ENSG00000119771	KLHL29	kelch like family member 29	protein_coding	0.0037421022234110264	0.0	0
ENSG00000105185	PDCD5	programmed cell death 5	protein_coding	0.00374169388412357	0.0	0
ENSG00000182749	PAQR7	progestin and adipoQ receptor family member 7	protein_coding	0.003734617882717974	0.0	0
ENSG00000153936	HS2ST1	heparan sulfate 2-O-sulfotransferase 1	protein_coding	0.003733971654305842	0.0	0
ENSG00000088451	TGDS	TDP-glucose 4,6-dehydratase	protein_coding	0.003726099416448905	0.0	0
ENSG00000090674	MCOLN1	mucolipin TRP cation channel 1	protein_coding	0.0036957985468470188	0.0	0
ENSG00000078808	SDF4	stromal cell derived factor 4	protein_coding	0.0037251593692533597	0.0	0
ENSG00000093072	ADA2	adenosine deaminase 2	protein_coding	0.0036957985468470188	0.0	0
ENSG00000185896	LAMP1	lysosome associated membrane protein 1	protein_coding	0.0036957985468470188	0.0	0
ENSG00000090674	MCOLN1	mucolipin TRP cation channel 1	protein_coding	0.0036957985468470188	0.0	0
ENSG00000241058	NSUN6	NOP2/Sun RNA methyltransferase 6	protein_coding	0.0036957985468470188	0.0	0
ENSG00000248527	MTATP6P1	MT-ATP6 pseudogene 1	unprocessed_pseudogene	0.00406537840153172	0.0	0
ENSG00000221955	SLC12A8	solute carrier family 12 member 8	protein_coding	0.0036957985468470188	0.0	0
ENSG00000171195	MUC7	mucin 7, secreted	protein_coding	0.0036957985468470188	0.0	0
ENSG00000118903	BTF3P11	basic transcription factor 3 pseudogene 11	processed_pseudogene	0.0036957985468470188	0.0	0
ENSG00000186818	LILRB4	leukocyte immunoglobulin like receptor B4	protein_coding	0.0036957985468470188	0.0	0
ENSG00000132510	KDM6B	lysine demethylase 6B	protein_coding	0.0036957985468470188	0.0	0
ENSG00000115738	ID2	inhibitor of DNA binding 2	protein_coding	0.0036957985468470188	0.0	0
ENSG00000142227	EMP3	epithelial membrane protein 3 (MAM blood group)	protein_coding	0.0036957985468470188	0.0	0
ENSG00000115267	IFIH1	interferon induced with helicase C domain 1	protein_coding	0.0036957985468470188	0.0	0
ENSG00000123561	SERPINA7	serpin family A member 7	protein_coding	0.0036957985468470188	0.0	0
ENSG00000173598	NUDT4	nudix hydrolase 4	protein_coding	0.0036957985468470188	0.0	0
ENSG00000204569	PPP1R10	protein phosphatase 1 regulatory subunit 10	protein_coding	0.0036957985468470188	0.0	0
ENSG00000119801	YPEL5	yippee like 5	protein_coding	0.0036957985468470188	0.0	0
ENSG00000196188	CTSE	cathepsin E	protein_coding	0.0036957985468470188	0.0	0
ENSG00000181847	TIGIT	T cell immunoreceptor with Ig and ITIM domains	protein_coding	0.0036957985468470188	0.0	0
ENSG00000164754	RAD21	RAD21 cohesin complex component	protein_coding	0.0036957985468470188	0.0	0
ENSG00000037474	NSUN2	NOP2/Sun RNA methyltransferase 2	protein_coding	0.0036957985468470188	0.0	0
ENSG00000149658	YTHDF1	YTH N6-methyladenosine RNA binding protein F1	protein_coding	0.0036957985468470188	0.0	0
ENSG00000175387	SMAD2	SMAD family member 2	protein_coding	0.0036957985468470188	0.0	0
ENSG00000137804	NUSAP1	nucleolar and spindle associated protein 1	protein_coding	0.0036957985468470188	0.0	0
ENSG00000078399	HOXA9	homeobox A9	protein_coding	0.0036957985468470188	0.0	0
ENSG00000206432	TMEM200C	transmembrane protein 200C	protein_coding	0.0036957985468470188	0.0	0
ENSG00000204569	PPP1R10	protein phosphatase 1 regulatory subunit 10	protein_coding	0.0036957985468470188	0.0	0
ENSG00000179403	VWA1	von Willebrand factor A domain containing 1	protein_coding	0.0036957985468470188	0.0	0
ENSG00000138448	ITGAV	integrin subunit alpha V	protein_coding	0.0036957985468470188	0.0	0
ENSG00000204592	HLA-E	major histocompatibility complex, class I, E	protein_coding	0.0036957985468470188	0.0	0
ENSG00000178726	THBD	thrombomodulin	protein_coding	0.0036957985468470188	0.0	0
ENSG00000198807	PAX9	paired box 9	protein_coding	0.0036957985468470188	0.0	0
ENSG00000204301	NOTCH4	notch receptor 4	protein_coding	0.0036957985468470188	0.0	0
ENSG00000163932	PRKCD	protein kinase C delta	protein_coding	0.0036957985468470188	0.0	0
ENSG00000111206	FOXM1	forkhead box M1	protein_coding	0.0036957985468470188	0.0	0
ENSG00000141086	CTRL	chymotrypsin like	protein_coding	0.0036957985468470188	0.0	0
ENSG00000186827	TNFRSF4	TNF receptor superfamily member 4	protein_coding	0.0036957985468470188	0.0	0
ENSG00000128340	RAC2	Rac family small GTPase 2	protein_coding	0.0036957985468470188	0.0	0
ENSG00000012171	SEMA3B	semaphorin 3B	protein_coding	0.0036957985468470188	0.0	0
ENSG00000070831	CDC42	cell division cycle 42	protein_coding	0.0036957985468470188	0.0	0
ENSG00000176919	C8G	complement C8 gamma chain	protein_coding	0.0036957985468470188	0.0	0
ENSG00000163110	PDLIM5	PDZ and LIM domain 5	protein_coding	0.0036957985468470188	0.0	0
ENSG00000135541	AHI1	Abelson helper integration site 1	protein_coding	0.0036957985468470188	0.0	0
ENSG00000204592	HLA-E	major histocompatibility complex, class I, E	protein_coding	0.0036957985468470188	0.0	0
ENSG00000070614	NDST1	N-deacetylase and N-sulfotransferase 1	protein_coding	0.0036957985468470188	0.0	0
ENSG00000033030	ZCCHC8	zinc finger CCHC-type containing 8	protein_coding	0.003780434085140424	0.0	0
ENSG00000135333	EPHA7	EPH receptor A7	protein_coding	0.0037833623192293046	0.0	0
ENSG00000143319	ISG20L2	interferon stimulated exonuclease gene 20 like 2	protein_coding	0.0038070612580416246	0.0	0
ENSG00000140564	FURIN	furin, paired basic amino acid cleaving enzyme	protein_coding	0.003989712591001298	0.0	0
ENSG00000171345	KRT19	keratin 19	protein_coding	0.0036957985468470188	0.0	0
ENSG00000040731	CDH10	cadherin 10	protein_coding	0.00403001382441976	0.0	0
ENSG00000167977	KCTD5	potassium channel tetramerization domain containing 5	protein_coding	0.004018273614075113	0.0	0
ENSG00000112531	QKI	QKI, KH domain containing RNA binding	protein_coding	0.0036957985468470188	0.0	0
ENSG00000113456	RAD1	RAD1 checkpoint DNA exonuclease	protein_coding	0.0036957985468470188	0.0	0
ENSG00000108774	RAB5C	RAB5C, member RAS oncogene family	protein_coding	0.004015007358227511	0.0	0
ENSG00000143614	GATAD2B	GATA zinc finger domain containing 2B	protein_coding	0.004011713596530041	0.0	0
ENSG00000204091	TDRG1	testis development related 1	lncRNA	0.004011339422058525	0.0	0
ENSG00000112320	SOBP	sine oculis binding protein homolog	protein_coding	0.003987874167595758	0.0	0
ENSG00000177613	CSTF2T	cleavage stimulation factor subunit 2 tau variant	protein_coding	0.0038113564988106947	0.0	0
ENSG00000132122	SPATA6	spermatogenesis associated 6	protein_coding	0.0039877256925395085	0.0	0
ENSG00000116106	EPHA4	EPH receptor A4	protein_coding	0.0039759836123742145	0.0	0
ENSG00000111252	SH2B3	SH2B adaptor protein 3	protein_coding	0.0036957985468470188	0.0	0
ENSG00000100580	TMED8	transmembrane p24 trafficking protein family member 8	protein_coding	0.003965127621236315	0.0	0
ENSG00000163625	WDFY3	WD repeat and FYVE domain containing 3	protein_coding	0.0039645617442245285	0.0	0
ENSG00000277224	H2BC7	H2B clustered histone 7	protein_coding	0.003962603467512622	0.0	0
ENSG00000181915	ADO	2-aminoethanethiol dioxygenase	protein_coding	0.003957217738264048	0.0	0
ENSG00000118432	CNR1	cannabinoid receptor 1	protein_coding	0.003949987358013497	0.0	0
ENSG00000164542	MATCAP2	microtubule associated tyrosine carboxypeptidase 2	protein_coding	0.004033716690414344	0.0	0
ENSG00000147439	BIN3	bridging integrator 3	protein_coding	0.004037862534543707	0.0	0
ENSG00000109016	DHRS7B	dehydrogenase/reductase 7B	protein_coding	0.004039207994163043	0.0	0
ENSG00000165660	ABRAXAS2	abraxas 2, BRISC complex subunit	protein_coding	0.0040400970554157895	0.0	0
ENSG00000129988	LBP	lipopolysaccharide binding protein	protein_coding	0.00406537840153172	0.0	0
ENSG00000107105	ELAVL2	ELAV like RNA binding protein 2	protein_coding	0.00406537840153172	0.0	0
ENSG00000164362	TERT	telomerase reverse transcriptase	protein_coding	0.00406537840153172	0.0	0
ENSG00000204290	BTNL2	butyrophilin like 2	protein_coding	0.0036957985468470188	0.0	0
ENSG00000105202	FBL	fibrillarin rRNA 2'-O-methyltransferase	protein_coding	0.00406537840153172	0.0	0
ENSG00000204291	COL15A1	collagen type XV alpha 1 chain	protein_coding	0.00406537840153172	0.0	0
ENSG00000116898	MRPS15	mitochondrial ribosomal protein S15	protein_coding	0.00406537840153172	0.0	0
ENSG00000167207	NOD2	nucleotide binding oligomerization domain containing 2	protein_coding	0.00406537840153172	0.0	0
ENSG00000091879	ANGPT2	angiopoietin 2	protein_coding	0.00406537840153172	0.0	0
ENSG00000105246	EBI3	Epstein-Barr virus induced 3	protein_coding	0.00406537840153172	0.0	0
ENSG00000158467	AHCYL2	adenosylhomocysteinase like 2	protein_coding	0.004061956151716045	0.0	0
ENSG00000138821	SLC39A8	solute carrier family 39 member 8	protein_coding	0.0036957985468470188	0.0	0
ENSG00000158113	LRRC43	leucine rich repeat containing 43	protein_coding	0.004061956151716045	0.0	0
ENSG00000164181	ELOVL7	ELOVL fatty acid elongase 7	protein_coding	0.004055970226537993	0.0	0
ENSG00000238039	ENSG00000238039	novel transcript	lncRNA	0.004050539647661469	0.0	0
ENSG00000240694	PNMA2	PNMA family member 2	protein_coding	0.0040490462985656225	0.0	0
ENSG00000141385	AFG3L2	AFG3 like matrix AAA peptidase subunit 2	protein_coding	0.004046406720979802	0.0	0
ENSG00000164114	MAP9	microtubule associated protein 9	protein_coding	0.003949565766574879	0.0	0
ENSG00000204618	RNF39	ring finger protein 39	protein_coding	0.003949565766574879	0.0	0
ENSG00000128245	YWHAH	tyrosine 3-monooxygenase/tryptophan 5-monooxygenase activation protein eta	protein_coding	0.0036957985468470188	0.0	0
ENSG00000006652	IFRD1	interferon related developmental regulator 1	protein_coding	0.0038694799372333034	0.0	0
ENSG00000183918	SH2D1A	SH2 domain containing 1A	protein_coding	0.003860056260040219	0.0	0
ENSG00000186470	BTN3A2	butyrophilin subfamily 3 member A2	protein_coding	0.003860056260040219	0.0	0
ENSG00000261071	ENSG00000261071	novel transcript, antisense to NOL7	lncRNA	0.0038546196769066125	0.0	0
ENSG00000145246	ATP10D	ATPase phospholipid transporting 10D (putative)	protein_coding	0.003852942587712672	0.0	0
ENSG00000198373	WWP2	WW domain containing E3 ubiquitin protein ligase 2	protein_coding	0.0036957985468470188	0.0	0
ENSG00000159086	PAXBP1	PAX3 and PAX7 binding protein 1	protein_coding	0.0038525375594068182	0.0	0
ENSG00000147050	KDM6A	lysine demethylase 6A	protein_coding	0.0038497357923895034	0.0	0
ENSG00000113212	PCDHB7	protocadherin beta 7	protein_coding	0.003847458898440127	0.0	0
ENSG00000143622	RIT1	Ras like without CAAX 1	protein_coding	0.003847124471549281	0.0	0
ENSG00000183323	CCDC125	coiled-coil domain containing 125	protein_coding	0.0038444791697811345	0.0	0
ENSG00000136213	CHST12	carbohydrate sulfotransferase 12	protein_coding	0.0038227271555334227	0.0	0
ENSG00000245937	SLC12A2-DT	SLC12A2 divergent transcript	lncRNA	0.003814642855856185	0.0	0
ENSG00000059769	DNAJC25	DnaJ heat shock protein family (Hsp40) member C25	protein_coding	0.003814091944073179	0.0	0
ENSG00000183255	PTTG1IP	PTTG1 interacting protein	protein_coding	0.0036957985468470188	0.0	0
ENSG00000184897	H1-10	H1.10 linker histone	protein_coding	0.0038131595383399737	0.0	0
ENSG00000144233	AMMECR1L	AMMECR1 like	protein_coding	0.0038124485235802807	0.0	0
ENSG00000166575	TMEM135	transmembrane protein 135	protein_coding	0.003811975602301893	0.0	0
ENSG00000081800	SLC13A1	solute carrier family 13 member 1	protein_coding	0.003865184661535979	0.0	0
ENSG00000175505	CLCF1	cardiotrophin like cytokine factor 1	protein_coding	0.0044349582562164215	0.0	0
ENSG00000081870	IFT25	intraflagellar transport 25	protein_coding	0.003944331153683523	0.0	0
ENSG00000027001	MIPEP	mitochondrial intermediate peptidase	protein_coding	0.003870534977420117	0.0	0
ENSG00000143702	CEP170	centrosomal protein 170	protein_coding	0.0039379788799964455	0.0	0
ENSG00000108433	GOSR2	golgi SNAP receptor complex member 2	protein_coding	0.003932329653845226	0.0	0
ENSG00000167995	BEST1	bestrophin 1	protein_coding	0.003931797671012318	0.0	0
ENSG00000104472	CHRAC1	chromatin accessibility complex subunit 1	protein_coding	0.003930188657410227	0.0	0
ENSG00000278705	H4C2	H4 clustered histone 2	protein_coding	0.003927827873752998	0.0	0
ENSG00000063978	RNF4	ring finger protein 4	protein_coding	0.003919349346144118	0.0	0
ENSG00000143858	SYT2	synaptotagmin 2	protein_coding	0.003916799426419306	0.0	0
ENSG00000148090	AUH	AU RNA binding methylglutaconyl-CoA hydratase	protein_coding	0.003915282306662227	0.0	0
ENSG00000185875	THNSL1	threonine synthase like 1	protein_coding	0.003911498826575999	0.0	0
ENSG00000132842	AP3B1	adaptor related protein complex 3 subunit beta 1	protein_coding	0.003909799591970295	0.0	0
ENSG00000180354	MTURN	maturin, neural progenitor differentiation regulator homolog	protein_coding	0.003909671528999673	0.0	0
ENSG00000173531	MST1	macrophage stimulating 1	protein_coding	0.0036957985468470188	0.0	0
ENSG00000185883	ATP6V0C	ATPase H+ transporting V0 subunit c	protein_coding	0.0036957985468470188	0.0	0
ENSG00000174951	FUT1	fucosyltransferase 1 (H blood group)	protein_coding	0.0038959876348012316	0.0	0
ENSG00000124659	TBCC	tubulin folding cofactor C	protein_coding	0.003890389810026321	0.0	0
ENSG00000117569	PTBP2	polypyrimidine tract binding protein 2	protein_coding	0.0038738159270511486	0.0	0
ENSG00000183134	PTGDR2	prostaglandin D2 receptor 2	protein_coding	0.0038738159270511486	0.0	0
ENSG00000204616	TRIM31	tripartite motif containing 31	protein_coding	0.0044349582562164215	0.0	0
ENSG00000037749	MFAP3	microfibril associated protein 3	protein_coding	0.004560233458324298	0.0	0
ENSG00000136944	LMX1B	LIM homeobox transcription factor 1 beta	protein_coding	0.0044349582562164215	0.0	0
ENSG00000151632	AKR1C2	aldo-keto reductase family 1 member C2	protein_coding	0.005245980715107851	0.0	0
ENSG00000229807	XIST	X inactive specific transcript	lncRNA	0.00528068742096964	0.0	0
ENSG00000205791	LOH12CR2	loss of heterozygosity on chromosome 12, region 2	lncRNA	0.00527855861881143	0.0	0
ENSG00000143194	MAEL	maelstrom spermatogenic transposon silencer	protein_coding	0.005271463874066353	0.0	0
ENSG00000197362	ZNF786	zinc finger protein 786	protein_coding	0.005257343734289124	0.0	0
ENSG00000104825	NFKBIB	NFKB inhibitor beta	protein_coding	0.005255891132264082	0.0	0
ENSG00000196449	YRDC	yrdC N6-threonylcarbamoyltransferase domain containing	protein_coding	0.0052533611813549135	0.0	0
ENSG00000198948	MFAP3L	microfibril associated protein 3 like	protein_coding	0.0052520302918130915	0.0	0
ENSG00000005339	CREBBP	CREB binding lysine acetyltransferase 	protein_coding	0.005245980715107851	0.0	0
ENSG00000187134	AKR1C1	aldo-keto reductase family 1 member C1	protein_coding	0.005245980715107851	0.0	0
ENSG00000150656	CNDP1	carnosine dipeptidase 1	protein_coding	0.00523985819593641	0.0	0
ENSG00000111554	SAXO6	stabilizer of axonemal microtubules 6	protein_coding	0.005298926224949578	0.0	0
ENSG00000129244	ATP1B2	ATPase Na+/K+ transporting subunit beta 2	protein_coding	0.0052376701824445645	0.0	0
ENSG00000164111	ANXA5	annexin A5	protein_coding	0.0052357146080332755	0.0	0
ENSG00000196611	MMP1	matrix metallopeptidase 1	protein_coding	0.0052357146080332755	0.0	0
ENSG00000168936	TMEM129	transmembrane protein 129, E3 ubiquitin ligase	protein_coding	0.005231846711491232	0.0	0
ENSG00000277075	H2AC8	H2A clustered histone 8	protein_coding	0.005231745336279464	0.0	0
ENSG00000172264	MACROD2	mono-ADP ribosylhydrolase 2	protein_coding	0.005221658706121294	0.0	0
ENSG00000173253	DMRT2	doublesex and mab-3 related transcription factor 2	protein_coding	0.005211462266832599	0.0	0
ENSG00000185219	ZNF445	zinc finger protein 445	protein_coding	0.005200313669346826	0.0	0
ENSG00000168778	TCTN2	tectonic family member 2	protein_coding	0.005192672388565524	0.0	0
ENSG00000136870	ZNF189	zinc finger protein 189	protein_coding	0.005285186685340377	0.0	0
ENSG00000126003	PLAGL2	PLAG1 like zinc finger 2	protein_coding	0.005303879346771991	0.0	0
ENSG00000173085	COQ2	coenzyme Q2, polyprenyltransferase	protein_coding	0.0044349582562164215	0.0	0
ENSG00000276070	CCL4L2	C-C motif chemokine ligand 4 like 2	protein_coding	0.005358907892928176	0.0	0
ENSG00000166825	ANPEP	alanyl aminopeptidase, membrane	protein_coding	0.005428306776752304	0.0	0
ENSG00000129028	THAP10	THAP domain containing 10	protein_coding	0.005409219216609286	0.0	0
ENSG00000140545	MFGE8	milk fat globule EGF and factor V/VIII domain containing	protein_coding	0.0054045066087726225	0.0	0
ENSG00000012174	MBTPS2	membrane bound transcription factor peptidase, site 2	protein_coding	0.005401180770207344	0.0	0
ENSG00000182963	GJC1	gap junction protein gamma 1	protein_coding	0.005399961106644808	0.0	0
ENSG00000168827	GFM1	G elongation factor mitochondrial 1	protein_coding	0.005398260251291968	0.0	0
ENSG00000158528	PPP1R9A	protein phosphatase 1 regulatory subunit 9A	protein_coding	0.005391166997350827	0.0	0
ENSG00000169860	P2RY1	purinergic receptor P2Y1	protein_coding	0.005380679088339321	0.0	0
ENSG00000104689	TNFRSF10A	TNF receptor superfamily member 10a	protein_coding	0.00537430705354004	0.0	0
ENSG00000124721	DNAH8	dynein axonemal heavy chain 8	protein_coding	0.005358907892928176	0.0	0
ENSG00000091137	SLC26A4	solute carrier family 26 member 4	protein_coding	0.005306241372251302	0.0	0
ENSG00000103546	SLC6A2	solute carrier family 6 member 2	protein_coding	0.005356932802500584	0.0	0
ENSG00000279541	ENSG00000279541			0.005352070464684815	0.0	0
ENSG00000197461	PDGFA	platelet derived growth factor subunit A	protein_coding	0.00534934638055328	0.0	0
ENSG00000135968	GCC2	GRIP and coiled-coil domain containing 2	protein_coding	0.005343626125627508	0.0	0
ENSG00000120833	SOCS2	suppressor of cytokine signaling 2	protein_coding	0.005339313759576808	0.0	0
ENSG00000277632	CCL3	C-C motif chemokine ligand 3	protein_coding	0.00533344794738323	0.0	0
ENSG00000128000	ZNF780B	zinc finger protein 780B	protein_coding	0.0053309415888544666	0.0	0
ENSG00000145692	BHMT	betaine--homocysteine S-methyltransferase	protein_coding	0.005327631152380177	0.0	0
ENSG00000162769	FLVCR1	FLVCR choline and heme transporter 1	protein_coding	0.0053084280463910425	0.0	0
ENSG00000105643	ARRDC2	arrestin domain containing 2	protein_coding	0.005190041284668002	0.0	0
ENSG00000168484	SFTPC	surfactant protein C	protein_coding	0.005188996858051457	0.0	0
ENSG00000100065	CARD10	caspase recruitment domain family member 10	protein_coding	0.005178385407765817	0.0	0
ENSG00000144645	OSBPL10	oxysterol binding protein like 10	protein_coding	0.005094065317996856	0.0	0
ENSG00000163362	INAVA	innate immunity activator	protein_coding	0.0051415102212082125	0.0	0
ENSG00000198121	LPAR1	lysophosphatidic acid receptor 1	protein_coding	0.005139763188569634	0.0	0
ENSG00000101160	CTSZ	cathepsin Z	protein_coding	0.005119177925844046	0.0	0
ENSG00000158850	B4GALT3	beta-1,4-galactosyltransferase 3	protein_coding	0.005116026409948746	0.0	0
ENSG00000164303	ENPP6	ectonucleotide pyrophosphatase/phosphodiesterase 6	protein_coding	0.005113163113851234	0.0	0
ENSG00000147874	HAUS6	HAUS augmin like complex subunit 6	protein_coding	0.005106185695434909	0.0	0
ENSG00000196792	STRN3	striatin 3	protein_coding	0.005105564705735902	0.0	0
ENSG00000087258	GNAO1	G protein subunit alpha o1	protein_coding	0.005097520654466986	0.0	0
ENSG00000176597	B3GNT5	UDP-GlcNAc:betaGal beta-1,3-N-acetylglucosaminyltransferase 5	protein_coding	0.005094065317996856	0.0	0
ENSG00000198881	ASB12	ankyrin repeat and SOCS box containing 12	protein_coding	0.005092555130164164	0.0	0
ENSG00000111450	STX2	syntaxin 2	protein_coding	0.0051741179655858255	0.0	0
ENSG00000004864	SLC25A13	solute carrier family 25 member 13	protein_coding	0.005091049553599205	0.0	0
ENSG00000171490	RSL1D1	ribosomal L1 domain containing 1	protein_coding	0.0050892689237769404	0.0	0
ENSG00000122042	UBL3	ubiquitin like 3	protein_coding	0.005082049989469203	0.0	0
ENSG00000181789	COPG1	coat protein complex I subunit gamma 1	protein_coding	0.0050791127542004445	0.0	0
ENSG00000163347	CLDN1	claudin 1	protein_coding	0.005070760224447767	0.0	0
ENSG00000136573	BLK	BLK proto-oncogene, Src family tyrosine kinase	protein_coding	0.005063859975604889	0.0	0
ENSG00000139329	LUM	lumican	protein_coding	0.005063859975604889	0.0	0
ENSG00000110721	CHKA	choline kinase alpha	protein_coding	0.0050611907877655	0.0	0
ENSG00000100288	CHKB	choline kinase beta	protein_coding	0.0050611907877655	0.0	0
ENSG00000090097	PCBP4	poly(rC) binding protein 4	protein_coding	0.0051535857514366755	0.0	0
ENSG00000076641	PAG1	phosphoprotein membrane anchor with glycosphingolipid microdomains 1	protein_coding	0.0051535857514366755	0.0	0
ENSG00000151247	EIF4E	eukaryotic translation initiation factor 4E	protein_coding	0.0051535857514366755	0.0	0
ENSG00000102076	OPN1LW	opsin 1, long wave sensitive	protein_coding	0.0051535857514366755	0.0	0
ENSG00000161544	CYGB	cytoglobin	protein_coding	0.0051741179655858255	0.0	0
ENSG00000106462	EZH2	enhancer of zeste 2 polycomb repressive complex 2 subunit	protein_coding	0.0051741179655858255	0.0	0
ENSG00000167157	PRRX2	paired related homeobox 2	protein_coding	0.0051741179655858255	0.0	0
ENSG00000198898	CAPZA2	capping actin protein of muscle Z-line subunit alpha 2	protein_coding	0.0051741179655858255	0.0	0
ENSG00000170989	S1PR1	sphingosine-1-phosphate receptor 1	protein_coding	0.0051741179655858255	0.0	0
ENSG00000125826	RBCK1	RANBP2-type and C3HC4-type zinc finger containing 1	protein_coding	0.0051741179655858255	0.0	0
ENSG00000030419	IKZF2	IKAROS family zinc finger 2	protein_coding	0.0051741179655858255	0.0	0
ENSG00000233276	GPX1	glutathione peroxidase 1	protein_coding	0.0051741179655858255	0.0	0
ENSG00000137309	HMGA1	high mobility group AT-hook 1	protein_coding	0.0051741179655858255	0.0	0
ENSG00000163106	HPGDS	hematopoietic prostaglandin D synthase	protein_coding	0.0051741179655858255	0.0	0
ENSG00000232629	HLA-DQB2	major histocompatibility complex, class II, DQ beta 2	protein_coding	0.005174117965585825	0.0	0
ENSG00000164241	C5orf63	chromosome 5 open reading frame 63	protein_coding	0.0051707624329661505	0.0	0
ENSG00000172469	MANEA	mannosidase endo-alpha	protein_coding	0.00517029598535981	0.0	0
ENSG00000163531	NFASC	neurofascin	protein_coding	0.005168984912048538	0.0	0
ENSG00000189042	ZNF567	zinc finger protein 567	protein_coding	0.005167992627535015	0.0	0
ENSG00000115963	RND3	Rho family GTPase 3	protein_coding	0.00516207190174622	0.0	0
ENSG00000150048	CLEC1A	C-type lectin domain family 1 member A	protein_coding	0.005156415286734445	0.0	0
ENSG00000116675	DNAJC6	DnaJ heat shock protein family (Hsp40) member C6	protein_coding	0.005156415286734445	0.0	0
ENSG00000197122	SRC	SRC proto-oncogene, non-receptor tyrosine kinase	protein_coding	0.0051535857514366755	0.0	0
ENSG00000152061	RABGAP1L	RAB GTPase activating protein 1 like	protein_coding	0.005429386385019291	0.0	0
ENSG00000151136	ABTB3	ankyrin repeat and BTB domain containing 3	protein_coding	0.00542982632117661	0.0	0
ENSG00000038945	MSR1	macrophage scavenger receptor 1	protein_coding	0.005448292126228328	0.0	0
ENSG00000175920	DOK7	docking protein 7	protein_coding	0.0058154752403583995	0.0	0
ENSG00000003989	SLC7A2	solute carrier family 7 member 2	protein_coding	0.005858977182386308	0.0	0
ENSG00000152404	CWF19L2	CWF19 like cell cycle control factor 2	protein_coding	0.005851125476579825	0.0	0
ENSG00000260992	DOCK9-DT	DOCK9 divergent transcript	lncRNA	0.005849804844772585	0.0	0
ENSG00000186919	ZACN	zinc activated ion channel	protein_coding	0.005828801626822853	0.0	0
ENSG00000277972	CISD3	CDGSH iron sulfur domain 3	protein_coding	0.0058248876890768745	0.0	0
ENSG00000174808	BTC	betacellulin	protein_coding	0.005824554029801491	0.0	0
ENSG00000128585	MKLN1	muskelin 1	protein_coding	0.005820641415791821	0.0	0
ENSG00000132970	WASF3	WASP family member 3	protein_coding	0.005820041665925745	0.0	0
ENSG00000229847	EMX2OS	EMX2 opposite strand/antisense RNA	lncRNA	0.005819912302266576	0.0	0
ENSG00000138107	ACTR1A	actin related protein 1A	protein_coding	0.0058086062540167556	0.0	0
ENSG00000135905	DOCK10	dedicator of cytokinesis 10	protein_coding	0.005716339108895522	0.0	0
ENSG00000037897	METTL1	methyltransferase 1, tRNA methylguanosine	protein_coding	0.005806763830694685	0.0	0
ENSG00000106927	AMBP	alpha-1-microglobulin/bikunin precursor	protein_coding	0.005800350497134903	0.0	0
ENSG00000110880	CORO1C	coronin 1C	protein_coding	0.005790590445163965	0.0	0
ENSG00000166947	EPB42	erythrocyte membrane protein band 4.2	protein_coding	0.005779818282985754	0.0	0
ENSG00000229051	LINC01788	long intergenic non-protein coding RNA 1788	lncRNA	0.005770442110963219	0.0	0
ENSG00000150054	MPP7	MAGUK p55 scaffold protein 7	protein_coding	0.00574631332127635	0.0	0
ENSG00000100596	SPTLC2	serine palmitoyltransferase long chain base subunit 2	protein_coding	0.005745530234244283	0.0	0
ENSG00000169306	IL1RAPL1	interleukin 1 receptor accessory protein like 1	protein_coding	0.005728487747612879	0.0	0
ENSG00000004779	NDUFAB1	NADH:ubiquinone oxidoreductase subunit AB1	protein_coding	0.005728487747612879	0.0	0
ENSG00000140749	IGSF6	immunoglobulin superfamily member 6	protein_coding	0.005864285105285072	0.0	0
ENSG00000155465	SLC7A7	solute carrier family 7 member 7	protein_coding	0.005867156327306329	0.0	0
ENSG00000264577	ENSG00000264577	novel transcript, antisense to RPL23A	lncRNA	0.005876822551000795	0.0	0
ENSG00000104369	JPH1	junctophilin 1	protein_coding	0.005879738682935551	0.0	0
ENSG00000141198	TOM1L1	target of myb1 like 1 membrane trafficking protein	protein_coding	0.005940249939858361	0.0	0
ENSG00000151726	ACSL1	acyl-CoA synthetase long chain family member 1	protein_coding	0.005936349238975349	0.0	0
ENSG00000125875	TBC1D20	TBC1 domain family member 20	protein_coding	0.00592209273714046	0.0	0
ENSG00000158987	RAPGEF6	Rap guanine nucleotide exchange factor 6	protein_coding	0.005918783651887771	0.0	0
ENSG00000175084	DES	desmin	protein_coding	0.00591471492994567	0.0	0
ENSG00000198900	TOP1	DNA topoisomerase I	protein_coding	0.005913277674955229	0.0	0
ENSG00000173786	CNP	2',3'-cyclic nucleotide 3' phosphodiesterase	protein_coding	0.005913277674955229	0.0	0
ENSG00000174564	IL20RB	interleukin 20 receptor subunit beta	protein_coding	0.005913277674955229	0.0	0
ENSG00000167711	SERPINF2	serpin family F member 2	protein_coding	0.005913277674955229	0.0	0
ENSG00000101182	PSMA7	proteasome 20S subunit alpha 7	protein_coding	0.005913277674955229	0.0	0
ENSG00000134871	COL4A2	collagen type IV alpha 2 chain	protein_coding	0.005913277674955229	0.0	0
ENSG00000011243	AKAP8L	A-kinase anchoring protein 8 like	protein_coding	0.005913277674955229	0.0	0
ENSG00000135966	TGFBRAP1	transforming growth factor beta receptor associated protein 1	protein_coding	0.005913277674955229	0.0	0
ENSG00000089289	IGBP1	immunoglobulin binding protein 1	protein_coding	0.005913277674955229	0.0	0
ENSG00000267496	FAM215A	family with sequence similarity 215 member A	lncRNA	0.005913277674955229	0.0	0
ENSG00000078795	PKD2L2	polycystin 2 like 2, transient receptor potential cation channel	protein_coding	0.005912449039625171	0.0	0
ENSG00000103335	PIEZO1	piezo type mechanosensitive ion channel component 1 (Er blood group)	protein_coding	0.00589274546080608	0.0	0
ENSG00000124882	EREG	epiregulin	protein_coding	0.00589274546080608	0.0	0
ENSG00000137207	YIPF3	Yip1 domain family member 3	protein_coding	0.005883018721993216	0.0	0
ENSG00000155093	PTPRN2	protein tyrosine phosphatase receptor type N2	protein_coding	0.005728487747612879	0.0	0
ENSG00000132185	FCRLA	Fc receptor like A	protein_coding	0.005707955533463728	0.0	0
ENSG00000144136	SLC20A1	solute carrier family 20 member 1	protein_coding	0.005451410397393751	0.0	0
ENSG00000243480	AMY2A	amylase alpha 2A	protein_coding	0.005523165606121377	0.0	0
ENSG00000148737	TCF7L2	transcription factor 7 like 2	protein_coding	0.005561229739214415	0.0	0
ENSG00000066136	NFYC	nuclear transcription factor Y subunit gamma	protein_coding	0.005557334002372733	0.0	0
ENSG00000101460	MAP1LC3A	microtubule associated protein 1 light chain 3 alpha	protein_coding	0.005543697820270528	0.0	0
ENSG00000156273	BACH1	BACH transcriptional regulator 1	protein_coding	0.005543697820270526	0.0	0
ENSG00000100902	PSMA6	proteasome 20S subunit alpha 6	protein_coding	0.005543697820270526	0.0	0
ENSG00000139278	GLIPR1	GLI pathogenesis related 1	protein_coding	0.005542926113232233	0.0	0
ENSG00000138356	AOX1	aldehyde oxidase 1	protein_coding	0.00553443007889978	0.0	0
ENSG00000275395	FCGBP	Fc gamma binding protein	protein_coding	0.005523165606121377	0.0	0
ENSG00000104164	BLOC1S6	biogenesis of lysosomal organelles complex 1 subunit 6	protein_coding	0.005523165606121377	0.0	0
ENSG00000197497	ZNF665	zinc finger protein 665	protein_coding	0.005520760098836501	0.0	0
ENSG00000147003	CLTRN	collectrin, amino acid transport regulator	protein_coding	0.0057068490667321475	0.0	0
ENSG00000139737	SLAIN1	SLAIN motif family member 1	protein_coding	0.005520760098836501	0.0	0
ENSG00000188215	DCUN1D3	defective in cullin neddylation 1 domain containing 3	protein_coding	0.00551613150037746	0.0	0
ENSG00000114520	SNX4	sorting nexin 4	protein_coding	0.005509303647998203	0.0	0
ENSG00000109618	SEPSECS	Sep (O-phosphoserine) tRNA:Sec (selenocysteine) tRNA synthase	protein_coding	0.005482110831736502	0.0	0
ENSG00000128833	MYO5C	myosin VC	protein_coding	0.005477146297655785	0.0	0
ENSG00000159110	IFNAR2	interferon alpha and beta receptor subunit 2	protein_coding	0.0054702905752029235	0.0	0
ENSG00000179981	TSHZ1	teashirt zinc finger homeobox 1	protein_coding	0.005461148548265228	0.0	0
ENSG00000275896	PRSS2	serine protease 2	protein_coding	0.005458476560808197	0.0	0
ENSG00000147642	SYBU	syntabulin	protein_coding	0.00545684148986787	0.0	0
ENSG00000167306	MYO5B	myosin VB	protein_coding	0.005570577732798493	0.0	0
ENSG00000198805	PNP	purine nucleoside phosphorylase	protein_coding	0.005578697993478574	0.0	0
ENSG00000168502	MTCL1	microtubule crosslinking factor 1	protein_coding	0.0055816708674954665	0.0	0
ENSG00000271918	COMMD10-AS1	COMMD10 antisense RNA 1	lncRNA	0.005582756254592828	0.0	0
ENSG00000035862	TIMP2	TIMP metallopeptidase inhibitor 2	protein_coding	0.005697689426389152	0.0	0
ENSG00000140795	MYLK3	myosin light chain kinase 3	protein_coding	0.00569248566409524	0.0	0
ENSG00000188419	CHM	CHM Rab escort protein	protein_coding	0.005676368077190804	0.0	0
ENSG00000102547	CAB39L	calcium binding protein 39 like	protein_coding	0.005674318973204336	0.0	0
ENSG00000149289	ZC3H12C	zinc finger CCCH-type containing 12C	protein_coding	0.005669120045652206	0.0	0
ENSG00000157315	TMED6	transmembrane p24 trafficking protein 6	protein_coding	0.005639691353043539	0.0	0
ENSG00000115825	PRKD3	protein kinase D3	protein_coding	0.0056297514112749235	0.0	0
ENSG00000261455	LINC01003	long intergenic non-protein coding RNA 1003	lncRNA	0.005626397834395143	0.0	0
ENSG00000257894	SYT1-AS1	SYT1 antisense RNA 1	lncRNA	0.005622192276811003	0.0	0
ENSG00000127774	EMC6	ER membrane protein complex subunit 6	protein_coding	0.005622192276811003	0.0	0
ENSG00000189292	ALKAL2	ALK and LTK ligand 2	protein_coding	0.005620866919702102	0.0	0
ENSG00000140009	ESR2	estrogen receptor 2	protein_coding	0.0056182297576319404	0.0	0
ENSG00000231887	PRH1	proline rich protein HaeIII subfamily 1	protein_coding	0.005615560569792552	0.0	0
ENSG00000134551	PRH2	proline rich protein HaeIII subfamily 2	protein_coding	0.005615560569792552	0.0	0
ENSG00000136811	ODF2	outer dense fiber of sperm tails 2	protein_coding	0.005601547223283268	0.0	0
ENSG00000184012	TMPRSS2	transmembrane serine protease 2	protein_coding	0.005600930366195499	0.0	0
ENSG00000114638	UPK1B	uroplakin 1B	protein_coding	0.005593799730860347	0.0	0
ENSG00000215277	RNF212B	ring finger protein 212B	protein_coding	0.00559348242048026	0.0	0
ENSG00000119707	RBM25	RNA binding motif protein 25	protein_coding	0.005584942807212402	0.0	0
ENSG00000162368	CMPK1	cytidine/uridine monophosphate kinase 1	protein_coding	0.0050611907877655	0.0	0
ENSG00000118473	SGIP1	SH3GL interacting endocytic adaptor 1	protein_coding	0.00504978179368617	0.0	0
ENSG00000126733	DACH2	dachshund family transcription factor 2	protein_coding	0.005041365063170277	0.0	0
ENSG00000162813	BPNT1	3'(2'), 5'-bisphosphate nucleotidase 1	protein_coding	0.004603584412279427	0.0	0
ENSG00000204687	MAS1L	MAS1 proto-oncogene like, G protein-coupled receptor	protein_coding	0.004619748183558772	0.0	0
ENSG00000136238	RAC1	Rac family small GTPase 1	protein_coding	0.004619748183558772	0.0	0
ENSG00000105855	ITGB8	integrin subunit beta 8	protein_coding	0.004619748183558772	0.0	0
ENSG00000131142	CCL25	C-C motif chemokine ligand 25	protein_coding	0.004619748183558772	0.0	0
ENSG00000075239	ACAT1	acetyl-CoA acetyltransferase 1	protein_coding	0.004619748183558772	0.0	0
ENSG00000224557	HLA-DPB2	major histocompatibility complex, class II, DP beta 2 (pseudogene)	transcribed_unprocessed_pseudogene	0.004619748183558772	0.0	0
ENSG00000180353	HCLS1	hematopoietic cell-specific Lyn substrate 1	protein_coding	0.004619748183558772	0.0	0
ENSG00000168542	COL3A1	collagen type III alpha 1 chain	protein_coding	0.004619748183558772	0.0	0
ENSG00000275410	HNF1B	HNF1 homeobox B	protein_coding	0.004619748183558772	0.0	0
ENSG00000113597	TRAPPC13	trafficking protein particle complex subunit 13	protein_coding	0.0046010573221682395	0.0	0
ENSG00000116698	SMG7	SMG7 nonsense mediated mRNA decay factor	protein_coding	0.00456757540913909	0.0	0
ENSG00000205364	MT1M	metallothionein 1M	protein_coding	0.004599277349305293	0.0	0
ENSG00000141736	ERBB2	erb-b2 receptor tyrosine kinase 2	protein_coding	0.004599215969409622	0.0	0
ENSG00000075624	ACTB	actin beta	protein_coding	0.004599215969409622	0.0	0
ENSG00000176723	ZNF843	zinc finger protein 843	protein_coding	0.004594398538363126	0.0	0
ENSG00000103365	GGA2	golgi associated, gamma adaptin ear containing, ARF binding protein 2	protein_coding	0.004591504457889079	0.0	0
ENSG00000131089	ARHGEF9	Cdc42 guanine nucleotide exchange factor 9	protein_coding	0.004582189559635376	0.0	0
ENSG00000198796	ALPK2	alpha kinase 2	protein_coding	0.0045762483469625505	0.0	0
ENSG00000171428	NAT1	N-acetyltransferase 1	protein_coding	0.004574663221219645	0.0	0
ENSG00000246731	MGC16275	uncharacterized protein MGC16275 	lncRNA	0.004570154452459185	0.0	0
ENSG00000164692	COL1A2	collagen type I alpha 2 chain	protein_coding	0.004619748183558772	0.0	0
ENSG00000154721	JAM2	junctional adhesion molecule 2	protein_coding	0.004619748183558772	0.0	0
ENSG00000007062	PROM1	prominin 1	protein_coding	0.004619748183558772	0.0	0
ENSG00000116701	NCF2	neutrophil cytosolic factor 2	protein_coding	0.004619748183558772	0.0	0
ENSG00000125835	SNRPB	small nuclear ribonucleoprotein polypeptides B and B1	protein_coding	0.004701180369763066	0.0	0
ENSG00000196810	CTBP1-DT	CTBP1 divergent transcript	lncRNA	0.004698833266752105	0.0	0
ENSG00000160867	FGFR4	fibroblast growth factor receptor 4	protein_coding	0.004691610933080798	0.0	0
ENSG00000070886	EPHA8	EPH receptor A8	protein_coding	0.004691610933080798	0.0	0
ENSG00000130311	DDA1	DET1 and DDB1 associated 1	protein_coding	0.0046906397264272	0.0	0
ENSG00000169193	CCDC126	coiled-coil domain containing 126	protein_coding	0.004684155757697865	0.0	0
ENSG00000103196	CRISPLD2	cysteine rich secretory protein LCCL domain containing 2	protein_coding	0.004682473461681188	0.0	0
ENSG00000168298	H1-4	H1.4 linker histone, cluster member	protein_coding	0.004661339078704603	0.0	0
ENSG00000189180	ZNF33A	zinc finger protein 33A	protein_coding	0.004660864322185403	0.0	0
ENSG00000111875	ASF1A	anti-silencing function 1A histone chaperone	protein_coding	0.004660864322185403	0.0	0
ENSG00000116678	LEPR	leptin receptor	protein_coding	0.0046546324150120695	0.0	0
ENSG00000124151	NCOA3	nuclear receptor coactivator 3	protein_coding	0.004648659004418638	0.0	0
ENSG00000238018	SPTBN1-AS2	SPTBN1 antisense RNA 2	lncRNA	0.004646808148341808	0.0	0
ENSG00000078124	ACER3	alkaline ceramidase 3	protein_coding	0.00464502836114471	0.0	0
ENSG00000223715	LINC01208	long intergenic non-protein coding RNA 1208	lncRNA	0.004643507016062781	0.0	0
ENSG00000006453	BAIAP2L1	BAR/IMD domain containing adaptor protein 2 like 1	protein_coding	0.004633359413130528	0.0	0
ENSG00000160360	GPSM1	G protein signaling modulator 1	protein_coding	0.004626436638521649	0.0	0
ENSG00000185453	ZSWIM9	zinc finger SWIM-type containing 9	protein_coding	0.004621582213555024	0.0	0
ENSG00000105929	ATP6V0A4	ATPase H+ transporting V0 subunit a4	protein_coding	0.004619748183558772	0.0	0
ENSG00000172340	SUCLG2	succinate-CoA ligase GDP-forming subunit beta	protein_coding	0.004568248289470672	0.0	0
ENSG00000178458	H3P16	H3 histone pseudogene 16	processed_pseudogene	0.004565953782488	0.0	0
ENSG00000137574	TGS1	trimethylguanosine synthase 1	protein_coding	0.004713129087007317	0.0	0
ENSG00000100490	CDKL1	cyclin dependent kinase like 1	protein_coding	0.004434958256216422	0.0	0
ENSG00000170396	ZNF804A	zinc finger protein 804A	protein_coding	0.0044629615007165365	0.0	0
ENSG00000163071	SPATA18	spermatogenesis associated 18	protein_coding	0.004460759406686996	0.0	0
ENSG00000167491	GATAD2A	GATA zinc finger domain containing 2A	protein_coding	0.004451498881016133	0.0	0
ENSG00000081026	MAGI3	membrane associated guanylate kinase, WW and PDZ domain containing 3	protein_coding	0.004450383971462517	0.0	0
ENSG00000145216	FIP1L1	factor interacting with PAPOLA and CPSF1	protein_coding	0.004439323547804536	0.0	0
ENSG00000196313	POM121	POM121 transmembrane nucleoporin	protein_coding	0.0044385629591270894	0.0	0
ENSG00000198569	SLC34A3	solute carrier family 34 member 3	protein_coding	0.00443533100824212	0.0	0
ENSG00000074319	TSG101	tumor susceptibility 101	protein_coding	0.004434958256216422	0.0	0
ENSG00000198502	HLA-DRB5	major histocompatibility complex, class II, DR beta 5	protein_coding	0.004434958256216422	0.0	0
ENSG00000109971	HSPA8	heat shock protein family A (Hsp70) member 8	protein_coding	0.004434958256216422	0.0	0
ENSG00000172465	TCEAL1	transcription elongation factor A like 1	protein_coding	0.004565953782488	0.0	0
ENSG00000110244	APOA4	apolipoprotein A4	protein_coding	0.004434958256216422	0.0	0
ENSG00000105640	RPL18A	ribosomal protein L18a	protein_coding	0.0044349582562164215	0.0	0
ENSG00000116984	MTR	5-methyltetrahydrofolate-homocysteine methyltransferase	protein_coding	0.0044349582562164215	0.0	0
ENSG00000214160	ALG3	ALG3 alpha-1,3- mannosyltransferase	protein_coding	0.0044349582562164215	0.0	0
ENSG00000134545	KLRC1	killer cell lectin like receptor C1	protein_coding	0.0044349582562164215	0.0	0
ENSG00000202111	VTRNA1-2	vault RNA 1-2	vault_RNA	0.0044349582562164215	0.0	0
ENSG00000104899	AMH	anti-Mullerian hormone	protein_coding	0.0044349582562164215	0.0	0
ENSG00000198001	IRAK4	interleukin 1 receptor associated kinase 4	protein_coding	0.0044349582562164215	0.0	0
ENSG00000132561	MATN2	matrilin 2	protein_coding	0.0044349582562164215	0.0	0
ENSG00000107104	KANK1	KN motif and ankyrin repeat domains 1	protein_coding	0.004465714785675292	0.0	0
ENSG00000100941	PNN	pinin, desmosome associated protein	protein_coding	0.004467485596853963	0.0	0
ENSG00000086712	TXLNG	taxilin gamma	protein_coding	0.004477530647383627	0.0	0
ENSG00000227544	LINC03013	long intergenic non-protein coding RNA 3013	lncRNA	0.004480029699099583	0.0	0
ENSG00000168824	NSG1	neuronal vesicle trafficking associated 1	protein_coding	0.004565953782488	0.0	0
ENSG00000131849	ZNF132	zinc finger protein 132	protein_coding	0.004565774876931956	0.0	0
ENSG00000196569	LAMA2	laminin subunit alpha 2	protein_coding	0.0036957985468470188	0.0	0
ENSG00000185728	YTHDF3	YTH N6-methyladenosine RNA binding protein F3	protein_coding	0.004558849555025977	0.0	0
ENSG00000178502	KLHL11	kelch like family member 11	protein_coding	0.004556454289689946	0.0	0
ENSG00000250682	LINC00491	long intergenic non-protein coding RNA 491	lncRNA	0.00454653167151584	0.0	0
ENSG00000112773	TENT5A	terminal nucleotidyltransferase 5A	protein_coding	0.0045461096478507865	0.0	0
ENSG00000106803	SEC61B	SEC61 translocon subunit beta	protein_coding	0.00453852523816709	0.0	0
ENSG00000181826	RELL1	RELT like 1	protein_coding	0.004533164438107317	0.0	0
ENSG00000160563	MED27	mediator complex subunit 27	protein_coding	0.004528459892072462	0.0	0
ENSG00000170469	SPATA24	spermatogenesis associated 24	protein_coding	0.004523423603486364	0.0	0
ENSG00000065833	ME1	malic enzyme 1	protein_coding	0.004519185337371426	0.0	0
ENSG00000162521	RBBP4	RB binding protein 4, chromatin remodeling factor	protein_coding	0.004517339998211078	0.0	0
ENSG00000076770	MBNL3	muscleblind like splicing regulator 3	protein_coding	0.004510482300567093	0.0	0
ENSG00000118507	AKAP7	A-kinase anchoring protein 7	protein_coding	0.004503395880053814	0.0	0
ENSG00000163879	DNALI1	dynein axonemal light intermediate chain 1	protein_coding	0.00449440209768352	0.0	0
ENSG00000226688	ENTPD1-AS1	ENTPD1 antisense RNA 1	lncRNA	0.0044885896859209766	0.0	0
ENSG00000096093	EFHC1	EF-hand domain containing 1	protein_coding	0.0044841986278769405	0.0	0
ENSG00000014641	MDH1	malate dehydrogenase 1	protein_coding	0.004481134679990215	0.0	0
ENSG00000133111	RFXAP	regulatory factor X associated protein	protein_coding	0.00470154820035505	0.0	0
ENSG00000170892	TSEN34	tRNA splicing endonuclease subunit 34	protein_coding	0.004714455531181181	0.0	0
ENSG00000063180	CA11	carbonic anhydrase 11 (inactive)	protein_coding	0.005039700497175876	0.0	0
ENSG00000171560	FGA	fibrinogen alpha chain	protein_coding	0.0049307586564244915	0.0	0
ENSG00000100077	GRK3	G protein-coupled receptor kinase 3	protein_coding	0.004969646248547199	0.0	0
ENSG00000148337	CIZ1	CDKN1A interacting zinc finger protein 1	protein_coding	0.004969053340726358	0.0	0
ENSG00000163453	IGFBP7	insulin like growth factor binding protein 7	protein_coding	0.004968795824094324	0.0	0
ENSG00000279884	ENSG00000279884			0.004968055170646053	0.0	0
ENSG00000166900	STX3	syntaxin 3	protein_coding	0.004961700206496072	0.0	0
ENSG00000111339	ART4	ADP-ribosyltransferase 4 (inactive) (Dombrock blood group)	protein_coding	0.004958529717019749	0.0	0
ENSG00000213341	CHUK	component of inhibitor of nuclear factor kappa B kinase complex	protein_coding	0.004942480960635092	0.0	0
ENSG00000136999	CCN3	cellular communication network factor 3	protein_coding	0.004942328948307651	0.0	0
ENSG00000171723	GPHN	gephyrin	protein_coding	0.004935035244672654	0.0	0
ENSG00000186472	PCLO	piccolo presynaptic cytomatrix protein	protein_coding	0.004913420677167471	0.0	0
ENSG00000107185	RGP1	RGP1 partner of RAB6A GEF complex	protein_coding	0.004881612535965995	0.0	0
ENSG00000169442	CD52	CD52 molecule	protein_coding	0.004912775603279252	0.0	0
ENSG00000164180	TMEM161B	transmembrane protein 161B	protein_coding	0.00491158698240739	0.0	0
ENSG00000162607	USP1	ubiquitin specific peptidase 1	protein_coding	0.0049115689328944785	0.0	0
ENSG00000188542	DUSP28	dual specificity phosphatase 28	protein_coding	0.004902778683675201	0.0	0
ENSG00000129250	KIF1C	kinesin family member 1C	protein_coding	0.00489843156506416	0.0	0
ENSG00000113492	AGXT2	alanine--glyoxylate aminotransferase 2	protein_coding	0.004897595785856298	0.0	0
ENSG00000227877	MRLN	myoregulin	protein_coding	0.004894703193286384	0.0	0
ENSG00000132388	UBE2G1	ubiquitin conjugating enzyme E2 G1	protein_coding	0.004894427535322953	0.0	0
ENSG00000170919	TPT1-AS1	TPT1 antisense RNA 1	lncRNA	0.004891969597539523	0.0	0
ENSG00000069345	DNAJA2	DnaJ heat shock protein family (Hsp40) member A2	protein_coding	0.004973493693740694	0.0	0
ENSG00000128595	CALU	calumenin	protein_coding	0.004985909438650729	0.0	0
ENSG00000280407	ENSG00000280407			0.004986389591165557	0.0	0
ENSG00000196371	FUT4	fucosyltransferase 4	protein_coding	0.004989328038243475	0.0	0
ENSG00000242808	SOX2-OT	SOX2 overlapping transcript	lncRNA	0.005039438638165066	0.0	0
ENSG00000153944	MSI2	musashi RNA binding protein 2	protein_coding	0.005037244006927672	0.0	0
ENSG00000072135	PTPN18	protein tyrosine phosphatase non-receptor type 18	protein_coding	0.0050367030444913065	0.0	0
ENSG00000117222	RBBP5	RB binding protein 5, histone lysine methyltransferase complex subunit	protein_coding	0.005036320160638574	0.0	0
ENSG00000182199	SHMT2	serine hydroxymethyltransferase 2	protein_coding	0.00503278796512801	0.0	0
ENSG00000183066	WBP2NL	WBP2 N-terminal like	protein_coding	0.005031925094285552	0.0	0
ENSG00000246283	TTBK2-AS1	TTBK2 antisense RNA 1	lncRNA	0.005031739988320031	0.0	0
ENSG00000065135	GNAI3	G protein subunit alpha i3	protein_coding	0.005031034706542141	0.0	0
ENSG00000168394	TAP1	transporter 1, ATP binding cassette subfamily B member	protein_coding	0.005004727198855337	0.0	0
ENSG00000144426	NBEAL1	neurobeachin like 1	protein_coding	0.005000686741889008	0.0	0
ENSG00000228812	LAMA5-AS1	LAMA5 antisense RNA 1	lncRNA	0.004992016990739359	0.0	0
ENSG00000111335	OAS2	2'-5'-oligoadenylate synthetase 2	protein_coding	0.00499007251778442	0.0	0
ENSG00000173432	SAA1	serum amyloid A1	protein_coding	0.004989328038243475	0.0	0
ENSG00000164308	ERAP2	endoplasmic reticulum aminopeptidase 2	protein_coding	0.004989328038243475	0.0	0
ENSG00000110944	IL23A	interleukin 23 subunit alpha	protein_coding	0.004989328038243475	0.0	0
ENSG00000118271	TTR	transthyretin	protein_coding	0.004989328038243475	0.0	0
ENSG00000125571	IL37	interleukin 37	protein_coding	0.004989328038243475	0.0	0
ENSG00000203485	INF2	inverted formin 2	protein_coding	0.004989328038243475	0.0	0
ENSG00000116962	NID1	nidogen 1	protein_coding	0.004989328038243475	0.0	0
ENSG00000224417	ENSG00000224417	novel transcript	lncRNA	0.004883519490590058	0.0	0
ENSG00000244005	NFS1	NFS1 cysteine desulfurase	protein_coding	0.004878466554537466	0.0	0
ENSG00000173276	ZBTB21	zinc finger and BTB domain containing 21	protein_coding	0.004715213453671291	0.0	0
ENSG00000087253	LPCAT2	lysophosphatidylcholine acyltransferase 2	protein_coding	0.0047637674154232985	0.0	0
ENSG00000108953	YWHAE	tyrosine 3-monooxygenase/tryptophan 5-monooxygenase activation protein epsilon	protein_coding	0.004789791067182847	0.0	0
ENSG00000274252	GGTLC3	gamma-glutamyltransferase light chain family member 3	protein_coding	0.004784005896751974	0.0	0
ENSG00000276160	GGTLC5P	gamma-glutamyltransferase light chain 5 pseudogene	unprocessed_pseudogene	0.004784005896751974	0.0	0
ENSG00000230712	GGTLC4P	gamma-glutamyltransferase light chain 4 pseudogene	transcribed_unprocessed_pseudogene	0.004784005896751974	0.0	0
ENSG00000100031	GGT1	gamma-glutamyltransferase 1	protein_coding	0.004784005896751974	0.0	0
ENSG00000243716	NPIPB5	nuclear pore complex interacting protein family member B5	protein_coding	0.004781393205584805	0.0	0
ENSG00000135046	ANXA1	annexin A1	protein_coding	0.004773739789677399	0.0	0
ENSG00000131844	MCCC2	methylcrotonyl-CoA carboxylase subunit 2	protein_coding	0.004766095079581956	0.0	0
ENSG00000132432	SEC61G	SEC61 translocon subunit gamma	protein_coding	0.004765317969977561	0.0	0
ENSG00000089123	TASP1	taspase 1	protein_coding	0.0047616281462182644	0.0	0
ENSG00000069956	MAPK6	mitogen-activated protein kinase 6	protein_coding	0.004878265184555245	0.0	0
ENSG00000185238	PRMT3	protein arginine methyltransferase 3	protein_coding	0.004759877673075941	0.0	0
ENSG00000080845	DLGAP4	DLG associated protein 4	protein_coding	0.004758976270640394	0.0	0
ENSG00000163950	SLBP	stem-loop histone mRNA binding protein	protein_coding	0.004756452298805458	0.0	0
ENSG00000174776	WDR49	WD repeat domain 49	protein_coding	0.004753046442443005	0.0	0
ENSG00000147647	DPYS	dihydropyrimidinase	protein_coding	0.004741815667108308	0.0	0
ENSG00000087088	BAX	BCL2 associated X, apoptosis regulator	protein_coding	0.004735344549218487	0.0	0
ENSG00000106823	ECM2	extracellular matrix protein 2	protein_coding	0.004728859039506897	0.0	0
ENSG00000151229	SLC2A13	solute carrier family 2 member 13	protein_coding	0.00472871978758698	0.0	0
ENSG00000110696	C11orf58	chromosome 11 open reading frame 58	protein_coding	0.004728532969678923	0.0	0
ENSG00000179761	PIPOX	pipecolic acid and sarcosine oxidase	protein_coding	0.00479008798283974	0.0	0
ENSG00000219545	UMAD1	UBAP1-MVB12-associated (UMA) domain containing 1	protein_coding	0.004796373822944006	0.0	0
ENSG00000051523	CYBA	cytochrome b-245 alpha chain	protein_coding	0.0048040738273053395	0.0	0
ENSG00000270123	VTRNA2-1	vault RNA 2-1	vault_RNA	0.004804538110901123	0.0	0
ENSG00000066583	ISOC1	isochorismatase domain containing 1	protein_coding	0.00487640961900159	0.0	0
ENSG00000154832	CXXC1	CXXC finger protein 1	protein_coding	0.00487602705826138	0.0	0
ENSG00000163467	TSACC	TSSK6 activating cochaperone	protein_coding	0.0048734072542064785	0.0	0
ENSG00000104267	CA2	carbonic anhydrase 2	protein_coding	0.004871451239533566	0.0	0
ENSG00000280088	ENSG00000280088			0.004868856039727463	0.0	0
ENSG00000197956	S100A6	S100 calcium binding protein A6	protein_coding	0.004866134753348573	0.0	0
ENSG00000129167	TPH1	tryptophan hydroxylase 1	protein_coding	0.004866134753348573	0.0	0
ENSG00000066422	ZBTB11	zinc finger and BTB domain containing 11	protein_coding	0.004861379762081073	0.0	0
ENSG00000186115	CYP4F2	cytochrome P450 family 4 subfamily F member 2	protein_coding	0.004860139211781679	0.0	0
ENSG00000147231	RADX	RPA1 related single stranded DNA binding protein, X-linked	protein_coding	0.004859467339678416	0.0	0
ENSG00000070081	NUCB2	nucleobindin 2	protein_coding	0.00483475808439756	0.0	0
ENSG00000151779	NBAS	NBAS subunit of NRZ tethering complex	protein_coding	0.004832872566426951	0.0	0
ENSG00000136546	SCN7A	sodium voltage-gated channel alpha subunit 7	protein_coding	0.004832872566426951	0.0	0
ENSG00000154975	CA10	carbonic anhydrase 10 (inactive)	protein_coding	0.00483156295556819	0.0	0
ENSG00000182901	RGS7	regulator of G protein signaling 7	protein_coding	0.004825148948108418	0.0	0
ENSG00000109805	NCAPG	non-SMC condensin I complex subunit G	protein_coding	0.004824657377017957	0.0	0
ENSG00000145391	SETD7	SET domain containing 7, histone lysine methyltransferase	protein_coding	0.004804538110901123	0.0	0
ENSG00000134461	ANKRD16	ankyrin repeat domain 16	protein_coding	0.004804538110901123	0.0	0
ENSG00000139629	GALNT6	polypeptide N-acetylgalactosaminyltransferase 6	protein_coding	0.004804538110901123	0.0	0
ENSG00000196262	PPIA	peptidylprolyl isomerase A	protein_coding	0.0036957985468470188	0.0	0
ENSG00000105879	CBLL1	Cbl proto-oncogene like 1	protein_coding	0.0036957985468470188	0.0	0
ENSG00000159224	GIP	gastric inhibitory polypeptide	protein_coding	0.0036957985468470188	0.0	0
ENSG00000101280	ANGPT4	angiopoietin 4	protein_coding	0.0022174791281082107	0.0	0
ENSG00000175809	CBLL2	Cbl proto-oncogene like 2	protein_coding	0.0022174791281082107	0.0	0
ENSG00000014257	ACP3	acid phosphatase 3	protein_coding	0.0022174791281082107	0.0	0
ENSG00000163435	ELF3	E74 like ETS transcription factor 3	protein_coding	0.0022174791281082107	0.0	0
ENSG00000290929	ENSG00000290929	novel transcript	lncRNA	0.0022174791281082107	0.0	0
ENSG00000129116	PALLD	palladin, cytoskeletal associated protein	protein_coding	0.0022174791281082107	0.0	0
ENSG00000112561	TFEB	transcription factor EB	protein_coding	0.0022174791281082107	0.0	0
ENSG00000144711	IQSEC1	IQ motif and Sec7 domain ArfGEF 1	protein_coding	0.0022174791281082107	0.0	0
ENSG00000174804	FZD4	frizzled class receptor 4	protein_coding	0.0022174791281082107	0.0	0
ENSG00000128573	FOXP2	forkhead box P2	protein_coding	0.0022174791281082107	0.0	0
ENSG00000180875	GREM2	gremlin 2, DAN family BMP antagonist	protein_coding	0.0022174791281082107	0.0	0
ENSG00000128918	ALDH1A2	aldehyde dehydrogenase 1 family member A2	protein_coding	0.0022174791281082107	0.0	0
ENSG00000130707	ASS1	argininosuccinate synthase 1	protein_coding	0.0022174791281082107	0.0	0
ENSG00000274266	SNORA73A	small nucleolar RNA, H/ACA box 73A	snoRNA	0.0022174791281082107	0.0	0
ENSG00000197102	DYNC1H1	dynein cytoplasmic 1 heavy chain 1	protein_coding	0.0022174791281082107	0.0	0
ENSG00000101752	MIB1	MIB E3 ubiquitin protein ligase 1	protein_coding	0.0022174791281082107	0.0	0
ENSG00000004809	SLC22A16	solute carrier family 22 member 16	protein_coding	0.0022174791281082107	0.0	0
ENSG00000167531	LALBA	lactalbumin alpha	protein_coding	0.0022174791281082107	0.0	0
ENSG00000099917	MED15	mediator complex subunit 15	protein_coding	0.0022174791281082107	0.0	0
ENSG00000119772	DNMT3A	DNA methyltransferase 3 alpha	protein_coding	0.0022174791281082107	0.0	0
ENSG00000139219	COL2A1	collagen type II alpha 1 chain	protein_coding	0.0022174791281082107	0.0	0
ENSG00000170255	MRGPRX1	MAS related GPR family member X1	protein_coding	0.0022174791281082107	0.0	0
ENSG00000276409	CCL14	C-C motif chemokine ligand 14	protein_coding	0.0022174791281082107	0.0	0
ENSG00000165996	HACD1	3-hydroxyacyl-CoA dehydratase 1	protein_coding	0.0022174791281082107	0.0	0
ENSG00000126883	NUP214	nucleoporin 214	protein_coding	0.0022174791281082107	0.0	0
ENSG00000100380	ST13	ST13 Hsp70 interacting protein	protein_coding	0.0022174791281082107	0.0	0
ENSG00000170325	PRDM10	PR/SET domain 10	protein_coding	0.0022174791281082107	0.0	0
ENSG00000131355	ADGRE3	adhesion G protein-coupled receptor E3	protein_coding	0.0022174791281082107	0.0	0
ENSG00000180176	TH	tyrosine hydroxylase	protein_coding	0.0022174791281082107	0.0	0
ENSG00000162618	ADGRL4	adhesion G protein-coupled receptor L4	protein_coding	0.0022174791281082107	0.0	0
ENSG00000140464	PML	PML nuclear body scaffold	protein_coding	0.0022174791281082107	0.0	0
ENSG00000116147	TNR	tenascin R	protein_coding	0.0022174791281082107	0.0	0
ENSG00000134910	STT3A	STT3 oligosaccharyltransferase complex catalytic subunit A	protein_coding	0.0022174791281082107	0.0	0
ENSG00000171051	FPR1	formyl peptide receptor 1	protein_coding	0.0022174791281082107	0.0	0
ENSG00000163513	TGFBR2	transforming growth factor beta receptor 2	protein_coding	0.0022174791281082107	0.0	0
ENSG00000111664	GNB3	G protein subunit beta 3	protein_coding	0.0022174791281082107	0.0	0
ENSG00000197471	SPN	sialophorin	protein_coding	0.0022174791281082107	0.0	0
ENSG00000013275	PSMC4	proteasome 26S subunit, ATPase 4	protein_coding	0.0022174791281082107	0.0	0
ENSG00000116729	WLS	Wnt ligand secretion mediator	protein_coding	0.0022174791281082107	0.0	0
ENSG00000214617	SLC6A10P	solute carrier family 6 member 10, pseudogene	transcribed_unprocessed_pseudogene	0.0022174791281082107	0.0	0
ENSG00000162881	OXER1	oxoeicosanoid receptor 1	protein_coding	0.0022174791281082107	0.0	0
ENSG00000126890	CTAG2	cancer/testis antigen 2	protein_coding	0.0022174791281082107	0.0	0
ENSG00000179091	CYC1	cytochrome c1	protein_coding	0.0022174791281082107	0.0	0
ENSG00000140105	WARS1	tryptophanyl-tRNA synthetase 1	protein_coding	0.0022174791281082107	0.0	0
ENSG00000155380	SLC16A1	solute carrier family 16 member 1	protein_coding	0.0022174791281082107	0.0	0
ENSG00000145293	ENOPH1	enolase-phosphatase 1	protein_coding	0.0022174791281082107	0.0	0
ENSG00000247228	ENSG00000247228	novel transcript, antisense to PDPR & CLEC18C	lncRNA	0.002210436052807407	0.0	0
ENSG00000141582	CBX4	chromobox 4	protein_coding	0.0021929440299286542	0.0	0
ENSG00000184517	ZFP1	ZFP1 zinc finger protein	protein_coding	0.0021606719104339768	0.0	0
ENSG00000196700	ZNF512B	zinc finger protein 512B	protein_coding	0.0020426719795027456	0.0	0
ENSG00000117152	RGS4	regulator of G protein signaling 4	protein_coding	0.0020270313619148313	0.0	0
ENSG00000134317	GRHL1	grainyhead like transcription factor 1	protein_coding	0.001949419650615463	0.0	0
ENSG00000120802	TMPO	thymopoietin	protein_coding	0.0018478992734235094	0.0	0
ENSG00000140092	FBLN5	fibulin 5	protein_coding	0.0018478992734235094	0.0	0
ENSG00000134812	CBLIF	cobalamin binding intrinsic factor	protein_coding	0.0018478992734235094	0.0	0
ENSG00000156234	CXCL13	C-X-C motif chemokine ligand 13	protein_coding	0.0018478992734235094	0.0	0
ENSG00000145192	AHSG	alpha 2-HS glycoprotein	protein_coding	0.0018478992734235094	0.0	0
ENSG00000187522	HSPA14	heat shock protein family A (Hsp70) member 14	protein_coding	0.0018478992734235094	0.0	0
ENSG00000204389	HSPA1A	heat shock protein family A (Hsp70) member 1A	protein_coding	0.0018478992734235094	0.0	0
ENSG00000197253	TPSB2	tryptase beta 2	protein_coding	0.0018478992734235094	0.0	0
ENSG00000132671	SSTR4	somatostatin receptor 4	protein_coding	0.0018478992734235094	0.0	0
ENSG00000284194	SCO2	synthesis of cytochrome C oxidase 2	protein_coding	0.0018478992734235094	0.0	0
ENSG00000166483	WEE1	WEE1 G2 checkpoint kinase	protein_coding	0.0018478992734235094	0.0	0
ENSG00000160349	LCN1	lipocalin 1	protein_coding	0.0018478992734235094	0.0	0
ENSG00000150630	VEGFC	vascular endothelial growth factor C	protein_coding	0.0018478992734235094	0.0	0
ENSG00000120093	HOXB3	homeobox B3	protein_coding	0.002214818978927891	0.0	0
ENSG00000165637	VDAC2	voltage dependent anion channel 2	protein_coding	0.0022174791281082107	0.0	0
ENSG00000131355	ADGRE3	adhesion G protein-coupled receptor E3	protein_coding	0.0022174791281082107	0.0	0
ENSG00000174130	TLR6	toll like receptor 6	protein_coding	0.0022174791281082107	0.0	0
ENSG00000138760	SCARB2	scavenger receptor class B member 2	protein_coding	0.0022174791281082107	0.0	0
ENSG00000100294	MCAT	malonyl-CoA-acyl carrier protein transacylase	protein_coding	0.0022174791281082107	0.0	0
ENSG00000204954	UQCC6	ubiquinol-cytochrome c reductase complex assembly factor 6	protein_coding	0.0022174791281082107	0.0	0
ENSG00000136840	ST6GALNAC4	ST6 N-acetylgalactosaminide alpha-2,6-sialyltransferase 4	protein_coding	0.0022174791281082107	0.0	0
ENSG00000102606	ARHGEF7	Rho guanine nucleotide exchange factor 7	protein_coding	0.0022174791281082107	0.0	0
ENSG00000124570	SERPINB6	serpin family B member 6	protein_coding	0.0022174791281082107	0.0	0
ENSG00000127528	KLF2	KLF transcription factor 2	protein_coding	0.0022174791281082107	0.0	0
ENSG00000100097	LGALS1	galectin 1	protein_coding	0.0022174791281082107	0.0	0
ENSG00000258570	H3P40	H3 histone pseudogene 40	processed_pseudogene	0.0022174791281082107	0.0	0
ENSG00000122705	CLTA	clathrin light chain A	protein_coding	0.0022174791281082107	0.0	0
ENSG00000147316	MCPH1	microcephalin 1	protein_coding	0.0022174791281082107	0.0	0
ENSG00000179817	MRGPRX4	MAS related GPR family member X4	protein_coding	0.0022174791281082107	0.0	0
ENSG00000186407	CD300E	CD300e molecule	protein_coding	0.0022174791281082107	0.0	0
ENSG00000204248	COL11A2	collagen type XI alpha 2 chain	protein_coding	0.0022174791281082107	0.0	0
ENSG00000101224	CDC25B	cell division cycle 25B	protein_coding	0.0022174791281082107	0.0	0
ENSG00000103275	UBE2I	ubiquitin conjugating enzyme E2 I	protein_coding	0.0022174791281082107	0.0	0
ENSG00000130768	SMPDL3B	sphingomyelin phosphodiesterase acid like 3B	protein_coding	0.0022174791281082107	0.0	0
ENSG00000215021	PHB2	prohibitin 2	protein_coding	0.0022174791281082107	0.0	0
ENSG00000198836	OPA1	OPA1 mitochondrial dynamin like GTPase	protein_coding	0.0022174791281082107	0.0	0
ENSG00000103222	ABCC1	ATP binding cassette subfamily C member 1 (ABCC1 blood group)	protein_coding	0.0022174791281082107	0.0	0
ENSG00000128590	DNAJB9	DnaJ heat shock protein family (Hsp40) member B9	protein_coding	0.0018478992734235094	0.0	0
ENSG00000174837	ADGRE1	adhesion G protein-coupled receptor E1	protein_coding	0.0022174791281082107	0.0	0
ENSG00000102178	UBL4A	ubiquitin like 4A	protein_coding	0.0022174791281082107	0.0	0
ENSG00000137100	DCTN3	dynactin subunit 3	protein_coding	0.0022174791281082107	0.0	0
ENSG00000108242	CYP2C18	cytochrome P450 family 2 subfamily C member 18	protein_coding	0.0022174791281082107	0.0	0
ENSG00000119638	NEK9	NIMA related kinase 9	protein_coding	0.0022174791281082107	0.0	0
ENSG00000138303	ASCC1	activating signal cointegrator 1 complex subunit 1	protein_coding	0.0022174791281082107	0.0	0
ENSG00000111664	GNB3	G protein subunit beta 3	protein_coding	0.0022174791281082107	0.0	0
ENSG00000197471	SPN	sialophorin	protein_coding	0.0022174791281082107	0.0	0
ENSG00000131095	GFAP	glial fibrillary acidic protein	protein_coding	0.0022174791281082107	0.0	0
ENSG00000138760	SCARB2	scavenger receptor class B member 2	protein_coding	0.0022174791281082107	0.0	0
ENSG00000116729	WLS	Wnt ligand secretion mediator	protein_coding	0.0022174791281082107	0.0	0
ENSG00000186407	CD300E	CD300e molecule	protein_coding	0.0022174791281082107	0.0	0
ENSG00000171873	ADRA1D	adrenoceptor alpha 1D	protein_coding	0.0022174791281082107	0.0	0
ENSG00000102606	ARHGEF7	Rho guanine nucleotide exchange factor 7	protein_coding	0.0022174791281082107	0.0	0
ENSG00000114867	EIF4G1	eukaryotic translation initiation factor 4 gamma 1	protein_coding	0.0022174791281082107	0.0	0
ENSG00000076662	ICAM3	intercellular adhesion molecule 3	protein_coding	0.0022174791281082107	0.0	0
ENSG00000163513	TGFBR2	transforming growth factor beta receptor 2	protein_coding	0.0022174791281082107	0.0	0
ENSG00000134258	VTCN1	V-set domain containing T cell activation inhibitor 1	protein_coding	0.0022174791281082107	0.0	0
ENSG00000090432	MUL1	mitochondrial E3 ubiquitin protein ligase 1	protein_coding	0.0022174791281082107	0.0	0
ENSG00000204070	SYS1	SYS1 golgi trafficking protein	protein_coding	0.0022174791281082107	0.0	0
ENSG00000214617	SLC6A10P	solute carrier family 6 member 10, pseudogene	transcribed_unprocessed_pseudogene	0.0022174791281082107	0.0	0
ENSG00000164197	RNF180	ring finger protein 180	protein_coding	0.0023231583636998698	0.0	0
ENSG00000106785	TRIM14	tripartite motif containing 14	protein_coding	0.0023476090132309065	0.0	0
ENSG00000118412	CASP8AP2	caspase 8 associated protein 2	protein_coding	0.002567643229416405	0.0	0
ENSG00000138768	USO1	USO1 vesicle transport factor	protein_coding	0.0025870589827929123	0.0	0
ENSG00000120279	MYCT1	MYC target 1	protein_coding	0.0025870589827929123	0.0	0
ENSG00000118849	RARRES1	retinoic acid receptor responder 1	protein_coding	0.0025870589827929123	0.0	0
ENSG00000130821	SLC6A8	solute carrier family 6 member 8	protein_coding	0.0025870589827929123	0.0	0
ENSG00000197915	HRNR	hornerin	protein_coding	0.0025870589827929123	0.0	0
ENSG00000124701	APOBEC2	apolipoprotein B mRNA editing enzyme catalytic subunit 2	protein_coding	0.0025870589827929123	0.0	0
ENSG00000163736	PPBP	pro-platelet basic protein	protein_coding	0.0025870589827929123	0.0	0
ENSG00000108091	CCDC6	coiled-coil domain containing 6	protein_coding	0.0025870589827929123	0.0	0
ENSG00000186088	GSAP	gamma-secretase activating protein	protein_coding	0.002560504468782775	0.0	0
ENSG00000144619	CNTN4	contactin 4	protein_coding	0.0023557804072960957	0.0	0
ENSG00000261240	ENSG00000261240	novel transcript, antisense to PKD1	lncRNA	0.0025316980694514344	0.0	0
ENSG00000077713	SLC25A43	solute carrier family 25 member 43	protein_coding	0.0025049056432344258	0.0	0
ENSG00000137501	SYTL2	synaptotagmin like 2	protein_coding	0.002495847157972277	0.0	0
ENSG00000091490	SEL1L3	SEL1L family member 3	protein_coding	0.0024915230943667855	0.0	0
ENSG00000164329	TENT2	terminal nucleotidyltransferase 2	protein_coding	0.0024902778933992642	0.0	0
ENSG00000113805	CNTN3	contactin 3	protein_coding	0.0024340935079011907	0.0	0
ENSG00000187866	PABIR1	PP2A Aalpha (PPP2R1A) and B55A (PPP2R2A) interacting phosphatase regulator 1	protein_coding	0.00242288383583439	0.0	0
ENSG00000112282	MED23	mediator complex subunit 23	protein_coding	0.0023751185529281263	0.0	0
ENSG00000013275	PSMC4	proteasome 26S subunit, ATPase 4	protein_coding	0.0022174791281082107	0.0	0
ENSG00000174130	TLR6	toll like receptor 6	protein_coding	0.0022174791281082107	0.0	0
ENSG00000130726	TRIM28	tripartite motif containing 28	protein_coding	0.0022174791281082107	0.0	0
ENSG00000143878	RHOB	ras homolog family member B	protein_coding	0.0022174791281082107	0.0	0
ENSG00000159200	RCAN1	regulator of calcineurin 1	protein_coding	0.0022174791281082107	0.0	0
ENSG00000179921	GPBAR1	G protein-coupled bile acid receptor 1	protein_coding	0.0022174791281082107	0.0	0
ENSG00000143416	SELENBP1	selenium binding protein 1	protein_coding	0.0022174791281082107	0.0	0
ENSG00000231074	HCG18	HLA complex group 18	lncRNA	0.0022174791281082107	0.0	0
ENSG00000197766	CFD	complement factor D	protein_coding	0.0022174791281082107	0.0	0
ENSG00000165637	VDAC2	voltage dependent anion channel 2	protein_coding	0.0022174791281082107	0.0	0
ENSG00000133392	MYH11	myosin heavy chain 11	protein_coding	0.0022174791281082107	0.0	0
ENSG00000125812	GZF1	GDNF inducible zinc finger protein 1	protein_coding	0.0022174791281082107	0.0	0
ENSG00000092820	EZR	ezrin	protein_coding	0.0022174791281082107	0.0	0
ENSG00000132518	GUCY2D	guanylate cyclase 2D, retinal	protein_coding	0.0022174791281082107	0.0	0
ENSG00000185345	PRKN	parkin RBR E3 ubiquitin protein ligase	protein_coding	0.0022174791281082107	0.0	0
ENSG00000140416	TPM1	tropomyosin 1	protein_coding	0.0022174791281082107	0.0	0
ENSG00000162434	JAK1	Janus kinase 1	protein_coding	0.0022174791281082107	0.0	0
ENSG00000062485	CS	citrate synthase	protein_coding	0.0022174791281082107	0.0	0
ENSG00000105576	TNPO2	transportin 2	protein_coding	0.0022174791281082107	0.0	0
ENSG00000070770	CSNK2A2	casein kinase 2 alpha 2	protein_coding	0.0022174791281082107	0.0	0
ENSG00000173612	GPRC6A	G protein-coupled receptor class C group 6 member A	protein_coding	0.0022174791281082107	0.0	0
ENSG00000058085	LAMC2	laminin subunit gamma 2	protein_coding	0.0022174791281082107	0.0	0
ENSG00000023287	RB1CC1	RB1 inducible coiled-coil 1	protein_coding	0.0022174791281082107	0.0	0
ENSG00000101188	NTSR1	neurotensin receptor 1	protein_coding	0.0022174791281082107	0.0	0
ENSG00000122176	FMOD	fibromodulin	protein_coding	0.0022174791281082107	0.0	0
ENSG00000113758	DBN1	drebrin 1	protein_coding	0.0022174791281082107	0.0	0
ENSG00000131095	GFAP	glial fibrillary acidic protein	protein_coding	0.0022174791281082107	0.0	0
ENSG00000138115	CYP2C8	cytochrome P450 family 2 subfamily C member 8	protein_coding	0.0022174791281082107	0.0	0
ENSG00000147316	MCPH1	microcephalin 1	protein_coding	0.0022174791281082107	0.0	0
ENSG00000127528	KLF2	KLF transcription factor 2	protein_coding	0.0022174791281082107	0.0	0
ENSG00000179817	MRGPRX4	MAS related GPR family member X4	protein_coding	0.0022174791281082107	0.0	0
ENSG00000113441	LNPEP	leucyl and cystinyl aminopeptidase	protein_coding	0.0022174791281082107	0.0	0
ENSG00000143819	EPHX1	epoxide hydrolase 1	protein_coding	0.0022174791281082107	0.0	0
ENSG00000165996	HACD1	3-hydroxyacyl-CoA dehydratase 1	protein_coding	0.0022174791281082107	0.0	0
ENSG00000171873	ADRA1D	adrenoceptor alpha 1D	protein_coding	0.0022174791281082107	0.0	0
ENSG00000138303	ASCC1	activating signal cointegrator 1 complex subunit 1	protein_coding	0.0022174791281082107	0.0	0
ENSG00000173250	GPR151	G protein-coupled receptor 151	protein_coding	0.0022174791281082107	0.0	0
ENSG00000128656	CHN1	chimerin 1	protein_coding	0.0022174791281082107	0.0	0
ENSG00000119638	NEK9	NIMA related kinase 9	protein_coding	0.0022174791281082107	0.0	0
ENSG00000108242	CYP2C18	cytochrome P450 family 2 subfamily C member 18	protein_coding	0.0022174791281082107	0.0	0
ENSG00000114867	EIF4G1	eukaryotic translation initiation factor 4 gamma 1	protein_coding	0.0022174791281082107	0.0	0
ENSG00000076662	ICAM3	intercellular adhesion molecule 3	protein_coding	0.0022174791281082107	0.0	0
ENSG00000143384	MCL1	MCL1 apoptosis regulator, BCL2 family member	protein_coding	0.0022174791281082107	0.0	0
ENSG00000164078	MST1R	macrophage stimulating 1 receptor	protein_coding	0.0022174791281082107	0.0	0
ENSG00000137100	DCTN3	dynactin subunit 3	protein_coding	0.0022174791281082107	0.0	0
ENSG00000183735	TBK1	TANK binding kinase 1	protein_coding	0.0018478992734235094	0.0	0
ENSG00000025708	TYMP	thymidine phosphorylase	protein_coding	0.0018478992734235094	0.0	0
ENSG00000149591	TAGLN	transgelin	protein_coding	0.0025870589827929123	0.0	0
ENSG00000251493	FOXD1	forkhead box D1	protein_coding	0.0014783194187388072	0.0	0
ENSG00000235040	MTCO3P1	MT-CO3 pseudogene 1	unprocessed_pseudogene	0.0014783194187388072	0.0	0
ENSG00000115523	GNLY	granulysin	protein_coding	0.0014783194187388072	0.0	0
ENSG00000067082	KLF6	KLF transcription factor 6	protein_coding	0.0014783194187388072	0.0	0
ENSG00000271296	H3P19	H3 histone pseudogene 19	processed_pseudogene	0.0014783194187388072	0.0	0
ENSG00000145675	PIK3R1	phosphoinositide-3-kinase regulatory subunit 1	protein_coding	0.0014783194187388072	0.0	0
ENSG00000076984	MAP2K7	mitogen-activated protein kinase kinase 7	protein_coding	0.0014783194187388072	0.0	0
ENSG00000105327	BBC3	BCL2 binding component 3	protein_coding	0.0014783194187388072	0.0	0
ENSG00000234741	GAS5	growth arrest specific 5	lncRNA	0.0014783194187388072	0.0	0
ENSG00000136235	GPNMB	glycoprotein nmb	protein_coding	0.0014783194187388072	0.0	0
ENSG00000240864	IGKV1-16	immunoglobulin kappa variable 1-16	IG_V_gene	0.0014783194187388072	0.0	0
ENSG00000091106	NLRC4	NLR family CARD domain containing 4	protein_coding	0.0014783194187388072	0.0	0
ENSG00000113272	THG1L	tRNA-histidine guanylyltransferase 1 like	protein_coding	0.0014783194187388072	0.0	0
ENSG00000115648	MLPH	melanophilin	protein_coding	0.0014783194187388072	0.0	0
ENSG00000162231	NXF1	nuclear RNA export factor 1	protein_coding	0.0014783194187388072	0.0	0
ENSG00000169100	SLC25A6	solute carrier family 25 member 6	protein_coding	0.0014783194187388072	0.0	0
ENSG00000187109	NAP1L1	nucleosome assembly protein 1 like 1	protein_coding	0.0014783194187388072	0.0	0
ENSG00000105516	DBP	D-box binding PAR bZIP transcription factor	protein_coding	0.0014783194187388072	0.0	0
ENSG00000162433	AK4	adenylate kinase 4	protein_coding	0.0014783194187388072	0.0	0
ENSG00000126259	KIRREL2	kirre like nephrin family adhesion molecule 2	protein_coding	0.0014783194187388072	0.0	0
ENSG00000163273	NPPC	natriuretic peptide C	protein_coding	0.0014783194187388072	0.0	0
ENSG00000073861	TBX21	T-box transcription factor 21	protein_coding	0.0014783194187388072	0.0	0
ENSG00000290878	HLA-DRB6	major histocompatibility complex, class II, DR beta 6 (pseudogene) 	lncRNA	0.0014783194187388072	0.0	0
ENSG00000101350	KIF3B	kinesin family member 3B	protein_coding	0.0014783194187388072	0.0	0
ENSG00000137731	FXYD2	FXYD domain containing ion transport regulator 2	protein_coding	0.0014783194187388072	0.0	0
ENSG00000075213	SEMA3A	semaphorin 3A	protein_coding	0.0014783194187388072	0.0	0
ENSG00000086598	TMED2	transmembrane p24 trafficking protein 2	protein_coding	0.0014783194187388072	0.0	0
ENSG00000010278	CD9	CD9 molecule	protein_coding	0.0014783194187388072	0.0	0
ENSG00000099834	CDHR5	cadherin related family member 5	protein_coding	0.0014783194187388072	0.0	0
ENSG00000176170	SPHK1	sphingosine kinase 1	protein_coding	0.0014783194187388072	0.0	0
ENSG00000158186	MRAS	muscle RAS oncogene homolog	protein_coding	0.0014783194187388072	0.0	0
ENSG00000138385	SSB	small RNA binding exonuclease protection factor La	protein_coding	0.0014783194187388072	0.0	0
ENSG00000144476	ACKR3	atypical chemokine receptor 3	protein_coding	0.0014783194187388072	0.0	0
ENSG00000124532	MRS2	magnesium transporter MRS2	protein_coding	0.0014783194187388072	0.0	0
ENSG00000142089	IFITM3	interferon induced transmembrane protein 3	protein_coding	0.0014783194187388072	0.0	0
ENSG00000102239	BRS3	bombesin receptor subtype 3	protein_coding	0.0014783194187388072	0.0	0
ENSG00000123384	LRP1	LDL receptor related protein 1	protein_coding	0.0014783194187388072	0.0	0
ENSG00000187957	DNER	delta/notch like EGF repeat containing	protein_coding	0.0014783194187388072	0.0	0
ENSG00000274286	ADRA2B	adrenoceptor alpha 2B	protein_coding	0.0014783194187388072	0.0	0
ENSG00000196367	TRRAP	transformation/transcription domain associated protein	protein_coding	0.0014783194187388072	0.0	0
ENSG00000198851	CD3E	CD3 epsilon subunit of T-cell receptor complex	protein_coding	0.0014783194187388072	0.0	0
ENSG00000204351	SKIC2	SKI2 subunit of superkiller complex	protein_coding	0.0014783194187388072	0.0	0
ENSG00000115109	EPB41L5	erythrocyte membrane protein band 4.1 like 5	protein_coding	0.0014783194187388072	0.0	0
ENSG00000129946	SHC2	SHC adaptor protein 2	protein_coding	0.0014783194187388072	0.0	0
ENSG00000101986	ABCD1	ATP binding cassette subfamily D member 1	protein_coding	0.0014783194187388072	0.0	0
ENSG00000184347	SLIT3	slit guidance ligand 3	protein_coding	0.0014783194187388072	0.0	0
ENSG00000117114	ADGRL2	adhesion G protein-coupled receptor L2	protein_coding	0.0014783194187388072	0.0	0
ENSG00000149809	TM7SF2	transmembrane 7 superfamily member 2	protein_coding	0.0014783194187388072	0.0	0
ENSG00000109787	KLF3	KLF transcription factor 3	protein_coding	0.0014783194187388072	0.0	0
ENSG00000125648	SLC25A23	solute carrier family 25 member 23	protein_coding	0.0014783194187388072	0.0	0
ENSG00000163914	RHO	rhodopsin	protein_coding	0.0014783194187388072	0.0	0
ENSG00000164091	WDR82	WD repeat domain 82	protein_coding	0.0014783194187388072	0.0	0
ENSG00000110245	APOC3	apolipoprotein C3	protein_coding	0.0014783194187388072	0.0	0
ENSG00000169359	SLC33A1	solute carrier family 33 member 1	protein_coding	0.0014783194187388072	0.0	0
ENSG00000064547	LPAR2	lysophosphatidic acid receptor 2	protein_coding	0.0014783194187388072	0.0	0
ENSG00000100003	SEC14L2	SEC14 like lipid binding 2	protein_coding	0.0014783194187388072	0.0	0
ENSG00000075673	ATP12A	ATPase H+/K+ transporting non-gastric alpha2 subunit	protein_coding	0.0014783194187388072	0.0	0
ENSG00000127507	ADGRE2	adhesion G protein-coupled receptor E2	protein_coding	0.0014783194187388072	0.0	0
ENSG00000135074	ADAM19	ADAM metallopeptidase domain 19	protein_coding	0.0014783194187388072	0.0	0
ENSG00000123374	CDK2	cyclin dependent kinase 2	protein_coding	0.0014783194187388072	0.0	0
ENSG00000106541	AGR2	anterior gradient 2, protein disulphide isomerase family member	protein_coding	0.0014783194187388072	0.0	0
ENSG00000137203	TFAP2A	transcription factor AP-2 alpha	protein_coding	0.0014783194187388072	0.0	0
ENSG00000158270	COLEC12	collectin subfamily member 12	protein_coding	0.0014783194187388072	0.0	0
ENSG00000129255	MPDU1	mannose-P-dolichol utilization defect 1	protein_coding	0.0014783194187388072	0.0	0
ENSG00000057657	PRDM1	PR/SET domain 1	protein_coding	0.0014783194187388072	0.0	0
ENSG00000172215	CXCR6	C-X-C motif chemokine receptor 6	protein_coding	0.0014783194187388072	0.0	0
ENSG00000077782	FGFR1	fibroblast growth factor receptor 1	protein_coding	0.0014783194187388072	0.0	0
ENSG00000072315	TRPC5	transient receptor potential cation channel subfamily C member 5	protein_coding	0.0014783194187388072	0.0	0
ENSG00000105675	ATP4A	ATPase H+/K+ transporting subunit alpha	protein_coding	0.0014783194187388072	0.0	0
ENSG00000181449	SOX2	SRY-box transcription factor 2	protein_coding	0.0014783194187388072	0.0	0
ENSG00000127554	GFER	growth factor, augmenter of liver regeneration	protein_coding	0.0014783194187388072	0.0	0
ENSG00000249437	NAIP	NLR family apoptosis inhibitory protein	protein_coding	0.0014783194187388072	0.0	0
ENSG00000116406	EDEM3	ER degradation enhancing alpha-mannosidase like protein 3	protein_coding	0.0014783194187388072	0.0	0
ENSG00000185591	SP1	Sp1 transcription factor	protein_coding	0.0014783194187388072	0.0	0
ENSG00000115232	ITGA4	integrin subunit alpha 4	protein_coding	0.0014783194187388072	0.0	0
ENSG00000197746	PSAP	prosaposin	protein_coding	0.0014783194187388072	0.0	0
ENSG00000126262	FFAR2	free fatty acid receptor 2	protein_coding	0.0014783194187388072	0.0	0
ENSG00000152954	NRSN1	neurensin 1	protein_coding	0.0014783194187388072	0.0	0
ENSG00000111640	GAPDH	glyceraldehyde-3-phosphate dehydrogenase	protein_coding	0.0014783194187388072	0.0	0
ENSG00000172236	TPSAB1	tryptase alpha/beta 1	protein_coding	0.0014783194187388072	0.0	0
ENSG00000101966	XIAP	X-linked inhibitor of apoptosis	protein_coding	0.0014783194187388072	0.0	0
ENSG00000110921	MVK	mevalonate kinase	protein_coding	0.0014783194187388072	0.0	0
ENSG00000147601	TERF1	telomeric repeat binding factor 1	protein_coding	0.0014783194187388072	0.0	0
ENSG00000105173	CCNE1	cyclin E1	protein_coding	0.0014783194187388072	0.0	0
ENSG00000132965	ALOX5AP	arachidonate 5-lipoxygenase activating protein	protein_coding	0.0014783194187388072	0.0	0
ENSG00000292334	SLC25A6	solute carrier family 25 member 6 	protein_coding	0.0014783194187388072	0.0	0
ENSG00000163464	CXCR1	C-X-C motif chemokine receptor 1	protein_coding	0.0014783194187388072	0.0	0
ENSG00000078018	MAP2	microtubule associated protein 2	protein_coding	0.0014783194187388072	0.0	0
ENSG00000137959	IFI44L	interferon induced protein 44 like	protein_coding	0.0014783194187388072	0.0	0
ENSG00000135363	LMO2	LIM domain only 2	protein_coding	0.0018478992734235094	0.0	0
ENSG00000177675	CD163L1	CD163 molecule like 1	protein_coding	0.0014783194187388072	0.0	0
ENSG00000131187	F12	coagulation factor XII	protein_coding	0.0014783194187388072	0.0	0
ENSG00000083520	DIS3	DIS3 exosome endoribonuclease and 3'-5' exoribonuclease	protein_coding	0.0014783194187388072	0.0	0
ENSG00000166527	CLEC4D	C-type lectin domain family 4 member D	protein_coding	0.0014783194187388072	0.0	0
ENSG00000115109	EPB41L5	erythrocyte membrane protein band 4.1 like 5	protein_coding	0.0014783194187388072	0.0	0
ENSG00000292334	SLC25A6	solute carrier family 25 member 6 	protein_coding	0.0014783194187388072	0.0	0
ENSG00000105173	CCNE1	cyclin E1	protein_coding	0.0014783194187388072	0.0	0
ENSG00000099834	CDHR5	cadherin related family member 5	protein_coding	0.0014783194187388072	0.0	0
ENSG00000010278	CD9	CD9 molecule	protein_coding	0.0014783194187388072	0.0	0
ENSG00000104918	RETN	resistin	protein_coding	0.0014783194187388072	0.0	0
ENSG00000123384	LRP1	LDL receptor related protein 1	protein_coding	0.0014783194187388072	0.0	0
ENSG00000163568	AIM2	absent in melanoma 2	protein_coding	0.0014783194187388072	0.0	0
ENSG00000175595	ERCC4	ERCC excision repair 4, endonuclease catalytic subunit	protein_coding	0.0014783194187388072	0.0	0
ENSG00000103811	CTSH	cathepsin H	protein_coding	0.0014783194187388072	0.0	0
ENSG00000165828	PRAP1	proline rich acidic protein 1	protein_coding	0.0014783194187388072	0.0	0
ENSG00000085662	AKR1B1	aldo-keto reductase family 1 member B	protein_coding	0.0014783194187388072	0.0	0
ENSG00000187957	DNER	delta/notch like EGF repeat containing	protein_coding	0.0014783194187388072	0.0	0
ENSG00000274286	ADRA2B	adrenoceptor alpha 2B	protein_coding	0.0014783194187388072	0.0	0
ENSG00000086598	TMED2	transmembrane p24 trafficking protein 2	protein_coding	0.0014783194187388072	0.0	0
ENSG00000075213	SEMA3A	semaphorin 3A	protein_coding	0.0014783194187388072	0.0	0
ENSG00000167286	CD3D	CD3 delta subunit of T-cell receptor complex	protein_coding	0.0014783194187388072	0.0	0
ENSG00000282728	PGR-AS1	PGR antisense RNA 1	lncRNA	0.0014783194187388072	0.0	0
ENSG00000158186	MRAS	muscle RAS oncogene homolog	protein_coding	0.0014783194187388072	0.0	0
ENSG00000171303	KCNK3	potassium two pore domain channel subfamily K member 3	protein_coding	0.0014783194187388072	0.0	0
ENSG00000197901	SLC22A6	solute carrier family 22 member 6	protein_coding	0.0018478992734235094	0.0	0
ENSG00000170638	TRABD	TraB domain containing	protein_coding	0.0018478992734235094	0.0	0
ENSG00000170606	HSPA4	heat shock protein family A (Hsp70) member 4	protein_coding	0.0018478992734235094	0.0	0
ENSG00000176170	SPHK1	sphingosine kinase 1	protein_coding	0.0014783194187388072	0.0	0
ENSG00000162804	SNED1	sushi, nidogen and EGF like domains 1	protein_coding	0.0014783194187388072	0.0	0
ENSG00000127507	ADGRE2	adhesion G protein-coupled receptor E2	protein_coding	0.0014783194187388072	0.0	0
ENSG00000075673	ATP12A	ATPase H+/K+ transporting non-gastric alpha2 subunit	protein_coding	0.0014783194187388072	0.0	0
ENSG00000100453	GZMB	granzyme B	protein_coding	0.0014783194187388072	0.0	0
ENSG00000142089	IFITM3	interferon induced transmembrane protein 3	protein_coding	0.0014783194187388072	0.0	0
ENSG00000091106	NLRC4	NLR family CARD domain containing 4	protein_coding	0.0014783194187388072	0.0	0
ENSG00000251493	FOXD1	forkhead box D1	protein_coding	0.0014783194187388072	0.0	0
ENSG00000129946	SHC2	SHC adaptor protein 2	protein_coding	0.0014783194187388072	0.0	0
ENSG00000144476	ACKR3	atypical chemokine receptor 3	protein_coding	0.0014783194187388072	0.0	0
ENSG00000167779	IGFBP6	insulin like growth factor binding protein 6	protein_coding	0.0014783194187388072	0.0	0
ENSG00000110245	APOC3	apolipoprotein C3	protein_coding	0.0014783194187388072	0.0	0
ENSG00000138035	PNPT1	polyribonucleotide nucleotidyltransferase 1	protein_coding	0.0014783194187388072	0.0	0
ENSG00000138385	SSB	small RNA binding exonuclease protection factor La	protein_coding	0.0014783194187388072	0.0	0
ENSG00000172215	CXCR6	C-X-C motif chemokine receptor 6	protein_coding	0.0014783194187388072	0.0	0
ENSG00000137731	FXYD2	FXYD domain containing ion transport regulator 2	protein_coding	0.0014783194187388072	0.0	0
ENSG00000173805	HAP1	huntingtin associated protein 1	protein_coding	0.0014783194187388072	0.0	0
ENSG00000166598	HSP90B1	heat shock protein 90 beta family member 1	protein_coding	0.0014783194187388072	0.0	0
ENSG00000147601	TERF1	telomeric repeat binding factor 1	protein_coding	0.0014783194187388072	0.0	0
ENSG00000115232	ITGA4	integrin subunit alpha 4	protein_coding	0.0014783194187388072	0.0	0
ENSG00000008056	SYN1	synapsin I	protein_coding	0.0014783194187388072	0.0	0
ENSG00000166598	HSP90B1	heat shock protein 90 beta family member 1	protein_coding	0.0014783194187388072	0.0	0
ENSG00000181449	SOX2	SRY-box transcription factor 2	protein_coding	0.0014783194187388072	0.0	0
ENSG00000102239	BRS3	bombesin receptor subtype 3	protein_coding	0.0014783194187388072	0.0	0
ENSG00000181016	LSMEM1	leucine rich single-pass membrane protein 1	protein_coding	0.0014783194187388072	0.0	0
ENSG00000177885	GRB2	growth factor receptor bound protein 2	protein_coding	0.0014783194187388072	0.0	0
ENSG00000049323	LTBP1	latent transforming growth factor beta binding protein 1	protein_coding	0.0014783194187388072	0.0	0
ENSG00000100983	GSS	glutathione synthetase	protein_coding	0.0014783194187388072	0.0	0
ENSG00000104918	RETN	resistin	protein_coding	0.0014783194187388072	0.0	0
ENSG00000177675	CD163L1	CD163 molecule like 1	protein_coding	0.0014783194187388072	0.0	0
ENSG00000149452	SLC22A8	solute carrier family 22 member 8	protein_coding	0.0014783194187388072	0.0	0
ENSG00000028839	TBPL1	TATA-box binding protein like 1	protein_coding	0.0014783194187388072	0.0	0
ENSG00000143590	EFNA3	ephrin A3	protein_coding	0.0014783194187388072	0.0	0
ENSG00000126247	CAPNS1	calpain small subunit 1	protein_coding	0.0014783194187388072	0.0	0
ENSG00000170893	TRH	thyrotropin releasing hormone	protein_coding	0.0014783194187388072	0.0	0
ENSG00000162009	SSTR5	somatostatin receptor 5	protein_coding	0.0014783194187388072	0.0	0
ENSG00000104415	CCN4	cellular communication network factor 4	protein_coding	0.0014783194187388072	0.0	0
ENSG00000139874	SSTR1	somatostatin receptor 1	protein_coding	0.0014783194187388072	0.0	0
ENSG00000100393	EP300	EP300 lysine acetyltransferase	protein_coding	0.0014783194187388072	0.0	0
ENSG00000101966	XIAP	X-linked inhibitor of apoptosis	protein_coding	0.0014783194187388072	0.0	0
ENSG00000197746	PSAP	prosaposin	protein_coding	0.0014783194187388072	0.0	0
ENSG00000129255	MPDU1	mannose-P-dolichol utilization defect 1	protein_coding	0.0014783194187388072	0.0	0
ENSG00000100003	SEC14L2	SEC14 like lipid binding 2	protein_coding	0.0014783194187388072	0.0	0
ENSG00000171368	TPPP	tubulin polymerization promoting protein	protein_coding	0.0014783194187388072	0.0	0
ENSG00000076356	PLXNA2	plexin A2	protein_coding	0.0014783194187388072	0.0	0
ENSG00000028839	TBPL1	TATA-box binding protein like 1	protein_coding	0.0014783194187388072	0.0	0
ENSG00000160868	CYP3A4	cytochrome P450 family 3 subfamily A member 4	protein_coding	0.0014783194187388072	0.0	0
ENSG00000143590	EFNA3	ephrin A3	protein_coding	0.0014783194187388072	0.0	0
ENSG00000149452	SLC22A8	solute carrier family 22 member 8	protein_coding	0.0014783194187388072	0.0	0
ENSG00000057657	PRDM1	PR/SET domain 1	protein_coding	0.0014783194187388072	0.0	0
ENSG00000158270	COLEC12	collectin subfamily member 12	protein_coding	0.0014783194187388072	0.0	0
ENSG00000078018	MAP2	microtubule associated protein 2	protein_coding	0.0014783194187388072	0.0	0
ENSG00000137203	TFAP2A	transcription factor AP-2 alpha	protein_coding	0.0014783194187388072	0.0	0
ENSG00000126247	CAPNS1	calpain small subunit 1	protein_coding	0.0014783194187388072	0.0	0
ENSG00000198753	PLXNB3	plexin B3	protein_coding	0.0014783194187388072	0.0	0
ENSG00000154188	ANGPT1	angiopoietin 1	protein_coding	0.0014783194187388072	0.0	0
ENSG00000152954	NRSN1	neurensin 1	protein_coding	0.0014783194187388072	0.0	0
ENSG00000117411	B4GALT2	beta-1,4-galactosyltransferase 2	protein_coding	0.0014783194187388072	0.0	0
ENSG00000126262	FFAR2	free fatty acid receptor 2	protein_coding	0.0014783194187388072	0.0	0
ENSG00000172236	TPSAB1	tryptase alpha/beta 1	protein_coding	0.0014783194187388072	0.0	0
ENSG00000070526	ST6GALNAC1	ST6 N-acetylgalactosaminide alpha-2,6-sialyltransferase 1	protein_coding	0.0025870589827929123	0.0	0
ENSG00000180739	S1PR5	sphingosine-1-phosphate receptor 5	protein_coding	0.0025870589827929123	0.0	0
ENSG00000196684	HSH2D	hematopoietic SH2 domain containing	protein_coding	0.0036957985468470188	0.0	0
ENSG00000092201	SUPT16H	SPT16 homolog, facilitates chromatin remodeling subunit	protein_coding	0.0035780568918362386	0.0	0
ENSG00000117697	NSL1	NSL1 component of MIS12 kinetochore complex	protein_coding	0.0036700250742620877	0.0	0
ENSG00000134440	NARS1	asparaginyl-tRNA synthetase 1	protein_coding	0.003669839089850988	0.0	0
ENSG00000103495	MAZ	MYC associated zinc finger protein	protein_coding	0.0036646523288744203	0.0	0
ENSG00000118495	PLAGL1	PLAG1 like zinc finger 1	protein_coding	0.003662879345189885	0.0	0
ENSG00000116514	RNF19B	ring finger protein 19B	protein_coding	0.003654749630270662	0.0	0
ENSG00000106290	TAF6	TATA-box binding protein associated factor 6	protein_coding	0.003653831826357544	0.0	0
ENSG00000145725	PPIP5K2	diphosphoinositol pentakisphosphate kinase 2	protein_coding	0.003645400094576484	0.0	0
ENSG00000213930	GALT	galactose-1-phosphate uridylyltransferase	protein_coding	0.003642004145776245	0.0	0
ENSG00000159403	C1R	complement C1r	protein_coding	0.003642004145776245	0.0	0
ENSG00000182326	C1S	complement C1s	protein_coding	0.003642004145776245	0.0	0
ENSG00000149090	PAMR1	peptidase domain containing associated with muscle regeneration 1	protein_coding	0.0036276446492153765	0.0	0
ENSG00000213901	SLC23A3	solute carrier family 23 member 3	protein_coding	0.0036259865660075922	0.0	0
ENSG00000186448	ZNF197	zinc finger protein 197	protein_coding	0.003617599470234497	0.0	0
ENSG00000142669	SH3BGRL3	SH3 domain binding glutamate rich protein like 3	protein_coding	0.003610928609690158	0.0	0
ENSG00000273156	ENSG00000273156	novel transcript	lncRNA	0.003601380065454559	0.0	0
ENSG00000198270	TMEM116	transmembrane protein 116	protein_coding	0.0035974933218917613	0.0	0
ENSG00000029725	RABEP1	rabaptin, RAB GTPase binding effector protein 1	protein_coding	0.003584813079870815	0.0	0
ENSG00000177548	RABEP2	rabaptin, RAB GTPase binding effector protein 2	protein_coding	0.003582871369026692	0.0	0
ENSG00000197584	KCNMB2	potassium calcium-activated channel subfamily M regulatory beta subunit 2	protein_coding	0.0035825027542487407	0.0	0
ENSG00000116922	AIRIM	AFG2 interacting ribosome maturation factor	protein_coding	0.0036722012352262147	0.0	0
ENSG00000163697	APBB2	amyloid beta precursor protein binding family B member 2	protein_coding	0.0036740422756322464	0.0	0
ENSG00000174807	CD248	CD248 molecule	protein_coding	0.003675266332697868	0.0	0
ENSG00000216490	IFI30	IFI30 lysosomal thiol reductase	protein_coding	0.0036957985468470188	0.0	0
ENSG00000153107	ANAPC1	anaphase promoting complex subunit 1	protein_coding	0.0036957985468470188	0.0	0
ENSG00000138823	MTTP	microsomal triglyceride transfer protein	protein_coding	0.0036957985468470188	0.0	0
ENSG00000103544	VPS35L	VPS35 endosomal protein sorting factor like	protein_coding	0.0036957985468470188	0.0	0
ENSG00000185896	LAMP1	lysosome associated membrane protein 1	protein_coding	0.0036957985468470188	0.0	0
ENSG00000259956	RBM15B	RNA binding motif protein 15B	protein_coding	0.0036957985468470188	0.0	0
ENSG00000180817	PPA1	inorganic pyrophosphatase 1	protein_coding	0.0036957985468470188	0.0	0
ENSG00000171603	CLSTN1	calsyntenin 1	protein_coding	0.0036957985468470188	0.0	0
ENSG00000105612	DNASE2	deoxyribonuclease 2, lysosomal	protein_coding	0.0036957985468470188	0.0	0
ENSG00000186868	MAPT	microtubule associated protein tau	protein_coding	0.0036957985468470188	0.0	0
ENSG00000166278	C2	complement C2	protein_coding	0.003675266332697868	0.0	0
ENSG00000114315	HES1	hes family bHLH transcription factor 1	protein_coding	0.0036957985468470188	0.0	0
ENSG00000196262	PPIA	peptidylprolyl isomerase A	protein_coding	0.0036957985468470188	0.0	0
ENSG00000049541	RFC2	replication factor C subunit 2	protein_coding	0.0036957985468470188	0.0	0
ENSG00000198369	SPRED2	sprouty related EVH1 domain containing 2	protein_coding	0.0036957985468470188	0.0	0
ENSG00000188033	ZNF490	zinc finger protein 490	protein_coding	0.0036923822266742637	0.0	0
ENSG00000213462	ERV3-1	endogenous retrovirus group 3 member 1, envelope	protein_coding	0.003675266332697868	0.0	0
ENSG00000260565	ERVK13-1	endogenous retrovirus group K13 member 1	lncRNA	0.003675266332697868	0.0	0
ENSG00000244476	ERVFRD-1	endogenous retrovirus group FRD member 1, envelope	protein_coding	0.003675266332697868	0.0	0
ENSG00000277801	ENSG00000277801	novel transcript	lncRNA	0.0035813519523819034	0.0	0
ENSG00000100445	SDR39U1	short chain dehydrogenase/reductase family 39U member 1	protein_coding	0.0035780568918362386	0.0	0
ENSG00000101076	HNF4A	hepatocyte nuclear factor 4 alpha	protein_coding	0.0036957985468470188	0.0	0
ENSG00000214013	GANC	glucosidase alpha, neutral C	protein_coding	0.0035695342757768693	0.0	0
ENSG00000242534	IGKV2D-28	immunoglobulin kappa variable 2D-28	IG_V_gene	0.003490476405355517	0.0	0
ENSG00000110719	TCIRG1	T cell immune regulator 1, ATPase H+ transporting V0 subunit a3	protein_coding	0.003490476405355517	0.0	0
ENSG00000137077	CCL21	C-C motif chemokine ligand 21	protein_coding	0.003490476405355517	0.0	0
ENSG00000072110	ACTN1	actinin alpha 1	protein_coding	0.003490476405355517	0.0	0
ENSG00000173083	HPSE	heparanase	protein_coding	0.003490476405355517	0.0	0
ENSG00000054277	OPN3	opsin 3	protein_coding	0.0034890343107104984	0.0	0
ENSG00000259994	ENSG00000259994	novel transcript, overlapping to MTPAP	lncRNA	0.00348734366076485	0.0	0
ENSG00000257923	CUX1	cut like homeobox 1	protein_coding	0.0034755463850360086	0.0	0
ENSG00000189362	NEMP2	nuclear envelope integral membrane protein 2	protein_coding	0.0034720536093504365	0.0	0
ENSG00000112659	CUL9	cullin 9	protein_coding	0.0034710027238408435	0.0	0
ENSG00000166478	ZNF143	zinc finger protein 143	protein_coding	0.003467607259336991	0.0	0
ENSG00000101972	STAG2	STAG2 cohesin complex component	protein_coding	0.0034672879688837513	0.0	0
ENSG00000120942	UBIAD1	UbiA prenyltransferase domain containing 1	protein_coding	0.003464509782345626	0.0	0
ENSG00000107165	TYRP1	tyrosinase related protein 1	protein_coding	0.003463318168716112	0.0	0
ENSG00000182093	GET1	guided entry of tail-anchored proteins factor 1	protein_coding	0.003430069585611379	0.0	0
ENSG00000115084	SLC35F5	solute carrier family 35 member F5	protein_coding	0.003430069585611379	0.0	0
ENSG00000164808	SPIDR	scaffold protein involved in DNA repair	protein_coding	0.0034231808097341908	0.0	0
ENSG00000122958	VPS26A	VPS26 retromer complex component A	protein_coding	0.003416388314849066	0.0	0
ENSG00000163002	NUP35	nucleoporin 35	protein_coding	0.0034154431477643266	0.0	0
ENSG00000132703	APCS	amyloid P component, serum	protein_coding	0.003490476405355517	0.0	0
ENSG00000100629	CEP128	centrosomal protein 128	protein_coding	0.0034920174013685053	0.0	0
ENSG00000101955	SRPX	sushi repeat containing protein X-linked	protein_coding	0.0034942015700360225	0.0	0
ENSG00000214575	CPEB1	cytoplasmic polyadenylation element binding protein 1	protein_coding	0.003524812764367614	0.0	0
ENSG00000155729	KCTD18	potassium channel tetramerization domain containing 18	protein_coding	0.0035645408279765026	0.0	0
ENSG00000205302	SNX2	sorting nexin 2	protein_coding	0.003561117737373096	0.0	0
ENSG00000204152	TIMM23B	translocase of inner mitochondrial membrane 23 homolog B	protein_coding	0.0035534844148263525	0.0	0
ENSG00000154767	XPC	XPC complex subunit, DNA damage recognition and repair factor	protein_coding	0.0035520780589226963	0.0	0
ENSG00000116882	HAO2	hydroxyacid oxidase 2	protein_coding	0.003545145743849756	0.0	0
ENSG00000096654	ZNF184	zinc finger protein 184	protein_coding	0.0035428345256915523	0.0	0
ENSG00000077458	FAM76B	family with sequence similarity 76 member B	protein_coding	0.0035334635120731718	0.0	0
ENSG00000189431	RASSF10	Ras association domain family member 10	protein_coding	0.00352721752715319	0.0	0
ENSG00000148450	MSRB2	methionine sulfoxide reductase B2	protein_coding	0.003519478543072966	0.0	0
ENSG00000118407	FILIP1	filamin A interacting protein 1	protein_coding	0.0035029361607187967	0.0	0
ENSG00000007923	DNAJC11	DnaJ heat shock protein family (Hsp40) member C11	protein_coding	0.0035181189034267975	0.0	0
ENSG00000085117	CD82	CD82 molecule	protein_coding	0.0035110086195046675	0.0	0
ENSG00000050327	ARHGEF5	Rho guanine nucleotide exchange factor 5	protein_coding	0.0035110086195046675	0.0	0
ENSG00000102755	FLT1	fms related receptor tyrosine kinase 1	protein_coding	0.0035110086195046675	0.0	0
ENSG00000111602	TIMELESS	timeless circadian regulator	protein_coding	0.0035110086195046675	0.0	0
ENSG00000237886	NALT1	NOTCH1 associated lncRNA in T cell acute lymphoblastic leukemia 1	lncRNA	0.0035110086195046675	0.0	0
ENSG00000047597	XK	X-linked Kx blood group antigen, Kell and VPS13A binding protein	protein_coding	0.0035110086195046675	0.0	0
ENSG00000139405	RITA1	RBPJ interacting and tubulin associated 1	protein_coding	0.0035053365987063162	0.0	0
ENSG00000163221	S100A12	S100 calcium binding protein A12	protein_coding	0.0036957985468470188	0.0	0
ENSG00000189184	PCDH18	protocadherin 18	protein_coding	0.0036957985468470188	0.0	0
ENSG00000214367	HAUS3	HAUS augmin like complex subunit 3	protein_coding	0.003406749853329108	0.0	0
ENSG00000204592	HLA-E	major histocompatibility complex, class I, E	protein_coding	0.0036957985468470188	0.0	0
ENSG00000125657	TNFSF9	TNF superfamily member 9	protein_coding	0.0036957985468470188	0.0	0
ENSG00000149823	VPS51	VPS51 subunit of GARP complex	protein_coding	0.0036957985468470188	0.0	0
ENSG00000079689	SCGN	secretagogin, EF-hand calcium binding protein	protein_coding	0.0036957985468470188	0.0	0
ENSG00000136868	SLC31A1	solute carrier family 31 member 1	protein_coding	0.0036957985468470188	0.0	0
ENSG00000183640	KRTAP8-1	keratin associated protein 8-1	protein_coding	0.0036957985468470188	0.0	0
ENSG00000184895	SRY	sex determining region Y	protein_coding	0.0036957985468470188	0.0	0
ENSG00000019169	MARCO	macrophage receptor with collagenous structure	protein_coding	0.0036957985468470188	0.0	0
ENSG00000167315	ACAA2	acetyl-CoA acyltransferase 2	protein_coding	0.0036957985468470188	0.0	0
ENSG00000157227	MMP14	matrix metallopeptidase 14	protein_coding	0.0036957985468470188	0.0	0
ENSG00000185621	LMLN	leishmanolysin like peptidase	protein_coding	0.0036957985468470188	0.0	0
ENSG00000120438	TCP1	t-complex 1	protein_coding	0.0036957985468470188	0.0	0
ENSG00000101255	TRIB3	tribbles pseudokinase 3	protein_coding	0.0036957985468470188	0.0	0
ENSG00000112936	C7	complement C7	protein_coding	0.0036957985468470188	0.0	0
ENSG00000115221	ITGB6	integrin subunit beta 6	protein_coding	0.0036957985468470188	0.0	0
ENSG00000171208	NETO2	neuropilin and tolloid like 2	protein_coding	0.0036957985468470188	0.0	0
ENSG00000184005	ST6GALNAC3	ST6 N-acetylgalactosaminide alpha-2,6-sialyltransferase 3	protein_coding	0.0036957985468470188	0.0	0
ENSG00000239571	IGKV2D-30	immunoglobulin kappa variable 2D-30	IG_V_gene	0.0036957985468470188	0.0	0
ENSG00000129194	SOX15	SRY-box transcription factor 15	protein_coding	0.0036957985468470188	0.0	0
ENSG00000067900	ROCK1	Rho associated coiled-coil containing protein kinase 1	protein_coding	0.0036957985468470188	0.0	0
ENSG00000104499	GML	glycosylphosphatidylinositol anchored molecule like	protein_coding	0.0036957985468470188	0.0	0
ENSG00000164944	VIRMA	vir like m6A methyltransferase associated	protein_coding	0.0036957985468470188	0.0	0
ENSG00000118046	STK11	serine/threonine kinase 11	protein_coding	0.0036957985468470188	0.0	0
ENSG00000035928	RFC1	replication factor C subunit 1	protein_coding	0.0036957985468470188	0.0	0
ENSG00000105612	DNASE2	deoxyribonuclease 2, lysosomal	protein_coding	0.0036957985468470188	0.0	0
ENSG00000261189	DSP-AS1	DSP antisense RNA 1	lncRNA	0.0036957985468470188	0.0	0
ENSG00000118046	STK11	serine/threonine kinase 11	protein_coding	0.0036957985468470188	0.0	0
ENSG00000164944	VIRMA	vir like m6A methyltransferase associated	protein_coding	0.0036957985468470188	0.0	0
ENSG00000119535	CSF3R	colony stimulating factor 3 receptor	protein_coding	0.0036957985468470188	0.0	0
ENSG00000149823	VPS51	VPS51 subunit of GARP complex	protein_coding	0.0036957985468470188	0.0	0
ENSG00000101076	HNF4A	hepatocyte nuclear factor 4 alpha	protein_coding	0.0036957985468470188	0.0	0
ENSG00000163221	S100A12	S100 calcium binding protein A12	protein_coding	0.0036957985468470188	0.0	0
ENSG00000154781	CCDC174	coiled-coil domain containing 174	protein_coding	0.0036957985468470188	0.0	0
ENSG00000146469	VIP	vasoactive intestinal peptide	protein_coding	0.0036957985468470188	0.0	0
ENSG00000189184	PCDH18	protocadherin 18	protein_coding	0.0036957985468470188	0.0	0
ENSG00000091972	CD200	CD200 molecule	protein_coding	0.0036957985468470188	0.0	0
ENSG00000196569	LAMA2	laminin subunit alpha 2	protein_coding	0.0036957985468470188	0.0	0
ENSG00000112874	NUDT12	nudix hydrolase 12	protein_coding	0.0036957985468470188	0.0	0
ENSG00000169851	PCDH7	protocadherin 7	protein_coding	0.0036957985468470188	0.0	0
ENSG00000110077	MS4A6A	membrane spanning 4-domains A6A	protein_coding	0.0036957985468470188	0.0	0
ENSG00000261189	DSP-AS1	DSP antisense RNA 1	lncRNA	0.0036957985468470188	0.0	0
ENSG00000123146	ADGRE5	adhesion G protein-coupled receptor E5	protein_coding	0.0036957985468470188	0.0	0
ENSG00000145147	SLIT2	slit guidance ligand 2	protein_coding	0.0036957985468470188	0.0	0
ENSG00000166619	BLCAP	BLCAP apoptosis inducing factor	protein_coding	0.0036957985468470188	0.0	0
ENSG00000035928	RFC1	replication factor C subunit 1	protein_coding	0.0036957985468470188	0.0	0
ENSG00000090674	MCOLN1	mucolipin TRP cation channel 1	protein_coding	0.0036957985468470188	0.0	0
ENSG00000179598	PLD6	phospholipase D family member 6	protein_coding	0.0036957985468470188	0.0	0
ENSG00000108702	CCL1	C-C motif chemokine ligand 1	protein_coding	0.0036957985468470188	0.0	0
ENSG00000229390	MICD	MHC class I polypeptide-related sequence D (pseudogene)	unprocessed_pseudogene	0.0036957985468470188	0.0	0
ENSG00000179403	VWA1	von Willebrand factor A domain containing 1	protein_coding	0.0036957985468470188	0.0	0
ENSG00000167613	LAIR1	leukocyte associated immunoglobulin like receptor 1	protein_coding	0.0036957985468470188	0.0	0
ENSG00000115738	ID2	inhibitor of DNA binding 2	protein_coding	0.0036957985468470188	0.0	0
ENSG00000117586	TNFSF4	TNF superfamily member 4	protein_coding	0.0036957985468470188	0.0	0
ENSG00000118903	BTF3P11	basic transcription factor 3 pseudogene 11	processed_pseudogene	0.0036957985468470188	0.0	0
ENSG00000109943	CRTAM	cytotoxic and regulatory T cell molecule	protein_coding	0.0036957985468470188	0.0	0
ENSG00000086758	HUWE1	HECT, UBA and WWE domain containing E3 ubiquitin protein ligase 1	protein_coding	0.0036957985468470188	0.0	0
ENSG00000164484	TMEM200A	transmembrane protein 200A	protein_coding	0.0036957985468470188	0.0	0
ENSG00000149658	YTHDF1	YTH N6-methyladenosine RNA binding protein F1	protein_coding	0.0036957985468470188	0.0	0
ENSG00000115267	IFIH1	interferon induced with helicase C domain 1	protein_coding	0.0036957985468470188	0.0	0
ENSG00000104903	LYL1	LYL1 basic helix-loop-helix family member	protein_coding	0.0036957985468470188	0.0	0
ENSG00000213088	ACKR1	atypical chemokine receptor 1 (Duffy blood group)	protein_coding	0.0036957985468470188	0.0	0
ENSG00000153208	MERTK	MER proto-oncogene, tyrosine kinase	protein_coding	0.0036957985468470188	0.0	0
ENSG00000141505	ASGR1	asialoglycoprotein receptor 1	protein_coding	0.0036957985468470188	0.0	0
ENSG00000137804	NUSAP1	nucleolar and spindle associated protein 1	protein_coding	0.0036957985468470188	0.0	0
ENSG00000154781	CCDC174	coiled-coil domain containing 174	protein_coding	0.0036957985468470188	0.0	0
ENSG00000163918	RFC4	replication factor C subunit 4	protein_coding	0.0036957985468470188	0.0	0
ENSG00000157131	C8A	complement C8 alpha chain	protein_coding	0.0036957985468470188	0.0	0
ENSG00000163110	PDLIM5	PDZ and LIM domain 5	protein_coding	0.0036957985468470188	0.0	0
ENSG00000167770	OTUB1	OTU deubiquitinase, ubiquitin aldehyde binding 1	protein_coding	0.0036957985468470188	0.0	0
ENSG00000128268	MGAT3	beta-1,4-mannosyl-glycoprotein 4-beta-N-acetylglucosaminyltransferase	protein_coding	0.0036957985468470188	0.0	0
ENSG00000144674	GOLGA4	golgin A4	protein_coding	0.0036957985468470188	0.0	0
ENSG00000178726	THBD	thrombomodulin	protein_coding	0.0036957985468470188	0.0	0
ENSG00000103653	CSK	C-terminal Src kinase	protein_coding	0.0036957985468470188	0.0	0
ENSG00000100106	TRIOBP	TRIO and F-actin binding protein	protein_coding	0.0036957985468470188	0.0	0
ENSG00000170827	CELP	carboxyl ester lipase pseudogene	transcribed_unprocessed_pseudogene	0.0036957985468470188	0.0	0
ENSG00000154928	EPHB1	EPH receptor B1	protein_coding	0.0036957985468470188	0.0	0
ENSG00000156642	NPTN	neuroplastin	protein_coding	0.0036957985468470188	0.0	0
ENSG00000171345	KRT19	keratin 19	protein_coding	0.0036957985468470188	0.0	0
ENSG00000185883	ATP6V0C	ATPase H+ transporting V0 subunit c	protein_coding	0.0036957985468470188	0.0	0
ENSG00000110090	CPT1A	carnitine palmitoyltransferase 1A	protein_coding	0.0036957985468470188	0.0	0
ENSG00000206432	TMEM200C	transmembrane protein 200C	protein_coding	0.0036957985468470188	0.0	0
ENSG00000152583	SPARCL1	SPARC like 1	protein_coding	0.0036957985468470188	0.0	0
ENSG00000186818	LILRB4	leukocyte immunoglobulin like receptor B4	protein_coding	0.0036957985468470188	0.0	0
ENSG00000112531	QKI	QKI, KH domain containing RNA binding	protein_coding	0.0036957985468470188	0.0	0
ENSG00000258863	SETP1	SET pseudogene 1	processed_pseudogene	0.0036957985468470188	0.0	0
ENSG00000167258	CDK12	cyclin dependent kinase 12	protein_coding	0.005961620879134542	0.0	0
ENSG00000120437	ACAT2	acetyl-CoA acetyltransferase 2	protein_coding	0.0036957985468470188	0.0	0
ENSG00000101888	NXT2	nuclear transport factor 2 like export factor 2	protein_coding	0.003408219675539014	0.0	0
ENSG00000280927	CTBP1-AS	CTBP1 antisense RNA	lncRNA	0.0034045538458948184	0.0	0
ENSG00000204936	CD177	CD177 molecule	protein_coding	0.0025870589827929123	0.0	0
ENSG00000135052	GOLM1	golgi membrane protein 1	protein_coding	0.002925445980297456	0.0	0
ENSG00000134954	ETS1	ETS proto-oncogene 1, transcription factor	protein_coding	0.0029566388374776143	0.0	0
ENSG00000166501	PRKCB	protein kinase C beta	protein_coding	0.0029566388374776143	0.0	0
ENSG00000044574	HSPA5	heat shock protein family A (Hsp70) member 5	protein_coding	0.0029566388374776143	0.0	0
ENSG00000123124	WWP1	WW domain containing E3 ubiquitin protein ligase 1	protein_coding	0.0029566388374776143	0.0	0
ENSG00000060656	PTPRU	protein tyrosine phosphatase receptor type U	protein_coding	0.0029566388374776143	0.0	0
ENSG00000204257	HLA-DMA	major histocompatibility complex, class II, DM alpha	protein_coding	0.0029566388374776143	0.0	0
ENSG00000211592	IGKC	immunoglobulin kappa constant	IG_C_gene	0.0029566388374776143	0.0	0
ENSG00000120253	NUP43	nucleoporin 43	protein_coding	0.0029566388374776143	0.0	0
ENSG00000188822	CNR2	cannabinoid receptor 2	protein_coding	0.0029566388374776143	0.0	0
ENSG00000277209	RPPH1	ribonuclease P RNA component H1	ribozyme	0.0029566388374776143	0.0	0
ENSG00000196396	PTPN1	protein tyrosine phosphatase non-receptor type 1	protein_coding	0.0029566388374776143	0.0	0
ENSG00000165533	TTC8	tetratricopeptide repeat domain 8	protein_coding	0.0029564891187159326	0.0	0
ENSG00000118960	HS1BP3	HCLS1 binding protein 3	protein_coding	0.002953566147104164	0.0	0
ENSG00000186908	ZDHHC17	zDHHC palmitoyltransferase 17	protein_coding	0.0029452417817374173	0.0	0
ENSG00000165995	CACNB2	calcium voltage-gated channel auxiliary subunit beta 2	protein_coding	0.0029449076519987715	0.0	0
ENSG00000186522	SEPTIN10	septin 10	protein_coding	0.002936627190538614	0.0	0
ENSG00000111231	GPN3	GPN-loop GTPase 3	protein_coding	0.002936410005149897	0.0	0
ENSG00000006062	MAP3K14	mitogen-activated protein kinase kinase kinase 14	protein_coding	0.0029361066233284643	0.0	0
ENSG00000103569	AQP9	aquaporin 9	protein_coding	0.0029311298567999407	0.0	0
ENSG00000245694	CRNDE	colorectal neoplasia differentially expressed	lncRNA	0.0029566388374776143	0.0	0
ENSG00000204381	LAYN	layilin	protein_coding	0.0029566388374776143	0.0	0
ENSG00000154611	PSMA8	proteasome 20S subunit alpha 8	protein_coding	0.0029566388374776143	0.0	0
ENSG00000227443	H3P30	H3 histone pseudogene 30	processed_pseudogene	0.0029566388374776143	0.0	0
ENSG00000007168	PAFAH1B1	platelet activating factor acetylhydrolase 1b regulatory subunit 1	protein_coding	0.0029566388374776143	0.0	0
ENSG00000156052	GNAQ	G protein subunit alpha q	protein_coding	0.0029566388374776143	0.0	0
ENSG00000225733	FGD5-AS1	FGD5 antisense RNA 1	lncRNA	0.0029566388374776143	0.0	0
ENSG00000156345	CDK20	cyclin dependent kinase 20	protein_coding	0.0029566388374776143	0.0	0
ENSG00000125375	DMAC2L	distal membrane arm assembly component 2 like	protein_coding	0.0029566388374776143	0.0	0
ENSG00000255492	H3P33	H3 histone pseudogene 33	processed_pseudogene	0.0029566388374776143	0.0	0
ENSG00000150907	FOXO1	forkhead box O1	protein_coding	0.0029566388374776143	0.0	0
ENSG00000145736	GTF2H2	general transcription factor IIH subunit 2	protein_coding	0.0029566388374776143	0.0	0
ENSG00000170248	PDCD6IP	programmed cell death 6 interacting protein	protein_coding	0.0029566388374776143	0.0	0
ENSG00000075415	SLC25A3	solute carrier family 25 member 3	protein_coding	0.0029566388374776143	0.0	0
ENSG00000204655	MOG	myelin oligodendrocyte glycoprotein	protein_coding	0.0029566388374776143	0.0	0
ENSG00000226887	ERVMER34-1	endogenous retrovirus group MER34 member 1, envelope	protein_coding	0.0029566388374776143	0.0	0
ENSG00000204388	HSPA1B	heat shock protein family A (Hsp70) member 1B	protein_coding	0.0029566388374776143	0.0	0
ENSG00000012779	ALOX5	arachidonate 5-lipoxygenase	protein_coding	0.0029566388374776143	0.0	0
ENSG00000204256	BRD2	bromodomain containing 2	protein_coding	0.0029566388374776143	0.0	0
ENSG00000185339	TCN2	transcobalamin 2	protein_coding	0.0029566388374776143	0.0	0
ENSG00000198829	SUCNR1	succinate receptor 1	protein_coding	0.0029566388374776143	0.0	0
ENSG00000100519	PSMC6	proteasome 26S subunit, ATPase 6	protein_coding	0.0029566388374776143	0.0	0
ENSG00000254488	ENSG00000254488	novel transcript	lncRNA	0.002930831356732532	0.0	0
ENSG00000139324	TMTC3	transmembrane O-mannosyltransferase targeting cadherins 3	protein_coding	0.0029162993872281014	0.0	0
ENSG00000115386	REG1A	regenerating family member 1 alpha	protein_coding	0.0029566388374776143	0.0	0
ENSG00000277173	ENSG00000277173	novel transcript, sense intronic to SLC48A1	lncRNA	0.0029091731815767898	0.0	0
ENSG00000048462	TNFRSF17	TNF receptor superfamily member 17	protein_coding	0.002751316695986113	0.0	0
ENSG00000126218	F10	coagulation factor X	protein_coding	0.002751316695986113	0.0	0
ENSG00000147099	HDAC8	histone deacetylase 8	protein_coding	0.0027385468655371837	0.0	0
ENSG00000125966	MMP24	matrix metallopeptidase 24	protein_coding	0.0027306191567538895	0.0	0
ENSG00000120458	MSANTD2	Myb/SANT DNA binding domain containing 2	protein_coding	0.002700998148050243	0.0	0
ENSG00000076242	MLH1	mutL homolog 1	protein_coding	0.002700998148050243	0.0	0
ENSG00000143156	NME7	NME/NM23 family member 7	protein_coding	0.002679204139755554	0.0	0
ENSG00000110931	CAMKK2	calcium/calmodulin dependent protein kinase kinase 2	protein_coding	0.00264508477154902	0.0	0
ENSG00000119509	INVS	inversin	protein_coding	0.0025870589827929123	0.0	0
ENSG00000187446	CHP1	calcineurin like EF-hand protein 1	protein_coding	0.0025870589827929123	0.0	0
ENSG00000149311	ATM	ATM serine/threonine kinase	protein_coding	0.0025870589827929123	0.0	0
ENSG00000168297	PXK	PX domain containing serine/threonine kinase like	protein_coding	0.0025870589827929123	0.0	0
ENSG00000042493	CAPG	capping actin protein, gelsolin like	protein_coding	0.0025870589827929123	0.0	0
ENSG00000134873	CLDN10	claudin 10	protein_coding	0.0025870589827929123	0.0	0
ENSG00000101981	F9	coagulation factor IX	protein_coding	0.0025870589827929123	0.0	0
ENSG00000149131	SERPING1	serpin family G member 1	protein_coding	0.0025870589827929123	0.0	0
ENSG00000174775	HRAS	HRas proto-oncogene, GTPase	protein_coding	0.0025870589827929123	0.0	0
ENSG00000165731	RET	ret proto-oncogene	protein_coding	0.0025870589827929123	0.0	0
ENSG00000185920	PTCH1	patched 1	protein_coding	0.0025870589827929123	0.0	0
ENSG00000109758	HGFAC	HGF activator	protein_coding	0.002771848910135263	0.0	0
ENSG00000104044	OCA2	OCA2 melanosomal transmembrane protein	protein_coding	0.002771848910135263	0.0	0
ENSG00000137154	RPS6	ribosomal protein S6	protein_coding	0.002771848910135263	0.0	0
ENSG00000146021	KLHL3	kelch like family member 3	protein_coding	0.0028239348507925785	0.0	0
ENSG00000164007	CLDN19	claudin 19	protein_coding	0.0028975909771871687	0.0	0
ENSG00000074935	TUBE1	tubulin epsilon 1	protein_coding	0.002889640141172971	0.0	0
ENSG00000182621	PLCB1	phospholipase C beta 1	protein_coding	0.002872756632962519	0.0	0
ENSG00000006634	DBF4	DBF4-CDC7 kinase regulatory subunit	protein_coding	0.0028687098243293787	0.0	0
ENSG00000148229	POLE3	DNA polymerase epsilon 3, accessory subunit	protein_coding	0.0028665713165239807	0.0	0
ENSG00000100154	TTC28	tetratricopeptide repeat domain 28	protein_coding	0.0028638945851216418	0.0	0
ENSG00000280099	ENSG00000280099			0.0028458213235017134	0.0	0
ENSG00000159596	TMEM69	transmembrane protein 69	protein_coding	0.0028350455745920038	0.0	0
ENSG00000171448	ZBTB26	zinc finger and BTB domain containing 26	protein_coding	0.0028110570908459792	0.0	0
ENSG00000101210	EEF1A2	eukaryotic translation elongation factor 1 alpha 2	protein_coding	0.002771848910135263	0.0	0
ENSG00000140471	LINS1	lines homolog 1	protein_coding	0.0028001802848405103	0.0	0
ENSG00000259943	ZMPSTE24-DT	ZMPSTE24 divergent transcript	lncRNA	0.0027964788014415865	0.0	0
ENSG00000102763	VWA8	von Willebrand factor A domain containing 8	protein_coding	0.0027930373446409555	0.0	0
ENSG00000136146	MED4	mediator complex subunit 4	protein_coding	0.00277605879799084	0.0	0
ENSG00000197217	ENTPD4	ectonucleoside triphosphate diphosphohydrolase 4	protein_coding	0.0027737985626967994	0.0	0
ENSG00000148120	AOPEP	aminopeptidase O (putative)	protein_coding	0.002771848910135263	0.0	0
ENSG00000162552	WNT4	Wnt family member 4	protein_coding	0.002771848910135263	0.0	0
ENSG00000127920	GNG11	G protein subunit gamma 11	protein_coding	0.002771848910135263	0.0	0
ENSG00000116455	WDR77	WD repeat domain 77	protein_coding	0.0029566388374776143	0.0	0
ENSG00000165092	ALDH1A1	aldehyde dehydrogenase 1 family member A1	protein_coding	0.0029673195841514754	0.0	0
ENSG00000161048	NAPEPLD	N-acyl phosphatidylethanolamine phospholipase D	protein_coding	0.0033974096206179382	0.0	0
ENSG00000105928	GSDME	gasdermin E	protein_coding	0.0032193200813619392	0.0	0
ENSG00000129055	ANAPC13	anaphase promoting complex subunit 13	protein_coding	0.0032830458252696274	0.0	0
ENSG00000228748	ENSG00000228748	novel transcript	lncRNA	0.0032818240456057683	0.0	0
ENSG00000089177	KIF16B	kinesin family member 16B	protein_coding	0.0032792228098602358	0.0	0
ENSG00000198551	ZNF627	zinc finger protein 627	protein_coding	0.003277688585761241	0.0	0
ENSG00000100528	CNIH1	cornichon family member 1	protein_coding	0.0032766824339443405	0.0	0
ENSG00000141425	RPRD1A	regulation of nuclear pre-mRNA domain containing 1A	protein_coding	0.003272904055747465	0.0	0
ENSG00000139722	VPS37B	VPS37B subunit of ESCRT-I	protein_coding	0.0032693846819670464	0.0	0
ENSG00000186594	MIR22HG	MIR22 host gene	lncRNA	0.003266003569817137	0.0	0
ENSG00000166266	CUL5	cullin 5	protein_coding	0.003259701806401236	0.0	0
ENSG00000167363	FN3K	fructosamine 3 kinase	protein_coding	0.0032538902054764	0.0	0
ENSG00000136147	PHF11	PHD finger protein 11	protein_coding	0.0032536611635659105	0.0	0
ENSG00000170185	USP38	ubiquitin specific peptidase 38	protein_coding	0.0032522620320383877	0.0	0
ENSG00000145545	SRD5A1	steroid 5 alpha-reductase 1	protein_coding	0.0032508223386993585	0.0	0
ENSG00000147854	UHRF2	ubiquitin like with PHD and ring finger domains 2	protein_coding	0.003237272969980699	0.0	0
ENSG00000035681	NSMAF	neutral sphingomyelinase activation associated factor	protein_coding	0.003236209571792438	0.0	0
ENSG00000197961	ZNF121	zinc finger protein 121	protein_coding	0.0032342329454484154	0.0	0
ENSG00000016864	GLT8D1	glycosyltransferase 8 domain containing 1	protein_coding	0.003233147473510937	0.0	0
ENSG00000116001	TIA1	TIA1 cytotoxic granule associated RNA binding protein	protein_coding	0.0032296872772622446	0.0	0
ENSG00000107679	PLEKHA1	pleckstrin homology domain containing A1	protein_coding	0.0032238922840231825	0.0	0
ENSG00000121406	ZNF549	zinc finger protein 549	protein_coding	0.0032848456052994076	0.0	0
ENSG00000164463	CREBRF	CREB3 regulatory factor	protein_coding	0.003288194457438633	0.0	0
ENSG00000105135	HACL2	2-hydroxyacyl-CoA lyase 2	protein_coding	0.003289679927711886	0.0	0
ENSG00000223442	TH2LCRR	T helper type 2 locus control region associated RNA	lncRNA	0.0033328656069499477	0.0	0
ENSG00000014123	UFL1	UFM1 specific ligase 1	protein_coding	0.003386709150693172	0.0	0
ENSG00000102189	EEA1	early endosome antigen 1	protein_coding	0.003375542634031421	0.0	0
ENSG00000198843	SELENOT	selenoprotein T	protein_coding	0.003366219444918682	0.0	0
ENSG00000141753	IGFBP4	insulin like growth factor binding protein 4	protein_coding	0.0033633064316257776	0.0	0
ENSG00000165632	TAF3	TATA-box binding protein associated factor 3	protein_coding	0.0033590527840921163	0.0	0
ENSG00000009413	REV3L	REV3 like, DNA directed polymerase zeta catalytic subunit	protein_coding	0.003351462156737999	0.0	0
ENSG00000040199	PHLPP2	PH domain and leucine rich repeat protein phosphatase 2	protein_coding	0.003345023805958846	0.0	0
ENSG00000177463	NR2C2	nuclear receptor subfamily 2 group C member 2	protein_coding	0.003342545274027753	0.0	0
ENSG00000205981	DNAJC19	DnaJ heat shock protein family (Hsp40) member C19	protein_coding	0.0033306197861308665	0.0	0
ENSG00000115919	KYNU	kynureninase	protein_coding	0.0032933394952361387	0.0	0
ENSG00000080824	HSP90AA1	heat shock protein 90 alpha family class A member 1	protein_coding	0.003326218692162316	0.0	0
ENSG00000107263	RAPGEF1	Rap guanine nucleotide exchange factor 1	protein_coding	0.003326218692162316	0.0	0
ENSG00000179399	GPC5	glypican 5	protein_coding	0.003326218692162316	0.0	0
ENSG00000134748	PRPF38A	pre-mRNA processing factor 38A	protein_coding	0.0033236393303875886	0.0	0
ENSG00000274290	H2BC6	H2B clustered histone 6	protein_coding	0.003314611175084903	0.0	0
ENSG00000120324	PCDHB10	protocadherin beta 10	protein_coding	0.003311314478214669	0.0	0
ENSG00000279103	ENSG00000279103			0.003304481138761412	0.0	0
ENSG00000179364	PACS2	phosphofurin acidic cluster sorting protein 2	protein_coding	0.0033019940898857767	0.0	0
ENSG00000153714	LURAP1L	leucine rich adaptor protein 1 like	protein_coding	0.0032194251300650873	0.0	0
ENSG00000197296	FITM2	fat storage inducing transmembrane protein 2	protein_coding	0.0032189044202754423	0.0	0
ENSG00000116641	DOCK7	dedicator of cytokinesis 7	protein_coding	0.002977490213201597	0.0	0
ENSG00000054983	GALC	galactosylceramidase	protein_coding	0.0032163943836489733	0.0	0
ENSG00000173917	HOXB2	homeobox B2	protein_coding	0.0031127585156374557	0.0	0
ENSG00000234444	ZNF736	zinc finger protein 736	protein_coding	0.0031127585156374557	0.0	0
ENSG00000125124	BBS2	Bardet-Biedl syndrome 2	protein_coding	0.003105387207193565	0.0	0
ENSG00000139437	TCHP	trichoplein keratin filament binding	protein_coding	0.0031012494059022805	0.0	0
ENSG00000088035	ALG6	ALG6 alpha-1,3-glucosyltransferase	protein_coding	0.0030974127593874135	0.0	0
ENSG00000127870	RNF6	ring finger protein 6	protein_coding	0.003079056726866577	0.0	0
ENSG00000004776	HSPB6	heat shock protein family B (small) member 6	protein_coding	0.0030683475522632476	0.0	0
ENSG00000053770	AP5M1	adaptor related protein complex 5 subunit mu 1	protein_coding	0.003065210471193824	0.0	0
ENSG00000134744	TUT4	terminal uridylyl transferase 4	protein_coding	0.003062888620413629	0.0	0
ENSG00000006712	PAF1	PAF1 component of Paf1/RNA polymerase II complex	protein_coding	0.003050571029850294	0.0	0
ENSG00000286964	ENSG00000286964	novel transcript	lncRNA	0.003044284046290102	0.0	0
ENSG00000005059	MCUB	mitochondrial calcium uniporter dominant negative subunit beta	protein_coding	0.003043423329727444	0.0	0
ENSG00000174227	PIGG	phosphatidylinositol glycan anchor biosynthesis class G (EMM blood group)	protein_coding	0.00303434261591832	0.0	0
ENSG00000024048	UBR2	ubiquitin protein ligase E3 component n-recognin 2	protein_coding	0.002999617451268858	0.0	0
ENSG00000114670	NEK11	NIMA related kinase 11	protein_coding	0.0029965862358461593	0.0	0
ENSG00000113356	POLR3G	RNA polymerase III subunit G	protein_coding	0.002993104135128401	0.0	0
ENSG00000166822	TMEM170A	transmembrane protein 170A	protein_coding	0.002987610056807679	0.0	0
ENSG00000139233	LLPH	LLP homolog, long-term synaptic facilitation factor	protein_coding	0.0029817213313691623	0.0	0
ENSG00000123444	KBTBD4	kelch repeat and BTB domain containing 4	protein_coding	0.002978804863047848	0.0	0
ENSG00000107938	EDRF1	erythroid differentiation regulatory factor 1	protein_coding	0.0031243772963924182	0.0	0
ENSG00000166889	PATL1	PAT1 homolog 1, processing body mRNA decay factor	protein_coding	0.0031243772963924182	0.0	0
ENSG00000133731	IMPA1	inositol monophosphatase 1	protein_coding	0.003127712653295379	0.0	0
ENSG00000181666	ZNF875	zinc finger protein 875	protein_coding	0.0031750398287748484	0.0	0
ENSG00000155096	AZIN1	antizyme inhibitor 1	protein_coding	0.003211078229238099	0.0	0
ENSG00000005812	FBXL3	F-box and leucine rich repeat protein 3	protein_coding	0.0032070888273905114	0.0	0
ENSG00000006757	PNPLA4	patatin like domain 4, phospholipase and triacylglycerol lipase 	protein_coding	0.0032034881693732715	0.0	0
ENSG00000140497	SCAMP2	secretory carrier membrane protein 2	protein_coding	0.003202037369556489	0.0	0
ENSG00000169836	TACR3	tachykinin receptor 3	protein_coding	0.0031931464190883673	0.0	0
ENSG00000155189	AGPAT5	1-acylglycerol-3-phosphate O-acyltransferase 5	protein_coding	0.0031867840605948575	0.0	0
ENSG00000185046	ANKS1B	ankyrin repeat and sterile alpha motif domain containing 1B	protein_coding	0.0031840243161593063	0.0	0
ENSG00000122126	OCRL	OCRL inositol polyphosphate-5-phosphatase	protein_coding	0.0031804915101527704	0.0	0
ENSG00000155085	AK9	adenylate kinase 9	protein_coding	0.003169149354715359	0.0	0
ENSG00000143363	PRUNE1	prune exopolyphosphatase 1	protein_coding	0.003128038008569343	0.0	0
ENSG00000173681	BCLAF3	BCLAF1 and THRAP3 family member 3	protein_coding	0.003165575313902172	0.0	0
ENSG00000241313	WWTR1-AS1	WWTR1 antisense RNA 1	lncRNA	0.0031618941458892995	0.0	0
ENSG00000073584	SMARCE1	SWI/SNF related BAF chromatin remodeling complex subunit E1	protein_coding	0.0031553560433745125	0.0	0
ENSG00000111676	ATN1	atrophin 1	protein_coding	0.0031542518230749522	0.0	0
ENSG00000167881	SRP68	signal recognition particle 68	protein_coding	0.0031533335550254942	0.0	0
ENSG00000008311	AASS	aminoadipate-semialdehyde synthase	protein_coding	0.003151460711295139	0.0	0
ENSG00000179715	PCED1B	PC-esterase domain containing 1B	protein_coding	0.003150849174398606	0.0	0
ENSG00000198670	LPA	lipoprotein(a)	protein_coding	0.003128698792047492	0.0	0
ENSG00000153347	FAM81B	family with sequence similarity 81 member B	protein_coding	0.005943641095975884	0.0	0
ENSG00000053254	FOXN3	forkhead box N3	protein_coding	0.006559266547330418	0.0	0
ENSG00000198586	TLK1	tousled like kinase 1	protein_coding	0.005982101185192611	0.0	0
ENSG00000196154	S100A4	S100 calcium binding protein A4	protein_coding	0.024636373717789255	0.0	0
ENSG00000120937	NPPB	natriuretic peptide B	protein_coding	0.025814126239018964	0.0	0
ENSG00000104067	TJP1	tight junction protein 1	protein_coding	0.025761243216841548	0.0	0
ENSG00000140943	MBTPS1	membrane bound transcription factor peptidase, site 1	protein_coding	0.02574739654303423	0.0	0
ENSG00000069667	RORA	RAR related orphan receptor A	protein_coding	0.025723740695545495	0.0	0
ENSG00000101017	CD40	CD40 molecule	protein_coding	0.02564305122547023	0.0	0
ENSG00000124216	SNAI1	snail family transcriptional repressor 1	protein_coding	0.025480477759095278	0.0	0
ENSG00000135077	HAVCR2	hepatitis A virus cellular receptor 2	protein_coding	0.025439275285411598	0.0	0
ENSG00000187682	ERAS	ES cell expressed Ras	protein_coding	0.02541641725094992	0.0	0
ENSG00000132591	ERAL1	Era like 12S mitochondrial rRNA chaperone 1	protein_coding	0.02535728447420037	0.0	0
ENSG00000171236	LRG1	leucine rich alpha-2-glycoprotein 1	protein_coding	0.025295687831752928	0.0	0
ENSG00000223865	HLA-DPB1	major histocompatibility complex, class II, DP beta 1	protein_coding	0.025218692028693607	0.0	0
ENSG00000129009	ISLR	immunoglobulin superfamily containing leucine rich repeat	protein_coding	0.025131430118559724	0.0	0
ENSG00000162692	VCAM1	vascular cell adhesion molecule 1	protein_coding	0.025104815759749863	0.0	0
ENSG00000123610	TNFAIP6	TNF alpha induced protein 6	protein_coding	0.025100631797335998	0.0	0
ENSG00000172037	LAMB2	laminin subunit beta 2	protein_coding	0.02496030462291422	0.0	0
ENSG00000066044	ELAVL1	ELAV like RNA binding protein 1	protein_coding	0.024946640191217367	0.0	0
ENSG00000133216	EPHB2	EPH receptor B2	protein_coding	0.024872680682672222	0.0	0
ENSG00000102393	GLA	galactosidase alpha	protein_coding	0.024865948589611213	0.0	0
ENSG00000184216	IRAK1	interleukin 1 receptor associated kinase 1	protein_coding	0.024736184996188588	0.0	0
ENSG00000182220	ATP6AP2	ATPase H+ transporting accessory protein 2	protein_coding	0.02582952539963082	0.0	0
ENSG00000130300	PLVAP	plasmalemma vesicle associated protein	protein_coding	0.02587058982792912	0.0	0
ENSG00000120738	EGR1	early growth response 1	protein_coding	0.02588647532717488	0.0	0
ENSG00000189403	HMGB1	high mobility group box 1	protein_coding	0.02720785293546327	0.0	0
ENSG00000167992	VWCE	von Willebrand factor C and EGF domains	protein_coding	0.02808806895603734	0.0	0
ENSG00000160339	FCN2	ficolin 2	protein_coding	0.028046969991863006	0.0	0
ENSG00000091483	FH	fumarate hydratase	protein_coding	0.02797029329058198	0.0	0
ENSG00000140675	SLC5A2	solute carrier family 5 member 2	protein_coding	0.027712983338353134	0.0	0
ENSG00000118972	FGF23	fibroblast growth factor 23	protein_coding	0.02769453368755424	0.0	0
ENSG00000100311	PDGFB	platelet derived growth factor subunit B	protein_coding	0.02755286140992511	0.0	0
ENSG00000069482	GAL	galanin and GMAP prepropeptide	protein_coding	0.02747888325458404	0.0	0
ENSG00000179344	HLA-DQB1	major histocompatibility complex, class II, DQ beta 1	protein_coding	0.027396558718803643	0.0	0
ENSG00000167110	GOLGA2	golgin A2	protein_coding	0.026979329391983227	0.0	0
ENSG00000171791	BCL2	BCL2 apoptosis regulator	protein_coding	0.026040237200383145	0.0	0
ENSG00000164047	CAMP	cathelicidin antimicrobial peptide	protein_coding	0.026856136107088334	0.0	0
ENSG00000170634	ACYP2	acylphosphatase 2	protein_coding	0.026609749537298527	0.0	0
ENSG00000128604	IRF5	interferon regulatory factor 5	protein_coding	0.026609749537298527	0.0	0
ENSG00000049768	FOXP3	forkhead box P3	protein_coding	0.026571751472881273	0.0	0
ENSG00000131981	LGALS3	galectin 3	protein_coding	0.026240169682613827	0.0	0
ENSG00000136810	TXN	thioredoxin	protein_coding	0.026240169682613827	0.0	0
ENSG00000116030	SUMO1	small ubiquitin like modifier 1	protein_coding	0.026235401275546515	0.0	0
ENSG00000142677	IL22RA1	interleukin 22 receptor subunit alpha 1	protein_coding	0.02605537975527148	0.0	0
ENSG00000007908	SELE	selectin E	protein_coding	0.02468115866226886	0.0	0
ENSG00000167701	GPT	glutamic--pyruvic transaminase	protein_coding	0.0245387029583678	0.0	0
ENSG00000099940	SNAP29	synaptosome associated protein 29	protein_coding	0.02808806895603734	0.0	0
ENSG00000102882	MAPK3	mitogen-activated protein kinase 3	protein_coding	0.024485543066423456	0.0	0
ENSG00000292363	CRLF2	cytokine receptor like factor 2 	protein_coding	0.02328353084513621	0.0	0
ENSG00000172936	MYD88	MYD88 innate immune signal transduction adaptor	protein_coding	0.02327756484399573	0.0	0
ENSG00000102760	RGCC	regulator of cell cycle	protein_coding	0.023274959213937064	0.0	0
ENSG00000166670	MMP10	matrix metallopeptidase 10	protein_coding	0.02324246641683791	0.0	0
ENSG00000145431	PDGFC	platelet derived growth factor C	protein_coding	0.02315220916333202	0.0	0
ENSG00000074527	NTN4	netrin 4	protein_coding	0.02307820870364471	0.0	0
ENSG00000134107	BHLHE40	basic helix-loop-helix family member e40	protein_coding	0.022920278029032383	0.0	0
ENSG00000121858	TNFSF10	TNF superfamily member 10	protein_coding	0.022913950990451508	0.0	0
ENSG00000158747	NBL1	NBL1, DAN family BMP antagonist	protein_coding	0.022913950990451508	0.0	0
ENSG00000012124	CD22	CD22 molecule	protein_coding	0.022913950990451508	0.0	0
ENSG00000100906	NFKBIA	NFKB inhibitor alpha	protein_coding	0.02291116482486144	0.0	0
ENSG00000110848	CD69	CD69 molecule	protein_coding	0.022897239835353012	0.0	0
ENSG00000090382	LYZ	lysozyme	protein_coding	0.022770225491407458	0.0	0
ENSG00000170458	CD14	CD14 molecule	protein_coding	0.02267810467053869	0.0	0
ENSG00000090659	CD209	CD209 molecule	protein_coding	0.02260596777821426	0.0	0
ENSG00000174123	TLR10	toll like receptor 10	protein_coding	0.02259570167113968	0.0	0
ENSG00000125735	TNFSF14	TNF superfamily member 14	protein_coding	0.02256437747381887	0.0	0
ENSG00000134250	NOTCH2	notch receptor 2	protein_coding	0.022544371135766808	0.0	0
ENSG00000119508	NR4A3	nuclear receptor subfamily 4 group A member 3	protein_coding	0.022443438337350078	0.0	0
ENSG00000204444	APOM	apolipoprotein M	protein_coding	0.023447788558329418	0.0	0
ENSG00000118526	TCF21	transcription factor 21	protein_coding	0.023523757750681266	0.0	0
ENSG00000163884	KLF15	KLF transcription factor 15	protein_coding	0.023588662602729904	0.0	0
ENSG00000153234	NR4A2	nuclear receptor subfamily 4 group A member 2	protein_coding	0.024269370618114787	0.0	0
ENSG00000160691	SHC1	SHC adaptor protein 1	protein_coding	0.024392270409190318	0.0	0
ENSG00000015475	BID	BH3 interacting domain death agonist	protein_coding	0.024392270409190318	0.0	0
ENSG00000137509	PRCP	prolylcarboxypeptidase	protein_coding	0.024392270409190318	0.0	0
ENSG00000102554	KLF5	KLF transcription factor 5	protein_coding	0.024392270409190318	0.0	0
ENSG00000162594	IL23R	interleukin 23 receptor	protein_coding	0.02437173819504117	0.0	0
ENSG00000116688	MFN2	mitofusin 2	protein_coding	0.024371738195041168	0.0	0
ENSG00000221869	CEBPD	CCAAT enhancer binding protein delta	protein_coding	0.024340529229534467	0.0	0
ENSG00000198624	CCDC69	coiled-coil domain containing 69	protein_coding	0.024295921975051718	0.0	0
ENSG00000173585	CCR9	C-C motif chemokine receptor 9	protein_coding	0.02418694826769882	0.0	0
ENSG00000130340	SNX9	sorting nexin 9	protein_coding	0.023653110699820915	0.0	0
ENSG00000159259	CHAF1B	chromatin assembly factor 1 subunit B	protein_coding	0.023837900627163264	0.0	0
ENSG00000205755	CRLF2	cytokine receptor like factor 2	protein_coding	0.023837900627163264	0.0	0
ENSG00000117450	PRDX1	peroxiredoxin 1	protein_coding	0.023796836198864964	0.0	0
ENSG00000213005	PTTG3P	pituitary tumor-transforming 3, pseudogene	processed_pseudogene	0.023791279930301338	0.0	0
ENSG00000026025	VIM	vimentin	protein_coding	0.023746804873097153	0.0	0
ENSG00000100030	MAPK1	mitogen-activated protein kinase 1	protein_coding	0.023735717885010648	0.0	0
ENSG00000081041	CXCL2	C-X-C motif chemokine ligand 2	protein_coding	0.023687584060887668	0.0	0
ENSG00000127324	TSPAN8	tetraspanin 8	protein_coding	0.023653110699820915	0.0	0
ENSG00000179348	GATA2	GATA binding protein 2	protein_coding	0.02808806895603734	0.0	0
ENSG00000155659	VSIG4	V-set and immunoglobulin domain containing 4	protein_coding	0.02823446364292078	0.0	0
ENSG00000100985	MMP9	matrix metallopeptidase 9	protein_coding	0.02235827113382947	0.0	0
ENSG00000169429	CXCL8	C-X-C motif chemokine ligand 8	protein_coding	0.03220041772145383	0.0	0
ENSG00000136560	TANK	TRAF family member associated NFKB activator	protein_coding	0.03356524240246462	0.0	0
ENSG00000130513	GDF15	growth differentiation factor 15	protein_coding	0.033543238397448986	0.0	0
ENSG00000101311	FERMT1	FERM domain containing kindlin 1	protein_coding	0.033461760043152905	0.0	0
ENSG00000109072	VTN	vitronectin	protein_coding	0.03345381940869992	0.0	0
ENSG00000168283	BMI1	BMI1 proto-oncogene, polycomb ring finger	protein_coding	0.033262186921623166	0.0	0
ENSG00000185338	SOCS1	suppressor of cytokine signaling 1	protein_coding	0.03320059027917571	0.0	0
ENSG00000163599	CTLA4	cytotoxic T-lymphocyte associated protein 4	protein_coding	0.033132176336372735	0.0	0
ENSG00000182871	COL18A1	collagen type XVIII alpha 1 chain	protein_coding	0.033046598673057086	0.0	0
ENSG00000116539	ASH1L	ASH1 like histone lysine methyltransferase	protein_coding	0.0329739146349691	0.0	0
ENSG00000133318	RTN3	reticulon 3	protein_coding	0.03287043227565738	0.0	0
ENSG00000074660	SCARF1	scavenger receptor class F member 1	protein_coding	0.03286304067856368	0.0	0
ENSG00000183484	GPR132	G protein-coupled receptor 132	protein_coding	0.03277434151343936	0.0	0
ENSG00000198189	HSD17B11	hydroxysteroid 17-beta dehydrogenase 11	protein_coding	0.03277434151343936	0.0	0
ENSG00000266094	RASSF5	Ras association domain family member 5	protein_coding	0.03254520200353485	0.0	0
ENSG00000026950	BTN3A1	butyrophilin subfamily 3 member A1	protein_coding	0.03252302721225376	0.0	0
ENSG00000165895	ARHGAP42	Rho GTPase activating protein 42	protein_coding	0.03244171964422313	0.0	0
ENSG00000078401	EDN1	endothelin 1	protein_coding	0.032429207438293785	0.0	0
ENSG00000085563	ABCB1	ATP binding cassette subfamily B member 1	protein_coding	0.032360412076192495	0.0	0
ENSG00000176845	METRNL	meteorin like, glial cell differentiation regulator	protein_coding	0.032345628882005095	0.0	0
ENSG00000196352	CD55	CD55 molecule (Cromer blood group)	protein_coding	0.03356585836888908	0.0	0
ENSG00000148400	NOTCH1	notch receptor 1	protein_coding	0.03368309731168073	0.0	0
ENSG00000170315	UBB	ubiquitin B	protein_coding	0.03391206397386411	0.0	0
ENSG00000166736	HTR3A	5-hydroxytryptamine receptor 3A	protein_coding	0.0343265769031151	0.0	0
ENSG00000244682	FCGR2C	Fc gamma receptor IIc (gene/pseudogene)	protein_coding	0.035154435777608836	0.0	0
ENSG00000017427	IGF1	insulin like growth factor 1	protein_coding	0.03512528582425242	0.0	0
ENSG00000137673	MMP7	matrix metallopeptidase 7	protein_coding	0.035118982323886924	0.0	0
ENSG00000122133	PAEP	progestagen associated endometrial protein	protein_coding	0.034954354425186	0.0	0
ENSG00000148346	LCN2	lipocalin 2	protein_coding	0.03494193038902792	0.0	0
ENSG00000130600	H19	H19 imprinted maternally expressed transcript	lncRNA	0.0346891758049891	0.0	0
ENSG00000152822	GRM1	glutamate metabotropic receptor 1	protein_coding	0.03454832481592593	0.0	0
ENSG00000118762	PKD2	polycystin 2, transient receptor potential cation channel	protein_coding	0.034363534888583576	0.0	0
ENSG00000204525	HLA-C	major histocompatibility complex, class I, C	protein_coding	0.034290697065249696	0.0	0
ENSG00000221983	UBA52	ubiquitin A-52 residue ribosomal protein fusion product 1	protein_coding	0.03391206397386411	0.0	0
ENSG00000130222	GADD45G	growth arrest and DNA damage inducible gamma	protein_coding	0.03413881342708087	0.0	0
ENSG00000113721	PDGFRB	platelet derived growth factor receptor beta	protein_coding	0.034136423725067006	0.0	0
ENSG00000123154	WDR83	WD repeat domain 83	protein_coding	0.03409743739321059	0.0	0
ENSG00000064393	HIPK2	homeodomain interacting protein kinase 2	protein_coding	0.03409064919179801	0.0	0
ENSG00000205403	CFI	complement factor I	protein_coding	0.03408226578072683	0.0	0
ENSG00000186815	TPCN1	two pore segment channel 1	protein_coding	0.03399395503389887	0.0	0
ENSG00000150991	UBC	ubiquitin C	protein_coding	0.033939440259396304	0.0	0
ENSG00000143947	RPS27A	ribosomal protein S27a	protein_coding	0.03391206397386411	0.0	0
ENSG00000148943	LIN7C	lin-7 cell polarity scaffold C	protein_coding	0.03221258013431861	0.0	0
ENSG00000005381	MPO	myeloperoxidase	protein_coding	0.03213387165094726	0.0	0
ENSG00000175592	FOSL1	FOS like 1, AP-1 transcription factor subunit	protein_coding	0.028236173496808816	0.0	0
ENSG00000160882	CYP11B1	cytochrome P450 family 11 subfamily B member 1	protein_coding	0.03207953138663212	0.0	0
ENSG00000176945	MUC20	mucin 20, cell surface associated	protein_coding	0.030605934377147617	0.0	0
ENSG00000011465	DCN	decorin	protein_coding	0.03057903717661222	0.0	0
ENSG00000211891	IGHE	immunoglobulin heavy constant epsilon	IG_C_gene	0.03049760593248449	0.0	0
ENSG00000075539	FRYL	FRY like transcription coactivator	protein_coding	0.03046816322020682	0.0	0
ENSG00000124875	CXCL6	C-X-C motif chemokine ligand 6	protein_coding	0.03045953969026417	0.0	0
ENSG00000154783	FGD5	FYVE, RhoGEF and PH domain containing 5	protein_coding	0.030418475261965873	0.0	0
ENSG00000163220	S100A9	S100 calcium binding protein A9	protein_coding	0.02993596822946085	0.0	0
ENSG00000118523	CCN2	cellular communication network factor 2	protein_coding	0.029833191879947662	0.0	0
ENSG00000117601	SERPINC1	serpin family C member 1	protein_coding	0.029643589499976943	0.0	0
ENSG00000164251	F2RL1	F2R like trypsin receptor 1	protein_coding	0.02944453541671359	0.0	0
ENSG00000170027	YWHAG	tyrosine 3-monooxygenase/tryptophan 5-monooxygenase activation protein gamma	protein_coding	0.029196808520091447	0.0	0
ENSG00000134986	NREP	neuronal regeneration related protein	protein_coding	0.029196808520091447	0.0	0
ENSG00000134308	YWHAQ	tyrosine 3-monooxygenase/tryptophan 5-monooxygenase activation protein theta	protein_coding	0.029196808520091447	0.0	0
ENSG00000204386	NEU1	neuraminidase 1	protein_coding	0.029066018315961357	0.0	0
ENSG00000055332	EIF2AK2	eukaryotic translation initiation factor 2 alpha kinase 2	protein_coding	0.028960688057376213	0.0	0
ENSG00000142208	AKT1	AKT serine/threonine kinase 1	protein_coding	0.02888350826652323	0.0	0
ENSG00000106366	SERPINE1	serpin family E member 1	protein_coding	0.028808936138698966	0.0	0
ENSG00000154727	GABPA	GA binding protein transcription factor subunit alpha	protein_coding	0.028655537685433538	0.0	0
ENSG00000028137	TNFRSF1B	TNF receptor superfamily member 1B	protein_coding	0.028553543911647637	0.0	0
ENSG00000161405	IKZF3	IKAROS family zinc finger 3	protein_coding	0.030608603564987003	0.0	0
ENSG00000274810	NPHP3-ACAD11	NPHP3-ACAD11 readthrough (NMD candidate)	protein_coding	0.03066773634173656	0.0	0
ENSG00000113971	NPHP3	nephrocystin 3	protein_coding	0.03066773634173656	0.0	0
ENSG00000123342	MMP19	matrix metallopeptidase 19	protein_coding	0.03153731052409506	0.0	0
ENSG00000008710	PKD1	polycystin 1, transient receptor potential channel interacting	protein_coding	0.032027790206976256	0.0	0
ENSG00000005981	ASB4	ankyrin repeat and SOCS box containing 4	protein_coding	0.03193909104185193	0.0	0
ENSG00000283926	MIR192	microRNA 192	miRNA	0.031931699444758245	0.0	0
ENSG00000111077	TNS2	tensin 2	protein_coding	0.031776475905790656	0.0	0
ENSG00000240520	UOX	urate oxidase (pseudogene)	transcribed_unitary_pseudogene	0.03174690951741589	0.0	0
ENSG00000145901	TNIP1	TNFAIP3 interacting protein 1	protein_coding	0.03170995153194742	0.0	0
ENSG00000198961	PJA2	praja ring finger ubiquitin ligase 2	protein_coding	0.03166560194938526	0.0	0
ENSG00000131236	CAP1	cyclase associated actin cytoskeleton regulatory protein 1	protein_coding	0.031599077575542006	0.0	0
ENSG00000170962	PDGFD	platelet derived growth factor D	protein_coding	0.03141428764819965	0.0	0
ENSG00000196689	TRPV1	transient receptor potential cation channel subfamily V member 1	protein_coding	0.03066773634173656	0.0	0
ENSG00000129437	KLK14	kallikrein related peptidase 14	protein_coding	0.031288630497606856	0.0	0
ENSG00000164172	MOCS2	molybdenum cofactor synthesis 2	protein_coding	0.031140798555732974	0.0	0
ENSG00000198914	POU3F3	POU class 3 homeobox 3	protein_coding	0.031103840570264503	0.0	0
ENSG00000135698	MPHOSPH6	M-phase phosphoprotein 6	protein_coding	0.03104470779351495	0.0	0
ENSG00000048052	HDAC9	histone deacetylase 9	protein_coding	0.03104470779351495	0.0	0
ENSG00000130234	ACE2	angiotensin converting enzyme 2	protein_coding	0.03081320501752759	0.0	0
ENSG00000197943	PLCG2	phospholipase C gamma 2	protein_coding	0.030808176686516742	0.0	0
ENSG00000178878	APOLD1	apolipoprotein L domain containing 1	protein_coding	0.030734260715579807	0.0	0
ENSG00000224389	C4B	complement C4B (Chido/Rodgers blood group)	protein_coding	0.022431605742479772	0.0	0
ENSG00000203747	FCGR3A	Fc gamma receptor IIIa	protein_coding	0.022316853023405876	0.0	0
ENSG00000173137	ADCK5	aarF domain containing kinase 5	protein_coding	0.035198785360170994	0.0	0
ENSG00000291237	SOD2	superoxide dismutase 2	protein_coding	0.01721626156406236	0.0	0
ENSG00000072506	HSD17B10	hydroxysteroid 17-beta dehydrogenase 10	protein_coding	0.01796568738050634	0.0	0
ENSG00000184557	SOCS3	suppressor of cytokine signaling 3	protein_coding	0.017917625521678707	0.0	0
ENSG00000131196	NFATC1	nuclear factor of activated T cells 1	protein_coding	0.017739833024865686	0.0	0
ENSG00000164690	SHH	sonic hedgehog signaling molecule	protein_coding	0.017739833024865686	0.0	0
ENSG00000002746	HECW1	HECT, C2 and WW domain containing E3 ubiquitin protein ligase 1	protein_coding	0.017739833024865686	0.0	0
ENSG00000145649	GZMA	granzyme A	protein_coding	0.017738599143129766	0.0	0
ENSG00000187741	FANCA	FA complementation group A	protein_coding	0.01772217532069742	0.0	0
ENSG00000165060	FXN	frataxin	protein_coding	0.01772217532069742	0.0	0
ENSG00000132688	NES	nestin	protein_coding	0.017721969998555926	0.0	0
ENSG00000166888	STAT6	signal transducer and activator of transcription 6	protein_coding	0.017719300810716536	0.0	0
ENSG00000163659	TIPARP	TCDD inducible poly(ADP-ribose) polymerase	protein_coding	0.017715140953897146	0.0	0
ENSG00000124731	TREM1	triggering receptor expressed on myeloid cells 1	protein_coding	0.017583377553049163	0.0	0
ENSG00000159450	TCHH	trichohyalin	protein_coding	0.017555043097523336	0.0	0
ENSG00000168685	IL7R	interleukin 7 receptor	protein_coding	0.017501248696452563	0.0	0
ENSG00000197822	OCLN	occludin	protein_coding	0.01746264813385216	0.0	0
ENSG00000120949	TNFRSF8	TNF receptor superfamily member 8	protein_coding	0.017431849812628436	0.0	0
ENSG00000101439	CST3	cystatin C	protein_coding	0.01736402401207092	0.0	0
ENSG00000165030	NFIL3	nuclear factor, interleukin 3 regulated	protein_coding	0.017350677515349428	0.0	0
ENSG00000002726	AOC1	amine oxidase copper containing 1	protein_coding	0.017244171763697264	0.0	0
ENSG00000271503	CCL5	C-C motif chemokine ligand 5	protein_coding	0.017987963086921587	0.0	0
ENSG00000107317	PTGDS	prostaglandin D2 synthase	protein_coding	0.01810941287955039	0.0	0
ENSG00000145386	CCNA2	cyclin A2	protein_coding	0.01810941287955039	0.0	0
ENSG00000149294	NCAM1	neural cell adhesion molecule 1	protein_coding	0.018477308487416848	0.0	0
ENSG00000167193	CRK	CRK proto-oncogene, adaptor protein	protein_coding	0.018638322716032496	0.0	0
ENSG00000260314	MRC1	mannose receptor C-type 1	protein_coding	0.018556871665683407	0.0	0
ENSG00000160712	IL6R	interleukin 6 receptor	protein_coding	0.018495150577282043	0.0	0
ENSG00000178828	RNF186	ring finger protein 186	protein_coding	0.018486384331328782	0.0	0
ENSG00000169738	DCXR	dicarbonyl and L-xylulose reductase	protein_coding	0.01847899273423509	0.0	0
ENSG00000096092	TMEM14A	transmembrane protein 14A	protein_coding	0.01847899273423509	0.0	0
ENSG00000181555	SETD2	SET domain containing 2, histone lysine methyltransferase	protein_coding	0.01847899273423509	0.0	0
ENSG00000169885	CALML6	calmodulin like 6	protein_coding	0.01847899273423509	0.0	0
ENSG00000112062	MAPK14	mitogen-activated protein kinase 14	protein_coding	0.01844573054731347	0.0	0
ENSG00000004142	POLDIP2	DNA polymerase delta interacting protein 2	protein_coding	0.01825313837859444	0.0	0
ENSG00000118515	SGK1	serum/glucocorticoid regulated kinase 1	protein_coding	0.01843792830593679	0.0	0
ENSG00000105639	JAK3	Janus kinase 3	protein_coding	0.018391730824101202	0.0	0
ENSG00000159388	BTG2	BTG anti-proliferation factor 2	protein_coding	0.01829420280689274	0.0	0
ENSG00000197971	MBP	myelin basic protein	protein_coding	0.018259708687122164	0.0	0
ENSG00000106305	AIMP2	aminoacyl tRNA synthetase complex interacting multifunctional protein 2	protein_coding	0.01825313837859444	0.0	0
ENSG00000034677	RNF19A	ring finger protein 19A, RBR E3 ubiquitin protein ligase	protein_coding	0.01825313837859444	0.0	0
ENSG00000100351	GRAP2	GRB2 related adaptor protein 2	protein_coding	0.01825313837859444	0.0	0
ENSG00000100591	AHSA1	activator of HSP90 ATPase activity 1	protein_coding	0.01825313837859444	0.0	0
ENSG00000277734	TRAC	T cell receptor alpha constant	TR_C_gene	0.01723432991251361	0.0	0
ENSG00000168961	LGALS9	galectin 9	protein_coding	0.017185463242838636	0.0	0
ENSG00000064012	CASP8	caspase 8	protein_coding	0.018663782661577442	0.0	0
ENSG00000019991	HGF	hepatocyte growth factor	protein_coding	0.017083399282402323	0.0	0
ENSG00000087274	ADD1	adducin 1	protein_coding	0.016240981391977726	0.0	0
ENSG00000036448	MYOM2	myomesin 2	protein_coding	0.01621285225859339	0.0	0
ENSG00000085265	FCN1	ficolin 1	protein_coding	0.016148586428306556	0.0	0
ENSG00000053702	NRIP2	nuclear receptor interacting protein 2	protein_coding	0.01611689483669433	0.0	0
ENSG00000265681	RPL17	ribosomal protein L17	protein_coding	0.01610039127950741	0.0	0
ENSG00000177426	TGIF1	TGFB induced factor homeobox 1	protein_coding	0.016098898470065612	0.0	0
ENSG00000144655	CSRNP1	cysteine and serine rich nuclear protein 1	protein_coding	0.016098898470065612	0.0	0
ENSG00000186469	GNG2	G protein subunit gamma 2	protein_coding	0.01605619146463538	0.0	0
ENSG00000171223	JUNB	JunB proto-oncogene, AP-1 transcription factor subunit	protein_coding	0.016040382823666283	0.0	0
ENSG00000101132	PFDN4	prefoldin subunit 4	protein_coding	0.01603285201726146	0.0	0
ENSG00000211689	TRGC1	T cell receptor gamma constant 1	TR_C_gene	0.01603285201726146	0.0	0
ENSG00000089820	ARHGAP4	Rho GTPase activating protein 4	protein_coding	0.01603285201726146	0.0	0
ENSG00000132693	CRP	C-reactive protein	protein_coding	0.015936472650072597	0.0	0
ENSG00000117335	CD46	CD46 molecule	protein_coding	0.01591707314303153	0.0	0
ENSG00000198178	CLEC4C	C-type lectin domain family 4 member C	protein_coding	0.015891933751442176	0.0	0
ENSG00000103043	VAC14	VAC14 component of PIKFYVE complex	protein_coding	0.015891933751442176	0.0	0
ENSG00000102908	NFAT5	nuclear factor of activated T cells 5	protein_coding	0.01588267029723456	0.0	0
ENSG00000168140	VASN	vasorin	protein_coding	0.015800347505593615	0.0	0
ENSG00000105655	ISYNA1	inositol-3-phosphate synthase 1	protein_coding	0.015790709935686868	0.0	0
ENSG00000132589	FLOT2	flotillin 2	protein_coding	0.01626151360612688	0.0	0
ENSG00000225851	HLA-S	major histocompatibility complex, class I, S (pseudogene)	unprocessed_pseudogene	0.01626151360612688	0.0	0
ENSG00000231852	CYP21A2	cytochrome P450 family 21 subfamily A member 2	protein_coding	0.01626151360612688	0.0	0
ENSG00000128016	ZFP36	ZFP36 zinc finger CCCH-type	protein_coding	0.016766192201058634	0.0	0
ENSG00000100342	APOL1	apolipoprotein L1	protein_coding	0.017013608610410246	0.0	0
ENSG00000147889	CDKN2A	cyclin dependent kinase inhibitor 2A	protein_coding	0.017002999135808803	0.0	0
ENSG00000183741	CBX6	chromobox 6	protein_coding	0.017000673315496286	0.0	0
ENSG00000213719	CLIC1	chloride intracellular channel 1	protein_coding	0.017000673315496286	0.0	0
ENSG00000176907	TCIM	transcriptional and immune response regulator	protein_coding	0.016908997885214674	0.0	0
ENSG00000275243	TRBV16	T cell receptor beta variable 16	TR_V_gene	0.01681855257599332	0.0	0
ENSG00000083799	CYLD	CYLD lysine 63 deubiquitinase	protein_coding	0.016815883388153933	0.0	0
ENSG00000104921	FCER2	Fc epsilon receptor II	protein_coding	0.016795351174004783	0.0	0
ENSG00000184500	PROS1	protein S	protein_coding	0.016698734535689673	0.0	0
ENSG00000124766	SOX4	SRY-box transcription factor 4	protein_coding	0.01626151360612688	0.0	0
ENSG00000117054	ACADM	acyl-CoA dehydrogenase medium chain	protein_coding	0.01665888130872017	0.0	0
ENSG00000158477	CD1A	CD1a molecule	protein_coding	0.01663109346081158	0.0	0
ENSG00000137752	CASP1	caspase 1	protein_coding	0.016613936491253686	0.0	0
ENSG00000099250	NRP1	neuropilin 1	protein_coding	0.01661056124666243	0.0	0
ENSG00000142168	SOD1	superoxide dismutase 1	protein_coding	0.016553800183827697	0.0	0
ENSG00000097007	ABL1	ABL proto-oncogene 1, non-receptor tyrosine kinase	protein_coding	0.016446303533469233	0.0	0
ENSG00000160791	CCR5	C-C motif chemokine receptor 5	protein_coding	0.016351444704100153	0.0	0
ENSG00000130203	APOE	apolipoprotein E	protein_coding	0.01632311024857433	0.0	0
ENSG00000015413	DPEP1	dipeptidase 1	protein_coding	0.018640715331966595	0.0	0
ENSG00000184058	TBX1	T-box transcription factor 1	protein_coding	0.018726431051531548	0.0	0
ENSG00000067560	RHOA	ras homolog family member A	protein_coding	0.02227765767396935	0.0	0
ENSG00000073792	IGF2BP2	insulin like growth factor 2 mRNA binding protein 2	protein_coding	0.020483758123758106	0.0	0
ENSG00000092009	CMA1	chymase 1	protein_coding	0.02136858132177237	0.0	0
ENSG00000158869	FCER1G	Fc epsilon receptor Ig	protein_coding	0.021360516142347158	0.0	0
ENSG00000121594	CD80	CD80 molecule	protein_coding	0.02114814603774857	0.0	0
ENSG00000133116	KL	klotho	protein_coding	0.021078504696918916	0.0	0
ENSG00000105429	MEGF8	multiple EGF like domains 8	protein_coding	0.021066051717028005	0.0	0
ENSG00000009844	VTA1	vesicle trafficking 1	protein_coding	0.021066051717028005	0.0	0
ENSG00000121879	PIK3CA	phosphatidylinositol-4,5-bisphosphate 3-kinase catalytic subunit alpha	protein_coding	0.021000305640386175	0.0	0
ENSG00000100644	HIF1A	hypoxia inducible factor 1 subunit alpha	protein_coding	0.02097214199497848	0.0	0
ENSG00000151490	PTPRO	protein tyrosine phosphatase receptor type O	protein_coding	0.020860729575536505	0.0	0
ENSG00000132475	H3-3B	H3.3 histone B	protein_coding	0.020696471862343302	0.0	0
ENSG00000163041	H3-3A	H3.3 histone A	protein_coding	0.020696471862343302	0.0	0
ENSG00000115008	IL1A	interleukin 1 alpha	protein_coding	0.020645148994773942	0.0	0
ENSG00000188316	ENO4	enolase 4	protein_coding	0.020592360965863747	0.0	0
ENSG00000122786	CALD1	caldesmon 1	protein_coding	0.020511681935000952	0.0	0
ENSG00000132740	IGHMBP2	immunoglobulin mu DNA binding protein 2	protein_coding	0.020491149720851802	0.0	0
ENSG00000161011	SQSTM1	sequestosome 1	protein_coding	0.020483758123758106	0.0	0
ENSG00000213024	NUP62	nucleoporin 62	protein_coding	0.020483758123758106	0.0	0
ENSG00000121774	KHDRBS1	KH RNA binding domain containing, signal transduction associated 1	protein_coding	0.020483758123758106	0.0	0
ENSG00000110768	GTF2H1	general transcription factor IIH subunit 1	protein_coding	0.020483758123758106	0.0	0
ENSG00000072071	ADGRL1	adhesion G protein-coupled receptor L1	protein_coding	0.021435631571712705	0.0	0
ENSG00000157514	TSC22D3	TSC22 domain family member 3	protein_coding	0.021435631571712705	0.0	0
ENSG00000133083	DCLK1	doublecortin like kinase 1	protein_coding	0.021435631571712705	0.0	0
ENSG00000130816	DNMT1	DNA methyltransferase 1	protein_coding	0.021679220253607686	0.0	0
ENSG00000187608	ISG15	ISG15 ubiquitin like modifier	protein_coding	0.022174791281082105	0.0	0
ENSG00000158125	XDH	xanthine dehydrogenase	protein_coding	0.022154259066932965	0.0	0
ENSG00000155636	RBM45	RNA binding motif protein 45	protein_coding	0.022025509513474432	0.0	0
ENSG00000110400	NECTIN1	nectin cell adhesion molecule 1	protein_coding	0.021969469139590612	0.0	0
ENSG00000196230	TUBB	tubulin beta class I	protein_coding	0.0218052114263974	0.0	0
ENSG00000101846	STS	steroid sulfatase	protein_coding	0.021715485650565622	0.0	0
ENSG00000103490	PYCARD	PYD and CARD domain containing	protein_coding	0.021715485650565622	0.0	0
ENSG00000108551	RASD1	ras related dexamethasone induced 1	protein_coding	0.021702628806511796	0.0	0
ENSG00000107201	RIGI	RNA sensor RIG-I	protein_coding	0.021668056235881084	0.0	0
ENSG00000125398	SOX9	SRY-box transcription factor 9	protein_coding	0.021435631571712705	0.0	0
ENSG00000132906	CASP9	caspase 9	protein_coding	0.02162042149905505	0.0	0
ENSG00000160683	CXCR5	C-X-C motif chemokine receptor 5	protein_coding	0.021601326539896343	0.0	0
ENSG00000113600	C9	complement C9	protein_coding	0.02156148601313874	0.0	0
ENSG00000096717	SIRT1	sirtuin 1	protein_coding	0.021518222837066146	0.0	0
ENSG00000115138	POMC	proopiomelanocortin	protein_coding	0.021490410913804624	0.0	0
ENSG00000123353	ORMDL2	ORMDL sphingolipid biosynthesis regulator 2	protein_coding	0.021435631571712705	0.0	0
ENSG00000118058	KMT2A	lysine methyltransferase 2A	protein_coding	0.021435631571712705	0.0	0
ENSG00000107614	TRDMT1	tRNA aspartic acid methyltransferase 1	protein_coding	0.021435631571712705	0.0	0
ENSG00000132912	DCTN4	dynactin subunit 4	protein_coding	0.020483758123758106	0.0	0
ENSG00000203710	CR1	complement C3b/C4b receptor 1 (Knops blood group)	protein_coding	0.020408568550285906	0.0	0
ENSG00000117479	SLC19A2	solute carrier family 19 member 2	protein_coding	0.018836240092884763	0.0	0
ENSG00000104432	IL7	interleukin 7	protein_coding	0.0202422992853641	0.0	0
ENSG00000138646	HERC5	HECT and RLD domain containing E3 ubiquitin protein ligase 5	protein_coding	0.019396452506697838	0.0	0
ENSG00000087074	PPP1R15A	protein phosphatase 1 regulatory subunit 15A	protein_coding	0.01939420905317658	0.0	0
ENSG00000108700	CCL8	C-C motif chemokine ligand 8	protein_coding	0.019382410156797696	0.0	0
ENSG00000082196	C1QTNF3	C1q and TNF related 3	protein_coding	0.019382410156797696	0.0	0
ENSG00000166183	ASPG	asparaginase	protein_coding	0.019341345728499396	0.0	0
ENSG00000261371	PECAM1	platelet and endothelial cell adhesion molecule 1	protein_coding	0.01933989542948692	0.0	0
ENSG00000251562	MALAT1	metastasis associated lung adenocarcinoma transcript 1	lncRNA	0.01933234319721479	0.0	0
ENSG00000139193	CD27	CD27 molecule	protein_coding	0.01929831188374189	0.0	0
ENSG00000087245	MMP2	matrix metallopeptidase 2	protein_coding	0.019265516211073724	0.0	0
ENSG00000136689	IL1RN	interleukin 1 receptor antagonist	protein_coding	0.01922055066208708	0.0	0
ENSG00000049130	KITLG	KIT ligand	protein_coding	0.019218152443604492	0.0	0
ENSG00000049249	TNFRSF9	TNF receptor superfamily member 9	protein_coding	0.019218152443604492	0.0	0
ENSG00000110092	CCND1	cyclin D1	protein_coding	0.01921607434716261	0.0	0
ENSG00000164305	CASP3	caspase 3	protein_coding	0.0191350124492425	0.0	0
ENSG00000132646	PCNA	proliferating cell nuclear antigen	protein_coding	0.019067115943374926	0.0	0
ENSG00000126759	CFP	complement factor properdin	protein_coding	0.019026606338619294	0.0	0
ENSG00000183258	DDX41	DEAD-box helicase 41	protein_coding	0.018971765873814692	0.0	0
ENSG00000141646	SMAD4	SMAD family member 4	protein_coding	0.018910169231367246	0.0	0
ENSG00000179583	CIITA	class II major histocompatibility complex transactivator	protein_coding	0.01884063153337071	0.0	0
ENSG00000105398	SULT2A1	sulfotransferase family 2A member 1	protein_coding	0.019402942370946846	0.0	0
ENSG00000115602	IL1RL1	interleukin 1 receptor like 1	protein_coding	0.019402942370946846	0.0	0
ENSG00000125775	SDCBP2	syndecan binding protein 2	protein_coding	0.019402942370946846	0.0	0
ENSG00000185022	MAFF	MAF bZIP transcription factor F	protein_coding	0.019890358786265425	0.0	0
ENSG00000169194	IL13	interleukin 13	protein_coding	0.020183166508614545	0.0	0
ENSG00000146070	PLA2G7	phospholipase A2 group VII	protein_coding	0.020080505437868795	0.0	0
ENSG00000166710	B2M	beta-2-microglobulin	protein_coding	0.019998376581272195	0.0	0
ENSG00000172575	RASGRP1	RAS guanyl releasing protein 1	protein_coding	0.0199573121529739	0.0	0
ENSG00000113083	LOX	lysyl oxidase	protein_coding	0.0199573121529739	0.0	0
ENSG00000056558	TRAF1	TNF receptor associated factor 1	protein_coding	0.0199573121529739	0.0	0
ENSG00000136026	CKAP4	cytoskeleton associated protein 4	protein_coding	0.0199573121529739	0.0	0
ENSG00000267534	S1PR2	sphingosine-1-phosphate receptor 2	protein_coding	0.01993677993882475	0.0	0
ENSG00000137462	TLR2	toll like receptor 2	protein_coding	0.019848186810248546	0.0	0
ENSG00000120915	EPHX2	epoxide hydrolase 2	protein_coding	0.019404424197822304	0.0	0
ENSG00000141510	TP53	tumor protein p53	protein_coding	0.019839192759650185	0.0	0
ENSG00000148773	MKI67	marker of proliferation Ki-67	protein_coding	0.019723860878098066	0.0	0
ENSG00000213694	S1PR3	sphingosine-1-phosphate receptor 3	protein_coding	0.019587732298289195	0.0	0
ENSG00000150637	CD226	CD226 molecule	protein_coding	0.01956720008414005	0.0	0
ENSG00000051382	PIK3CB	phosphatidylinositol-4,5-bisphosphate 3-kinase catalytic subunit beta	protein_coding	0.01954298409031778	0.0	0
ENSG00000171608	PIK3CD	phosphatidylinositol-4,5-bisphosphate 3-kinase catalytic subunit delta	protein_coding	0.01954298409031778	0.0	0
ENSG00000105851	PIK3CG	phosphatidylinositol-4,5-bisphosphate 3-kinase catalytic subunit gamma	protein_coding	0.01954298409031778	0.0	0
ENSG00000146678	IGFBP1	insulin like growth factor binding protein 1	protein_coding	0.019419396362506603	0.0	0
ENSG00000164087	POC1A	POC1 centriolar protein A	protein_coding	0.035198785360170994	0.0	0
ENSG00000143119	CD53	CD53 molecule	protein_coding	0.0352640778011653	0.0	0
ENSG00000182752	PAPPA	pappalysin 1	protein_coding	0.00599668992212115	0.0	0
ENSG00000086062	B4GALT1	beta-1,4-galactosyltransferase 1	protein_coding	0.06742850989330415	0.0	0
ENSG00000184937	WT1	WT1 transcription factor	protein_coding	0.07264116575762133	0.0	0
ENSG00000105976	MET	MET proto-oncogene, receptor tyrosine kinase	protein_coding	0.07252544572746827	0.0	0
ENSG00000006210	CX3CL1	C-X3-C motif chemokine ligand 1	protein_coding	0.07191382314007308	0.0	0
ENSG00000173530	TNFRSF10D	TNF receptor superfamily member 10d	protein_coding	0.07114412202680509	0.0	0
ENSG00000060237	WNK1	WNK lysine deficient protein kinase 1	protein_coding	0.06996329630865418	0.0	0
ENSG00000111012	CYP27B1	cytochrome P450 family 27 subfamily B member 1	protein_coding	0.06983621998550422	0.0	0
ENSG00000117560	FASLG	Fas ligand	protein_coding	0.06974848172800209	0.0	0
ENSG00000110799	VWF	von Willebrand factor	protein_coding	0.06953717033179765	0.0	0
ENSG00000130702	LAMA5	laminin subunit alpha 5	protein_coding	0.06932409523408906	0.0	0
ENSG00000136634	IL10	interleukin 10	protein_coding	0.0692795356328108	0.0	0
ENSG00000180815	MAP3K15	mitogen-activated protein kinase kinase kinase 15	protein_coding	0.06903628492225336	0.0	0
ENSG00000102032	RENBP	renin binding protein	protein_coding	0.06895973049196077	0.0	0
ENSG00000115306	SPTBN1	spectrin beta, non-erythrocytic 1	protein_coding	0.06874185297135453	0.0	0
ENSG00000171903	CYP4F11	cytochrome P450 family 4 subfamily F member 11	protein_coding	0.06854043195055139	0.0	0
ENSG00000186204	CYP4F12	cytochrome P450 family 4 subfamily F member 12	protein_coding	0.06854043195055139	0.0	0
ENSG00000113249	HAVCR1	hepatitis A virus cellular receptor 1	protein_coding	0.06837575642376716	0.0	0
ENSG00000138207	RBP4	retinol binding protein 4	protein_coding	0.06835778533495133	0.0	0
ENSG00000130700	GATA5	GATA binding protein 5	protein_coding	0.06834927703682278	0.0	0
ENSG00000169031	COL4A3	collagen type IV alpha 3 chain	protein_coding	0.06818075271510418	0.0	0
ENSG00000164363	SLC6A18	solute carrier family 6 member 18	protein_coding	0.07323430142718858	0.0	0
ENSG00000122194	PLG	plasminogen	protein_coding	0.07359095564780836	0.0	0
ENSG00000162298	SYVN1	synoviolin 1	protein_coding	0.07391597093694036	0.0	0
ENSG00000161921	CXCL16	C-X-C motif chemokine ligand 16	protein_coding	0.07483992057365212	0.0	0
ENSG00000178445	GLDC	glycine decarboxylase	protein_coding	0.07536008200232881	0.0	0
ENSG00000171365	CLCN5	Cl-/H+ antiporter 5	protein_coding	0.0753328219999956	0.0	0
ENSG00000174125	TLR1	toll like receptor 1	protein_coding	0.0753220043911308	0.0	0
ENSG00000140853	NLRC5	NLR family CARD domain containing 5	protein_coding	0.07518896821418766	0.0	0
ENSG00000253729	PRKDC	protein kinase, DNA-activated, catalytic subunit	protein_coding	0.07510913051757065	0.0	0
ENSG00000101336	HCK	HCK proto-oncogene, Src family tyrosine kinase	protein_coding	0.07509657325051648	0.0	0
ENSG00000122862	SRGN	serglycin	protein_coding	0.07502471050099445	0.0	0
ENSG00000197870	PRB3	proline rich protein BstNI subfamily 3	protein_coding	0.07502471050099445	0.0	0
ENSG00000162365	CYP4A22	cytochrome P450 family 4 subfamily A member 22	protein_coding	0.07476562886319625	0.0	0
ENSG00000170017	ALCAM	activated leukocyte cell adhesion molecule	protein_coding	0.07391597093694036	0.0	0
ENSG00000172757	CFL1	cofilin 1	protein_coding	0.07447034071896741	0.0	0
ENSG00000010379	SLC6A13	solute carrier family 6 member 13	protein_coding	0.07428555079162505	0.0	0
ENSG00000111181	SLC6A12	solute carrier family 6 member 12	protein_coding	0.07428555079162505	0.0	0
ENSG00000104763	ASAH1	N-acylsphingosine amidohydrolase 1	protein_coding	0.07406280438933834	0.0	0
ENSG00000171109	MFN1	mitofusin 1	protein_coding	0.07391597093694036	0.0	0
ENSG00000154736	ADAMTS5	ADAM metallopeptidase with thrombospondin type 1 motif 5	protein_coding	0.07391597093694036	0.0	0
ENSG00000033170	FUT8	fucosyltransferase 8	protein_coding	0.07391597093694036	0.0	0
ENSG00000145384	FABP2	fatty acid binding protein 2	protein_coding	0.07391597093694036	0.0	0
ENSG00000118985	ELL2	elongation factor for RNA polymerase II 2	protein_coding	0.06763311340730044	0.0	0
ENSG00000105705	SUGP1	SURP and G-patch domain containing 1	protein_coding	0.06741752515873435	0.0	0
ENSG00000180616	SSTR2	somatostatin receptor 2	protein_coding	0.07576387021036386	0.0	0
ENSG00000006327	TNFRSF12A	TNF receptor superfamily member 12A	protein_coding	0.0672839820838228	0.0	0
ENSG00000113520	IL4	interleukin 4	protein_coding	0.06181026428992493	0.0	0
ENSG00000163586	FABP1	fatty acid binding protein 1	protein_coding	0.06127977272026852	0.0	0
ENSG00000172482	AGXT	alanine--glyoxylate aminotransferase	protein_coding	0.06123055306917096	0.0	0
ENSG00000181092	ADIPOQ	adiponectin, C1Q and collagen domain containing	protein_coding	0.061150470677444946	0.0	0
ENSG00000150782	IL18	interleukin 18	protein_coding	0.06091101971283368	0.0	0
ENSG00000125538	IL1B	interleukin 1 beta	protein_coding	0.06071227041686183	0.0	0
ENSG00000158089	GALNT14	polypeptide N-acetylgalactosaminyltransferase 14	protein_coding	0.0606932250248877	0.0	0
ENSG00000204580	DDR1	discoidin domain receptor tyrosine kinase 1	protein_coding	0.060597134262669675	0.0	0
ENSG00000026103	FAS	Fas cell surface death receptor	protein_coding	0.06034894881950556	0.0	0
ENSG00000167468	GPX4	glutathione peroxidase 4	protein_coding	0.05980055163043875	0.0	0
ENSG00000175104	TRAF6	TNF receptor associated factor 6	protein_coding	0.05929703446274549	0.0	0
ENSG00000167772	ANGPTL4	angiopoietin like 4	protein_coding	0.059204639499074306	0.0	0
ENSG00000125740	FOSB	FosB proto-oncogene, AP-1 transcription factor subunit	protein_coding	0.058529162081034286	0.0	0
ENSG00000188153	COL4A5	collagen type IV alpha 5 chain	protein_coding	0.058519923553009806	0.0	0
ENSG00000067182	TNFRSF1A	TNF receptor superfamily member 1A	protein_coding	0.058315914534774256	0.0	0
ENSG00000177697	CD151	CD151 molecule (Raph blood group)	protein_coding	0.05808342866814602	0.0	0
ENSG00000159921	GNE	glucosamine (UDP-N-acetyl)-2-epimerase/N-acetylmannosamine kinase	protein_coding	0.058012333823433175	0.0	0
ENSG00000131203	IDO1	indoleamine 2,3-dioxygenase 1	protein_coding	0.05789531702197203	0.0	0
ENSG00000165704	HPRT1	hypoxanthine phosphoribosyltransferase 1	protein_coding	0.057884212807142475	0.0	0
ENSG00000165471	MBL2	mannose binding lectin 2	protein_coding	0.06184810973754124	0.0	0
ENSG00000137033	IL33	interleukin 33	protein_coding	0.062030488132421846	0.0	0
ENSG00000013588	GPRC5A	G protein-coupled receptor class C group 5 member A	protein_coding	0.062137460968138915	0.0	0
ENSG00000157483	MYO1E	myosin IE	protein_coding	0.06488581075918048	0.0	0
ENSG00000143369	ECM1	extracellular matrix protein 1	protein_coding	0.06670002587430646	0.0	0
ENSG00000081052	COL4A4	collagen type IV alpha 4 chain	protein_coding	0.06661800024794653	0.0	0
ENSG00000177455	CD19	CD19 molecule	protein_coding	0.06658542568111876	0.0	0
ENSG00000124253	PCK1	phosphoenolpyruvate carboxykinase 1	protein_coding	0.0662674301339673	0.0	0
ENSG00000099219	ERMP1	endoplasmic reticulum metallopeptidase 1	protein_coding	0.06622152368454635	0.0	0
ENSG00000187498	COL4A1	collagen type IV alpha 1 chain	protein_coding	0.06598768845726595	0.0	0
ENSG00000130755	GMFG	glia maturation factor gamma	protein_coding	0.06566366097552238	0.0	0
ENSG00000198087	CD2AP	CD2 associated protein	protein_coding	0.06511596866690678	0.0	0
ENSG00000130368	MAS1	MAS1 proto-oncogene, G protein-coupled receptor	protein_coding	0.06454814823139061	0.0	0
ENSG00000161270	NPHS1	NPHS1 adhesion molecule, nephrin	protein_coding	0.06247702612614465	0.0	0
ENSG00000118816	CCNI	cyclin I	protein_coding	0.06420115381227	0.0	0
ENSG00000177674	AGTRAP	angiotensin II receptor associated protein	protein_coding	0.06415126053188755	0.0	0
ENSG00000207935	MIR204	microRNA 204	miRNA	0.06396000295708822	0.0	0
ENSG00000044012	GUCA2B	guanylate cyclase activator 2B	protein_coding	0.06323531845869397	0.0	0
ENSG00000010610	CD4	CD4 molecule	protein_coding	0.06317740486253552	0.0	0
ENSG00000115252	PDE1A	phosphodiesterase 1A	protein_coding	0.06312526579085453	0.0	0
ENSG00000145244	CORIN	corin, serine peptidase	protein_coding	0.0626885455959021	0.0	0
ENSG00000145777	TSLP	thymic stromal lymphopoietin	protein_coding	0.06268795632208046	0.0	0
ENSG00000094631	HDAC6	histone deacetylase 6	protein_coding	0.07557908028302153	0.0	0
ENSG00000241563	CORT	cortistatin	protein_coding	0.07576387021036386	0.0	0
ENSG00000072518	MARK2	microtubule affinity regulating kinase 2	protein_coding	0.05765794780721884	0.0	0
ENSG00000004468	CD38	CD38 molecule	protein_coding	0.08875952018544334	0.0	0
ENSG00000159640	ACE	angiotensin I converting enzyme	protein_coding	0.10529602771803495	0.0	0
ENSG00000136938	ANP32B	acidic nuclear phosphoprotein 32 family member B	protein_coding	0.10321006634305506	0.0	0
ENSG00000163631	ALB	albumin	protein_coding	0.10176194367779572	0.0	0
ENSG00000198793	MTOR	mechanistic target of rapamycin kinase	protein_coding	0.10084223703823737	0.0	0
ENSG00000196126	HLA-DRB1	major histocompatibility complex, class II, DR beta 1	protein_coding	0.09983015861457492	0.0	0
ENSG00000090339	ICAM1	intercellular adhesion molecule 1	protein_coding	0.09940995496624598	0.0	0
ENSG00000116218	NPHS2	NPHS2 stomatin family member, podocin	protein_coding	0.09851311586374331	0.0	0
ENSG00000136244	IL6	interleukin 6	protein_coding	0.09786576988211543	0.0	0
ENSG00000163739	CXCL1	C-X-C motif chemokine ligand 1	protein_coding	0.095969344002316	0.0	0
ENSG00000163131	CTSS	cathepsin S	protein_coding	0.09370737022884576	0.0	0
ENSG00000088832	FKBP1A	FKBP prolyl isomerase 1A	protein_coding	0.09367527468947784	0.0	0
ENSG00000106392	C1GALT1	core 1 synthase, glycoprotein-N-acetylgalactosamine 3-beta-galactosyltransferase 1	protein_coding	0.09352532400820031	0.0	1
ENSG00000072274	TFRC	transferrin receptor	protein_coding	0.09334343478212602	0.0	0
ENSG00000186716	BCR	BCR activator of RhoGEF and GTPase	protein_coding	0.09231599845165692	0.0	0
ENSG00000107562	CXCL12	C-X-C motif chemokine ligand 12	protein_coding	0.09097310784134681	0.0	0
ENSG00000120129	DUSP1	dual specificity phosphatase 1	protein_coding	0.09051934590865059	0.0	0
ENSG00000170345	FOS	Fos proto-oncogene, AP-1 transcription factor subunit	protein_coding	0.08972743110900352	0.0	0
ENSG00000118785	SPP1	secreted phosphoprotein 1	protein_coding	0.08929789031444987	0.0	0
ENSG00000239732	TLR9	toll like receptor 9	protein_coding	0.08893011949717915	0.0	0
ENSG00000108691	CCL2	C-C motif chemokine ligand 2	protein_coding	0.10618682915597691	0.0	0
ENSG00000232810	TNF	tumor necrosis factor	protein_coding	0.1071914269576672	0.0	0
ENSG00000165025	SYK	spleen associated tyrosine kinase	protein_coding	0.11021359950474678	0.0	0
ENSG00000143839	REN	renin	protein_coding	0.2725830968705729	0.0	0
ENSG00000144891	AGTR1	angiotensin II receptor type 1	protein_coding	0.5434105783760317	0.0	4
ENSG00000151617	EDNRA	endothelin receptor type A	protein_coding	0.53417364677938	0.0	4
ENSG00000243649	CFB	complement factor B	protein_coding	0.5059930437925436	0.0	3
ENSG00000102524	TNFSF13B	TNF superfamily member 13b	protein_coding	0.37933595252251534	0.0	2
ENSG00000009724	MASP2	MBL associated serine protease 2	protein_coding	0.29931198733603465	0.0	3
ENSG00000106348	IMPDH1	inosine monophosphate dehydrogenase 1	protein_coding	0.2926097168930753	0.0	0
ENSG00000178035	IMPDH2	inosine monophosphate dehydrogenase 2	protein_coding	0.2916857672563636	0.0	0
ENSG00000106804	C5	complement C5	protein_coding	0.2846324185663343	0.0	3
ENSG00000111424	VDR	vitamin D receptor	protein_coding	0.2706478158647664	0.0	0
ENSG00000162711	NLRP3	NLR family pyrin domain containing 3	protein_coding	0.1104135783028996	0.0	0
ENSG00000151623	NR3C2	nuclear receptor subfamily 3 group C member 2	protein_coding	0.26288357934272916	0.0	0
ENSG00000102245	CD40LG	CD40 ligand	protein_coding	0.12449516058310263	0.0	0
ENSG00000125730	C3	complement C3	protein_coding	0.12136256406605585	0.0	0
ENSG00000211895	IGHA1	immunoglobulin heavy constant alpha 1	IG_C_gene	0.12053726815801102	0.0	0
ENSG00000105369	CD79A	CD79a molecule	protein_coding	0.11971811976679007	0.0	0
ENSG00000135744	AGT	angiotensinogen	protein_coding	0.11807785756593427	0.0	0
ENSG00000197405	C5AR1	complement C5a receptor 1	protein_coding	0.11352492219330845	0.0	0
ENSG00000183087	GAS6	growth arrest specific 6	protein_coding	0.11310101723345503	0.0	0
ENSG00000136869	TLR4	toll like receptor 4	protein_coding	0.08892979940428376	0.0	0
ENSG00000121807	CCR2	C-C motif chemokine receptor 2	protein_coding	0.08851596353368833	0.0	0
ENSG00000160180	TFF3	trefoil factor 3	protein_coding	0.07592812792355706	0.0	0
ENSG00000165195	PIGA	phosphatidylinositol glycan anchor biosynthesis class A	protein_coding	0.0875058138388167	0.0	0
ENSG00000130208	APOC1	apolipoprotein C1	protein_coding	0.07923266135921939	0.0	0
ENSG00000108443	RPS6KB1	ribosomal protein S6 kinase B1	protein_coding	0.07920801108849841	0.0	0
ENSG00000276644	DACH1	dachshund family transcription factor 1	protein_coding	0.0790079600459296	0.0	0
ENSG00000254647	INS	insulin	protein_coding	0.07898687853219824	0.0	0
ENSG00000187048	CYP4A11	cytochrome P450 family 4 subfamily A member 11	protein_coding	0.07864621733738562	0.0	0
ENSG00000112486	CCR6	C-C motif chemokine receptor 6	protein_coding	0.07862029124074203	0.0	2
ENSG00000089250	NOS1	nitric oxide synthase 1	protein_coding	0.07808544766420829	0.0	0
ENSG00000188379	IFNA2	interferon alpha 2	protein_coding	0.07798338998914366	0.0	0
ENSG00000234829	IFNA17	interferon alpha 17	protein_coding	0.07790702272325215	0.0	0
ENSG00000073756	PTGS2	prostaglandin-endoperoxide synthase 2	protein_coding	0.0777897837804605	0.0	0
ENSG00000165949	IFI27	interferon alpha inducible protein 27	protein_coding	0.07745531401197085	0.0	0
ENSG00000179142	CYP11B2	cytochrome P450 family 11 subfamily B member 2	protein_coding	0.07723972576340478	0.0	0
ENSG00000169676	DRD5	dopamine receptor D5	protein_coding	0.0769577835583729	0.0	0
ENSG00000164867	NOS3	nitric oxide synthase 3	protein_coding	0.07670485303814725	0.0	0
ENSG00000153815	CMIP	c-Maf inducing protein	protein_coding	0.07666080130728149	0.0	0
ENSG00000010671	BTK	Bruton tyrosine kinase	protein_coding	0.07644287053227627	0.0	0
ENSG00000163815	CLEC3B	C-type lectin domain family 3 member B	protein_coding	0.07599673728927138	0.0	0
ENSG00000198959	TGM2	transglutaminase 2	protein_coding	0.07595012454386442	0.0	0
ENSG00000113161	HMGCR	3-hydroxy-3-methylglutaryl-CoA reductase	protein_coding	0.07594804417128176	0.0	0
ENSG00000136826	KLF4	KLF transcription factor 4	protein_coding	0.07937259077608817	0.0	0
ENSG00000136997	MYC	MYC proto-oncogene, bHLH transcription factor	protein_coding	0.07953234022455553	0.0	0
ENSG00000111537	IFNG	interferon gamma	protein_coding	0.08068237512194727	0.0	0
ENSG00000091513	TF	transferrin	protein_coding	0.08275278054286096	0.0	0
ENSG00000011600	TYROBP	transmembrane immune signaling adaptor TYROBP	protein_coding	0.08718964640093198	0.0	0
ENSG00000177575	CD163	CD163 molecule	protein_coding	0.0871579312394056	0.0	0
ENSG00000169344	UMOD	uromodulin	protein_coding	0.08677512962281096	0.0	0
ENSG00000168610	STAT3	signal transducer and activator of transcription 3	protein_coding	0.08646834809662143	0.0	0
ENSG00000181418	DDN	dendrin	protein_coding	0.08488161054757695	0.0	0
ENSG00000134184	GSTM1	glutathione S-transferase mu 1	protein_coding	0.08479248984127975	0.0	0
ENSG00000164104	HMGB2	high mobility group box 2	protein_coding	0.08456726234895347	0.0	0
ENSG00000177606	JUN	Jun proto-oncogene, AP-1 transcription factor subunit	protein_coding	0.08286010598214964	0.0	0
ENSG00000197919	IFNA1	interferon alpha 1	protein_coding	0.08247857575801178	0.0	0
ENSG00000231389	HLA-DPA1	major histocompatibility complex, class II, DP alpha 1	protein_coding	0.08102935652891341	0.0	0
ENSG00000143632	ACTA1	actin alpha 1, skeletal muscle	protein_coding	0.0824120602322067	0.0	0
ENSG00000257017	HP	haptoglobin	protein_coding	0.08240407830957307	0.0	0
ENSG00000172062	SMN1	survival of motor neuron 1, telomeric	protein_coding	0.08240175045869894	0.0	0
ENSG00000041982	TNC	tenascin C	protein_coding	0.08215479149526107	0.0	0
ENSG00000171155	C1GALT1C1	C1GALT1 specific chaperone 1	protein_coding	0.08209416074319689	0.0	0
ENSG00000196664	TLR7	toll like receptor 7	protein_coding	0.0819017197182011	0.0	0
ENSG00000039068	CDH1	cadherin 1	protein_coding	0.08180481030226883	0.0	0
ENSG00000007171	NOS2	nitric oxide synthase 2	protein_coding	0.08108098786462885	0.0	0
ENSG00000015285	WAS	WASP actin nucleation promoting factor	protein_coding	0.057677042766377536	0.0	0
ENSG00000169398	PTK2	protein tyrosine kinase 2	protein_coding	0.05710008754878643	0.0	0
ENSG00000279050	PWAR1	Prader Willi/Angelman region RNA 1		0.03529487612238902	0.0	0
ENSG00000107643	MAPK8	mitogen-activated protein kinase 8	protein_coding	0.039111543516603536	0.0	0
ENSG00000119714	GPR68	G protein-coupled receptor 68	protein_coding	0.04112684622931362	0.0	0
ENSG00000126895	AVPR2	arginine vasopressin receptor 2	protein_coding	0.04109727984093885	0.0	0
ENSG00000283232	CYP2C23P	cytochrome P450 family 2 subfamily C member 23, pseudogene	unitary_pseudogene	0.041032603366369026	0.0	0
ENSG00000103647	CORO2B	coronin 2B	protein_coding	0.04085335713684694	0.0	0
ENSG00000182578	CSF1R	colony stimulating factor 1 receptor	protein_coding	0.04084185795961057	0.0	0
ENSG00000100292	HMOX1	heme oxygenase 1	protein_coding	0.04066870938431392	0.0	0
ENSG00000112299	VNN1	vanin 1	protein_coding	0.04065382532346234	0.0	0
ENSG00000138798	EGF	epidermal growth factor	protein_coding	0.0405226332369748	0.0	0
ENSG00000129757	CDKN1C	cyclin dependent kinase inhibitor 1C	protein_coding	0.04045051509524061	0.0	0
ENSG00000109471	IL2	interleukin 2	protein_coding	0.0403695930337462	0.0	0
ENSG00000237541	HLA-DQA2	major histocompatibility complex, class II, DQ alpha 2	protein_coding	0.04007468342452808	0.0	0
ENSG00000196735	HLA-DQA1	major histocompatibility complex, class II, DQ alpha 1	protein_coding	0.040062465908670734	0.0	0
ENSG00000213398	LCAT	lecithin-cholesterol acyltransferase	protein_coding	0.04005629658357693	0.0	0
ENSG00000144852	NR1I2	nuclear receptor subfamily 1 group I member 2	protein_coding	0.03996892292791254	0.0	0
ENSG00000023839	ABCC2	ATP binding cassette subfamily C member 2	protein_coding	0.03992386380231491	0.0	0
ENSG00000240065	PSMB9	proteasome 20S subunit beta 9	protein_coding	0.03989552934678908	0.0	0
ENSG00000134020	PEBP4	phosphatidylethanolamine binding protein 4	protein_coding	0.03989409209179865	0.0	0
ENSG00000219430	MBL3P	mannose-binding lectin family member 3, pseudogene	unprocessed_pseudogene	0.03983557255483961	0.0	0
ENSG00000162772	ATF3	activating transcription factor 3	protein_coding	0.03930384025771889	0.0	0
ENSG00000072694	FCGR2B	Fc gamma receptor IIb	protein_coding	0.04116688404690445	0.0	0
ENSG00000115884	SDC1	syndecan 1	protein_coding	0.041177355476120524	0.0	0
ENSG00000131759	RARA	retinoic acid receptor alpha	protein_coding	0.0412697504397917	0.0	0
ENSG00000169418	NPR1	natriuretic peptide receptor 1	protein_coding	0.04269571271245018	0.0	0
ENSG00000079308	TNS1	tensin 1	protein_coding	0.04374922062044307	0.0	0
ENSG00000127412	TRPV5	transient receptor potential cation channel subfamily V member 5	protein_coding	0.043185406019907405	0.0	0
ENSG00000171862	PTEN	phosphatase and tensin homolog	protein_coding	0.04291926887658735	0.0	0
ENSG00000174697	LEP	leptin	protein_coding	0.042913456843501896	0.0	0
ENSG00000198931	APRT	adenine phosphoribosyltransferase	protein_coding	0.04290781048461089	0.0	0
ENSG00000127241	MASP1	MBL associated serine protease 1	protein_coding	0.042905651279256184	0.0	0
ENSG00000075891	PAX2	paired box 2	protein_coding	0.04286613008988812	0.0	0
ENSG00000143226	FCGR2A	Fc gamma receptor IIa	protein_coding	0.04282357707606401	0.0	0
ENSG00000101200	AVP	arginine vasopressin	protein_coding	0.04260012268484253	0.0	0
ENSG00000160602	NEK8	NIMA related kinase 8	protein_coding	0.04129685296246858	0.0	0
ENSG00000163823	CCR1	C-C motif chemokine receptor 1	protein_coding	0.04256271529529906	0.0	0
ENSG00000100600	LGMN	legumain	protein_coding	0.04251092278510782	0.0	0
ENSG00000049759	NEDD4L	NEDD4 like E3 ubiquitin protein ligase	protein_coding	0.042505379087287555	0.0	0
ENSG00000160255	ITGB2	integrin subunit beta 2	protein_coding	0.04225188516732863	0.0	0
ENSG00000172183	ISG20	interferon stimulated exonuclease gene 20	protein_coding	0.04192032928359972	0.0	0
ENSG00000134460	IL2RA	interleukin 2 receptor subunit alpha	protein_coding	0.04179286175151749	0.0	0
ENSG00000178301	AQP11	aquaporin 11	protein_coding	0.04155371096147445	0.0	0
ENSG00000213918	DNASE1	deoxyribonuclease 1	protein_coding	0.04134305044430416	0.0	0
ENSG00000116044	NFE2L2	NFE2 like bZIP transcription factor 2	protein_coding	0.039258827801236205	0.0	0
ENSG00000121966	CXCR4	C-X-C motif chemokine receptor 4	protein_coding	0.038931747214627985	0.0	0
ENSG00000134389	CFHR5	complement factor H related 5	protein_coding	0.044025038695285366	0.0	3
ENSG00000184371	CSF1	colony stimulating factor 1	protein_coding	0.03886234833080385	0.0	0
ENSG00000115415	STAT1	signal transducer and activator of transcription 1	protein_coding	0.03703899810085958	0.0	0
ENSG00000071677	PRLH	prolactin releasing hormone	protein_coding	0.03695798546847018	0.0	0
ENSG00000099337	KCNK6	potassium two pore domain channel subfamily K member 6	protein_coding	0.03670453036624622	0.0	0
ENSG00000213949	ITGA1	integrin subunit alpha 1	protein_coding	0.036255783744569246	0.0	0
ENSG00000116478	HDAC1	histone deacetylase 1	protein_coding	0.03621882575910078	0.0	0
ENSG00000099866	MADCAM1	mucosal vascular addressin cell adhesion molecule 1	protein_coding	0.03621882575910078	0.0	0
ENSG00000101443	WFDC2	WAP four-disulfide core domain 2	protein_coding	0.03621882575910078	0.0	0
ENSG00000175868	CALCB	calcitonin related polypeptide beta	protein_coding	0.03587142069569716	0.0	0
ENSG00000110680	CALCA	calcitonin related polypeptide alpha	protein_coding	0.03587142069569716	0.0	0
ENSG00000099860	GADD45B	growth arrest and DNA damage inducible beta	protein_coding	0.03582737793842051	0.0	0
ENSG00000153094	BCL2L11	BCL2 like 11	protein_coding	0.035775329933479136	0.0	0
ENSG00000112893	MAN2A1	mannosidase alpha class 2A member 1	protein_coding	0.035605323200324175	0.0	0
ENSG00000115414	FN1	fibronectin 1	protein_coding	0.035536374408446654	0.0	0
ENSG00000102265	TIMP1	TIMP metallopeptidase inhibitor 1	protein_coding	0.03547146282492078	0.0	0
ENSG00000123143	PKN1	protein kinase N1	protein_coding	0.035442708064262904	0.0	0
ENSG00000074803	SLC12A1	solute carrier family 12 member 1	protein_coding	0.03540575007879443	0.0	0
ENSG00000096968	JAK2	Janus kinase 2	protein_coding	0.03534587981843463	0.0	0
ENSG00000181104	F2R	coagulation factor II thrombin receptor	protein_coding	0.03529487612238902	0.0	0
ENSG00000185803	SLC52A2	solute carrier family 52 member 2	protein_coding	0.03529487612238902	0.0	0
ENSG00000142798	HSPG2	heparan sulfate proteoglycan 2	protein_coding	0.037058182673518035	0.0	0
ENSG00000134716	CYP2J2	cytochrome P450 family 2 subfamily J member 2	protein_coding	0.037105817410344064	0.0	0
ENSG00000137845	ADAM10	ADAM metallopeptidase domain 10	protein_coding	0.037142775395812525	0.0	0
ENSG00000123358	NR4A1	nuclear receptor subfamily 4 group A member 1	protein_coding	0.03819380152870336	0.0	0
ENSG00000180871	CXCR2	C-X-C motif chemokine receptor 2	protein_coding	0.03862109481455134	0.0	0
ENSG00000135404	CD63	CD63 molecule	protein_coding	0.03853763136403505	0.0	0
ENSG00000127951	FGL2	fibrinogen like 2	protein_coding	0.03839195530464683	0.0	0
ENSG00000162747	FCGR3B	Fc gamma receptor IIIb	protein_coding	0.03839148504652906	0.0	0
ENSG00000091831	ESR1	estrogen receptor 1	protein_coding	0.03832821328900136	0.0	0
ENSG00000229314	ORM1	orosomucoid 1	protein_coding	0.03828108134824141	0.0	0
ENSG00000228278	ORM2	orosomucoid 2	protein_coding	0.03828108134824141	0.0	0
ENSG00000171860	C3AR1	complement C3a receptor 1	protein_coding	0.03826533132381994	0.0	0
ENSG00000100842	EFS	embryonal Fyn-associated substrate	protein_coding	0.03800020065868104	0.0	0
ENSG00000112115	IL17A	interleukin 17A	protein_coding	0.037546683137968384	0.0	0
ENSG00000026508	CD44	CD44 molecule (IN blood group)	protein_coding	0.03790507730883009	0.0	0
ENSG00000135372	NAT10	N-acetyltransferase 10	protein_coding	0.03786674126671157	0.0	0
ENSG00000112164	GLP1R	glucagon like peptide 1 receptor	protein_coding	0.03778194322227558	0.0	0
ENSG00000081237	PTPRC	protein tyrosine phosphatase receptor type C	protein_coding	0.0377388432671294	0.0	0
ENSG00000165923	AGBL2	AGBL carboxypeptidase 2	protein_coding	0.037697145177839585	0.0	0
ENSG00000132170	PPARG	peroxisome proliferator activated receptor gamma	protein_coding	0.03768505848964674	0.0	0
ENSG00000110448	CD5	CD5 molecule	protein_coding	0.03766089324912297	0.0	0
ENSG00000135124	P2RX4	purinergic receptor P2X 4	protein_coding	0.03761583760980895	0.0	0
ENSG00000132874	SLC14A2	solute carrier family 14 member 2	protein_coding	0.043928261527823656	0.0	0
ENSG00000128567	PODXL	podocalyxin like	protein_coding	0.044120778468468624	0.0	0
ENSG00000183853	KIRREL1	kirre like nephrin family adhesion molecule 1	protein_coding	0.056964665277144305	0.0	0
ENSG00000115590	IL1R2	interleukin 1 receptor type 2	protein_coding	0.04965469605402161	0.0	0
ENSG00000137106	GRHPR	glyoxylate and hydroxypyruvate reductase	protein_coding	0.053278015884922134	0.0	0
ENSG00000172819	RARG	retinoic acid receptor gamma	protein_coding	0.053219499074597054	0.0	0
ENSG00000166396	SERPINB7	serpin family B member 7	protein_coding	0.0530797360527708	0.0	0
ENSG00000130402	ACTN4	actinin alpha 4	protein_coding	0.05299248889562829	0.0	0
ENSG00000204103	MAFB	MAF bZIP transcription factor B	protein_coding	0.05292886558331584	0.0	0
ENSG00000206573	THUMPD3-AS1	THUMPD3 antisense RNA 1	lncRNA	0.05265885259470461	0.0	0
ENSG00000168329	CX3CR1	C-X3-C motif chemokine receptor 1	protein_coding	0.05226363244624153	0.0	0
ENSG00000090104	RGS1	regulator of G protein signaling 1	protein_coding	0.052229327227630004	0.0	0
ENSG00000111732	AICDA	activation induced cytidine deaminase	protein_coding	0.0518908469262622	0.0	0
ENSG00000188687	SLC4A5	solute carrier family 4 member 5	protein_coding	0.051685332033372555	0.0	0
ENSG00000109466	KLHL2	kelch like family member 2	protein_coding	0.051408557786642016	0.0	0
ENSG00000171100	MTM1	myotubularin 1	protein_coding	0.05139562584622473	0.0	0
ENSG00000021488	SLC7A9	solute carrier family 7 member 9	protein_coding	0.050929001171281886	0.0	0
ENSG00000123159	GIPC1	GIPC PDZ domain containing family member 1	protein_coding	0.050841252709701	0.0	0
ENSG00000158473	CD1D	CD1d molecule	protein_coding	0.05071354233769328	0.0	0
ENSG00000167601	AXL	AXL receptor tyrosine kinase	protein_coding	0.05018154009834545	0.0	0
ENSG00000122565	CBX3	chromobox 3	protein_coding	0.04989328038243475	0.0	0
ENSG00000204264	PSMB8	proteasome 20S subunit beta 8	protein_coding	0.04983772817241794	0.0	0
ENSG00000130427	EPO	erythropoietin	protein_coding	0.04982066362110287	0.0	0
ENSG00000188906	LRRK2	leucine rich repeat kinase 2	protein_coding	0.05330183325333515	0.0	0
ENSG00000138378	STAT4	signal transducer and activator of transcription 4	protein_coding	0.05333242625241738	0.0	0
ENSG00000244731	C4A	complement C4A (Chido/Rodgers blood group)	protein_coding	0.05349095436916276	0.0	0
ENSG00000165376	CLDN2	claudin 2	protein_coding	0.05571046729517195	0.0	0
ENSG00000148926	ADM	adrenomedullin	protein_coding	0.056950869682457474	0.0	0
ENSG00000157404	KIT	KIT proto-oncogene, receptor tyrosine kinase	protein_coding	0.05683378473127195	0.0	0
ENSG00000185651	UBE2L3	ubiquitin conjugating enzyme E2 L3	protein_coding	0.05680503963146313	0.0	0
ENSG00000066933	MYO9A	myosin IXA	protein_coding	0.056308160049053715	0.0	0
ENSG00000171503	ETFDH	electron transfer flavoprotein dehydrogenase	protein_coding	0.05617613791207468	0.0	0
ENSG00000170323	FABP4	fatty acid binding protein 4	protein_coding	0.056163407939302204	0.0	0
ENSG00000156232	WHAMM	WASP homolog associated with actin, golgi membranes and microtubules	protein_coding	0.05586322696844162	0.0	0
ENSG00000158106	RHPN1	rhophilin Rho GTPase binding protein 1	protein_coding	0.05571950146939759	0.0	0
ENSG00000115594	IL1R1	interleukin 1 receptor type 1	protein_coding	0.055436978202705274	0.0	0
ENSG00000163482	STK36	serine/threonine kinase 36	protein_coding	0.05355396884308671	0.0	0
ENSG00000120885	CLU	clusterin	protein_coding	0.055410029671634525	0.0	0
ENSG00000081479	LRP2	LDL receptor related protein 2	protein_coding	0.05530555946140735	0.0	0
ENSG00000133110	POSTN	periostin	protein_coding	0.05520647181664268	0.0	0
ENSG00000135218	CD36	CD36 molecule (CD36 blood group)	protein_coding	0.05509097360590285	0.0	0
ENSG00000198648	STK39	serine/threonine kinase 39	protein_coding	0.05453561400155758	0.0	0
ENSG00000185215	TNFAIP2	TNF alpha induced protein 2	protein_coding	0.05432680138366073	0.0	0
ENSG00000110169	HPX	hemopexin	protein_coding	0.054214284850123376	0.0	0
ENSG00000172270	BSG	basigin (Ok blood group)	protein_coding	0.05357878401425366	0.0	0
ENSG00000100345	MYH9	myosin heavy chain 9	protein_coding	0.049806942421937554	0.0	0
ENSG00000185532	PRKG1	protein kinase cGMP-dependent 1	protein_coding	0.049618338593165195	0.0	0
ENSG00000175206	NPPA	natriuretic peptide A	protein_coding	0.044290552446485415	0.0	0
ENSG00000142279	WTIP	WT1 interacting protein	protein_coding	0.04912167977470969	0.0	0
ENSG00000078081	LAMP3	lysosome associated membrane protein 3	protein_coding	0.04656706169027242	0.0	0
ENSG00000185811	IKZF1	IKAROS family zinc finger 1	protein_coding	0.04656706169027242	0.0	0
ENSG00000109320	NFKB1	nuclear factor kappa B subunit 1	protein_coding	0.046438334285856475	0.0	0
ENSG00000198399	ITSN2	intersectin 2	protein_coding	0.0463841196622035	0.0	0
ENSG00000137076	TLN1	talin 1	protein_coding	0.046303621369327114	0.0	0
ENSG00000109667	SLC2A9	solute carrier family 2 member 9	protein_coding	0.04625661461233728	0.0	0
ENSG00000149021	SCGB1A1	secretoglobin family 1A member 1	protein_coding	0.04609691683603629	0.0	0
ENSG00000080293	SCTR	secretin receptor	protein_coding	0.04588066977126634	0.0	0
ENSG00000167580	AQP2	aquaporin 2	protein_coding	0.04561878137979394	0.0	0
ENSG00000165269	AQP7	aquaporin 7	protein_coding	0.045399189349468766	0.0	0
ENSG00000279688	AQP7P3	aquaporin 7 pseudogene 3	transcribed_unprocessed_pseudogene	0.045399189349468766	0.0	0
ENSG00000213689	TREX1	three prime repair exonuclease 1	protein_coding	0.0453310223984936	0.0	0
ENSG00000116337	AMPD2	adenosine monophosphate deaminase 2	protein_coding	0.045218095220673264	0.0	0
ENSG00000114859	CLCN2	chloride voltage-gated channel 2	protein_coding	0.04506287168170569	0.0	0
ENSG00000197249	SERPINA1	serpin family A member 1	protein_coding	0.04505464063061004	0.0	0
ENSG00000153563	CD8A	CD8 subunit alpha	protein_coding	0.04503657931828483	0.0	0
ENSG00000174175	SELP	selectin P	protein_coding	0.044766396170241016	0.0	0
ENSG00000178467	P4HTM	prolyl 4-hydroxylase, transmembrane	protein_coding	0.04470253132338811	0.0	0
ENSG00000163430	FSTL1	follistatin like 1	protein_coding	0.04440906660392552	0.0	0
ENSG00000198492	YTHDF2	YTH N6-methyladenosine RNA binding protein F2	protein_coding	0.04656706169027242	0.0	0
ENSG00000166949	SMAD3	SMAD family member 3	protein_coding	0.04658432195968043	0.0	0
ENSG00000153246	PLA2R1	phospholipase A2 receptor 1	protein_coding	0.04663777601072954	0.0	0
ENSG00000240972	MIF	macrophage migration inhibitory factor	protein_coding	0.04799043065954519	0.0	0
ENSG00000137563	GGH	gamma-glutamyl hydrolase	protein_coding	0.04895920957602891	0.0	0
ENSG00000187391	MAGI2	membrane associated guanylate kinase, WW and PDZ domain containing 2	protein_coding	0.0489547528736771	0.0	0
ENSG00000126603	GLIS2	GLIS family zinc finger 2	protein_coding	0.04868742344545516	0.0	0
ENSG00000180772	AGTR2	angiotensin II receptor type 2	protein_coding	0.04864266321861001	0.0	0
ENSG00000186810	CXCR3	C-X-C motif chemokine receptor 3	protein_coding	0.048614020779871946	0.0	0
ENSG00000160951	PTGER1	prostaglandin E receptor 1	protein_coding	0.04857203240193692	0.0	0
ENSG00000151414	NEK7	NIMA related kinase 7	protein_coding	0.048433439956430166	0.0	0
ENSG00000131620	ANO1	anoctamin 1	protein_coding	0.048292999611649984	0.0	0
ENSG00000145936	KCNMB1	potassium calcium-activated channel subfamily M regulatory beta subunit 1	protein_coding	0.047777435714364824	0.0	0
ENSG00000186951	PPARA	peroxisome proliferator activated receptor alpha	protein_coding	0.04674036181256497	0.0	0
ENSG00000116703	PDC	phosducin	protein_coding	0.04750990096400139	0.0	0
ENSG00000168621	GDNF	glial cell derived neurotrophic factor	protein_coding	0.047508053064727974	0.0	0
ENSG00000204671	IL31	interleukin 31	protein_coding	0.04730622139964183	0.0	0
ENSG00000172243	CLEC7A	C-type lectin domain containing 7A	protein_coding	0.04730622139964183	0.0	0
ENSG00000126562	WNK4	WNK lysine deficient protein kinase 4	protein_coding	0.04715654155849453	0.0	0
ENSG00000150938	CRIM1	cysteine rich transmembrane BMP regulator 1	protein_coding	0.04715346172637216	0.0	0
ENSG00000197891	SLC22A12	solute carrier family 22 member 12	protein_coding	0.04710664827811209	0.0	0
ENSG00000259384	GH1	growth hormone 1	protein_coding	0.047069039790343124	0.0	0
ENSG00000227507	LTB	lymphotoxin beta	protein_coding	0.015768740466547276	0.0	0
ENSG00000137965	IFI44	interferon induced protein 44	protein_coding	0.01568661160995068	0.0	0
ENSG00000272398	CD24	CD24 molecule	protein_coding	0.015666079395801526	0.0	0
ENSG00000133636	NTS	neurotensin	protein_coding	0.0073915970936940375	0.0	0
ENSG00000125520	SLC2A4RG	SLC2A4 regulator	protein_coding	0.007562917343474676	0.0	0
ENSG00000122870	BICC1	BicC family RNA binding protein 1	protein_coding	0.007547578304925581	0.0	0
ENSG00000167548	KMT2D	lysine methyltransferase 2D	protein_coding	0.00753163476525871	0.0	0
ENSG00000104894	CD37	CD37 molecule	protein_coding	0.007525056485663512	0.0	0
ENSG00000155792	DEPTOR	DEP domain containing MTOR interacting protein	protein_coding	0.007524084445809464	0.0	0
ENSG00000196482	ESRRG	estrogen related receptor gamma	protein_coding	0.007515953547938266	0.0	0
ENSG00000163581	SLC2A2	solute carrier family 2 member 2	protein_coding	0.00749681042468629	0.0	0
ENSG00000162733	DDR2	discoidin domain receptor tyrosine kinase 2	protein_coding	0.007493297050390208	0.0	0
ENSG00000197937	ZNF347	zinc finger protein 347	protein_coding	0.007456206132503759	0.0	0
ENSG00000178053	MLF1	myeloid leukemia factor 1	protein_coding	0.007440712941845972	0.0	0
ENSG00000114541	FRMD4B	FERM domain containing 4B	protein_coding	0.007406410991190852	0.0	0
ENSG00000105738	SIPA1L3	signal induced proliferation associated 1 like 3	protein_coding	0.0073915970936940375	0.0	0
ENSG00000102967	DHODH	dihydroorotate dehydrogenase (quinone)	protein_coding	0.0073915970936940375	0.0	0
ENSG00000111701	APOBEC1	apolipoprotein B mRNA editing enzyme catalytic subunit 1	protein_coding	0.0073915970936940375	0.0	0
ENSG00000111087	GLI1	GLI family zinc finger 1	protein_coding	0.0073915970936940375	0.0	0
ENSG00000041357	PSMA4	proteasome 20S subunit alpha 4	protein_coding	0.0073915970936940375	0.0	0
ENSG00000096433	ITPR3	inositol 1,4,5-trisphosphate receptor type 3	protein_coding	0.0073915970936940375	0.0	0
ENSG00000211918	IGHD2-15	immunoglobulin heavy diversity 2-15	IG_D_gene	0.0073915970936940375	0.0	0
ENSG00000215114	UBXN2B	UBX domain protein 2B	protein_coding	0.0073915970936940375	0.0	0
ENSG00000121039	RDH10	retinol dehydrogenase 10	protein_coding	0.007567780948421257	0.0	0
ENSG00000132613	MTSS2	MTSS I-BAR domain containing 2	protein_coding	0.00758993743946903	0.0	0
ENSG00000166839	ANKDD1A	ankyrin repeat and death domain containing 1A	protein_coding	0.007628702886482825	0.0	0
ENSG00000123989	CHPF	chondroitin polymerizing factor	protein_coding	0.007761176948378739	0.0	0
ENSG00000092445	TYRO3	TYRO3 protein tyrosine kinase	protein_coding	0.007822773590826188	0.0	0
ENSG00000139835	GRTP1	growth hormone regulated TBC protein 1	protein_coding	0.007791709172145779	0.0	0
ENSG00000174206	KICS2	KICSTOR subunit 2	protein_coding	0.007775346628084543	0.0	0
ENSG00000175899	A2M	alpha-2-macroglobulin	protein_coding	0.007761176948378739	0.0	0
ENSG00000144642	RBMS3	RNA binding motif single stranded interacting protein 3	protein_coding	0.007761176948378739	0.0	0
ENSG00000096060	FKBP5	FKBP prolyl isomerase 5	protein_coding	0.007761176948378739	0.0	0
ENSG00000100448	CTSG	cathepsin G	protein_coding	0.007761176948378739	0.0	0
ENSG00000167978	SRRM2	serine/arginine repetitive matrix 2	protein_coding	0.007761176948378739	0.0	0
ENSG00000011304	PTBP1	polypyrimidine tract binding protein 1	protein_coding	0.007761176948378739	0.0	0
ENSG00000166046	TCP11L2	t-complex 11 like 2	protein_coding	0.0076899969086339365	0.0	0
ENSG00000181885	CLDN7	claudin 7	protein_coding	0.007761176948378739	0.0	0
ENSG00000004766	VPS50	VPS50 subunit of EARP/GARPII complex	protein_coding	0.007761176948378739	0.0	0
ENSG00000198042	MAK16	MAK16 homolog	protein_coding	0.007761176948378739	0.0	0
ENSG00000115946	PNO1	partner of NOB1 homolog	protein_coding	0.007761176948378739	0.0	0
ENSG00000173930	SLCO4C1	solute carrier organic anion transporter family member 4C1	protein_coding	0.0077441238018318035	0.0	0
ENSG00000164733	CTSB	cathepsin B	protein_coding	0.007740644734229588	0.0	0
ENSG00000124762	CDKN1A	cyclin dependent kinase inhibitor 1A	protein_coding	0.007724719697520639	0.0	0
ENSG00000232931	LINC00342	long intergenic non-protein coding RNA 342	lncRNA	0.00770130812726014	0.0	0
ENSG00000172116	CD8B	CD8 subunit beta	protein_coding	0.0073915970936940375	0.0	0
ENSG00000122335	SERAC1	serine active site containing 1	protein_coding	0.0073915970936940375	0.0	0
ENSG00000149564	ESAM	endothelial cell adhesion molecule	protein_coding	0.00782710510986232	0.0	0
ENSG00000293458	FMO6P	flavin containing dimethylaniline monoxygenase 6, pseudogene 	lncRNA	0.0073915970936940375	0.0	0
ENSG00000211459	MT-RNR1	mitochondrially encoded 12S rRNA	Mt_rRNA	0.0073915970936940375	0.0	0
ENSG00000142507	PSMB6	proteasome 20S subunit beta 6	protein_coding	0.0073915970936940375	0.0	0
ENSG00000094975	SUCO	SUN domain containing ossification factor	protein_coding	0.0073915970936940375	0.0	0
ENSG00000176986	SEC24C	SEC24 homolog C, COPII component	protein_coding	0.0073915970936940375	0.0	0
ENSG00000078043	PIAS2	protein inhibitor of activated STAT 2	protein_coding	0.0073915970936940375	0.0	0
ENSG00000198752	CDC42BPB	CDC42 binding protein kinase beta	protein_coding	0.0073915970936940375	0.0	0
ENSG00000100234	TIMP3	TIMP metallopeptidase inhibitor 3	protein_coding	0.0073915970936940375	0.0	0
ENSG00000184900	SUMO3	small ubiquitin like modifier 3	protein_coding	0.0073915970936940375	0.0	0
ENSG00000101751	POLI	DNA polymerase iota	protein_coding	0.0073915970936940375	0.0	0
ENSG00000134480	CCNH	cyclin H	protein_coding	0.0073915970936940375	0.0	0
ENSG00000117281	CD160	CD160 molecule	protein_coding	0.0073915970936940375	0.0	0
ENSG00000060339	CCAR1	cell division cycle and apoptosis regulator 1	protein_coding	0.0073915970936940375	0.0	0
ENSG00000005421	PON1	paraoxonase 1	protein_coding	0.0073915970936940375	0.0	0
ENSG00000099797	TECR	trans-2,3-enoyl-CoA reductase	protein_coding	0.0073915970936940375	0.0	0
ENSG00000136930	PSMB7	proteasome 20S subunit beta 7	protein_coding	0.0073915970936940375	0.0	0
ENSG00000164299	SPZ1	spermatogenic leucine zipper 1	protein_coding	0.0073915970936940375	0.0	0
ENSG00000142765	SYTL1	synaptotagmin like 1	protein_coding	0.0073915970936940375	0.0	0
ENSG00000075188	NUP37	nucleoporin 37	protein_coding	0.0073915970936940375	0.0	0
ENSG00000119711	ALDH6A1	aldehyde dehydrogenase 6 family member A1	protein_coding	0.0073915970936940375	0.0	0
ENSG00000188706	ZDHHC9	zDHHC palmitoyltransferase 9	protein_coding	0.0073915970936940375	0.0	0
ENSG00000138668	HNRNPD	heterogeneous nuclear ribonucleoprotein D	protein_coding	0.0073915970936940375	0.0	0
ENSG00000008018	PSMB1	proteasome 20S subunit beta 1	protein_coding	0.0073915970936940375	0.0	0
ENSG00000137142	IGFBPL1	insulin like growth factor binding protein like 1	protein_coding	0.0073915970936940375	0.0	0
ENSG00000277791	PSMB3	proteasome 20S subunit beta 3	protein_coding	0.0073915970936940375	0.0	0
ENSG00000160209	PDXK	pyridoxal kinase	protein_coding	0.0073915970936940375	0.0	0
ENSG00000189221	MAOA	monoamine oxidase A	protein_coding	0.0073915970936940375	0.0	0
ENSG00000124490	CRISP2	cysteine rich secretory protein 2	protein_coding	0.0073915970936940375	0.0	0
ENSG00000172940	SLC22A13	solute carrier family 22 member 13	protein_coding	0.0073915970936940375	0.0	0
ENSG00000083290	ULK2	unc-51 like autophagy activating kinase 2	protein_coding	0.0073915970936940375	0.0	0
ENSG00000133742	CA1	carbonic anhydrase 1	protein_coding	0.0073915970936940375	0.0	0
ENSG00000292332	IL3RA	interleukin 3 receptor subunit alpha 	protein_coding	0.0073915970936940375	0.0	0
ENSG00000258947	TUBB3	tubulin beta 3 class III	protein_coding	0.0073915970936940375	0.0	0
ENSG00000158195	WASF2	WASP family member 2	protein_coding	0.0073915970936940375	0.0	0
ENSG00000106565	TMEM176B	transmembrane protein 176B	protein_coding	0.0073915970936940375	0.0	0
ENSG00000184647	PRSS55	serine protease 55	protein_coding	0.0073915970936940375	0.0	0
ENSG00000148702	HABP2	hyaluronan binding protein 2	protein_coding	0.0073915970936940375	0.0	0
ENSG00000211448	DIO2	iodothyronine deiodinase 2	protein_coding	0.0073915970936940375	0.0	0
ENSG00000067221	STOML1	stomatin like 1	protein_coding	0.0073915970936940375	0.0	0
ENSG00000100385	IL2RB	interleukin 2 receptor subunit beta	protein_coding	0.0073915970936940375	0.0	0
ENSG00000158887	MPZ	myelin protein zero	protein_coding	0.0073915970936940375	0.0	0
ENSG00000100804	PSMB5	proteasome 20S subunit beta 5	protein_coding	0.0073915970936940375	0.0	0
ENSG00000146858	ZC3HAV1L	ZC3HAV1 like	protein_coding	0.007825741946188132	0.0	0
ENSG00000148339	SLC25A25	solute carrier family 25 member 25	protein_coding	0.007843828480421226	0.0	0
ENSG00000159377	PSMB4	proteasome 20S subunit beta 4	protein_coding	0.0073915970936940375	0.0	0
ENSG00000111912	NCOA7	nuclear receptor coactivator 7	protein_coding	0.008232497838881551	0.0	0
ENSG00000124171	PARD6B	par-6 family cell polarity regulator beta	protein_coding	0.008413257971263846	0.0	0
ENSG00000144227	NXPH2	neurexophilin 2	protein_coding	0.00840195564441612	0.0	0
ENSG00000258586	LINC02274	long intergenic non-protein coding RNA 2274	lncRNA	0.008391872946382198	0.0	0
ENSG00000188389	PDCD1	programmed cell death 1	protein_coding	0.008389735300240333	0.0	0
ENSG00000173372	C1QA	complement C1q A chain	protein_coding	0.008377143372853241	0.0	0
ENSG00000133135	RNF128	ring finger protein 128	protein_coding	0.008355018601805079	0.0	0
ENSG00000153487	ING1	inhibitor of growth family member 1	protein_coding	0.008346394486189746	0.0	0
ENSG00000007174	DNAH9	dynein axonemal heavy chain 9	protein_coding	0.008323531492824762	0.0	0
ENSG00000140400	MAN2C1	mannosidase alpha class 2C member 1	protein_coding	0.008315546730405791	0.0	0
ENSG00000089692	LAG3	lymphocyte activating 3	protein_coding	0.008315546730405791	0.0	0
ENSG00000105835	NAMPT	nicotinamide phosphoribosyltransferase	protein_coding	0.008315546730405791	0.0	0
ENSG00000139344	AMDHD1	amidohydrolase domain containing 1	protein_coding	0.00830179223103986	0.0	0
ENSG00000245532	NEAT1	nuclear paraspeckle assembly transcript 1	lncRNA	0.008295014516256641	0.0	0
ENSG00000158352	SHROOM4	shroom family member 4	protein_coding	0.008288444066255016	0.0	0
ENSG00000259207	ITGB3	integrin subunit beta 3	protein_coding	0.008280936676364875	0.0	0
ENSG00000123838	C4BPA	complement component 4 binding protein alpha	protein_coding	0.008264216195032915	0.0	0
ENSG00000115255	REEP6	receptor accessory protein 6	protein_coding	0.00825123224352052	0.0	0
ENSG00000145335	SNCA	synuclein alpha	protein_coding	0.008232891997712105	0.0	0
ENSG00000215472	RPL17-C18orf32	RPL17-C18orf32 readthrough	protein_coding	0.008232891997712105	0.0	0
ENSG00000186153	WWOX	WW domain containing oxidoreductase	protein_coding	0.0084364050453085	0.0	0
ENSG00000173369	C1QB	complement C1q B chain	protein_coding	0.00844531032382842	0.0	0
ENSG00000092421	SEMA6A	semaphorin 6A	protein_coding	0.008451065313777721	0.0	0
ENSG00000142748	FCN3	ficolin 3	protein_coding	0.008500336657748143	0.0	0
ENSG00000168003	SLC3A2	solute carrier family 3 member 2	protein_coding	0.008606889495536701	0.0	0
ENSG00000100253	MIOX	myo-inositol oxygenase	protein_coding	0.00858837890627079	0.0	0
ENSG00000158825	CDA	cytidine deaminase	protein_coding	0.008561933300195591	0.0	0
ENSG00000165819	METTL3	methyltransferase 3, N6-adenosine-methyltransferase complex catalytic subunit	protein_coding	0.008561933300195591	0.0	0
ENSG00000064989	CALCRL	calcitonin receptor like receptor	protein_coding	0.008547447765085456	0.0	0
ENSG00000134817	APLNR	apelin receptor	protein_coding	0.008540313785484128	0.0	0
ENSG00000162174	ASRGL1	asparaginase and isoaspartyl peptidase 1	protein_coding	0.008500336657748143	0.0	0
ENSG00000124107	SLPI	secretory leukocyte peptidase inhibitor	protein_coding	0.008500336657748143	0.0	0
ENSG00000164128	NPY1R	neuropeptide Y receptor Y1	protein_coding	0.008500336657748143	0.0	0
ENSG00000131477	RAMP2	receptor activity modifying protein 2	protein_coding	0.008451885305950724	0.0	0
ENSG00000154553	PDLIM3	PDZ and LIM domain 3	protein_coding	0.008500336657748143	0.0	0
ENSG00000163283	ALPP	alkaline phosphatase, placental	protein_coding	0.008500336657748143	0.0	0
ENSG00000107518	ATRNL1	attractin like 1	protein_coding	0.008500336657748143	0.0	0
ENSG00000150337	FCGR1A	Fc gamma receptor Ia	protein_coding	0.008479804443598991	0.0	0
ENSG00000107796	ACTA2	actin alpha 2, smooth muscle	protein_coding	0.008479804443598991	0.0	0
ENSG00000167191	GPRC5B	G protein-coupled receptor class C group 5 member B	protein_coding	0.008474961077687202	0.0	0
ENSG00000138030	KHK	ketohexokinase	protein_coding	0.008472129939331522	0.0	0
ENSG00000105784	RUNDC3B	RUN domain containing 3B	protein_coding	0.008471889981770111	0.0	0
ENSG00000158480	SPATA2	spermatogenesis associated 2	protein_coding	0.008232891997712105	0.0	0
ENSG00000288642	CDR1	cerebellar degeneration related 1	lncRNA	0.008216003964900093	0.0	0
ENSG00000182919	BKGD	beta-keto-L-gulonate decarboxylase	protein_coding	0.007880715328463546	0.0	0
ENSG00000106538	RARRES2	retinoic acid receptor responder 2	protein_coding	0.008202619552585465	0.0	0
ENSG00000138796	HADH	hydroxyacyl-CoA dehydrogenase	protein_coding	0.008024791035802394	0.0	0
ENSG00000106991	ENG	endoglin	protein_coding	0.008007563518168538	0.0	0
ENSG00000110324	IL10RA	interleukin 10 receptor subunit alpha	protein_coding	0.007987031304019388	0.0	0
ENSG00000091986	CCDC80	coiled-coil domain containing 80	protein_coding	0.007961521679773775	0.0	0
ENSG00000165140	FBP1	fructose-bisphosphatase 1	protein_coding	0.007955899553557784	0.0	0
ENSG00000161896	IP6K3	inositol hexakisphosphate kinase 3	protein_coding	0.007947065566250596	0.0	0
ENSG00000109956	B3GAT1	beta-1,3-glucuronyltransferase 1	protein_coding	0.00794596687572109	0.0	0
ENSG00000159674	SPON2	spondin 2	protein_coding	0.00794596687572109	0.0	0
ENSG00000236543	ENSG00000236543	novel beta-lactoglobulin-like protein	protein_coding	0.00794596687572109	0.0	0
ENSG00000089327	FXYD5	FXYD domain containing ion transport regulator 5	protein_coding	0.00794596687572109	0.0	0
ENSG00000126561	STAT5A	signal transducer and activator of transcription 5A	protein_coding	0.00794596687572109	0.0	0
ENSG00000080910	CFHR2	complement factor H related 2	protein_coding	0.007943503010023192	0.0	3
ENSG00000123843	C4BPB	complement component 4 binding protein beta	protein_coding	0.007925434661571938	0.0	0
ENSG00000226979	LTA	lymphotoxin alpha	protein_coding	0.007925434661571938	0.0	0
ENSG00000176697	BDNF	brain derived neurotrophic factor	protein_coding	0.007925434661571938	0.0	0
ENSG00000105374	NKG7	natural killer cell granule protein 7	protein_coding	0.007925434661571938	0.0	0
ENSG00000159339	PADI4	peptidyl arginine deiminase 4	protein_coding	0.007915168554497363	0.0	0
ENSG00000150893	FREM2	FRAS1 related extracellular matrix 2	protein_coding	0.007897148042644587	0.0	0
ENSG00000100027	YPEL1	yippee like 1	protein_coding	0.007885450887939247	0.0	0
ENSG00000066468	FGFR2	fibroblast growth factor receptor 2	protein_coding	0.00803560390583078	0.0	0
ENSG00000164220	F2RL2	coagulation factor II thrombin receptor like 2	protein_coding	0.008069721653893091	0.0	0
ENSG00000115355	CCDC88A	coiled-coil and HOOK domain protein 88A	protein_coding	0.008076311057470224	0.0	0
ENSG00000254682	DHCR7-DT	DHCR7 divergent transcript	lncRNA	0.008134132047654695	0.0	0
ENSG00000117322	CR2	complement C3d receptor 2	protein_coding	0.008202619552585465	0.0	0
ENSG00000164136	IL15	interleukin 15	protein_coding	0.008202619552585465	0.0	0
ENSG00000183813	CCR4	C-C motif chemokine receptor 4	protein_coding	0.008202619552585465	0.0	0
ENSG00000197635	DPP4	dipeptidyl peptidase 4	protein_coding	0.008202619552585465	0.0	0
ENSG00000173757	STAT5B	signal transducer and activator of transcription 5B	protein_coding	0.00819235344551089	0.0	0
ENSG00000164325	TMEM174	transmembrane protein 174	protein_coding	0.00814911682033883	0.0	0
ENSG00000079819	EPB41L2	erythrocyte membrane protein band 4.1 like 2	protein_coding	0.008146703755221169	0.0	0
ENSG00000215182	MUC5AC	mucin 5AC, oligomeric mucus/gel-forming	protein_coding	0.008140647178997032	0.0	0
ENSG00000116977	LGALS8	galectin 8	protein_coding	0.00813075680306344	0.0	0
ENSG00000038219	BOD1L1	biorientation of chromosomes in cell division 1 like 1	protein_coding	0.008119117807796061	0.0	0
ENSG00000138593	SECISBP2L	SECIS binding protein 2 like	protein_coding	0.00813075680306344	0.0	0
ENSG00000061656	SPAG4	sperm associated antigen 4	protein_coding	0.00813075680306344	0.0	0
ENSG00000089876	DHX32	DEAH-box helicase 32 (putative)	protein_coding	0.00813075680306344	0.0	0
ENSG00000186395	KRT10	keratin 10	protein_coding	0.00813075680306344	0.0	0
ENSG00000151929	BAG3	BAG cochaperone 3	protein_coding	0.00813075680306344	0.0	0
ENSG00000171217	CLDN20	claudin 20	protein_coding	0.00813075680306344	0.0	0
ENSG00000164120	HPGD	15-hydroxyprostaglandin dehydrogenase	protein_coding	0.00813075680306344	0.0	0
ENSG00000108840	HDAC5	histone deacetylase 5	protein_coding	0.00813075680306344	0.0	0
ENSG00000112208	BAG2	BAG cochaperone 2	protein_coding	0.0073915970936940375	0.0	0
ENSG00000120875	DUSP4	dual specificity phosphatase 4	protein_coding	0.0073915970936940375	0.0	0
ENSG00000173334	TRIB1	tribbles pseudokinase 1	protein_coding	0.015540650911075279	0.0	0
ENSG00000113119	TMCO6	transmembrane and coiled-coil domains 6	protein_coding	0.006440486712614974	0.0	0
ENSG00000136842	TMOD1	tropomodulin 1	protein_coding	0.006589401860355041	0.0	0
ENSG00000206418	RAB12	RAB12, member RAS oncogene family	protein_coding	0.006572888633677943	0.0	0
ENSG00000113580	NR3C1	nuclear receptor subfamily 3 group C member 1	protein_coding	0.5435378716397572	0.0	0
ENSG00000141867	BRD4	bromodomain containing 4	protein_coding	0.006557134948998702	0.0	0
ENSG00000175164	ABO	ABO, alpha 1-3-N-acetylgalactosaminyltransferase and alpha 1-3-galactosyltransferase	protein_coding	0.006549642907670036	0.0	0
ENSG00000173546	CSPG4	chondroitin sulfate proteoglycan 4	protein_coding	0.006547838574625248	0.0	0
ENSG00000274177	ENSG00000274177	novel transcript, antisense to TMEM259	lncRNA	0.006542933693857385	0.0	0
ENSG00000235162	C12orf75	chromosome 12 open reading frame 75	protein_coding	0.006530303179158786	0.0	0
ENSG00000147403	RPL10	ribosomal protein L10	protein_coding	0.006529332669471745	0.0	0
ENSG00000110628	SLC67A1	solute carrier family 67 member 1	protein_coding	0.006521836226955092	0.0	0
ENSG00000169641	LUZP1	leucine zipper protein 1	protein_coding	0.006518180146287159	0.0	0
ENSG00000117448	AKR1A1	aldo-keto reductase family 1 member A1	protein_coding	0.006506437934267536	0.0	0
ENSG00000128335	APOL2	apolipoprotein L2	protein_coding	0.006502483756127992	0.0	0
ENSG00000129151	BBOX1	gamma-butyrobetaine hydroxylase 1	protein_coding	0.0064828427213331945	0.0	0
ENSG00000076258	FMO4	flavin containing dimethylaniline monoxygenase 4	protein_coding	0.006480283151540926	0.0	0
ENSG00000175054	ATR	ATR checkpoint kinase	protein_coding	0.006467647456982282	0.0	0
ENSG00000167815	PRDX2	peroxiredoxin 2	protein_coding	0.006467647456982282	0.0	0
ENSG00000279322	ENSG00000279322			0.0064526627783170615	0.0	0
ENSG00000140743	CDR2	cerebellar degeneration related protein 2	protein_coding	0.006446702048517562	0.0	0
ENSG00000159433	STARD9	StAR related lipid transfer domain containing 9	protein_coding	0.006590490933924423	0.0	0
ENSG00000131482	G6PC1	glucose-6-phosphatase catalytic subunit 1	protein_coding	0.006595733410099486	0.0	0
ENSG00000133794	BMAL1	basic helix-loop-helix ARNT like 1	protein_coding	0.0066027212455132605	0.0	0
ENSG00000137628	DDX60	DExD/H-box helicase 60	protein_coding	0.006652437384324632	0.0	0
ENSG00000036672	USP2	ubiquitin specific peptidase 2	protein_coding	0.006652437384324632	0.0	0
ENSG00000130940	CASZ1	castor zinc finger 1	protein_coding	0.006652437384324632	0.0	0
ENSG00000172938	MRGPRD	MAS related GPR family member D	protein_coding	0.006652437384324632	0.0	0
ENSG00000215417	MIR17HG	miR-17-92a-1 cluster host gene	lncRNA	0.006652437384324632	0.0	0
ENSG00000179526	SHARPIN	SHANK associated RH domain interactor	protein_coding	0.006652437384324632	0.0	0
ENSG00000168918	INPP5D	inositol polyphosphate-5-phosphatase D	protein_coding	0.006652437384324632	0.0	0
ENSG00000144648	ACKR2	atypical chemokine receptor 2	protein_coding	0.006652437384324632	0.0	0
ENSG00000167588	GPD1	glycerol-3-phosphate dehydrogenase 1	protein_coding	0.006652437384324632	0.0	0
ENSG00000165556	CDX2	caudal type homeobox 2	protein_coding	0.006652437384324632	0.0	0
ENSG00000176171	BNIP3	BCL2 interacting protein 3	protein_coding	0.006610643173414268	0.0	0
ENSG00000087338	GMCL1	germ cell-less 1, spermatogenesis associated	protein_coding	0.006652437384324632	0.0	0
ENSG00000143995	MEIS1	Meis homeobox 1	protein_coding	0.006652437384324632	0.0	0
ENSG00000138722	MMRN1	multimerin 1	protein_coding	0.006652437384324632	0.0	0
ENSG00000128242	GAL3ST1	galactose-3-O-sulfotransferase 1	protein_coding	0.006652437384324632	0.0	0
ENSG00000244234	GMCL2	germ cell-less 2, spermatogenesis associated	protein_coding	0.006652437384324632	0.0	0
ENSG00000068366	ACSL4	acyl-CoA synthetase long chain family member 4	protein_coding	0.006624308250940297	0.0	0
ENSG00000095794	CREM	cAMP responsive element modulator	protein_coding	0.006619620450955531	0.0	0
ENSG00000108518	PFN1	profilin 1	protein_coding	0.0066139098630099745	0.0	0
ENSG00000135750	KCNK1	potassium two pore domain channel subfamily K member 1	protein_coding	0.006441769466275122	0.0	0
ENSG00000125848	FLRT3	fibronectin leucine rich transmembrane protein 3	protein_coding	0.006440246074504176	0.0	0
ENSG00000115271	GCA	grancalcin	protein_coding	0.006652437384324632	0.0	0
ENSG00000162616	DNAJB4	DnaJ heat shock protein family (Hsp40) member B4	protein_coding	0.006427908366951702	0.0	0
ENSG00000255150	EID3	EP300 interacting inhibitor of differentiation 3	protein_coding	0.006184151107034306	0.0	0
ENSG00000100216	TOMM22	translocase of outer mitochondrial membrane 22	protein_coding	0.006176712579454511	0.0	0
ENSG00000175582	RAB6A	RAB6A, member RAS oncogene family	protein_coding	0.0061571804097860046	0.0	0
ENSG00000198393	ZNF26	zinc finger protein 26	protein_coding	0.006120283433045559	0.0	0
ENSG00000170011	MYRIP	myosin VIIA and Rab interacting protein	protein_coding	0.006115668757622785	0.0	0
ENSG00000142657	PGD	phosphogluconate dehydrogenase	protein_coding	0.006098067602297579	0.0	0
ENSG00000173402	DAG1	dystroglycan 1	protein_coding	0.006098067602297579	0.0	0
ENSG00000136231	IGF2BP3	insulin like growth factor 2 mRNA binding protein 3	protein_coding	0.006098067602297579	0.0	0
ENSG00000166349	RAG1	recombination activating 1	protein_coding	0.006075129880863553	0.0	0
ENSG00000142867	BCL10	BCL10 immune signaling adaptor	protein_coding	0.006072701254757297	0.0	0
ENSG00000140284	SLC27A2	solute carrier family 27 member 2	protein_coding	0.006062708046491585	0.0	0
ENSG00000181744	DIPK2A	divergent protein kinase domain 2A	protein_coding	0.0060601856953185745	0.0	0
ENSG00000035115	SH3YL1	SH3 and SYLF domain containing 1	protein_coding	0.006057495070816742	0.0	0
ENSG00000010932	FMO1	flavin containing dimethylaniline monoxygenase 1	protein_coding	0.006045081512734514	0.0	0
ENSG00000112964	GHR	growth hormone receptor	protein_coding	0.006039128786954852	0.0	0
ENSG00000198203	SULT1C2	sulfotransferase family 1C member 2	protein_coding	0.006034650778851819	0.0	0
ENSG00000103489	XYLT1	xylosyltransferase 1	protein_coding	0.006010502039490713	0.0	0
ENSG00000132465	JCHAIN	joining chain of multimeric IgA and IgM	protein_coding	0.006001976840079557	0.0	0
ENSG00000168795	ZBTB5	zinc finger and BTB domain containing 5	protein_coding	0.0059979292628289695	0.0	0
ENSG00000152443	ZNF776	zinc finger protein 776	protein_coding	0.006194391928586523	0.0	0
ENSG00000185306	C12orf56	chromosome 12 open reading frame 56	protein_coding	0.006226398867190609	0.0	0
ENSG00000054282	SDCCAG8	SHH signaling and ciliogenesis regulator SDCCAG8	protein_coding	0.006236732287030712	0.0	0
ENSG00000211445	GPX3	glutathione peroxidase 3	protein_coding	0.006354720279161956	0.0	0
ENSG00000154175	ABI3BP	ABI family member 3 binding protein	protein_coding	0.006427201817890968	0.0	0
ENSG00000065054	NHERF2	NHERF family PDZ scaffold protein 2	protein_coding	0.006427071124442183	0.0	0
ENSG00000153179	RASSF3	Ras association domain family member 3	protein_coding	0.006416145973494592	0.0	0
ENSG00000173890	GPR160	G protein-coupled receptor 160	protein_coding	0.006402554459606891	0.0	0
ENSG00000102409	BEX4	brain expressed X-linked 4	protein_coding	0.006402245074946203	0.0	0
ENSG00000145362	ANK2	ankyrin 2	protein_coding	0.006400354535761673	0.0	0
ENSG00000135838	NPL	N-acetylneuraminate pyruvate lyase	protein_coding	0.006379306848982623	0.0	0
ENSG00000165113	GKAP1	G kinase anchoring protein 1	protein_coding	0.0063778524399765784	0.0	0
ENSG00000134259	NGF	nerve growth factor	protein_coding	0.006344454172087381	0.0	0
ENSG00000119636	BBOF1	basal body orientation factor 1	protein_coding	0.006262080025670603	0.0	0
ENSG00000158615	PPP1R15B	protein phosphatase 1 regulatory subunit 15B	protein_coding	0.006295688081947183	0.0	0
ENSG00000107719	PALD1	phosphatase domain containing paladin 1	protein_coding	0.006289502879056153	0.0	0
ENSG00000272430	LINC02637	long intergenic non-protein coding RNA 2637	lncRNA	0.006284171135913047	0.0	0
ENSG00000075426	FOSL2	FOS like 2, AP-1 transcription factor subunit	protein_coding	0.006282857529639931	0.0	0
ENSG00000278540	ACACA	acetyl-CoA carboxylase alpha	protein_coding	0.006282857529639931	0.0	0
ENSG00000167244	IGF2	insulin like growth factor 2	protein_coding	0.006282857529639931	0.0	0
ENSG00000104365	IKBKB	inhibitor of nuclear factor kappa B kinase subunit beta	protein_coding	0.006282857529639931	0.0	0
ENSG00000165733	BMS1	BMS1 ribosome biogenesis factor	protein_coding	0.006282857529639931	0.0	0
ENSG00000120899	PTK2B	protein tyrosine kinase 2 beta	protein_coding	0.006652437384324632	0.0	0
ENSG00000134365	CFHR4	complement factor H related 4	protein_coding	0.006652437384324632	0.0	0
ENSG00000205220	PSMB10	proteasome 20S subunit beta 10	protein_coding	0.0073915970936940375	0.0	0
ENSG00000184451	CCR10	C-C motif chemokine receptor 10	protein_coding	0.007037416399621196	0.0	0
ENSG00000243069	ARHGEF26-AS1	ARHGEF26 antisense RNA 1	lncRNA	0.007262692896940653	0.0	0
ENSG00000010256	UQCRC1	ubiquinol-cytochrome c reductase core protein 1	protein_coding	0.007241956505056452	0.0	0
ENSG00000197323	TRIM33	tripartite motif containing 33	protein_coding	0.007206807166351686	0.0	0
ENSG00000116132	PRRX1	paired related homeobox 1	protein_coding	0.007206807166351686	0.0	0
ENSG00000164400	CSF2	colony stimulating factor 2	protein_coding	0.007206807166351686	0.0	0
ENSG00000103044	HAS3	hyaluronan synthase 3	protein_coding	0.007206418683401428	0.0	0
ENSG00000258791	LINC00520	long intergenic non-protein coding RNA 520	lncRNA	0.007201627087155605	0.0	0
ENSG00000205279	CTXN3	cortexin 3	protein_coding	0.007189465325252	0.0	0
ENSG00000279386	ENSG00000279386			0.007189026963891184	0.0	0
ENSG00000216937	CCDC7	coiled-coil domain containing 7	protein_coding	0.007166353892635836	0.0	0
ENSG00000185950	IRS2	insulin receptor substrate 2	protein_coding	0.007162286574789266	0.0	0
ENSG00000120526	NUDCD1	NudC domain containing 1	protein_coding	0.007156082968826545	0.0	0
ENSG00000101928	MOSPD1	motile sperm domain containing 1	protein_coding	0.00713647120301882	0.0	0
ENSG00000105974	CAV1	caveolin 1	protein_coding	0.0071235808766623825	0.0	0
ENSG00000107295	SH3GL2	SH3 domain containing GRB2 like 2, endophilin A1	protein_coding	0.0071187427963673115	0.0	0
ENSG00000020181	ADGRA2	adhesion G protein-coupled receptor A2	protein_coding	0.0070979904322410305	0.0	0
ENSG00000228630	HOTAIR	HOX transcript antisense RNA	lncRNA	0.007096549176370748	0.0	0
ENSG00000227467	LINC01537	long intergenic non-protein coding RNA 1537	lncRNA	0.0070933791965221505	0.0	0
ENSG00000162105	SHANK2	SH3 and multiple ankyrin repeat domains 2	protein_coding	0.007048160561023732	0.0	0
ENSG00000276966	H4C5	H4 clustered histone 5	protein_coding	0.007292095372195252	0.0	0
ENSG00000197714	ZNF460	zinc finger protein 460	protein_coding	0.007326932564165672	0.0	0
ENSG00000102786	INTS6	integrator complex subunit 6	protein_coding	0.007340266464920002	0.0	0
ENSG00000110218	PANX1	pannexin 1	protein_coding	0.0073915970936940375	0.0	0
ENSG00000100979	PLTP	phospholipid transfer protein	protein_coding	0.0073915970936940375	0.0	0
ENSG00000122729	ACO1	aconitase 1	protein_coding	0.0073915970936940375	0.0	0
ENSG00000117507	FMO6P	flavin containing dimethylaniline monoxygenase 6, pseudogene	transcribed_unitary_pseudogene	0.0073915970936940375	0.0	0
ENSG00000072062	PRKACA	protein kinase cAMP-activated catalytic subunit alpha	protein_coding	0.0073915970936940375	0.0	0
ENSG00000185291	IL3RA	interleukin 3 receptor subunit alpha	protein_coding	0.0073915970936940375	0.0	0
ENSG00000131143	COX4I1	cytochrome c oxidase subunit 4I1	protein_coding	0.0073915970936940375	0.0	0
ENSG00000113594	LIFR	LIF receptor subunit alpha	protein_coding	0.0073915970936940375	0.0	0
ENSG00000126067	PSMB2	proteasome 20S subunit beta 2	protein_coding	0.0073915970936940375	0.0	0
ENSG00000161664	ASB16	ankyrin repeat and SOCS box containing 16	protein_coding	0.0073915970936940375	0.0	0
ENSG00000132837	DMGDH	dimethylglycine dehydrogenase	protein_coding	0.007340398290864252	0.0	0
ENSG00000144908	ALDH1L1	aldehyde dehydrogenase 1 family member L1	protein_coding	0.0073915970936940375	0.0	0
ENSG00000223804	ENSG00000223804	Poly 	transcribed_unprocessed_pseudogene	0.0073915970936940375	0.0	0
ENSG00000114861	FOXP1	forkhead box P1	protein_coding	0.0073915970936940375	0.0	0
ENSG00000160209	PDXK	pyridoxal kinase	protein_coding	0.0073915970936940375	0.0	0
ENSG00000067221	STOML1	stomatin like 1	protein_coding	0.0073915970936940375	0.0	0
ENSG00000161664	ASB16	ankyrin repeat and SOCS box containing 16	protein_coding	0.0073915970936940375	0.0	0
ENSG00000125618	PAX8	paired box 8	protein_coding	0.007372567652075156	0.0	0
ENSG00000148584	A1CF	APOBEC1 complementation factor	protein_coding	0.0073640634226462024	0.0	0
ENSG00000184786	DYNLT2	dynein light chain Tctex-type 2	protein_coding	0.007043944923306547	0.0	0
ENSG00000120708	TGFBI	transforming growth factor beta induced	protein_coding	0.007022017239009335	0.0	0
ENSG00000001084	GCLC	glutamate-cysteine ligase catalytic subunit	protein_coding	0.006652437384324632	0.0	0
ENSG00000170266	GLB1	galactosidase beta 1	protein_coding	0.007022017239009335	0.0	0
ENSG00000079557	AFM	afamin	protein_coding	0.006812207917665941	0.0	0
ENSG00000144381	HSPD1	heat shock protein family D (Hsp60) member 1	protein_coding	0.006793699017670786	0.0	0
ENSG00000121691	CAT	catalase	protein_coding	0.0067858967762941085	0.0	0
ENSG00000169946	ZFPM2	zinc finger protein, FOG family member 2	protein_coding	0.006758847426517515	0.0	0
ENSG00000164406	LEAP2	liver enriched antimicrobial peptide 2	protein_coding	0.006756216233293506	0.0	0
ENSG00000187479	C11orf96	chromosome 11 open reading frame 96	protein_coding	0.006751588280056133	0.0	0
ENSG00000119986	AVPI1	arginine vasopressin induced 1	protein_coding	0.00674852441315211	0.0	0
ENSG00000196177	ACADSB	acyl-CoA dehydrogenase short/branched chain	protein_coding	0.006729370575202187	0.0	0
ENSG00000141401	IMPA2	inositol monophosphatase 2	protein_coding	0.006714209147515969	0.0	0
ENSG00000162814	SPATA17	spermatogenesis associated 17	protein_coding	0.006708353699850617	0.0	0
ENSG00000174197	MGA	MAX dimerization protein MGA	protein_coding	0.0066859780978598335	0.0	0
ENSG00000228794	LINC01128	long intergenic non-protein coding RNA 1128	lncRNA	0.006682811776421586	0.0	0
ENSG00000167641	PPP1R14A	protein phosphatase 1 regulatory inhibitor subunit 14A	protein_coding	0.006660482573592551	0.0	0
ENSG00000108387	SEPTIN4	septin 4	protein_coding	0.006653587639783189	0.0	0
ENSG00000168743	NPNT	nephronectin	protein_coding	0.006652437384324632	0.0	0
ENSG00000164414	SLC35A1	solute carrier family 35 member A1	protein_coding	0.006652437384324632	0.0	0
ENSG00000226344	CST12P	cystatin 12, pseudogene	unprocessed_pseudogene	0.006652437384324632	0.0	0
ENSG00000163956	LRPAP1	LDL receptor related protein associated protein 1	protein_coding	0.006652437384324632	0.0	0
ENSG00000229117	RPL41	ribosomal protein L41	protein_coding	0.006652437384324632	0.0	0
ENSG00000039537	C6	complement C6	protein_coding	0.006819198181509968	0.0	0
ENSG00000157005	SST	somatostatin	protein_coding	0.0068372273116669826	0.0	0
ENSG00000204472	AIF1	allograft inflammatory factor 1	protein_coding	0.0068372273116669826	0.0	0
ENSG00000066813	ACSM2B	acyl-CoA synthetase medium chain family member 2B	protein_coding	0.006966882163567386	0.0	0
ENSG00000101665	SMAD7	SMAD family member 7	protein_coding	0.007022017239009335	0.0	0
ENSG00000088305	DNMT3B	DNA methyltransferase 3 beta	protein_coding	0.007022017239009335	0.0	0
ENSG00000137869	CYP19A1	cytochrome P450 family 19 subfamily A member 1	protein_coding	0.007022017239009335	0.0	0
ENSG00000163624	CDS1	CDP-diacylglycerol synthase 1	protein_coding	0.007018215625516268	0.0	0
ENSG00000005249	PRKAR2B	protein kinase cAMP-dependent type II regulatory subunit beta	protein_coding	0.0070121437800327	0.0	0
ENSG00000106546	AHR	aryl hydrocarbon receptor	protein_coding	0.006991218917785608	0.0	0
ENSG00000184731	FAM110C	family with sequence similarity 110 member C	protein_coding	0.006988156883533241	0.0	0
ENSG00000136807	CDK9	cyclin dependent kinase 9	protein_coding	0.006974833534285311	0.0	0
ENSG00000111057	KRT18	keratin 18	protein_coding	0.006964831854064672	0.0	0
ENSG00000221823	PPP3R1	protein phosphatase 3 regulatory subunit B, alpha	protein_coding	0.006860902653374527	0.0	0
ENSG00000103460	TOX3	TOX high mobility group box family member 3	protein_coding	0.006944125537161318	0.0	0
ENSG00000282408	ENSG00000282408	novel transcript, antisense to AIM1	lncRNA	0.006930827822119718	0.0	0
ENSG00000135220	UGT2A3	UDP glucuronosyltransferase family 2 member A3	protein_coding	0.006924882892264493	0.0	0
ENSG00000147394	ZNF185	zinc finger protein 185 with LIM domain	protein_coding	0.006921681988576102	0.0	0
ENSG00000130522	JUND	JunD proto-oncogene, AP-1 transcription factor subunit	protein_coding	0.006921681988576102	0.0	0
ENSG00000249592	PCGF3-AS1	PCGF3 antisense RNA 1	lncRNA	0.0069129926852761	0.0	0
ENSG00000170832	USP32	ubiquitin specific peptidase 32	protein_coding	0.006894078778753371	0.0	0
ENSG00000197208	SLC22A4	solute carrier family 22 member 4	protein_coding	0.006893042967493175	0.0	0
ENSG00000120756	PLS1	plastin 1	protein_coding	0.008615931960117559	0.0	0
ENSG00000087495	PHACTR3	phosphatase and actin regulator 3	protein_coding	0.008619523139444522	0.0	0
ENSG00000171759	PAH	phenylalanine hydroxylase	protein_coding	0.008623451151135055	0.0	0
ENSG00000144895	EIF2A	eukaryotic translation initiation factor 2A	protein_coding	0.012196135204595159	0.0	0
ENSG00000104368	PLAT	plasminogen activator, tissue type	protein_coding	0.012565715059279862	0.0	0
ENSG00000109819	PPARGC1A	PPARG coactivator 1 alpha	protein_coding	0.012565715059279862	0.0	0
ENSG00000100429	HDAC10	histone deacetylase 10	protein_coding	0.012565715059279862	0.0	0
ENSG00000147872	PLIN2	perilipin 2	protein_coding	0.012543974577808127	0.0	0
ENSG00000163661	PTX3	pentraxin 3	protein_coding	0.012528128536643562	0.0	0
ENSG00000116285	ERRFI1	ERBB receptor feedback inhibitor 1	protein_coding	0.012425096070639621	0.0	0
ENSG00000173039	RELA	RELA proto-oncogene, NF-kB subunit	protein_coding	0.012422455687818692	0.0	4
ENSG00000180432	CYP8B1	cytochrome P450 family 8 subfamily B member 1	protein_coding	0.012417761658017444	0.0	0
ENSG00000067715	SYT1	synaptotagmin 1	protein_coding	0.012412176748110272	0.0	0
ENSG00000114745	GORASP1	golgi reassembly stacking protein 1	protein_coding	0.012412176748110272	0.0	0
ENSG00000132002	DNAJB1	DnaJ heat shock protein family (Hsp40) member B1	protein_coding	0.012407854577027031	0.0	0
ENSG00000148180	GSN	gelsolin	protein_coding	0.012388727373314187	0.0	0
ENSG00000278030	TRBV7-9	T cell receptor beta variable 7-9	TR_V_gene	0.012383594319776897	0.0	0
ENSG00000211751	TRBC1	T cell receptor beta constant 1	TR_C_gene	0.012383594319776897	0.0	0
ENSG00000143799	PARP1	poly(ADP-ribose) polymerase 1	protein_coding	0.01238092513193751	0.0	0
ENSG00000128714	HOXD13	homeobox D13	protein_coding	0.01233986070363921	0.0	0
ENSG00000179388	EGR3	early growth response 3	protein_coding	0.012277195744996725	0.0	0
ENSG00000158104	HPD	4-hydroxyphenylpyruvate dioxygenase	protein_coding	0.012263789595325312	0.0	0
ENSG00000204632	HLA-G	major histocompatibility complex, class I, G	protein_coding	0.01226377627947325	0.0	0
ENSG00000101096	NFATC2	nuclear factor of activated T cells 2	protein_coding	0.012565715059279862	0.0	0
ENSG00000100968	NFATC4	nuclear factor of activated T cells 4	protein_coding	0.012565715059279862	0.0	0
ENSG00000244734	HBB	hemoglobin subunit beta	protein_coding	0.012565715059279862	0.0	0
ENSG00000144802	NFKBIZ	NFKB inhibitor zeta	protein_coding	0.012976486117201144	0.0	0
ENSG00000277775	H3C7	H3 clustered histone 7	protein_coding	0.013181681483754362	0.0	0
ENSG00000286522	H3C2	H3 clustered histone 2	protein_coding	0.013181681483754362	0.0	0
ENSG00000197153	H3C12	H3 clustered histone 12	protein_coding	0.013181681483754362	0.0	0
ENSG00000274750	H3C6	H3 clustered histone 6	protein_coding	0.013181681483754362	0.0	0
ENSG00000198938	MT-CO3	mitochondrially encoded cytochrome c oxidase III	protein_coding	0.013099552627157764	0.0	0
ENSG00000118137	APOA1	apolipoprotein A1	protein_coding	0.013099552627157762	0.0	0
ENSG00000159958	TNFRSF13C	TNF receptor superfamily member 13C	protein_coding	0.01308682265438529	0.0	0
ENSG00000110887	DAO	D-amino acid oxidase	protein_coding	0.012996891556412012	0.0	0
ENSG00000145012	LPP	LIM domain containing preferred translocation partner in lipoma	protein_coding	0.012935294913964564	0.0	0
ENSG00000072736	NFATC3	nuclear factor of activated T cells 3	protein_coding	0.012565715059279862	0.0	0
ENSG00000120217	CD274	CD274 molecule	protein_coding	0.012914521780256821	0.0	0
ENSG00000163565	IFI16	interferon gamma inducible protein 16	protein_coding	0.012904496592740835	0.0	0
ENSG00000153086	ACMSD	aminocarboxymuconate semialdehyde decarboxylase	protein_coding	0.012901625308589586	0.0	0
ENSG00000188404	SELL	selectin L	protein_coding	0.012894971039538367	0.0	0
ENSG00000121690	DEPDC7	DEP domain containing 7	protein_coding	0.012765593270560744	0.0	0
ENSG00000095970	TREM2	triggering receptor expressed on myeloid cells 2	protein_coding	0.012750504986622214	0.0	0
ENSG00000196549	MME	membrane metalloendopeptidase	protein_coding	0.012750504986622214	0.0	0
ENSG00000175445	LPL	lipoprotein lipase	protein_coding	0.012565715059279862	0.0	0
ENSG00000108176	DNAJC12	DnaJ heat shock protein family (Hsp40) member C12	protein_coding	0.012214316270352198	0.0	0
ENSG00000110651	CD81	CD81 molecule	protein_coding	0.012196135204595159	0.0	0
ENSG00000278828	H3C10	H3 clustered histone 10	protein_coding	0.013181681483754362	0.0	0
ENSG00000049247	UTS2	urotensin 2	protein_coding	0.012196135204595159	0.0	0
ENSG00000160014	CALM3	calmodulin 3	protein_coding	0.011826555349910457	0.0	0
ENSG00000117090	SLAMF1	signaling lymphocytic activation molecule family member 1	protein_coding	0.011826555349910457	0.0	0
ENSG00000143919	CAMKMT	calmodulin-lysine N-methyltransferase	protein_coding	0.011826555349910457	0.0	0
ENSG00000001631	KRIT1	KRIT1 ankyrin repeat containing	protein_coding	0.011826555349910457	0.0	0
ENSG00000143641	GALNT2	polypeptide N-acetylgalactosaminyltransferase 2	protein_coding	0.01182602947381337	0.0	1
ENSG00000080493	SLC4A4	solute carrier family 4 member 4	protein_coding	0.01182287294199277	0.0	0
ENSG00000211897	IGHG3	immunoglobulin heavy constant gamma 3 (G3m marker)	IG_C_gene	0.01176712509923633	0.0	0
ENSG00000174059	CD34	CD34 molecule	protein_coding	0.011766746691283796	0.0	0
ENSG00000162897	FCAMR	Fc alpha and mu receptor	protein_coding	0.01167532418086892	0.0	0
ENSG00000115850	LCT	lactase	protein_coding	0.01165470071748207	0.0	0
ENSG00000198513	ATL1	atlastin GTPase 1	protein_coding	0.011621233208418957	0.0	0
ENSG00000042286	AIFM2	AIF family member 2, ferroptosis suppressor	protein_coding	0.011621233208418957	0.0	0
ENSG00000086991	NOX4	NADPH oxidase 4	protein_coding	0.011504255441957309	0.0	0
ENSG00000103522	IL21R	interleukin 21 receptor	protein_coding	0.01149407145763035	0.0	0
ENSG00000156958	GALK2	galactokinase 2	protein_coding	0.011456975495225754	0.0	0
ENSG00000197728	RPS26	ribosomal protein S26	protein_coding	0.011456975495225754	0.0	0
ENSG00000163235	TGFA	transforming growth factor alpha	protein_coding	0.011456975495225754	0.0	0
ENSG00000172724	CCL19	C-C motif chemokine ligand 19	protein_coding	0.011456975495225754	0.0	0
ENSG00000132437	DDC	dopa decarboxylase	protein_coding	0.011429807064989132	0.0	0
ENSG00000198668	CALM1	calmodulin 1	protein_coding	0.011826555349910457	0.0	0
ENSG00000154380	ENAH	ENAH actin regulator	protein_coding	0.011826555349910457	0.0	0
ENSG00000143933	CALM2	calmodulin 2	protein_coding	0.011826555349910457	0.0	0
ENSG00000057663	ATG5	autophagy related 5	protein_coding	0.012011345277252809	0.0	0
ENSG00000169083	AR	androgen receptor	protein_coding	0.012196135204595159	0.0	0
ENSG00000198844	ARHGEF15	Rho guanine nucleotide exchange factor 15	protein_coding	0.012188743607501466	0.0	0
ENSG00000118514	ALDH8A1	aldehyde dehydrogenase 8 family member A1	protein_coding	0.012088080573940748	0.0	0
ENSG00000012504	NR1H4	nuclear receptor subfamily 1 group H member 4	protein_coding	0.012029432994127474	0.0	0
ENSG00000213927	CCL27	C-C motif chemokine ligand 27	protein_coding	0.012028676142093806	0.0	0
ENSG00000139055	ERP27	endoplasmic reticulum protein 27	protein_coding	0.012020332404843669	0.0	0
ENSG00000077463	SIRT6	sirtuin 6	protein_coding	0.012011345277252809	0.0	0
ENSG00000126353	CCR7	C-C motif chemokine receptor 7	protein_coding	0.012011345277252809	0.0	0
ENSG00000131828	PDHA1	pyruvate dehydrogenase E1 subunit alpha 1	protein_coding	0.012011345277252809	0.0	0
ENSG00000157450	RNF111	ring finger protein 111	protein_coding	0.011826555349910457	0.0	0
ENSG00000198142	SOWAHC	sosondowah ankyrin repeat domain family member C	protein_coding	0.011999854309752698	0.0	0
ENSG00000204713	TRIM27	tripartite motif containing 27	protein_coding	0.011990813063103657	0.0	0
ENSG00000117151	CTBS	chitobiase	protein_coding	0.01192036320726838	0.0	0
ENSG00000171431	KRT20	keratin 20	protein_coding	0.011918507178213043	0.0	0
ENSG00000156738	MS4A1	membrane spanning 4-domains A1	protein_coding	0.011918507178213043	0.0	0
ENSG00000168036	CTNNB1	catenin beta 1	protein_coding	0.011867333280161737	0.0	0
ENSG00000134864	GGACT	gamma-glutamylamine cyclotransferase	protein_coding	0.011858351595030974	0.0	0
ENSG00000184584	STING1	stimulator of interferon response cGAMP interactor 1	protein_coding	0.011826555349910457	0.0	0
ENSG00000197409	H3C4	H3 clustered histone 4	protein_coding	0.013181681483754362	0.0	0
ENSG00000273983	H3C8	H3 clustered histone 8	protein_coding	0.013181681483754362	0.0	0
ENSG00000169245	CXCL10	C-X-C motif chemokine ligand 10	protein_coding	0.008644062156792191	0.0	0
ENSG00000229344	MTCO2P12	MT-CO2 pseudogene 12	unprocessed_pseudogene	0.01420829219121187	0.0	0
ENSG00000095752	IL11	interleukin 11	protein_coding	0.014783194187388075	0.0	0
ENSG00000137672	TRPC6	transient receptor potential cation channel subfamily C member 6	protein_coding	0.014783194187388075	0.0	0
ENSG00000050165	DKK3	dickkopf Wnt signaling pathway inhibitor 3	protein_coding	0.014726935920619402	0.0	0
ENSG00000124564	SLC17A3	solute carrier family 17 member 3	protein_coding	0.014695227657637906	0.0	0
ENSG00000174156	GSTA3	glutathione S-transferase alpha 3	protein_coding	0.01468710342517005	0.0	0
ENSG00000158481	CD1C	CD1c molecule	protein_coding	0.014675400063105033	0.0	0
ENSG00000140443	IGF1R	insulin like growth factor 1 receptor	protein_coding	0.014660000902493172	0.0	0
ENSG00000143546	S100A8	S100 calcium binding protein A8	protein_coding	0.014656977475366798	0.0	0
ENSG00000073754	CD5L	CD5 molecule like	protein_coding	0.014630011299092053	0.0	0
ENSG00000132517	SLC52A1	solute carrier family 52 member 1	protein_coding	0.014615844071329142	0.0	0
ENSG00000134352	IL6ST	interleukin 6 cytokine family signal transducer	protein_coding	0.0145844423544243	0.0	0
ENSG00000164342	TLR3	toll like receptor 3	protein_coding	0.014513183000583393	0.0	0
ENSG00000276085	CCL3L3	C-C motif chemokine ligand 3 like 3	protein_coding	0.014500876242837257	0.0	0
ENSG00000143184	XCL1	X-C motif chemokine ligand 1	protein_coding	0.014413614332703372	0.0	0
ENSG00000165168	CYBB	cytochrome b-245 beta chain	protein_coding	0.014370901811252876	0.0	0
ENSG00000073605	GSDMB	gasdermin B	protein_coding	0.014328393073241042	0.0	0
ENSG00000229421	H3P10	H3 histone pseudogene 10	processed_pseudogene	0.014328393073241042	0.0	0
ENSG00000125384	PTGER2	prostaglandin E receptor 2	protein_coding	0.014300687154883047	0.0	0
ENSG00000118260	CREB1	cAMP responsive element binding protein 1	protein_coding	0.01429042104780847	0.0	0
ENSG00000116815	CD58	CD58 molecule	protein_coding	0.014783194187388075	0.0	0
ENSG00000137714	FDX1	ferredoxin 1	protein_coding	0.014865323043984672	0.0	0
ENSG00000149257	SERPINH1	serpin family H member 1	protein_coding	0.014902691673736125	0.0	0
ENSG00000243509	TNFRSF6B	TNF receptor superfamily member 6b	protein_coding	0.015250302059281238	0.0	0
ENSG00000197375	SLC22A5	solute carrier family 22 member 5	protein_coding	0.015522353896757475	0.0	0
ENSG00000105854	PON2	paraoxonase 2	protein_coding	0.015522353896757475	0.0	0
ENSG00000144182	LIPT1	lipoyltransferase 1	protein_coding	0.015522353896757475	0.0	0
ENSG00000171557	FGG	fibrinogen gamma chain	protein_coding	0.015522353896757475	0.0	0
ENSG00000114013	CD86	CD86 molecule	protein_coding	0.015517220843220188	0.0	0
ENSG00000118503	TNFAIP3	TNF alpha induced protein 3	protein_coding	0.01545243632419517	0.0	0
ENSG00000138684	IL21	interleukin 21	protein_coding	0.015427255209370879	0.0	0
ENSG00000128052	KDR	kinase insert domain receptor	protein_coding	0.015378628397713427	0.0	0
ENSG00000168028	RPSA	ribosomal protein SA	protein_coding	0.015152774042072777	0.0	0
ENSG00000138735	PDE5A	phosphodiesterase 5A	protein_coding	0.014947451900581273	0.0	0
ENSG00000042832	TG	thyroglobulin	protein_coding	0.015152774042072773	0.0	0
ENSG00000111321	LTBR	lymphotoxin beta receptor	protein_coding	0.015121975720849048	0.0	0
ENSG00000150093	ITGB1	integrin subunit beta 1	protein_coding	0.015085621131061697	0.0	0
ENSG00000181019	NQO1	NAD(P)H quinone dehydrogenase 1	protein_coding	0.01507983211159551	0.0	0
ENSG00000138079	SLC3A1	solute carrier family 3 member 1	protein_coding	0.015042516052091837	0.0	0
ENSG00000084674	APOB	apolipoprotein B	protein_coding	0.014996318570256252	0.0	0
ENSG00000177000	MTHFR	methylenetetrahydrofolate reductase	protein_coding	0.014967984114730425	0.0	0
ENSG00000125845	BMP2	bone morphogenetic protein 2	protein_coding	0.014967984114730425	0.0	0
ENSG00000275379	H3C11	H3 clustered histone 11	protein_coding	0.01425435888488726	0.0	0
ENSG00000198712	MT-CO2	mitochondrially encoded cytochrome c oxidase II	protein_coding	0.01420829219121187	0.0	0
ENSG00000275714	H3C1	H3 clustered histone 1	protein_coding	0.013181681483754362	0.0	0
ENSG00000120053	GOT1	glutamic-oxaloacetic transaminase 1	protein_coding	0.01419042916490211	0.0	0
ENSG00000180370	PAK2	p21 (RAC1) activated kinase 2	protein_coding	0.01337673751817129	0.0	0
ENSG00000173465	ZNRD2	zinc ribbon domain containing 2	protein_coding	0.01337673751817129	0.0	0
ENSG00000250705	H3P23	H3 histone pseudogene 23	processed_pseudogene	0.01337673751817129	0.0	0
ENSG00000110801	PSMD9	proteasome 26S subunit, non-ATPase 9	protein_coding	0.01337673751817129	0.0	0
ENSG00000064763	FAR2	fatty acyl-CoA reductase 2	protein_coding	0.01337673751817129	0.0	0
ENSG00000138095	LRPPRC	leucine rich pentatricopeptide repeat containing	protein_coding	0.013345939196947565	0.0	0
ENSG00000163666	HESX1	HESX homeobox 1	protein_coding	0.013345939196947565	0.0	0
ENSG00000132704	FCRL2	Fc receptor like 2	protein_coding	0.013304874768649264	0.0	0
ENSG00000162851	TFB2M	transcription factor B2, mitochondrial	protein_coding	0.013304874768649264	0.0	0
ENSG00000165197	VEGFD	vascular endothelial growth factor D	protein_coding	0.013304874768649264	0.0	0
ENSG00000019186	CYP24A1	cytochrome P450 family 24 subfamily A member 1	protein_coding	0.013304874768649264	0.0	0
ENSG00000160307	S100B	S100 calcium binding protein B	protein_coding	0.013304874768649264	0.0	0
ENSG00000012223	LTF	lactotransferrin	protein_coding	0.013304874768649264	0.0	0
ENSG00000154889	MPPE1	metallophosphoesterase 1	protein_coding	0.013304874768649264	0.0	0
ENSG00000106624	AEBP1	AE binding protein 1	protein_coding	0.01326221815628932	0.0	0
ENSG00000140374	ETFA	electron transfer flavoprotein subunit alpha	protein_coding	0.013243278126201812	0.0	0
ENSG00000095303	PTGS1	prostaglandin-endoperoxide synthase 1	protein_coding	0.01323988150461312	0.0	0
ENSG00000168306	ACOX2	acyl-CoA oxidase 2	protein_coding	0.013215945123766823	0.0	0
ENSG00000287080	H3C3	H3 clustered histone 3	protein_coding	0.013181681483754362	0.0	0
ENSG00000104671	DCTN6	dynactin subunit 6	protein_coding	0.01337673751817129	0.0	0
ENSG00000134970	TMED7	transmembrane p24 trafficking protein 7	protein_coding	0.01337673751817129	0.0	0
ENSG00000111276	CDKN1B	cyclin dependent kinase inhibitor 1B	protein_coding	0.013435870294920842	0.0	0
ENSG00000083457	ITGAE	integrin subunit alpha E	protein_coding	0.01404403447801867	0.0	0
ENSG00000119899	SLC17A5	solute carrier family 17 member 5	protein_coding	0.01419042916490211	0.0	0
ENSG00000162746	FCRLB	Fc receptor like B	protein_coding	0.014187759977062718	0.0	0
ENSG00000142082	SIRT3	sirtuin 3	protein_coding	0.014182626923525432	0.0	0
ENSG00000122691	TWIST1	twist family bHLH transcription factor 1	protein_coding	0.014096802268381982	0.0	0
ENSG00000182492	BGN	biglycan	protein_coding	0.014064566692167818	0.0	0
ENSG00000108784	NAGLU	N-acetyl-alpha-glucosaminidase	protein_coding	0.014056969772932634	0.0	0
ENSG00000076706	MCAM	melanoma cell adhesion molecule	protein_coding	0.01404403447801867	0.0	0
ENSG00000005187	ACSM3	acyl-CoA synthetase medium chain family member 3	protein_coding	0.01404403447801867	0.0	0
ENSG00000146648	EGFR	epidermal growth factor receptor	protein_coding	0.0138787084844317	0.0	0
ENSG00000005844	ITGAL	integrin subunit alpha L	protein_coding	0.013461535562607279	0.0	0
ENSG00000127318	IL22	interleukin 22	protein_coding	0.013693229028537085	0.0	0
ENSG00000010626	LRRC23	leucine rich repeat containing 23	protein_coding	0.013674454623333965	0.0	0
ENSG00000019144	PHLDB1	pleckstrin homology like domain family B member 1	protein_coding	0.013674454623333965	0.0	0
ENSG00000091181	IL5RA	interleukin 5 receptor subunit alpha	protein_coding	0.013674454623333965	0.0	0
ENSG00000198576	ARC	activity regulated cytoskeleton associated protein	protein_coding	0.013600188770249072	0.0	0
ENSG00000180644	PRF1	perforin 1	protein_coding	0.013530729124289917	0.0	0
ENSG00000113070	HBEGF	heparin binding EGF like growth factor	protein_coding	0.013474367968994583	0.0	0
ENSG00000185499	MUC1	mucin 1, cell surface associated	protein_coding	0.01347426553537975	0.0	0
ENSG00000163600	ICOS	inducible T cell costimulator	protein_coding	0.011418580254766844	0.0	0
ENSG00000085063	CD59	CD59 molecule (CD59 blood group)	protein_coding	0.011344048317405429	0.0	0
ENSG00000135111	TBX3	T-box transcription factor 3	protein_coding	0.011309397485255368	0.0	0
ENSG00000116679	IVNS1ABP	influenza virus NS1A binding protein	protein_coding	0.009239496367117545	0.0	0
ENSG00000108342	CSF3	colony stimulating factor 3	protein_coding	0.009557745686429371	0.0	0
ENSG00000180488	MIGA1	mitoguardin 1	protein_coding	0.009517460877010726	0.0	0
ENSG00000142871	CCN1	cellular communication network factor 1	protein_coding	0.009459636395744144	0.0	0
ENSG00000008394	MGST1	microsomal glutathione S-transferase 1	protein_coding	0.009447946551825943	0.0	0
ENSG00000178951	ZBTB7A	zinc finger and BTB domain containing 7A	protein_coding	0.009424872339105056	0.0	0
ENSG00000164056	SPRY1	sprouty RTK signaling antagonist 1	protein_coding	0.009424286294459896	0.0	0
ENSG00000142002	DPP9	dipeptidyl peptidase 9	protein_coding	0.009424286294459896	0.0	0
ENSG00000131747	TOP2A	DNA topoisomerase II alpha	protein_coding	0.009408936568408263	0.0	0
ENSG00000188676	IDO2	indoleamine 2,3-dioxygenase 2	protein_coding	0.009403754080310744	0.0	0
ENSG00000183044	ABAT	4-aminobutyrate aminotransferase	protein_coding	0.009403698515043865	0.0	0
ENSG00000074181	NOTCH3	notch receptor 3	protein_coding	0.009308584866643554	0.0	0
ENSG00000109321	AREG	amphiregulin	protein_coding	0.009303481005888532	0.0	0
ENSG00000164171	ITGA2	integrin subunit alpha 2	protein_coding	0.009301093009564996	0.0	0
ENSG00000204130	RUFY2	RUN and FYVE domain containing 2	protein_coding	0.009288201991425543	0.0	0
ENSG00000167615	LENG8	leukocyte receptor cluster member 8	protein_coding	0.009283644863711896	0.0	0
ENSG00000165238	WNK2	WNK lysine deficient protein kinase 2	protein_coding	0.009259493559151896	0.0	0
ENSG00000117298	ECE1	endothelin converting enzyme 1	protein_coding	0.009239496367117545	0.0	0
ENSG00000169174	PCSK9	proprotein convertase subtilisin/kexin type 9	protein_coding	0.009239496367117545	0.0	0
ENSG00000198888	MT-ND1	mitochondrially encoded NADH:ubiquinone oxidoreductase core subunit 1	protein_coding	0.009239496367117545	0.0	0
ENSG00000166333	ILK	integrin linked kinase	protein_coding	0.009609076221802246	0.0	0
ENSG00000171316	CHD7	chromodomain helicase DNA binding protein 7	protein_coding	0.009609076221802246	0.0	0
ENSG00000196954	CASP4	caspase 4	protein_coding	0.009609076221802246	0.0	0
ENSG00000134318	ROCK2	Rho associated coiled-coil containing protein kinase 2	protein_coding	0.009793866149144598	0.0	0
ENSG00000184588	PDE4B	phosphodiesterase 4B	protein_coding	0.009916098250965505	0.0	0
ENSG00000154277	UCHL1	ubiquitin C-terminal hydrolase L1	protein_coding	0.009875610245903456	0.0	0
ENSG00000171992	SYNPO	synaptopodin	protein_coding	0.009868398086506011	0.0	0
ENSG00000004799	PDK4	pyruvate dehydrogenase kinase 4	protein_coding	0.009827251620322637	0.0	0
ENSG00000131941	RHPN2	rhophilin Rho GTPase binding protein 2	protein_coding	0.009817186856069218	0.0	0
ENSG00000171889	MIR31HG	MIR31 host gene	lncRNA	0.009814398363293746	0.0	0
ENSG00000171049	FPR2	formyl peptide receptor 2	protein_coding	0.009793866149144598	0.0	0
ENSG00000157873	TNFRSF14	TNF receptor superfamily member 14	protein_coding	0.009793866149144598	0.0	0
ENSG00000172955	ADH6	alcohol dehydrogenase 6 (class V)	protein_coding	0.009742889423283857	0.0	0
ENSG00000100554	ATP6V1D	ATPase H+ transporting V1 subunit D	protein_coding	0.009609076221802246	0.0	0
ENSG00000259330	INAFM2	InaF motif containing 2	protein_coding	0.009693225450795703	0.0	0
ENSG00000138398	PPIG	peptidylprolyl isomerase G	protein_coding	0.009670672864249698	0.0	0
ENSG00000166415	WDR72	WD repeat domain 72	protein_coding	0.009638969116710116	0.0	0
ENSG00000114737	CISH	cytokine inducible SH2 containing protein	protein_coding	0.00961619992355463	0.0	0
ENSG00000013364	MVP	major vault protein	protein_coding	0.009609076221802246	0.0	0
ENSG00000180198	RCC1	regulator of chromosome condensation 1	protein_coding	0.009609076221802246	0.0	0
ENSG00000157368	IL34	interleukin 34	protein_coding	0.009609076221802246	0.0	0
ENSG00000059377	TBXAS1	thromboxane A synthase 1	protein_coding	0.009609076221802246	0.0	0
ENSG00000143153	ATP1B1	ATPase Na+/K+ transporting subunit beta 1	protein_coding	0.009239496367117545	0.0	0
ENSG00000196353	CPNE4	copine 4	protein_coding	0.009207062218617465	0.0	0
ENSG00000204305	AGER	advanced glycosylation end-product specific receptor	protein_coding	0.01126335671579927	0.0	0
ENSG00000154640	BTG3	BTG anti-proliferation factor 3	protein_coding	0.009190770478727262	0.0	0
ENSG00000166923	GREM1	gremlin 1, DAN family BMP antagonist	protein_coding	0.008869916512432843	0.0	0
ENSG00000131370	SH3BP5	SH3 domain binding protein 5	protein_coding	0.008869916512432843	0.0	0
ENSG00000131781	FMO5	flavin containing dimethylaniline monoxygenase 5	protein_coding	0.008869916512432843	0.0	0
ENSG00000164176	EDIL3	EGF like and discoidin domains 3	protein_coding	0.008869916512432843	0.0	0
ENSG00000145839	IL9	interleukin 9	protein_coding	0.008869916512432843	0.0	0
ENSG00000139318	DUSP6	dual specificity phosphatase 6	protein_coding	0.00885085992531834	0.0	0
ENSG00000165475	CRYL1	crystallin lambda 1	protein_coding	0.008824063495071489	0.0	0
ENSG00000070731	ST6GALNAC2	ST6 N-acetylgalactosaminide alpha-2,6-sialyltransferase 2	protein_coding	0.008813930844561776	0.0	0
ENSG00000204514	ZNF814	zinc finger protein 814	protein_coding	0.008806992823922218	0.0	0
ENSG00000263001	GTF2I	general transcription factor IIi	protein_coding	0.008801506764468807	0.0	0
ENSG00000142583	SLC2A5	solute carrier family 2 member 5	protein_coding	0.00877116450003489	0.0	0
ENSG00000167460	TPM4	tropomyosin 4	protein_coding	0.008752396638404403	0.0	0
ENSG00000157601	MX1	MX dynamin like GTPase 1	protein_coding	0.008746723227537943	0.0	0
ENSG00000113889	KNG1	kininogen 1	protein_coding	0.008713117673089448	0.0	0
ENSG00000121270	ABCC11	ATP binding cassette subfamily C member 11	protein_coding	0.008700525745702355	0.0	0
ENSG00000006071	ABCC8	ATP binding cassette subfamily C member 8	protein_coding	0.008700525745702355	0.0	0
ENSG00000180745	CLRN3	clarin 3	protein_coding	0.008695360892703539	0.0	0
ENSG00000092969	TGFB2	transforming growth factor beta 2	protein_coding	0.008688929134103341	0.0	0
ENSG00000145321	GC	GC vitamin D binding protein	protein_coding	0.008644062156792191	0.0	0
ENSG00000196712	NF1	neurofibromin 1	protein_coding	0.008869916512432843	0.0	0
ENSG00000166803	PCLAF	PCNA clamp associated factor	protein_coding	0.008914688318381122	0.0	0
ENSG00000152137	HSPB8	heat shock protein family B (small) member 8	protein_coding	0.008927857928291361	0.0	0
ENSG00000172349	IL16	interleukin 16	protein_coding	0.009054706439775195	0.0	0
ENSG00000107611	CUBN	cubilin	protein_coding	0.00918816583174467	0.0	0
ENSG00000145626	UGT3A1	UDP glycosyltransferase family 3 member A1	protein_coding	0.00918174080427706	0.0	0
ENSG00000116761	CTH	cystathionine gamma-lyase	protein_coding	0.009163509113814387	0.0	0
ENSG00000092931	MFSD11	major facilitator superfamily domain containing 11	protein_coding	0.009149770591285758	0.0	0
ENSG00000185813	PCYT2	phosphate cytidylyltransferase 2, ethanolamine	protein_coding	0.009149770591285758	0.0	0
ENSG00000275302	CCL4	C-C motif chemokine ligand 4	protein_coding	0.009149770591285758	0.0	0
ENSG00000144035	NAT8	N-acetyltransferase 8 (putative)	protein_coding	0.009145211546525481	0.0	0
ENSG00000180210	F2	coagulation factor II, thrombin	protein_coding	0.00906764173468916	0.0	0
ENSG00000104327	CALB1	calbindin 1	protein_coding	0.009054706439775195	0.0	0
ENSG00000103313	MEFV	MEFV innate immunity regulator, pyrin	protein_coding	0.008941779261954868	0.0	0
ENSG00000269292	ENSG00000269292	novel transcript, antisense to CALM3	lncRNA	0.009044803589981774	0.0	0
ENSG00000108821	COL1A1	collagen type I alpha 1 chain	protein_coding	0.009016311199316283	0.0	0
ENSG00000137801	THBS1	thrombospondin 1	protein_coding	0.009003375904402318	0.0	0
ENSG00000186529	CYP4F3	cytochrome P450 family 4 subfamily F member 3	protein_coding	0.008990971259069046	0.0	0
ENSG00000002933	TMEM176A	transmembrane protein 176A	protein_coding	0.008983674631496866	0.0	0
ENSG00000108055	SMC3	structural maintenance of chromosomes 3	protein_coding	0.008983420294273506	0.0	0
ENSG00000173198	CYSLTR1	cysteinyl leukotriene receptor 1	protein_coding	0.008978234911131358	0.0	0
ENSG00000152266	PTH	parathyroid hormone	protein_coding	0.008944448449794258	0.0	0
ENSG00000242950	ERVW-1	endogenous retrovirus group W member 1, envelope	protein_coding	0.009947857755263224	0.0	0
ENSG00000120659	TNFSF11	TNF superfamily member 11	protein_coding	0.0099581238623378	0.0	0
ENSG00000113905	HRG	histidine rich glycoprotein	protein_coding	0.009973255071308005	0.0	0
ENSG00000128272	ATF4	activating transcription factor 4	protein_coding	0.00997865607648695	0.0	0
ENSG00000102230	PCYT1B	phosphate cytidylyltransferase 1B, choline	protein_coding	0.011087395640541052	0.0	0
ENSG00000156127	BATF	basic leucine zipper ATF-like transcription factor	protein_coding	0.011087395640541052	0.0	0
ENSG00000115904	SOS1	SOS Ras/Rac guanine nucleotide exchange factor 1	protein_coding	0.011066863426391904	0.0	0
ENSG00000129534	MIS18BP1	MIS18 binding protein 1	protein_coding	0.011042769107224551	0.0	0
ENSG00000011422	PLAUR	plasminogen activator, urokinase receptor	protein_coding	0.01101306902532113	0.0	0
ENSG00000142494	SLC47A1	solute carrier family 47 member 1	protein_coding	0.010995126322097665	0.0	0
ENSG00000104972	LILRB1	leukocyte immunoglobulin like receptor B1	protein_coding	0.010990418113888055	0.0	0
ENSG00000172216	CEBPB	CCAAT enhancer binding protein beta	protein_coding	0.010985741398945585	0.0	0
ENSG00000154096	THY1	Thy-1 cell surface antigen	protein_coding	0.010918835823225592	0.0	0
ENSG00000158050	DUSP2	dual specificity phosphatase 2	protein_coding	0.010913216541432711	0.0	0
ENSG00000047457	CP	ceruloplasmin	protein_coding	0.010905889969964593	0.0	0
ENSG00000108561	C1QBP	complement C1q binding protein	protein_coding	0.010902605713198706	0.0	0
ENSG00000114302	PRKAR2A	protein kinase cAMP-dependent type II regulatory subunit alpha	protein_coding	0.010902605713198706	0.0	0
ENSG00000106688	SLC1A1	solute carrier family 1 member 1	protein_coding	0.010889377662842413	0.0	0
ENSG00000277639	CHD9NB	CHD9 neighbor	protein_coding	0.010856700404027945	0.0	0
ENSG00000115263	GCG	glucagon	protein_coding	0.010848811312127931	0.0	0
ENSG00000107485	GATA3	GATA binding protein 3	protein_coding	0.010847861482170535	0.0	0
ENSG00000214548	MEG3	maternally expressed 3	lncRNA	0.01080204122006721	0.0	0
ENSG00000206503	HLA-A	major histocompatibility complex, class I, A	protein_coding	0.010752781128319594	0.0	0
ENSG00000104635	SLC39A14	solute carrier family 39 member 14	protein_coding	0.011087395640541052	0.0	0
ENSG00000118513	MYB	MYB proto-oncogene, transcription factor	protein_coding	0.011087395640541052	0.0	0
ENSG00000084774	CAD	carbamoyl-phosphate synthetase 2, aspartate transcarbamylase, and dihydroorotase	protein_coding	0.011087395640541052	0.0	0
ENSG00000169252	ADRB2	adrenoceptor beta 2	protein_coding	0.011087395640541052	0.0	0
ENSG00000198899	MT-ATP6	mitochondrially encoded ATP synthase membrane subunit 6	protein_coding	0.011251653353734252	0.0	0
ENSG00000159335	PTMS	parathymosin	protein_coding	0.0112513778243744	0.0	0
ENSG00000164736	SOX17	SRY-box transcription factor 17	protein_coding	0.011172389201672706	0.0	0
ENSG00000133703	KRAS	KRAS proto-oncogene, GTPase	protein_coding	0.011159258390063079	0.0	0
ENSG00000135069	PSAT1	phosphoserine aminotransferase 1	protein_coding	0.011094371533463888	0.0	0
ENSG00000150687	PRSS23	serine protease 23	protein_coding	0.011087395640541052	0.0	0
ENSG00000274211	SOCS7	suppressor of cytokine signaling 7	protein_coding	0.011087395640541052	0.0	0
ENSG00000163359	COL6A3	collagen type VI alpha 3 chain	protein_coding	0.011087395640541052	0.0	0
ENSG00000104177	MYEF2	myelin expression factor 2	protein_coding	0.011087395640541052	0.0	0
ENSG00000137496	IL18BP	interleukin 18 binding protein	protein_coding	0.011087395640541052	0.0	0
ENSG00000173614	NMNAT1	nicotinamide nucleotide adenylyltransferase 1	protein_coding	0.011087395640541052	0.0	0
ENSG00000170571	EMB	embigin	protein_coding	0.011087395640541052	0.0	0
ENSG00000127415	IDUA	alpha-L-iduronidase	protein_coding	0.011087395640541052	0.0	0
ENSG00000112697	CDC50A	cell division cycle 50 P4-ATPase accessory subunit A	protein_coding	0.011087395640541052	0.0	0
ENSG00000099937	SERPIND1	serpin family D member 1	protein_coding	0.011087395640541052	0.0	0
ENSG00000169255	B3GALNT1	beta-1,3-N-acetylgalactosaminyltransferase 1 (Globoside blood group)	protein_coding	0.011087395640541052	0.0	0
ENSG00000021852	C8B	complement C8 beta chain	protein_coding	0.011087395640541052	0.0	0
ENSG00000188488	SERPINA5	serpin family A member 5	protein_coding	0.011087395640541052	0.0	0
ENSG00000131400	NAPSA	napsin A aspartic peptidase	protein_coding	0.010748566587493019	0.0	0
ENSG00000120158	RCL1	RNA terminal phosphate cyclase like 1	protein_coding	0.010717815785856354	0.0	0
ENSG00000136205	TNS3	tensin 3	protein_coding	0.010717815785856354	0.0	0
ENSG00000179218	CALR	calreticulin	protein_coding	0.010180898883265347	0.0	0
ENSG00000137312	FLOT1	flotillin 1	protein_coding	0.010348235931171651	0.0	0
ENSG00000082701	GSK3B	glycogen synthase kinase 3 beta	protein_coding	0.010348235931171651	0.0	0
ENSG00000112996	MRPS30	mitochondrial ribosomal protein S30	protein_coding	0.0103277037170225	0.0	0
ENSG00000157502	PWWP3B	PWWP domain containing 3B	protein_coding	0.010265139188459262	0.0	0
ENSG00000197019	SERTAD1	SERTA domain containing 1	protein_coding	0.01023954063721137	0.0	0
ENSG00000057252	SOAT1	sterol O-acyltransferase 1	protein_coding	0.0102146476724175	0.0	0
ENSG00000080823	MOK	MOK protein kinase	protein_coding	0.010204510432127601	0.0	0
ENSG00000164379	FOXQ1	forkhead box Q1	protein_coding	0.010204027374005406	0.0	0
ENSG00000164283	ESM1	endothelial cell specific molecule 1	protein_coding	0.010168349567796588	0.0	0
ENSG00000092098	RNF31	ring finger protein 31	protein_coding	0.010348235931171651	0.0	0
ENSG00000170439	TMT1B	thiol methyltransferase 1B	protein_coding	0.010160948847125699	0.0	0
ENSG00000138755	CXCL9	C-X-C motif chemokine ligand 9	protein_coding	0.01014291378968015	0.0	0
ENSG00000005108	THSD7A	thrombospondin type 1 domain containing 7A	protein_coding	0.01014291378968015	0.0	0
ENSG00000101384	JAG1	jagged canonical Notch ligand 1	protein_coding	0.010050518826008974	0.0	0
ENSG00000122861	PLAU	plasminogen activator, urokinase	protein_coding	0.00997865607648695	0.0	0
ENSG00000169397	RNASE3	ribonuclease A family member 3	protein_coding	0.00997865607648695	0.0	0
ENSG00000105810	CDK6	cyclin dependent kinase 6	protein_coding	0.00997865607648695	0.0	0
ENSG00000135047	CTSL	cathepsin L	protein_coding	0.00997865607648695	0.0	0
ENSG00000179776	CDH5	cadherin 5	protein_coding	0.010348235931171651	0.0	0
ENSG00000172318	B3GALT1	beta-1,3-galactosyltransferase 1	protein_coding	0.010348235931171651	0.0	0
ENSG00000143543	JTB	jumping translocation breakpoint	protein_coding	0.010717815785856354	0.0	0
ENSG00000223799	IL10RB-DT	IL10RB divergent transcript	lncRNA	0.010564856632438405	0.0	0
ENSG00000225366	CRIPTO3	cripto, EGF-CFC family member 3	protein_coding	0.010717815785856354	0.0	0
ENSG00000067225	PKM	pyruvate kinase M1/2	protein_coding	0.010717815785856354	0.0	0
ENSG00000181090	EHMT1	euchromatic histone lysine methyltransferase 1	protein_coding	0.0106972835717072	0.0	0
ENSG00000220201	ZGLP1	zinc finger GATA like protein 1	protein_coding	0.0106972835717072	0.0	0
ENSG00000259706	HSP90B2P	heat shock protein 90 beta family member 2, pseudogene	processed_pseudogene	0.010697283571707199	0.0	0
ENSG00000102962	CCL22	C-C motif chemokine ligand 22	protein_coding	0.010687017464632626	0.0	0
ENSG00000211452	DIO1	iodothyronine deiodinase 1	protein_coding	0.010670427958636453	0.0	0
ENSG00000113525	IL5	interleukin 5	protein_coding	0.01064932828092558	0.0	0
ENSG00000141655	TNFRSF11A	TNF receptor superfamily member 11a	protein_coding	0.01054082809989068	0.0	0
ENSG00000143401	ANP32E	acidic nuclear phosphoprotein 32 family member E	protein_coding	0.010348235931171651	0.0	0
ENSG00000149124	GLYAT	glycine-N-acyltransferase	protein_coding	0.010528032796309627	0.0	0
ENSG00000204287	HLA-DRA	major histocompatibility complex, class II, DR alpha	protein_coding	0.010422767868533064	0.0	0
ENSG00000132622	HSPA12B	heat shock protein family A (Hsp70) member 12B	protein_coding	0.010418748282281391	0.0	0
ENSG00000091583	APOH	apolipoprotein H	protein_coding	0.010397950251948148	0.0	0
ENSG00000234745	HLA-B	major histocompatibility complex, class I, B	protein_coding	0.010371093965633316	0.0	0
ENSG00000179094	PER1	period circadian regulator 1	protein_coding	0.010359258298125293	0.0	0
ENSG00000124228	DDX27	DEAD-box helicase 27	protein_coding	0.010348235931171651	0.0	0
ENSG00000079805	DNM2	dynamin 2	protein_coding	0.010348235931171651	0.0	0
ENSG00000076356	PLXNA2	plexin A2	protein_coding	0.0014783194187388072	0.0	0
